{"type":"FeatureCollection","features":[{"type":"Feature","geometry":{"type":"Polygon","coordinates":[[[75.76738,16.38274],[75.79577,16.37173],[75.81324,16.37042],[75.82768,16.36138],[75.83742,16.34991],[75.8699,16.34587],[75.87891,16.34036],[75.8856,16.33111],[75.89404,16.3248],[75.91266,16.32194],[75.92408,16.31777],[75.9254,16.31548],[75.94087,16.30825],[75.95192,16.2986],[75.95753,16.29692],[75.97361,16.30009],[75.98463,16.30085],[75.99039,16.29945],[76.00224,16.30373],[76.00735,16.30391],[76.02679,16.29992],[76.02962,16.29673],[76.03349,16.28733],[76.05388,16.27343],[76.06991,16.25585],[76.06878,16.24465],[76.06161,16.23603],[76.05983,16.22653],[76.06249,16.21583],[76.07119,16.20915],[76.08122,16.20651],[76.09513,16.19983],[76.10674,16.18947],[76.12584,16.18792],[76.13677,16.18087],[76.14219,16.18044],[76.15603,16.18475],[76.17545,16.18294],[76.22127,16.17131],[76.23847,16.16519],[76.23428,16.13051],[76.24659,16.1281],[76.24772,16.12625],[76.24525,16.12207],[76.24462,16.11319],[76.25416,16.10949],[76.25307,16.10414],[76.25579,16.09736],[76.26204,16.09719],[76.26782,16.10971],[76.30416,16.10157],[76.32034,16.09367],[76.33251,16.0913],[76.32754,16.07747],[76.30631,16.08369],[76.29923,16.08417],[76.29382,16.08878],[76.25883,16.09117],[76.26036,16.07395],[76.28389,16.07514],[76.30388,16.0735],[76.3032,16.06739],[76.30709,16.06595],[76.30329,16.03936],[76.30545,16.02556],[76.31109,16.01384],[76.31174,16.00039],[76.2979,15.99889],[76.29648,15.99226],[76.29991,15.97652],[76.30932,15.95699],[76.32247,15.95599],[76.3286,15.93226],[76.31286,15.92894],[76.31273,15.9222],[76.30262,15.92382],[76.30184,15.93046],[76.28567,15.93032],[76.28445,15.91736],[76.28538,15.90258],[76.27969,15.90296],[76.27595,15.90374],[76.27744,15.90937],[76.27409,15.91045],[76.27175,15.90467],[76.26184,15.90671],[76.26107,15.91477],[76.2569,15.91528],[76.25687,15.92293],[76.23009,15.92331],[76.22653,15.94089],[76.20046,15.94399],[76.20048,15.93643],[76.19491,15.9324],[76.172,15.93166],[76.1719,15.92477],[76.16494,15.92147],[76.15994,15.92108],[76.15836,15.91783],[76.15393,15.91492],[76.14533,15.89505],[76.12533,15.89411],[76.12312,15.89028],[76.1172,15.88601],[76.10326,15.89385],[76.1016,15.90046],[76.07055,15.90252],[76.05848,15.906],[76.06382,15.91584],[76.06274,15.92152],[76.06485,15.92495],[76.07118,15.94896],[76.07078,15.95547],[76.07241,15.95829],[76.07278,15.9654],[76.07865,15.97687],[76.08477,15.99597],[76.0801,16.01],[76.05643,16.01146],[76.0565,16.00557],[76.05202,16.00603],[76.05162,16.00338],[76.02317,16.00876],[76.02017,16.0077],[76.01658,16.00201],[76.01138,16.00125],[76.00827,16.00285],[75.98949,16.00481],[75.98937,15.99875],[75.98673,15.99469],[75.97611,15.9896],[75.97372,15.98615],[75.97572,15.96041],[75.97389,15.95422],[75.97433,15.95241],[75.97756,15.95184],[75.97624,15.94567],[75.97691,15.9313],[75.9737,15.92278],[75.97529,15.9127],[75.97554,15.89958],[75.97434,15.89787],[75.97714,15.89496],[75.97897,15.88287],[75.97887,15.87086],[75.97466,15.86183],[75.96549,15.85897],[75.96263,15.86552],[75.94447,15.86634],[75.94196,15.87421],[75.92843,15.87519],[75.92948,15.88102],[75.92795,15.88694],[75.92643,15.88607],[75.92722,15.89745],[75.91398,15.91263],[75.90195,15.92275],[75.90287,15.91864],[75.89176,15.91685],[75.88331,15.9239],[75.87907,15.93128],[75.86679,15.93153],[75.85485,15.93565],[75.85545,15.9343],[75.84051,15.93088],[75.83654,15.92766],[75.83641,15.92469],[75.83025,15.9246],[75.8277,15.9271],[75.81099,15.92496],[75.81221,15.9226],[75.80574,15.924],[75.78979,15.92249],[75.78915,15.92419],[75.77713,15.91912],[75.77642,15.91364],[75.78056,15.90877],[75.78054,15.9058],[75.77907,15.90306],[75.77589,15.90251],[75.78043,15.89712],[75.78657,15.89836],[75.81107,15.89416],[75.81163,15.90013],[75.8276,15.90027],[75.83,15.89717],[75.83007,15.88752],[75.83314,15.88683],[75.83543,15.88276],[75.83396,15.87801],[75.83173,15.87854],[75.83229,15.87565],[75.82782,15.86623],[75.83783,15.86522],[75.83987,15.87158],[75.84817,15.87143],[75.84755,15.86184],[75.84958,15.8609],[75.84952,15.85909],[75.84514,15.83799],[75.82547,15.83836],[75.82666,15.8422],[75.82083,15.84541],[75.8201,15.85125],[75.8121,15.84714],[75.8097,15.85108],[75.80496,15.85104],[75.79749,15.84764],[75.79371,15.84962],[75.78726,15.84878],[75.78021,15.85322],[75.77651,15.8477],[75.77593,15.83399],[75.77407,15.82795],[75.77722,15.82747],[75.77769,15.82118],[75.77968,15.81733],[75.75144,15.81569],[75.74371,15.81296],[75.73587,15.81398],[75.73607,15.81655],[75.72145,15.81827],[75.71502,15.82737],[75.70689,15.82942],[75.70565,15.82724],[75.69593,15.82488],[75.6913,15.82689],[75.68753,15.83096],[75.68114,15.83],[75.68065,15.82318],[75.67638,15.82222],[75.67428,15.8239],[75.67566,15.83019],[75.67425,15.83033],[75.67205,15.83666],[75.66929,15.83758],[75.66354,15.83712],[75.6583,15.82927],[75.65519,15.82796],[75.64975,15.83157],[75.64544,15.83123],[75.64225,15.83334],[75.64388,15.84175],[75.63676,15.84186],[75.63467,15.8333],[75.63132,15.8318],[75.63206,15.83447],[75.62882,15.83491],[75.62669,15.83285],[75.62073,15.83597],[75.61864,15.82136],[75.61593,15.82136],[75.61556,15.82385],[75.60604,15.82532],[75.60785,15.82787],[75.6063,15.83107],[75.60332,15.82887],[75.59474,15.82962],[75.58611,15.83468],[75.58655,15.83354],[75.57673,15.82426],[75.57517,15.82527],[75.57637,15.83041],[75.56484,15.8311],[75.56621,15.8339],[75.56951,15.83378],[75.56996,15.83612],[75.56375,15.8373],[75.56011,15.83564],[75.55924,15.82978],[75.55191,15.8247],[75.55058,15.8271],[75.55436,15.82943],[75.55568,15.83303],[75.54689,15.83656],[75.52919,15.83541],[75.53093,15.84183],[75.52647,15.84301],[75.52364,15.84113],[75.52149,15.84197],[75.52114,15.84655],[75.51286,15.85036],[75.51446,15.85297],[75.51837,15.85182],[75.52073,15.85318],[75.5191,15.8584],[75.50824,15.86067],[75.50674,15.85658],[75.50224,15.8581],[75.50301,15.86142],[75.50489,15.86247],[75.49624,15.87273],[75.48793,15.87648],[75.48321,15.87343],[75.482,15.87642],[75.48041,15.87671],[75.47874,15.87457],[75.48154,15.872],[75.47902,15.87106],[75.475,15.87255],[75.47398,15.87458],[75.47598,15.87568],[75.46629,15.87696],[75.46718,15.88023],[75.46605,15.8811],[75.46358,15.88096],[75.46293,15.87906],[75.46087,15.87951],[75.45925,15.8838],[75.4617,15.88574],[75.46201,15.88814],[75.44715,15.88638],[75.44304,15.88905],[75.4465,15.8902],[75.44664,15.89267],[75.43698,15.8936],[75.43859,15.91107],[75.44068,15.91825],[75.42481,15.92194],[75.43052,15.93486],[75.42846,15.93748],[75.433,15.9451],[75.43979,15.96612],[75.43077,15.97075],[75.43625,15.98888],[75.43894,16.00413],[75.43356,16.00717],[75.42677,16.00771],[75.42311,16.03259],[75.41602,16.03253],[75.41603,16.05317],[75.41847,16.05647],[75.42736,16.05786],[75.4305,16.08043],[75.42769,16.09373],[75.42954,16.09678],[75.419,16.10003],[75.41213,16.13027],[75.40684,16.12581],[75.4043,16.11372],[75.40019,16.11336],[75.35553,16.11513],[75.35363,16.11631],[75.35378,16.12807],[75.34636,16.1232],[75.34161,16.12446],[75.33874,16.12072],[75.32783,16.11572],[75.29842,16.11737],[75.27574,16.12041],[75.2874,16.15196],[75.29256,16.17248],[75.2847,16.17677],[75.28619,16.18886],[75.28871,16.19167],[75.28671,16.20022],[75.28567,16.20211],[75.28072,16.19993],[75.27032,16.20751],[75.24928,16.20433],[75.23238,16.20964],[75.23363,16.21237],[75.23308,16.21873],[75.23023,16.22464],[75.23119,16.22752],[75.22977,16.23148],[75.23931,16.25113],[75.23229,16.25022],[75.23413,16.25963],[75.22456,16.26241],[75.21765,16.2686],[75.20494,16.27245],[75.18418,16.27564],[75.1783,16.27491],[75.17444,16.27597],[75.17002,16.2803],[75.15597,16.28054],[75.1296,16.28696],[75.13036,16.29465],[75.12911,16.2962],[75.1319,16.30089],[75.13162,16.30423],[75.13842,16.32596],[75.13113,16.331],[75.12404,16.33075],[75.11603,16.3262],[75.10944,16.32853],[75.09561,16.32489],[75.08816,16.32982],[75.07755,16.33196],[75.06399,16.32633],[75.05779,16.33149],[75.04366,16.31959],[75.03394,16.3398],[75.03264,16.35816],[75.03442,16.38495],[75.03885,16.39744],[75.04048,16.39769],[75.04053,16.39568],[75.04819,16.39576],[75.04847,16.39885],[75.05004,16.39978],[75.07183,16.40402],[75.07718,16.4377],[75.03704,16.43488],[75.02821,16.433],[75.0232,16.43528],[75.02313,16.43987],[75.01752,16.43939],[75.01472,16.4529],[75.01573,16.45857],[75.00228,16.45798],[74.99903,16.45461],[74.98848,16.45334],[74.98936,16.4573],[74.99152,16.45903],[74.99093,16.46252],[74.98629,16.46282],[74.98597,16.46625],[74.98897,16.4782],[74.9882,16.5001],[74.99485,16.51673],[74.99777,16.51749],[75.00077,16.53017],[75.00387,16.53133],[75.00419,16.53393],[75.00642,16.53376],[75.00731,16.5382],[75.06731,16.53906],[75.06747,16.55011],[75.07164,16.56667],[75.08172,16.56065],[75.08626,16.55422],[75.08895,16.53942],[75.0993,16.5273],[75.10267,16.51408],[75.10927,16.50687],[75.11555,16.50517],[75.12023,16.50662],[75.12464,16.50996],[75.132,16.52143],[75.15825,16.52888],[75.1628,16.53326],[75.16712,16.54504],[75.1663,16.55426],[75.15902,16.56657],[75.15803,16.57187],[75.15912,16.5873],[75.16674,16.59601],[75.18005,16.6039],[75.20137,16.60827],[75.21718,16.6149],[75.23254,16.61422],[75.24384,16.60746],[75.25161,16.60477],[75.25986,16.60735],[75.25659,16.60958],[75.25849,16.61245],[75.25549,16.61859],[75.26183,16.61997],[75.26812,16.64094],[75.26582,16.66681],[75.26282,16.68037],[75.26461,16.69162],[75.28789,16.71436],[75.31675,16.71854],[75.36251,16.71433],[75.36492,16.71736],[75.36359,16.72013],[75.36547,16.72251],[75.36241,16.73011],[75.36423,16.73487],[75.36366,16.73771],[75.3665,16.7434],[75.3665,16.75982],[75.37945,16.76232],[75.3917,16.76241],[75.39264,16.75992],[75.40681,16.76162],[75.40708,16.76363],[75.41278,16.7665],[75.41304,16.76538],[75.41681,16.76621],[75.41891,16.76835],[75.42715,16.7679],[75.43243,16.76577],[75.4346,16.76263],[75.43821,16.76239],[75.44241,16.75698],[75.44656,16.75536],[75.4663,16.75469],[75.47668,16.74782],[75.49253,16.74593],[75.49186,16.72523],[75.48806,16.69454],[75.46302,16.69972],[75.44551,16.69976],[75.43757,16.69785],[75.44711,16.66527],[75.45476,16.66425],[75.45581,16.65346],[75.46216,16.62958],[75.46186,16.6222],[75.47437,16.6115],[75.48491,16.60626],[75.49117,16.59945],[75.49334,16.59178],[75.49177,16.58485],[75.48551,16.58052],[75.48582,16.5753],[75.48413,16.57242],[75.4795,16.56836],[75.47314,16.56652],[75.47239,16.56365],[75.48112,16.56099],[75.47968,16.55728],[75.48453,16.55711],[75.4845,16.55499],[75.48816,16.55473],[75.48853,16.53255],[75.48885,16.52962],[75.49075,16.52914],[75.49021,16.52019],[75.48893,16.52009],[75.48539,16.50742],[75.45615,16.5057],[75.46061,16.48628],[75.46513,16.47822],[75.46517,16.47259],[75.44309,16.44746],[75.43278,16.43876],[75.43324,16.43072],[75.43606,16.42626],[75.44797,16.41506],[75.45205,16.41353],[75.45797,16.41364],[75.46514,16.41803],[75.48379,16.41659],[75.49446,16.42313],[75.49875,16.43186],[75.49636,16.4469],[75.49937,16.45403],[75.52653,16.46503],[75.53894,16.4662],[75.54791,16.46147],[75.55208,16.45545],[75.55401,16.44944],[75.55246,16.44376],[75.55476,16.42812],[75.56351,16.41426],[75.5663,16.41273],[75.57315,16.41174],[75.57553,16.41306],[75.57901,16.42323],[75.58517,16.43417],[75.60139,16.44749],[75.63098,16.44502],[75.64216,16.44084],[75.67126,16.42366],[75.6727,16.42522],[75.67701,16.42382],[75.68091,16.41979],[75.67908,16.41743],[75.69015,16.41078],[75.70629,16.40541],[75.70856,16.40026],[75.71901,16.38961],[75.76738,16.38274]],[[75.04121,16.43896],[75.04167,16.44815],[75.04187,16.45413],[75.03905,16.45303],[75.03741,16.43927],[75.04121,16.43896]]]},"properties":{"district":"Bagalkot","kgis_name":"BAGALKOTE","region_id":"district_524","level":"district"}},{"type":"Feature","geometry":{"type":"MultiPolygon","coordinates":[[[[76.53896,15.18666],[76.54364,15.19178],[76.55122,15.18812],[76.55605,15.18754],[76.56301,15.19269],[76.56442,15.19094],[76.56371,15.18697],[76.57672,15.18588],[76.57404,15.1874],[76.57346,15.19287],[76.60351,15.19509],[76.60487,15.19895],[76.61508,15.20019],[76.62852,15.22995],[76.63887,15.23469],[76.64196,15.23912],[76.64196,15.24675],[76.6349,15.25261],[76.63226,15.25177],[76.63162,15.26035],[76.64114,15.26323],[76.6431,15.26135],[76.65115,15.26033],[76.65661,15.26284],[76.65475,15.27408],[76.63498,15.27329],[76.63414,15.27775],[76.62691,15.28409],[76.61519,15.28022],[76.61467,15.28158],[76.6162,15.28246],[76.61517,15.28346],[76.61813,15.28403],[76.61578,15.2849],[76.61183,15.28005],[76.61002,15.28001],[76.60699,15.27176],[76.59076,15.25871],[76.58646,15.2593],[76.58278,15.25688],[76.59012,15.26501],[76.59241,15.27074],[76.59869,15.27862],[76.60096,15.27941],[76.60067,15.28452],[76.58529,15.28802],[76.58221,15.29129],[76.58258,15.2939],[76.58684,15.29662],[76.58776,15.30108],[76.59172,15.29997],[76.60724,15.30106],[76.60852,15.30469],[76.60551,15.30532],[76.60587,15.30642],[76.61005,15.30647],[76.61386,15.30304],[76.61793,15.30289],[76.61925,15.30654],[76.61734,15.31534],[76.61351,15.31739],[76.61088,15.31491],[76.59549,15.31119],[76.5944,15.30977],[76.59067,15.31211],[76.59104,15.30956],[76.58587,15.31143],[76.58302,15.3095],[76.58076,15.31108],[76.58931,15.31863],[76.5921,15.3192],[76.59358,15.32433],[76.59008,15.3259],[76.5852,15.33225],[76.58226,15.33375],[76.58609,15.33299],[76.58444,15.33616],[76.5792,15.33804],[76.58031,15.34252],[76.57814,15.34327],[76.57834,15.34578],[76.57571,15.34781],[76.57524,15.34516],[76.57253,15.34778],[76.56852,15.34567],[76.56236,15.34655],[76.56219,15.34867],[76.55216,15.34935],[76.55144,15.35173],[76.55577,15.35952],[76.55641,15.36634],[76.55803,15.36675],[76.55319,15.37327],[76.5468,15.37546],[76.5406,15.3813],[76.54233,15.38348],[76.54832,15.38606],[76.55208,15.39306],[76.55743,15.39876],[76.57113,15.40205],[76.59104,15.41219],[76.59451,15.41638],[76.59641,15.42635],[76.61218,15.44366],[76.64173,15.44411],[76.65936,15.44906],[76.66173,15.44906],[76.66288,15.44729],[76.67647,15.45493],[76.68401,15.46832],[76.6949,15.47674],[76.69376,15.47864],[76.7079,15.48787],[76.72391,15.49284],[76.74251,15.49108],[76.78009,15.49271],[76.80774,15.51193],[76.81111,15.51588],[76.80672,15.52768],[76.80975,15.54002],[76.81598,15.55169],[76.82701,15.55857],[76.82936,15.5701],[76.83387,15.58143],[76.83167,15.59767],[76.83575,15.60204],[76.83259,15.61431],[76.82904,15.61937],[76.83199,15.62403],[76.84126,15.63041],[76.84585,15.63593],[76.85909,15.64477],[76.85945,15.65131],[76.88317,15.67784],[76.88768,15.685],[76.89268,15.68754],[76.9002,15.68872],[76.90858,15.69324],[76.91103,15.69807],[76.91507,15.70156],[76.92384,15.73025],[76.92755,15.73517],[76.9297,15.74351],[76.93839,15.75659],[76.9386,15.75972],[76.94283,15.76326],[76.95249,15.76625],[76.96315,15.77399],[76.96698,15.78044],[76.99574,15.80752],[77.01784,15.82444],[77.02442,15.83764],[77.03588,15.82905],[77.04013,15.83269],[77.04118,15.82991],[77.04715,15.83054],[77.0482,15.82793],[77.05634,15.8304],[77.06545,15.82906],[77.06631,15.82647],[77.06389,15.80223],[77.06688,15.80202],[77.06769,15.79667],[77.06624,15.78482],[77.06024,15.78632],[77.05685,15.76846],[77.05218,15.76974],[77.05075,15.76401],[77.05616,15.76215],[77.05442,15.75652],[77.04782,15.75624],[77.04921,15.72997],[77.0801,15.72747],[77.07902,15.71605],[77.08795,15.71473],[77.08261,15.69873],[77.07869,15.6951],[77.09404,15.69074],[77.09386,15.68905],[77.10857,15.68182],[77.10921,15.67937],[77.11388,15.67746],[77.11369,15.67539],[77.12174,15.67116],[77.12018,15.66709],[77.12834,15.66587],[77.12188,15.63245],[77.12143,15.63095],[77.11997,15.6313],[77.1081,15.63833],[77.107,15.63768],[77.10686,15.64113],[77.10272,15.64303],[77.10234,15.64555],[77.10032,15.64599],[77.09518,15.65207],[77.09011,15.65288],[77.0871,15.6569],[77.08296,15.65891],[77.07121,15.64548],[77.04698,15.63845],[77.03469,15.63681],[77.03474,15.63492],[77.03146,15.6351],[77.03053,15.62119],[77.0327,15.62084],[77.03132,15.61113],[77.0327,15.60996],[77.03213,15.60551],[77.03331,15.60523],[77.02607,15.58077],[77.03105,15.54569],[77.0313,15.50713],[77.03008,15.50274],[77.02852,15.50016],[77.02469,15.50254],[77.01493,15.50248],[77.01056,15.50492],[76.99135,15.50646],[76.97447,15.51072],[76.97373,15.50709],[76.97466,15.49564],[76.97657,15.49071],[76.98443,15.48523],[76.99309,15.48202],[76.99815,15.47758],[76.99942,15.47169],[77.01003,15.44984],[77.0267,15.44123],[77.03461,15.43168],[77.03446,15.42111],[77.02884,15.40548],[77.03308,15.40014],[77.04497,15.39365],[77.04784,15.38807],[77.04826,15.38525],[77.0443,15.37777],[77.04317,15.36336],[77.04417,15.35785],[77.06389,15.34507],[77.06619,15.33729],[77.06413,15.32754],[77.07496,15.32564],[77.10125,15.33335],[77.11353,15.33364],[77.11304,15.32692],[77.11714,15.32539],[77.11719,15.31342],[77.11871,15.31332],[77.11789,15.29438],[77.15177,15.29196],[77.152,15.27543],[77.14761,15.27487],[77.14745,15.27227],[77.15389,15.27349],[77.15424,15.27113],[77.15948,15.26892],[77.15997,15.26721],[77.1679,15.2679],[77.16802,15.25774],[77.144,15.25676],[77.14295,15.25098],[77.14049,15.25147],[77.1357,15.24158],[77.13284,15.24227],[77.13197,15.24007],[77.12622,15.24034],[77.12478,15.22725],[77.14738,15.22472],[77.1469,15.22139],[77.15157,15.21886],[77.15137,15.21549],[77.15476,15.21544],[77.15912,15.20169],[77.16188,15.20185],[77.16652,15.1872],[77.16927,15.17186],[77.16755,15.1717],[77.16693,15.16898],[77.16462,15.16899],[77.16258,15.15782],[77.14104,15.15899],[77.13451,15.14846],[77.13687,15.14806],[77.13749,15.14376],[77.14873,15.14162],[77.14844,15.14023],[77.15088,15.13977],[77.15281,15.13947],[77.15311,15.14114],[77.15693,15.1406],[77.15673,15.12523],[77.14959,15.1113],[77.14239,15.10516],[77.12977,15.10102],[77.12676,15.06815],[77.12015,15.05237],[77.1193,15.04489],[77.11516,15.04597],[77.11301,15.03337],[77.09382,15.03565],[77.09065,15.02905],[77.08518,15.03086],[77.08275,15.0056],[77.07299,15.00531],[77.06083,15.00577],[77.04424,15.00922],[77.04981,15.0225],[77.04935,15.03301],[77.04178,15.03321],[77.03477,15.03107],[77.004,15.03419],[77.0026,15.03114],[76.98624,15.02644],[76.9855,15.01551],[76.96589,15.01813],[76.95036,15.03099],[76.94507,15.03194],[76.93557,15.0301],[76.92364,15.0315],[76.91804,15.03618],[76.90635,15.03333],[76.8945,15.03766],[76.87728,15.03117],[76.87769,15.03626],[76.86942,15.05313],[76.86563,15.05564],[76.86617,15.05979],[76.86448,15.05841],[76.86208,15.05956],[76.86169,15.06239],[76.84985,15.06892],[76.83612,15.07995],[76.82393,15.08064],[76.81226,15.0866],[76.80093,15.09548],[76.79491,15.0913],[76.79269,15.08647],[76.78715,15.08739],[76.78626,15.08148],[76.78335,15.07665],[76.7789,15.07891],[76.7775,15.07708],[76.78065,15.07488],[76.77508,15.07041],[76.77348,15.05912],[76.77671,15.05422],[76.78057,15.04261],[76.78372,15.04237],[76.78604,15.03718],[76.78597,15.02751],[76.7905,15.02074],[76.7876,15.00854],[76.78364,15.00414],[76.77852,15.00671],[76.77523,14.99384],[76.77216,14.99057],[76.76097,14.99007],[76.7539,14.98417],[76.74836,14.98679],[76.74269,14.98736],[76.73423,14.98537],[76.73023,14.9958],[76.72803,14.99749],[76.72854,15.00007],[76.7272,15.00007],[76.72799,15.00959],[76.73597,15.02253],[76.73289,15.03194],[76.72959,15.03315],[76.71945,15.03425],[76.71762,15.03621],[76.71258,15.03324],[76.70359,15.03308],[76.70249,15.02938],[76.70433,15.02099],[76.70166,15.01662],[76.69308,15.01914],[76.68584,15.01843],[76.6861,15.02197],[76.6891,15.02315],[76.68747,15.02505],[76.67743,15.02465],[76.67575,15.02137],[76.67152,15.01932],[76.67432,15.01601],[76.6736,15.01219],[76.67799,15.00921],[76.67998,15.00546],[76.68193,14.99611],[76.67813,14.99551],[76.68148,14.99078],[76.68479,14.9898],[76.68961,14.97816],[76.70502,14.97728],[76.71228,14.97499],[76.71603,14.97284],[76.71709,14.96737],[76.71754,14.95307],[76.71469,14.94233],[76.71319,14.93924],[76.70611,14.94264],[76.70679,14.93109],[76.70391,14.93157],[76.69862,14.92746],[76.69592,14.92679],[76.69131,14.92892],[76.67921,14.93834],[76.65944,14.94211],[76.66251,14.92624],[76.66616,14.91656],[76.67753,14.91143],[76.67758,14.89468],[76.67234,14.89655],[76.66653,14.89454],[76.66599,14.89625],[76.66046,14.89529],[76.65139,14.89686],[76.64622,14.89444],[76.63755,14.89502],[76.63514,14.89221],[76.63287,14.8919],[76.63257,14.88313],[76.61907,14.88482],[76.60829,14.88128],[76.59433,14.88163],[76.5923,14.86517],[76.58603,14.85923],[76.578,14.86132],[76.56981,14.86762],[76.56893,14.8737],[76.56544,14.88016],[76.54196,14.8813],[76.53874,14.87614],[76.52977,14.87466],[76.53376,14.87094],[76.52192,14.8691],[76.51702,14.87185],[76.50924,14.86942],[76.49832,14.86882],[76.49828,14.8621],[76.49495,14.86168],[76.49479,14.85978],[76.48745,14.86101],[76.48138,14.85904],[76.47661,14.86552],[76.47477,14.87161],[76.47793,14.88248],[76.47262,14.88274],[76.47054,14.87912],[76.46565,14.87561],[76.46376,14.88197],[76.45788,14.88318],[76.46038,14.8924],[76.45784,14.90201],[76.45509,14.90465],[76.45251,14.91226],[76.45501,14.91739],[76.46201,14.92316],[76.46906,14.92503],[76.47062,14.92741],[76.46277,14.9249],[76.457,14.92714],[76.45321,14.92687],[76.45198,14.92851],[76.44204,14.93115],[76.4352,14.93709],[76.43202,14.93702],[76.42697,14.93108],[76.41251,14.93204],[76.40755,14.9346],[76.39819,14.93292],[76.40255,14.93492],[76.40395,14.93838],[76.40361,14.94431],[76.40593,14.94557],[76.40703,14.95207],[76.40054,14.95254],[76.39994,14.95445],[76.39636,14.95552],[76.39426,14.95473],[76.39407,14.95745],[76.39194,14.95578],[76.38069,14.95839],[76.37517,14.95714],[76.37466,14.96696],[76.37674,14.98366],[76.36127,14.98602],[76.36466,14.99105],[76.36117,14.99558],[76.37207,14.99668],[76.37546,15.00538],[76.37764,15.00592],[76.37953,15.01889],[76.37723,15.0216],[76.37928,15.02314],[76.39319,15.02182],[76.39793,15.02339],[76.406,15.02972],[76.40441,15.03822],[76.4022,15.03803],[76.39937,15.04761],[76.39372,15.05287],[76.39359,15.06352],[76.41105,15.06079],[76.41443,15.05463],[76.42302,15.04493],[76.43938,15.03998],[76.45207,15.03834],[76.46167,15.04222],[76.46439,15.04803],[76.47469,15.04204],[76.47134,15.04828],[76.47422,15.04963],[76.47106,15.05165],[76.47284,15.05749],[76.44928,15.08675],[76.44969,15.09337],[76.44425,15.10109],[76.44688,15.10668],[76.44287,15.11092],[76.44283,15.10793],[76.43926,15.10733],[76.4393,15.10515],[76.43524,15.10771],[76.43989,15.11132],[76.4418,15.11619],[76.44104,15.12233],[76.4361,15.1245],[76.42011,15.11822],[76.41733,15.12117],[76.41209,15.12057],[76.40812,15.1233],[76.40392,15.12331],[76.39755,15.12596],[76.39814,15.12755],[76.41375,15.1324],[76.41574,15.13553],[76.42067,15.1345],[76.42328,15.13784],[76.4198,15.14184],[76.41787,15.14025],[76.41207,15.14243],[76.40911,15.15095],[76.41164,15.1535],[76.40724,15.15491],[76.40498,15.15992],[76.40735,15.16362],[76.41766,15.16587],[76.41331,15.17416],[76.40163,15.18342],[76.39617,15.1936],[76.40937,15.19414],[76.42029,15.20654],[76.4232,15.20735],[76.42254,15.20961],[76.42442,15.21087],[76.41857,15.21539],[76.42044,15.21819],[76.41395,15.21754],[76.41086,15.22095],[76.41097,15.22284],[76.40878,15.22166],[76.40703,15.22325],[76.40875,15.22687],[76.40621,15.22389],[76.40071,15.22855],[76.40765,15.23443],[76.41564,15.23099],[76.42256,15.22472],[76.4275,15.22663],[76.43268,15.23224],[76.44907,15.21936],[76.45846,15.21683],[76.45777,15.20823],[76.45335,15.20228],[76.47701,15.18697],[76.49425,15.16909],[76.51724,15.18253],[76.52435,15.18082],[76.52573,15.18291],[76.52933,15.18294],[76.53291,15.18856],[76.53896,15.18666]]],[[[76.56869,15.33292],[76.5681,15.3299],[76.56619,15.33014],[76.56614,15.33071],[76.56869,15.33292]]],[[[76.56316,15.3335],[76.56433,15.33312],[76.56418,15.33044],[76.56282,15.331],[76.56316,15.3335]]],[[[76.57215,15.3353],[76.56949,15.33454],[76.56938,15.33478],[76.57109,15.33588],[76.57215,15.3353]]]]},"properties":{"district":"Ballari","kgis_name":"BALLARI","region_id":"district_528","level":"district"}},{"type":"Feature","geometry":{"type":"MultiPolygon","coordinates":[[[[75.3589,16.87114],[75.36921,16.86669],[75.37515,16.86709],[75.37726,16.86547],[75.38089,16.8662],[75.38514,16.86386],[75.39503,16.863],[75.38143,16.83408],[75.37887,16.82317],[75.37996,16.81063],[75.37796,16.81027],[75.3788,16.79844],[75.38108,16.79856],[75.38597,16.7635],[75.38515,16.76144],[75.37945,16.76232],[75.3665,16.75982],[75.3665,16.7434],[75.36366,16.73771],[75.36423,16.73487],[75.36241,16.73011],[75.36547,16.72251],[75.36359,16.72013],[75.36492,16.71736],[75.36251,16.71433],[75.31675,16.71854],[75.28789,16.71436],[75.26461,16.69162],[75.26282,16.68037],[75.26582,16.66681],[75.26812,16.64094],[75.26183,16.61997],[75.25549,16.61859],[75.25849,16.61245],[75.25659,16.60958],[75.25986,16.60735],[75.25161,16.60477],[75.24384,16.60746],[75.23254,16.61422],[75.22437,16.61558],[75.21718,16.6149],[75.20137,16.60827],[75.18005,16.6039],[75.17075,16.59899],[75.15866,16.58568],[75.15902,16.56657],[75.1663,16.55426],[75.16712,16.54504],[75.1628,16.53326],[75.15539,16.52723],[75.132,16.52143],[75.12464,16.50996],[75.12023,16.50662],[75.11227,16.50565],[75.10437,16.51089],[75.0993,16.5273],[75.08895,16.53942],[75.08626,16.55422],[75.08172,16.56065],[75.07164,16.56667],[75.06747,16.55011],[75.06731,16.53906],[75.00731,16.5382],[75.00642,16.53376],[75.00419,16.53393],[75.00387,16.53133],[75.00077,16.53017],[74.99777,16.51749],[74.99485,16.51673],[74.98826,16.50038],[74.98897,16.4782],[74.98597,16.46625],[74.98629,16.46282],[74.99093,16.46252],[74.99126,16.46108],[74.98848,16.45334],[74.99903,16.45461],[75.00228,16.45798],[75.01573,16.45857],[75.01472,16.4529],[75.01752,16.43939],[75.02313,16.43987],[75.0232,16.43528],[75.02821,16.433],[75.03704,16.43488],[75.07718,16.4377],[75.07183,16.40402],[75.05004,16.39978],[75.04847,16.39885],[75.04819,16.39576],[75.04053,16.39568],[75.04048,16.39769],[75.03885,16.39744],[75.03442,16.38495],[75.03264,16.35816],[75.03394,16.3398],[75.04366,16.31959],[75.05779,16.33149],[75.06399,16.32633],[75.07755,16.33196],[75.08816,16.32982],[75.09561,16.32489],[75.10944,16.32853],[75.11603,16.3262],[75.12404,16.33075],[75.13113,16.331],[75.13842,16.32596],[75.13162,16.30423],[75.1319,16.30089],[75.12911,16.2962],[75.13036,16.29465],[75.1296,16.28696],[75.15597,16.28054],[75.17002,16.2803],[75.17444,16.27597],[75.1783,16.27491],[75.19511,16.2744],[75.21765,16.2686],[75.22456,16.26241],[75.23413,16.25963],[75.23229,16.25022],[75.23931,16.25113],[75.22977,16.23148],[75.23119,16.22752],[75.23023,16.22464],[75.23308,16.21873],[75.23363,16.21237],[75.23238,16.20964],[75.24928,16.20433],[75.27032,16.20751],[75.28072,16.19993],[75.28567,16.20211],[75.28871,16.19167],[75.28619,16.18886],[75.2847,16.17677],[75.29256,16.17248],[75.2874,16.15196],[75.27574,16.12041],[75.29842,16.11737],[75.32783,16.11572],[75.33874,16.12072],[75.34161,16.12446],[75.34636,16.1232],[75.35378,16.12807],[75.35363,16.11631],[75.35553,16.11513],[75.40019,16.11336],[75.4043,16.11372],[75.40684,16.12581],[75.41213,16.13027],[75.419,16.10003],[75.42954,16.09678],[75.42769,16.09373],[75.4305,16.08043],[75.42736,16.05786],[75.41847,16.05647],[75.41603,16.05317],[75.41602,16.03253],[75.42311,16.03259],[75.42677,16.00771],[75.43356,16.00717],[75.43894,16.00413],[75.43625,15.98888],[75.43077,15.97075],[75.43979,15.96612],[75.433,15.9451],[75.42846,15.93748],[75.43052,15.93486],[75.42481,15.92194],[75.44068,15.91825],[75.43859,15.91107],[75.43698,15.8936],[75.44427,15.89383],[75.44701,15.89222],[75.44626,15.88999],[75.44304,15.88905],[75.44715,15.88638],[75.44935,15.88718],[75.44924,15.88459],[75.45303,15.88166],[75.45113,15.86183],[75.45763,15.86142],[75.45787,15.81793],[75.45526,15.81814],[75.45307,15.81062],[75.45118,15.81105],[75.44738,15.7936],[75.4395,15.79505],[75.43621,15.77812],[75.41383,15.78419],[75.42404,15.82551],[75.42487,15.84235],[75.41156,15.84115],[75.40816,15.83896],[75.40583,15.83905],[75.40301,15.84186],[75.39876,15.8396],[75.38521,15.83855],[75.38195,15.8403],[75.38241,15.84353],[75.37538,15.84605],[75.3657,15.81403],[75.36469,15.80447],[75.34101,15.80473],[75.339,15.82768],[75.32999,15.82453],[75.33302,15.81663],[75.32679,15.81296],[75.32074,15.81054],[75.32007,15.81283],[75.303,15.81242],[75.30414,15.80234],[75.30334,15.78569],[75.30536,15.7664],[75.31757,15.76421],[75.31788,15.74624],[75.31377,15.73033],[75.30151,15.72798],[75.29289,15.72842],[75.29309,15.74144],[75.27523,15.74067],[75.27365,15.72319],[75.27611,15.72345],[75.27665,15.7221],[75.2786,15.68977],[75.27735,15.68927],[75.27176,15.66167],[75.27297,15.64828],[75.2488,15.64712],[75.23618,15.67915],[75.21806,15.67729],[75.2184,15.68123],[75.20327,15.68143],[75.20239,15.64921],[75.18687,15.64929],[75.18589,15.65563],[75.18354,15.65772],[75.18039,15.65613],[75.17159,15.66055],[75.15514,15.65949],[75.15095,15.66154],[75.14915,15.65902],[75.14711,15.66072],[75.14021,15.65836],[75.13903,15.66004],[75.13233,15.66052],[75.12884,15.66506],[75.12298,15.66648],[75.12327,15.66843],[75.107,15.6723],[75.10474,15.66138],[75.10064,15.66204],[75.09653,15.62575],[75.09219,15.60853],[75.0898,15.61201],[75.08678,15.6126],[75.08565,15.6158],[75.08247,15.61712],[75.08022,15.62246],[75.06404,15.62511],[75.06459,15.62755],[75.06197,15.63022],[75.05579,15.63273],[75.06315,15.66941],[75.061,15.67299],[75.0594,15.68303],[75.04978,15.68288],[75.04671,15.67059],[75.02852,15.67006],[75.02743,15.65187],[75.02339,15.65213],[75.01944,15.64487],[74.99162,15.65096],[74.97866,15.64829],[74.96694,15.65308],[74.96424,15.64541],[74.9652,15.62641],[74.95622,15.62577],[74.94488,15.62245],[74.93224,15.62264],[74.92459,15.62433],[74.91249,15.63049],[74.89203,15.63069],[74.88722,15.62982],[74.88195,15.62358],[74.87832,15.62121],[74.87764,15.62218],[74.87803,15.61706],[74.8563,15.61255],[74.85567,15.61104],[74.84671,15.6082],[74.8402,15.60829],[74.83865,15.61201],[74.83008,15.60999],[74.82852,15.60848],[74.82999,15.59008],[74.83218,15.59087],[74.8358,15.58537],[74.83792,15.57708],[74.84091,15.57459],[74.82344,15.56786],[74.82313,15.56636],[74.82002,15.56562],[74.82031,15.56204],[74.81214,15.55686],[74.81101,15.55427],[74.80797,15.55346],[74.80748,15.5507],[74.79706,15.54759],[74.81075,15.52033],[74.80921,15.51077],[74.81437,15.50397],[74.8059,15.50113],[74.80196,15.50151],[74.80547,15.49741],[74.80361,15.49649],[74.7996,15.49899],[74.79929,15.49738],[74.79724,15.49759],[74.79865,15.49353],[74.79492,15.49049],[74.79273,15.48604],[74.78597,15.48598],[74.78686,15.47836],[74.78536,15.47138],[74.77826,15.45853],[74.76877,15.47069],[74.76433,15.47339],[74.76132,15.4701],[74.76006,15.47098],[74.75901,15.47425],[74.75563,15.47672],[74.75629,15.47953],[74.75318,15.48511],[74.75439,15.48807],[74.74987,15.49071],[74.74837,15.49537],[74.74252,15.49413],[74.7379,15.49043],[74.72668,15.48801],[74.72891,15.48374],[74.7279,15.48313],[74.7301,15.48201],[74.72933,15.47915],[74.73064,15.47903],[74.73094,15.47679],[74.72877,15.47574],[74.73212,15.46933],[74.73615,15.46591],[74.74346,15.46606],[74.74274,15.46383],[74.74391,15.46312],[74.74182,15.46177],[74.74339,15.46056],[74.74243,15.45179],[74.73832,15.44897],[74.74008,15.4479],[74.73916,15.44529],[74.73547,15.44417],[74.73644,15.44043],[74.72993,15.4357],[74.73166,15.43372],[74.72939,15.43123],[74.73338,15.42262],[74.73811,15.42189],[74.74088,15.41925],[74.74105,15.41101],[74.73189,15.40798],[74.7267,15.41033],[74.71665,15.41115],[74.70626,15.40727],[74.69865,15.40985],[74.68892,15.39867],[74.66638,15.39314],[74.64992,15.39122],[74.64027,15.38159],[74.63409,15.36825],[74.61377,15.35928],[74.60118,15.36941],[74.59566,15.37775],[74.58768,15.38049],[74.57407,15.39223],[74.56758,15.40345],[74.55367,15.40957],[74.54737,15.41481],[74.53899,15.41692],[74.5385,15.41588],[74.53383,15.41878],[74.51648,15.40201],[74.50994,15.40294],[74.50613,15.41249],[74.50928,15.42773],[74.50811,15.43064],[74.50607,15.43363],[74.49462,15.43841],[74.49127,15.43543],[74.49004,15.43702],[74.49182,15.44375],[74.48979,15.44271],[74.48795,15.43821],[74.48439,15.43731],[74.48405,15.43358],[74.48147,15.4301],[74.4774,15.42871],[74.47237,15.43266],[74.46298,15.43287],[74.46108,15.43032],[74.46223,15.43011],[74.45643,15.42551],[74.46038,15.42061],[74.45118,15.42137],[74.44566,15.41964],[74.45205,15.40801],[74.45023,15.40909],[74.44969,15.40571],[74.44666,15.40667],[74.43858,15.40553],[74.43749,15.40251],[74.43456,15.40162],[74.43289,15.39688],[74.42846,15.398],[74.42308,15.42034],[74.42208,15.46342],[74.41922,15.46471],[74.41793,15.46937],[74.41539,15.4701],[74.41213,15.47418],[74.40939,15.47501],[74.40429,15.47337],[74.39425,15.48078],[74.3906,15.48006],[74.38639,15.48362],[74.37361,15.47956],[74.35311,15.50669],[74.34227,15.51772],[74.32711,15.51637],[74.29077,15.52351],[74.2818,15.52311],[74.27847,15.52146],[74.27885,15.5236],[74.28135,15.52459],[74.28231,15.53124],[74.27765,15.54603],[74.26428,15.55787],[74.26266,15.56398],[74.26111,15.56379],[74.25878,15.5597],[74.24931,15.56656],[74.24562,15.56642],[74.25065,15.57587],[74.24869,15.57881],[74.25849,15.5924],[74.25752,15.59802],[74.25924,15.60093],[74.25975,15.60765],[74.26444,15.61512],[74.26263,15.61873],[74.26199,15.61779],[74.25974,15.61954],[74.26009,15.62095],[74.25586,15.62439],[74.24695,15.62092],[74.24493,15.62506],[74.252,15.65347],[74.25129,15.65541],[74.24456,15.6587],[74.24244,15.66148],[74.23834,15.66246],[74.23783,15.6668],[74.23587,15.66871],[74.2297,15.66705],[74.22855,15.66468],[74.22273,15.66841],[74.21758,15.66231],[74.21557,15.66267],[74.22082,15.65721],[74.22327,15.65724],[74.22277,15.65586],[74.21777,15.65228],[74.20552,15.65039],[74.20357,15.65623],[74.20463,15.66313],[74.20397,15.66203],[74.18889,15.66584],[74.18634,15.67404],[74.19069,15.67492],[74.18909,15.67875],[74.19044,15.6821],[74.18814,15.68027],[74.18271,15.68202],[74.17903,15.68102],[74.17246,15.67357],[74.16709,15.67235],[74.16431,15.667],[74.16352,15.65345],[74.15601,15.65386],[74.15261,15.64933],[74.14846,15.65118],[74.13912,15.65048],[74.13492,15.6484],[74.11839,15.65243],[74.11198,15.65656],[74.10081,15.65734],[74.09209,15.66232],[74.08656,15.66923],[74.0876,15.67304],[74.09017,15.67382],[74.10148,15.67124],[74.1127,15.67407],[74.12364,15.67987],[74.1294,15.69082],[74.13241,15.69326],[74.13091,15.70135],[74.13337,15.70253],[74.1329,15.70567],[74.12865,15.70854],[74.12674,15.70818],[74.12701,15.71893],[74.12222,15.72086],[74.12636,15.72513],[74.13124,15.72333],[74.13335,15.72518],[74.13403,15.73025],[74.13871,15.73096],[74.1418,15.73446],[74.14407,15.7336],[74.15052,15.73596],[74.15151,15.73774],[74.15049,15.74086],[74.15936,15.74945],[74.18967,15.75267],[74.20264,15.75829],[74.20461,15.76208],[74.2054,15.77288],[74.20968,15.78199],[74.21375,15.78056],[74.21602,15.78448],[74.22889,15.78915],[74.23243,15.78729],[74.23475,15.77911],[74.23069,15.77468],[74.22809,15.76739],[74.22801,15.75617],[74.23149,15.75375],[74.23372,15.74843],[74.23657,15.74819],[74.23592,15.74546],[74.23751,15.7445],[74.2412,15.74313],[74.25374,15.74496],[74.26879,15.7545],[74.2853,15.74105],[74.29493,15.74383],[74.30177,15.74845],[74.30912,15.74987],[74.30983,15.75526],[74.31809,15.75723],[74.3189,15.76597],[74.32319,15.77244],[74.33694,15.76758],[74.34045,15.76466],[74.34523,15.76421],[74.35021,15.76838],[74.3509,15.77078],[74.35319,15.77048],[74.35875,15.77497],[74.36217,15.78241],[74.36824,15.78583],[74.37218,15.79791],[74.37033,15.7988],[74.37192,15.79947],[74.37066,15.80114],[74.37142,15.80318],[74.36872,15.80651],[74.37012,15.80676],[74.36995,15.81199],[74.36139,15.81517],[74.36022,15.81763],[74.36549,15.81903],[74.36607,15.82564],[74.37075,15.83028],[74.37211,15.82974],[74.37271,15.83212],[74.37743,15.8322],[74.37617,15.83301],[74.37928,15.83558],[74.3797,15.83806],[74.38049,15.83826],[74.37982,15.83638],[74.38099,15.83534],[74.38188,15.83896],[74.38403,15.84054],[74.3826,15.84142],[74.38316,15.84941],[74.37032,15.85104],[74.34477,15.85032],[74.33792,15.85495],[74.34324,15.85717],[74.34642,15.86031],[74.34517,15.863],[74.35073,15.86572],[74.35797,15.87347],[74.36325,15.87509],[74.36527,15.88227],[74.36453,15.89359],[74.36865,15.89386],[74.36602,15.89091],[74.37378,15.88605],[74.37861,15.88019],[74.38253,15.86036],[74.38672,15.86],[74.38767,15.85411],[74.39114,15.85482],[74.39183,15.85304],[74.39762,15.85057],[74.40233,15.85233],[74.40118,15.85383],[74.40225,15.85462],[74.40617,15.85547],[74.4064,15.86455],[74.40362,15.86484],[74.39749,15.86989],[74.39283,15.87854],[74.39685,15.88072],[74.39397,15.90002],[74.39074,15.89982],[74.38699,15.90151],[74.38638,15.90359],[74.3846,15.90335],[74.42843,15.95227],[74.43933,15.97679],[74.43749,15.98024],[74.43972,15.98098],[74.44388,15.98637],[74.44269,15.99159],[74.445,15.99261],[74.44646,15.99687],[74.44438,16.00332],[74.44707,16.00364],[74.45031,16.01256],[74.4553,16.01903],[74.46332,16.04354],[74.46294,16.04935],[74.457,16.04758],[74.44902,16.05392],[74.44604,16.05195],[74.44312,16.05235],[74.43007,16.05927],[74.42254,16.05541],[74.41476,16.05517],[74.40399,16.05091],[74.40108,16.04536],[74.38135,16.03567],[74.37065,16.03858],[74.37888,16.05379],[74.37318,16.05521],[74.36554,16.05226],[74.36013,16.05333],[74.37167,16.06745],[74.37237,16.0785],[74.38204,16.07966],[74.38369,16.08341],[74.39142,16.08046],[74.39186,16.08276],[74.3891,16.08775],[74.38982,16.08958],[74.40723,16.09407],[74.40875,16.09521],[74.4102,16.10274],[74.42745,16.11253],[74.44317,16.10565],[74.45888,16.10485],[74.45925,16.1004],[74.47285,16.0929],[74.4731,16.09079],[74.47659,16.09009],[74.48223,16.08954],[74.48466,16.0912],[74.48593,16.10035],[74.4886,16.10095],[74.49108,16.10414],[74.49084,16.11342],[74.48482,16.14226],[74.47981,16.14516],[74.47973,16.14776],[74.48814,16.15682],[74.48971,16.16314],[74.48932,16.17728],[74.49391,16.18665],[74.50558,16.18945],[74.50741,16.19471],[74.50606,16.20071],[74.50806,16.20201],[74.50071,16.20442],[74.49579,16.21249],[74.49542,16.21666],[74.50235,16.22179],[74.50243,16.22356],[74.4958,16.23414],[74.49043,16.23445],[74.47987,16.25],[74.47778,16.25025],[74.46889,16.23961],[74.45593,16.24398],[74.45482,16.25325],[74.4368,16.25125],[74.43644,16.25764],[74.41761,16.25808],[74.415,16.27756],[74.41612,16.28014],[74.41355,16.28358],[74.40759,16.28344],[74.38563,16.27689],[74.38331,16.2917],[74.38112,16.29157],[74.37244,16.29679],[74.3695,16.29235],[74.36483,16.29376],[74.36182,16.29156],[74.35738,16.29131],[74.3452,16.29353],[74.34291,16.29057],[74.35355,16.28328],[74.34902,16.27564],[74.34921,16.27684],[74.34341,16.2784],[74.34235,16.27656],[74.34368,16.27363],[74.3384,16.27124],[74.33355,16.27555],[74.33549,16.27158],[74.33408,16.26834],[74.32925,16.2678],[74.32486,16.27143],[74.32438,16.27694],[74.32273,16.27791],[74.32109,16.28435],[74.32335,16.28581],[74.3264,16.28525],[74.32499,16.28805],[74.32826,16.29307],[74.33249,16.29219],[74.3351,16.28952],[74.33675,16.2908],[74.33854,16.29003],[74.3395,16.29264],[74.34259,16.29088],[74.34181,16.2939],[74.34371,16.29596],[74.34267,16.29828],[74.34047,16.29769],[74.34009,16.30263],[74.33597,16.30735],[74.33176,16.30478],[74.33428,16.30802],[74.33151,16.31377],[74.3235,16.31258],[74.32345,16.31604],[74.33345,16.32012],[74.33014,16.32601],[74.32643,16.3231],[74.32124,16.32291],[74.3147,16.32651],[74.32201,16.33396],[74.31471,16.34042],[74.32024,16.3433],[74.3273,16.34223],[74.31564,16.35585],[74.31838,16.35398],[74.32514,16.3584],[74.31984,16.36804],[74.32006,16.37597],[74.31701,16.3791],[74.31867,16.38013],[74.32515,16.37869],[74.32823,16.38504],[74.32724,16.39181],[74.33623,16.39448],[74.33784,16.39141],[74.34046,16.39021],[74.34217,16.38569],[74.34148,16.38293],[74.34338,16.38243],[74.3459,16.37765],[74.34537,16.3733],[74.34775,16.36713],[74.35352,16.36599],[74.35453,16.37054],[74.35259,16.38178],[74.35539,16.3817],[74.35693,16.38332],[74.35838,16.39121],[74.363,16.39545],[74.36205,16.40165],[74.3635,16.40485],[74.35161,16.40644],[74.34479,16.40546],[74.34007,16.40203],[74.33559,16.40124],[74.33255,16.41228],[74.32784,16.41901],[74.3302,16.42077],[74.33156,16.42486],[74.33704,16.42881],[74.33236,16.43605],[74.33582,16.44543],[74.32923,16.4472],[74.33211,16.45523],[74.32499,16.45577],[74.31987,16.4534],[74.31185,16.45318],[74.30603,16.45522],[74.2969,16.46396],[74.2917,16.46139],[74.28949,16.46284],[74.28822,16.47661],[74.29196,16.48537],[74.29135,16.50467],[74.27918,16.50474],[74.27792,16.49935],[74.27415,16.49354],[74.27476,16.48536],[74.26055,16.47978],[74.25701,16.48884],[74.24766,16.4961],[74.24986,16.49941],[74.25451,16.5008],[74.26468,16.50056],[74.27156,16.50369],[74.27808,16.50459],[74.27853,16.51174],[74.2758,16.52107],[74.2696,16.52214],[74.26391,16.53974],[74.27049,16.54834],[74.27456,16.54736],[74.28111,16.54153],[74.28075,16.53259],[74.28349,16.52496],[74.28806,16.52826],[74.28878,16.53184],[74.29114,16.5339],[74.30122,16.52998],[74.30242,16.526],[74.301,16.52366],[74.30656,16.50404],[74.31564,16.50428],[74.31629,16.55548],[74.31789,16.55457],[74.32396,16.5575],[74.33154,16.55288],[74.33495,16.54876],[74.33928,16.5488],[74.34665,16.55622],[74.35443,16.55569],[74.35347,16.55933],[74.35621,16.56003],[74.36026,16.5556],[74.3582,16.55416],[74.35765,16.55547],[74.35792,16.55286],[74.35664,16.55241],[74.35826,16.53898],[74.36241,16.53908],[74.37277,16.53512],[74.37725,16.52874],[74.381,16.52919],[74.38729,16.53596],[74.38888,16.55238],[74.38713,16.55999],[74.3935,16.5653],[74.39116,16.56537],[74.39052,16.56787],[74.39561,16.57306],[74.39669,16.58286],[74.40839,16.58334],[74.41795,16.58614],[74.42215,16.58471],[74.42632,16.59606],[74.43517,16.60092],[74.46634,16.60529],[74.46414,16.61589],[74.46557,16.61635],[74.4658,16.62423],[74.45901,16.63371],[74.45537,16.64714],[74.45873,16.64898],[74.45611,16.65575],[74.46335,16.65839],[74.4701,16.66469],[74.47287,16.66471],[74.47543,16.65463],[74.4752,16.64753],[74.48268,16.63694],[74.49002,16.63029],[74.4957,16.63001],[74.50117,16.63353],[74.52389,16.63364],[74.54472,16.63567],[74.54506,16.62918],[74.54289,16.62675],[74.54452,16.59569],[74.55911,16.59511],[74.56654,16.58629],[74.56507,16.58017],[74.55572,16.57242],[74.5551,16.56468],[74.56088,16.56304],[74.566,16.55889],[74.5676,16.5555],[74.5726,16.55501],[74.57317,16.55918],[74.57486,16.56023],[74.58021,16.56029],[74.5842,16.55798],[74.5855,16.55903],[74.58446,16.56259],[74.58793,16.56644],[74.60013,16.56473],[74.60281,16.5663],[74.60444,16.56972],[74.60796,16.56927],[74.61422,16.57419],[74.61451,16.57902],[74.61838,16.5845],[74.62258,16.58016],[74.6296,16.57841],[74.63303,16.58395],[74.63427,16.58352],[74.63523,16.58366],[74.63278,16.59191],[74.63136,16.59195],[74.63274,16.60547],[74.64006,16.61246],[74.64641,16.61185],[74.6539,16.60703],[74.66019,16.60516],[74.67127,16.60989],[74.67215,16.61188],[74.67414,16.61199],[74.67574,16.60998],[74.67632,16.61183],[74.6782,16.6119],[74.68375,16.60933],[74.68423,16.60744],[74.68651,16.60839],[74.68453,16.60993],[74.68712,16.60934],[74.688,16.61196],[74.68557,16.6182],[74.67417,16.62279],[74.66682,16.62982],[74.65816,16.63054],[74.65165,16.63794],[74.65637,16.64128],[74.65851,16.64556],[74.66518,16.66539],[74.67965,16.66616],[74.6791,16.67315],[74.68935,16.67687],[74.68866,16.6816],[74.68147,16.68108],[74.68116,16.68393],[74.68135,16.68673],[74.68925,16.68636],[74.68972,16.69624],[74.6882,16.70521],[74.68927,16.70798],[74.68757,16.70849],[74.6886,16.7123],[74.68642,16.71326],[74.69094,16.71847],[74.69342,16.71617],[74.70282,16.71546],[74.72742,16.71692],[74.72752,16.7198],[74.73026,16.72053],[74.73207,16.71855],[74.73702,16.72367],[74.75305,16.73136],[74.75252,16.733],[74.76,16.74142],[74.76394,16.74189],[74.7696,16.74537],[74.77181,16.75089],[74.78422,16.75083],[74.79542,16.74734],[74.79824,16.75376],[74.8443,16.76203],[74.84978,16.77257],[74.86543,16.76398],[74.8686,16.77419],[74.89099,16.77134],[74.91944,16.77275],[74.91032,16.78982],[74.91011,16.81567],[74.90822,16.82374],[74.90994,16.83644],[74.90731,16.85032],[74.90135,16.86263],[74.91064,16.8643],[74.92599,16.86396],[74.92355,16.86718],[74.92526,16.86754],[74.9254,16.87222],[74.9352,16.87096],[74.93559,16.87893],[74.94445,16.88248],[74.94457,16.88114],[74.96028,16.88101],[74.96372,16.91065],[74.95851,16.90532],[74.95453,16.90509],[74.95503,16.90996],[74.94334,16.91112],[74.93818,16.91704],[74.93272,16.9186],[74.93386,16.92399],[74.92141,16.92968],[74.92318,16.93956],[74.92658,16.93979],[74.93383,16.94562],[74.94297,16.94041],[74.94716,16.94011],[74.9492,16.93458],[74.95773,16.92855],[74.96293,16.92813],[74.96502,16.929],[74.96468,16.93098],[74.9598,16.93371],[74.95888,16.9373],[74.96004,16.93986],[74.96704,16.94124],[74.96412,16.94754],[74.97349,16.95103],[74.99479,16.952],[75.00039,16.95032],[75.00541,16.94665],[75.02688,16.94486],[75.02512,16.93931],[75.02577,16.92872],[75.02631,16.93224],[75.03583,16.9332],[75.03774,16.9359],[75.03999,16.93594],[75.04119,16.94065],[75.04519,16.94231],[75.06114,16.94163],[75.07017,16.94684],[75.07271,16.94671],[75.07462,16.95048],[75.0782,16.94927],[75.08526,16.95205],[75.09014,16.95202],[75.09238,16.94028],[75.09234,16.92593],[75.09611,16.91394],[75.10263,16.91274],[75.11753,16.91352],[75.12004,16.90238],[75.13496,16.89467],[75.13266,16.88997],[75.13625,16.87442],[75.15554,16.86805],[75.16476,16.86703],[75.17646,16.86798],[75.18881,16.87499],[75.18189,16.84346],[75.21749,16.8419],[75.22799,16.84345],[75.23771,16.86769],[75.2655,16.86314],[75.273,16.86924],[75.28251,16.88101],[75.28981,16.9047],[75.28244,16.91208],[75.28003,16.92371],[75.28065,16.95323],[75.27952,16.95686],[75.34159,16.95621],[75.34311,16.95286],[75.34201,16.946],[75.33638,16.92545],[75.33446,16.91208],[75.33394,16.8945],[75.33581,16.86887],[75.33969,16.87055],[75.3589,16.87114]]],[[[74.28952,15.78708],[74.2812,15.78991],[74.27489,15.79528],[74.27085,15.79508],[74.26649,15.79755],[74.268,15.79996],[74.26652,15.80766],[74.26898,15.81605],[74.26289,15.82942],[74.2926,15.83221],[74.30523,15.80572],[74.31399,15.79988],[74.31313,15.79454],[74.30613,15.78908],[74.30176,15.78767],[74.29387,15.79587],[74.28952,15.78708]]],[[[75.04121,16.43896],[75.03741,16.43927],[75.03905,16.45303],[75.04187,16.45413],[75.04121,16.43896]]]]},"properties":{"district":"Belagavi","kgis_name":"BELAGAVI","region_id":"district_527","level":"district"}},{"type":"Feature","geometry":{"type":"Polygon","coordinates":[[[77.20135,13.26546],[77.20756,13.26196],[77.21964,13.26284],[77.22215,13.26751],[77.21952,13.27355],[77.22299,13.2907],[77.22272,13.29652],[77.22967,13.31458],[77.23401,13.31026],[77.23705,13.31099],[77.23962,13.3088],[77.24228,13.30257],[77.24741,13.30183],[77.25299,13.30273],[77.25474,13.30875],[77.27025,13.31091],[77.26948,13.30614],[77.27541,13.29755],[77.28217,13.29704],[77.2807,13.3008],[77.28158,13.31083],[77.30908,13.31007],[77.31199,13.32063],[77.32033,13.32373],[77.32983,13.33021],[77.33336,13.32847],[77.33851,13.32884],[77.33927,13.33425],[77.34379,13.33759],[77.34594,13.34928],[77.34246,13.35027],[77.34155,13.35503],[77.34255,13.3659],[77.34537,13.37326],[77.33916,13.37434],[77.34047,13.37447],[77.34358,13.38523],[77.3419,13.40162],[77.34548,13.40872],[77.34729,13.41802],[77.35632,13.41423],[77.3618,13.41513],[77.36509,13.42656],[77.36267,13.43604],[77.35964,13.4384],[77.35424,13.43915],[77.34887,13.44559],[77.34891,13.4572],[77.35615,13.46197],[77.36556,13.46208],[77.36704,13.46966],[77.3736,13.47085],[77.3708,13.47792],[77.37296,13.48322],[77.37626,13.48434],[77.3765,13.48992],[77.37857,13.49323],[77.38495,13.49923],[77.3996,13.493],[77.40778,13.49585],[77.41593,13.49101],[77.41674,13.4843],[77.42422,13.48384],[77.42626,13.48218],[77.42291,13.47146],[77.4348,13.46852],[77.43417,13.46409],[77.43625,13.46302],[77.44358,13.46131],[77.44839,13.46236],[77.45118,13.4653],[77.45454,13.46577],[77.45504,13.46399],[77.45489,13.46856],[77.45693,13.46885],[77.46162,13.46283],[77.47183,13.46919],[77.47706,13.46631],[77.48356,13.4672],[77.48819,13.46156],[77.49369,13.45851],[77.50646,13.45629],[77.5044,13.4451],[77.5164,13.44347],[77.51609,13.4398],[77.52078,13.43188],[77.5356,13.43054],[77.53818,13.43595],[77.54464,13.4369],[77.55087,13.43465],[77.54984,13.43058],[77.55154,13.42227],[77.55081,13.41836],[77.58671,13.42162],[77.58857,13.41848],[77.59239,13.41855],[77.59289,13.42186],[77.59046,13.42147],[77.58925,13.43623],[77.59905,13.43631],[77.60193,13.44195],[77.60405,13.4412],[77.60794,13.42384],[77.61591,13.41911],[77.60888,13.41457],[77.60579,13.41604],[77.59987,13.41475],[77.59894,13.41106],[77.60138,13.41124],[77.59886,13.40642],[77.60117,13.40475],[77.60171,13.39897],[77.60336,13.39747],[77.60668,13.39804],[77.60806,13.40028],[77.60756,13.40789],[77.60852,13.40563],[77.61594,13.40091],[77.61923,13.40089],[77.6204,13.40254],[77.61755,13.39371],[77.61241,13.3859],[77.62081,13.38262],[77.62188,13.38047],[77.62091,13.37519],[77.6271,13.37699],[77.6328,13.37553],[77.63605,13.38593],[77.63756,13.3847],[77.63825,13.39393],[77.64735,13.39176],[77.64991,13.39267],[77.65331,13.39809],[77.65758,13.39775],[77.65751,13.39235],[77.65104,13.38643],[77.659,13.38235],[77.66118,13.37578],[77.65623,13.37135],[77.65683,13.3622],[77.65526,13.35706],[77.66695,13.35054],[77.66739,13.34733],[77.67827,13.34505],[77.68017,13.34498],[77.68297,13.35276],[77.68507,13.35025],[77.68806,13.34956],[77.68894,13.34489],[77.69327,13.34271],[77.69664,13.33641],[77.69891,13.33602],[77.70367,13.34305],[77.70357,13.34572],[77.69914,13.34734],[77.69877,13.35879],[77.70548,13.36197],[77.70777,13.36129],[77.70862,13.36365],[77.71037,13.36345],[77.70907,13.36558],[77.71606,13.36509],[77.71765,13.36332],[77.71773,13.35286],[77.71587,13.35108],[77.72805,13.35101],[77.72977,13.36078],[77.72627,13.36144],[77.7276,13.36155],[77.72623,13.36238],[77.72616,13.36288],[77.73602,13.35897],[77.7355,13.36049],[77.73699,13.36076],[77.74466,13.35358],[77.7439,13.3572],[77.74088,13.3595],[77.74192,13.36099],[77.7485,13.35876],[77.75088,13.36045],[77.7513,13.36364],[77.75451,13.36457],[77.77223,13.35734],[77.77283,13.35499],[77.77992,13.35228],[77.79114,13.35209],[77.79105,13.34579],[77.7945,13.34198],[77.79847,13.33915],[77.80992,13.33612],[77.80901,13.33326],[77.81631,13.33105],[77.82729,13.3248],[77.82394,13.31872],[77.8254,13.31578],[77.82216,13.31273],[77.81891,13.31393],[77.81745,13.31033],[77.81463,13.30988],[77.81217,13.3123],[77.81363,13.31578],[77.81103,13.31675],[77.80455,13.31123],[77.81513,13.30925],[77.81454,13.30377],[77.8286,13.30376],[77.8283,13.2999],[77.83013,13.29873],[77.82914,13.28949],[77.82221,13.29101],[77.82282,13.29575],[77.81703,13.29611],[77.80929,13.26205],[77.81526,13.26091],[77.82184,13.2573],[77.81901,13.25467],[77.8172,13.25537],[77.81133,13.24677],[77.80939,13.2479],[77.80788,13.24694],[77.80626,13.24154],[77.81401,13.23863],[77.81906,13.24747],[77.81975,13.25166],[77.83394,13.24466],[77.85011,13.24132],[77.84854,13.22051],[77.84997,13.21871],[77.85956,13.21999],[77.85794,13.22145],[77.85776,13.22736],[77.86319,13.24075],[77.86509,13.23702],[77.87676,13.23424],[77.8799,13.23931],[77.87328,13.24446],[77.877,13.24625],[77.87977,13.25211],[77.88816,13.25004],[77.89133,13.25754],[77.90481,13.2546],[77.90619,13.25232],[77.9051,13.24546],[77.90235,13.24214],[77.89156,13.23567],[77.90667,13.2325],[77.9142,13.23162],[77.91501,13.23975],[77.9295,13.23894],[77.93543,13.24583],[77.94551,13.24379],[77.94807,13.2505],[77.95624,13.24907],[77.96558,13.24444],[77.9642,13.23218],[77.95598,13.22789],[77.9542,13.22236],[77.95112,13.22331],[77.94927,13.21978],[77.94629,13.2187],[77.94667,13.21432],[77.9495,13.21386],[77.952,13.21435],[77.95204,13.21846],[77.9542,13.21736],[77.95773,13.21842],[77.95428,13.20519],[77.9563,13.20389],[77.95622,13.20073],[77.96134,13.19948],[77.9608,13.19581],[77.96356,13.19218],[77.96113,13.18286],[77.95868,13.18284],[77.9557,13.17633],[77.95451,13.17163],[77.95529,13.16442],[77.95281,13.16034],[77.9589,13.15819],[77.95745,13.15288],[77.96055,13.15149],[77.95464,13.14229],[77.95749,13.12944],[77.9554,13.12563],[77.94832,13.12708],[77.94633,13.12342],[77.93795,13.12587],[77.9359,13.11412],[77.93942,13.10941],[77.93354,13.10825],[77.92589,13.11019],[77.92379,13.11665],[77.91512,13.11744],[77.91348,13.10989],[77.9082,13.10807],[77.90123,13.10196],[77.90216,13.09913],[77.90564,13.09642],[77.91174,13.09428],[77.91518,13.08556],[77.912,13.07845],[77.918,13.07849],[77.92693,13.08198],[77.92622,13.07502],[77.93161,13.07416],[77.93843,13.0784],[77.93928,13.08393],[77.94149,13.07776],[77.9416,13.06912],[77.9381,13.06673],[77.92764,13.06875],[77.92193,13.06026],[77.91874,13.05109],[77.91486,13.0494],[77.9008,13.0511],[77.89827,13.05386],[77.89236,13.05474],[77.89005,13.04944],[77.89487,13.04591],[77.88914,13.04525],[77.88764,13.03717],[77.8937,13.03506],[77.89058,13.0235],[77.8874,13.01892],[77.88629,13.00986],[77.87893,13.006],[77.8725,12.99499],[77.87044,12.98576],[77.87136,12.9737],[77.86449,12.97323],[77.86586,12.96869],[77.86486,12.96575],[77.87142,12.96067],[77.86701,12.95053],[77.86989,12.94707],[77.8736,12.9456],[77.87217,12.94096],[77.86753,12.93377],[77.85761,12.93535],[77.85084,12.93127],[77.84782,12.92617],[77.84086,12.92537],[77.8422,12.91425],[77.84544,12.91646],[77.85123,12.91565],[77.85652,12.91686],[77.86043,12.91578],[77.8594,12.9057],[77.85104,12.89155],[77.85312,12.88912],[77.85218,12.88556],[77.85395,12.88431],[77.85304,12.87672],[77.86537,12.87716],[77.8676,12.8677],[77.85716,12.869],[77.85719,12.86762],[77.85052,12.86587],[77.84766,12.86912],[77.83876,12.86941],[77.83187,12.87421],[77.83231,12.88238],[77.83003,12.88945],[77.82357,12.90083],[77.82118,12.9024],[77.82248,12.90684],[77.82103,12.91195],[77.81682,12.9143],[77.8165,12.916],[77.81782,12.91921],[77.8168,12.9217],[77.82966,12.91965],[77.83277,12.92337],[77.83184,12.92562],[77.82232,12.92872],[77.82035,12.92494],[77.81632,12.92569],[77.8097,12.93429],[77.80322,12.91943],[77.79769,12.91864],[77.79838,12.92562],[77.78253,12.92811],[77.77687,12.93224],[77.778,12.93578],[77.775,12.93954],[77.76514,12.94239],[77.76549,12.94543],[77.77273,12.95151],[77.76688,12.95958],[77.77209,12.96593],[77.77763,12.96816],[77.77879,12.96681],[77.78406,12.96673],[77.7832,12.9709],[77.77863,12.97058],[77.7788,12.97281],[77.7762,12.97514],[77.77838,12.97796],[77.77467,12.98046],[77.77691,12.98519],[77.77561,12.99151],[77.77412,12.99189],[77.77475,13.00112],[77.77256,13.00253],[77.77557,13.00355],[77.77584,13.00576],[77.77335,13.0064],[77.77414,13.01316],[77.77172,13.01524],[77.77508,13.02258],[77.77632,13.02234],[77.77788,13.03009],[77.78155,13.03333],[77.779,13.03458],[77.77474,13.04552],[77.77678,13.04747],[77.77007,13.04838],[77.77052,13.05422],[77.76799,13.05697],[77.76725,13.06463],[77.76284,13.07077],[77.75835,13.07374],[77.75894,13.07741],[77.7609,13.07775],[77.76016,13.08142],[77.76555,13.08147],[77.76692,13.08836],[77.76414,13.10255],[77.7665,13.10763],[77.75956,13.11382],[77.75463,13.11332],[77.74787,13.11607],[77.73211,13.11432],[77.73358,13.1233],[77.72675,13.12605],[77.7241,13.12541],[77.73003,13.13132],[77.72906,13.13329],[77.73377,13.14288],[77.73298,13.14482],[77.7284,13.14578],[77.73005,13.15555],[77.73342,13.1601],[77.72908,13.16185],[77.73075,13.1652],[77.72728,13.16912],[77.73026,13.17351],[77.72662,13.17609],[77.72934,13.18582],[77.72724,13.19253],[77.71355,13.1963],[77.70896,13.19024],[77.69998,13.19027],[77.6948,13.19427],[77.69049,13.20288],[77.68701,13.20306],[77.6869,13.19376],[77.67981,13.19086],[77.67436,13.19021],[77.67124,13.19175],[77.671,13.1853],[77.66416,13.18585],[77.66139,13.18447],[77.65051,13.19023],[77.65314,13.19142],[77.65722,13.1993],[77.64321,13.20059],[77.63703,13.20276],[77.63782,13.20485],[77.62318,13.20681],[77.61394,13.20559],[77.61619,13.20321],[77.60372,13.20261],[77.59959,13.19409],[77.57505,13.19833],[77.56766,13.20156],[77.56975,13.20749],[77.57151,13.20732],[77.56954,13.21599],[77.55738,13.21988],[77.55955,13.23199],[77.55171,13.23468],[77.54936,13.23163],[77.54332,13.23308],[77.54169,13.2263],[77.53869,13.22564],[77.53725,13.21907],[77.52647,13.22166],[77.52533,13.21721],[77.52229,13.21367],[77.52202,13.20816],[77.52133,13.20686],[77.52138,13.21085],[77.51816,13.20945],[77.52009,13.21414],[77.51838,13.21426],[77.51942,13.2164],[77.51847,13.2206],[77.51151,13.22287],[77.51204,13.22605],[77.50793,13.22712],[77.50687,13.22406],[77.49971,13.22711],[77.48321,13.22278],[77.47921,13.22421],[77.47438,13.2151],[77.47348,13.20707],[77.47891,13.2069],[77.47824,13.19544],[77.47502,13.1833],[77.46866,13.17372],[77.46899,13.1623],[77.46416,13.16227],[77.46064,13.16038],[77.44299,13.16689],[77.43338,13.1658],[77.41272,13.12626],[77.4091,13.12261],[77.40413,13.12097],[77.40382,13.12794],[77.4005,13.12794],[77.39914,13.12646],[77.39736,13.11618],[77.40145,13.11504],[77.40128,13.10944],[77.41792,13.1028],[77.41631,13.09813],[77.4201,13.0967],[77.41695,13.09115],[77.42204,13.08904],[77.42097,13.08502],[77.42214,13.08391],[77.42596,13.08511],[77.43011,13.08358],[77.42478,13.06769],[77.41677,13.06886],[77.41472,13.07241],[77.4122,13.07253],[77.39726,13.07162],[77.39686,13.06983],[77.38984,13.06938],[77.3841,13.06678],[77.38222,13.05583],[77.39177,13.05533],[77.39383,13.05323],[77.39081,13.02583],[77.37852,13.02733],[77.37693,13.02994],[77.37693,13.01665],[77.37079,13.01634],[77.36997,13.00868],[77.37295,13.00428],[77.37031,12.9997],[77.37201,12.99215],[77.36745,12.99089],[77.36533,12.98788],[77.35962,12.98857],[77.35524,12.98557],[77.35366,12.97819],[77.3499,12.97434],[77.33887,12.97242],[77.33762,12.97837],[77.3287,12.977],[77.32605,12.99337],[77.3222,13.00457],[77.32113,13.00445],[77.32168,13.00877],[77.32813,13.00931],[77.32662,13.01149],[77.32576,13.02186],[77.33053,13.02757],[77.32881,13.03107],[77.33018,13.03653],[77.32935,13.03963],[77.33104,13.04134],[77.33059,13.04792],[77.32193,13.04903],[77.31067,13.04626],[77.30863,13.05689],[77.30953,13.08594],[77.31377,13.10681],[77.30317,13.11091],[77.29858,13.10869],[77.29199,13.11057],[77.291,13.12094],[77.28698,13.12045],[77.28496,13.13374],[77.28076,13.13501],[77.27891,13.13508],[77.27689,13.12047],[77.27385,13.11868],[77.26679,13.11981],[77.26516,13.12568],[77.2668,13.12612],[77.26491,13.13158],[77.26706,13.13473],[77.26732,13.14336],[77.27148,13.14382],[77.27254,13.14179],[77.27448,13.14289],[77.27418,13.15351],[77.2698,13.15405],[77.26543,13.1516],[77.2575,13.15345],[77.24672,13.15321],[77.24041,13.14576],[77.2317,13.14726],[77.23068,13.14511],[77.22153,13.14626],[77.22184,13.14841],[77.21548,13.14878],[77.213,13.15345],[77.21362,13.15717],[77.21653,13.1591],[77.21608,13.16529],[77.2075,13.17327],[77.20586,13.18099],[77.20272,13.18209],[77.20652,13.18833],[77.20697,13.19728],[77.2036,13.19703],[77.20246,13.19447],[77.19862,13.19524],[77.1993,13.20272],[77.19409,13.20937],[77.19338,13.22533],[77.18847,13.22517],[77.18361,13.23004],[77.18515,13.23824],[77.18966,13.23791],[77.19101,13.24146],[77.19063,13.24592],[77.18758,13.25044],[77.1864,13.2558],[77.18474,13.25658],[77.18837,13.27554],[77.18999,13.27606],[77.19346,13.27357],[77.19319,13.26944],[77.19989,13.26839],[77.20135,13.26546]]]},"properties":{"district":"Bengaluru Rural","kgis_name":"BENGALURU RURAL","region_id":"district_526","level":"district"}},{"type":"Feature","geometry":{"type":"MultiPolygon","coordinates":[[[[77.5591,12.71545],[77.55759,12.73095],[77.56245,12.73216],[77.57185,12.73102],[77.57279,12.73249],[77.56799,12.73544],[77.57064,12.74282],[77.57603,12.75081],[77.58538,12.7517],[77.59072,12.75016],[77.59533,12.75153],[77.59843,12.75824],[77.59204,12.77605],[77.59213,12.77983],[77.57972,12.78779],[77.57141,12.77888],[77.57074,12.76226],[77.56641,12.75923],[77.5648,12.75995],[77.55858,12.76535],[77.55618,12.77731],[77.55635,12.78106],[77.56122,12.78326],[77.56356,12.78815],[77.55291,12.78969],[77.556,12.79961],[77.5475,12.8014],[77.54213,12.79855],[77.54233,12.79473],[77.54763,12.78989],[77.54944,12.7853],[77.54385,12.77584],[77.55168,12.77243],[77.5461,12.76955],[77.54095,12.74812],[77.5347,12.75592],[77.52181,12.73168],[77.51711,12.73574],[77.51955,12.74194],[77.51277,12.7468],[77.50794,12.7376],[77.50285,12.73565],[77.50268,12.73719],[77.4931,12.74005],[77.4927,12.74157],[77.48643,12.74281],[77.48446,12.74778],[77.476,12.75256],[77.47384,12.75729],[77.47632,12.76066],[77.47408,12.76458],[77.47852,12.78053],[77.47663,12.7849],[77.47188,12.78858],[77.47,12.79394],[77.47134,12.79804],[77.47961,12.79903],[77.48312,12.8023],[77.47776,12.80644],[77.47878,12.81145],[77.47635,12.80983],[77.47629,12.81194],[77.47108,12.81153],[77.46111,12.80733],[77.45466,12.81666],[77.44924,12.81873],[77.44823,12.81551],[77.44645,12.81491],[77.44625,12.80982],[77.44483,12.80966],[77.44401,12.80665],[77.44026,12.80987],[77.43622,12.80968],[77.4335,12.82342],[77.42976,12.823],[77.41991,12.82624],[77.42249,12.83556],[77.42996,12.83968],[77.43468,12.83869],[77.43398,12.84451],[77.4377,12.84974],[77.42749,12.85101],[77.42924,12.85678],[77.42553,12.85918],[77.41877,12.86935],[77.43059,12.87019],[77.4313,12.87491],[77.42813,12.87555],[77.41855,12.87139],[77.41529,12.87174],[77.41596,12.87523],[77.40819,12.87557],[77.40259,12.87099],[77.40208,12.86564],[77.39492,12.86973],[77.39515,12.86675],[77.39199,12.86526],[77.38983,12.86041],[77.37998,12.85733],[77.37943,12.85525],[77.36984,12.85685],[77.36615,12.87025],[77.34523,12.86996],[77.34407,12.87033],[77.34498,12.87645],[77.33661,12.87689],[77.33667,12.88318],[77.3346,12.88358],[77.33211,12.88714],[77.34355,12.88877],[77.33885,12.91065],[77.34029,12.93358],[77.33599,12.93237],[77.33513,12.94767],[77.33429,12.94946],[77.33247,12.94906],[77.33006,12.96578],[77.32618,12.96836],[77.32553,12.976],[77.33489,12.97867],[77.33762,12.97837],[77.33887,12.97242],[77.3499,12.97434],[77.35366,12.97819],[77.35524,12.98557],[77.35962,12.98857],[77.36533,12.98788],[77.36745,12.99089],[77.37201,12.99215],[77.37031,12.9997],[77.37295,13.00428],[77.36997,13.00868],[77.37079,13.01634],[77.37693,13.01665],[77.37693,13.02994],[77.37852,13.02733],[77.39081,13.02583],[77.39383,13.05323],[77.39177,13.05533],[77.38222,13.05583],[77.3841,13.06678],[77.38984,13.06938],[77.39686,13.06983],[77.39726,13.07162],[77.4122,13.07253],[77.41472,13.07241],[77.41677,13.06886],[77.42478,13.06769],[77.43011,13.08358],[77.42596,13.08511],[77.42214,13.08391],[77.42097,13.08502],[77.42204,13.08904],[77.41695,13.09115],[77.4201,13.0967],[77.41631,13.09813],[77.41792,13.1028],[77.40128,13.10944],[77.40145,13.11504],[77.39736,13.11618],[77.39914,13.12646],[77.4005,13.12794],[77.40382,13.12794],[77.40413,13.12097],[77.4091,13.12261],[77.41272,13.12626],[77.43338,13.1658],[77.44299,13.16689],[77.46064,13.16038],[77.46416,13.16227],[77.46899,13.1623],[77.46866,13.17372],[77.47502,13.1833],[77.47824,13.19544],[77.47891,13.2069],[77.47348,13.20707],[77.47438,13.2151],[77.47921,13.22421],[77.48321,13.22278],[77.49971,13.22711],[77.50687,13.22406],[77.50793,13.22712],[77.51204,13.22605],[77.51151,13.22287],[77.51847,13.2206],[77.51942,13.2164],[77.51838,13.21426],[77.52009,13.21414],[77.51816,13.20945],[77.52138,13.21085],[77.52133,13.20686],[77.52229,13.21367],[77.52533,13.21721],[77.52647,13.22166],[77.53725,13.21907],[77.53869,13.22564],[77.54169,13.2263],[77.54332,13.23308],[77.54936,13.23163],[77.55171,13.23468],[77.55955,13.23199],[77.55738,13.21988],[77.56954,13.21599],[77.57151,13.20732],[77.56975,13.20749],[77.56766,13.20156],[77.57505,13.19833],[77.59959,13.19409],[77.60372,13.20261],[77.61619,13.20321],[77.61394,13.20559],[77.62318,13.20681],[77.63782,13.20485],[77.63703,13.20276],[77.64321,13.20059],[77.65722,13.1993],[77.65314,13.19142],[77.65051,13.19023],[77.66139,13.18447],[77.66416,13.18585],[77.671,13.1853],[77.67124,13.19175],[77.67436,13.19021],[77.67981,13.19086],[77.6869,13.19376],[77.68701,13.20306],[77.69049,13.20288],[77.6948,13.19427],[77.69998,13.19027],[77.70896,13.19024],[77.71355,13.1963],[77.72727,13.19251],[77.72934,13.18582],[77.72662,13.17609],[77.73026,13.17351],[77.72728,13.16912],[77.73075,13.1652],[77.72908,13.16185],[77.73342,13.1601],[77.73005,13.15555],[77.7284,13.14578],[77.73298,13.14482],[77.73377,13.14288],[77.72906,13.13329],[77.73003,13.13132],[77.7241,13.12541],[77.72675,13.12605],[77.73358,13.1233],[77.73211,13.11432],[77.74787,13.11607],[77.75463,13.11332],[77.75956,13.11382],[77.7665,13.10763],[77.76414,13.10255],[77.76692,13.08836],[77.76555,13.08147],[77.76016,13.08142],[77.7609,13.07775],[77.75894,13.07741],[77.75835,13.07374],[77.76284,13.07077],[77.76725,13.06463],[77.76799,13.05697],[77.77052,13.05422],[77.77007,13.04838],[77.77678,13.04747],[77.77474,13.04552],[77.779,13.03458],[77.78155,13.03333],[77.77788,13.03009],[77.77632,13.02234],[77.77508,13.02258],[77.77172,13.01524],[77.77414,13.01316],[77.77335,13.0064],[77.77584,13.00576],[77.77557,13.00355],[77.77256,13.00253],[77.77475,13.00112],[77.77412,12.99189],[77.77561,12.99151],[77.77691,12.98519],[77.77467,12.98046],[77.77838,12.97796],[77.7762,12.97514],[77.7788,12.97281],[77.77863,12.97058],[77.7832,12.9709],[77.78406,12.96673],[77.77879,12.96681],[77.77763,12.96816],[77.77209,12.96593],[77.76688,12.95958],[77.77273,12.95151],[77.76549,12.94543],[77.76514,12.94239],[77.775,12.93954],[77.778,12.93578],[77.77687,12.93224],[77.78253,12.92811],[77.79838,12.92562],[77.79769,12.91864],[77.80322,12.91943],[77.8097,12.93429],[77.81632,12.92569],[77.82035,12.92494],[77.82232,12.92872],[77.83184,12.92562],[77.83277,12.92337],[77.82966,12.91965],[77.8168,12.9217],[77.81782,12.91921],[77.81655,12.91487],[77.82103,12.91195],[77.82248,12.90684],[77.82118,12.9024],[77.82357,12.90083],[77.83003,12.88945],[77.83231,12.88238],[77.83187,12.87421],[77.83684,12.87183],[77.83696,12.87036],[77.83259,12.86756],[77.83308,12.86202],[77.82569,12.8604],[77.82292,12.85599],[77.81524,12.85593],[77.8079,12.84768],[77.799,12.85195],[77.7968,12.84496],[77.79483,12.8455],[77.79259,12.84341],[77.79559,12.8348],[77.81006,12.83102],[77.80795,12.82326],[77.80978,12.81582],[77.80224,12.81714],[77.79998,12.80543],[77.80396,12.80479],[77.80534,12.80031],[77.80749,12.79968],[77.80903,12.79683],[77.80661,12.79413],[77.80415,12.79424],[77.80232,12.7963],[77.80047,12.79446],[77.79942,12.79577],[77.79471,12.7917],[77.79082,12.78343],[77.7789,12.76796],[77.78532,12.76211],[77.79501,12.75823],[77.792,12.74675],[77.78401,12.74113],[77.76959,12.74026],[77.763,12.7364],[77.76106,12.72726],[77.77441,12.72451],[77.7707,12.71826],[77.7697,12.71321],[77.76613,12.71297],[77.76507,12.70264],[77.76257,12.69696],[77.75416,12.69729],[77.74104,12.7008],[77.73756,12.69839],[77.73596,12.69177],[77.74099,12.68544],[77.74168,12.68211],[77.741,12.67373],[77.73872,12.67205],[77.73007,12.67289],[77.72478,12.6708],[77.72321,12.67938],[77.71196,12.68339],[77.71086,12.66639],[77.7027,12.6608],[77.69189,12.66054],[77.68965,12.65849],[77.6787,12.66024],[77.67887,12.66193],[77.67615,12.66345],[77.67734,12.67216],[77.6755,12.67357],[77.67707,12.67933],[77.66325,12.68327],[77.59793,12.66809],[77.59633,12.66416],[77.59464,12.6668],[77.59999,12.67752],[77.6037,12.69246],[77.61285,12.70332],[77.61424,12.71195],[77.59469,12.72092],[77.57868,12.70823],[77.57571,12.70386],[77.56807,12.7012],[77.56126,12.70868],[77.5591,12.71545]]],[[[77.55148,12.7939],[77.54931,12.79419],[77.55093,12.79791],[77.55268,12.79727],[77.55148,12.7939]]]]},"properties":{"district":"Bengaluru Urban","kgis_name":"BENGALURU URBAN","region_id":"district_525","level":"district"}},{"type":"Feature","geometry":{"type":"MultiPolygon","coordinates":[[[[77.51405,17.80364],[77.50651,17.78535],[77.51227,17.78274],[77.51828,17.78277],[77.52231,17.78046],[77.52711,17.78152],[77.52736,17.78012],[77.53397,17.77826],[77.53827,17.77974],[77.54007,17.77802],[77.53974,17.77442],[77.54468,17.77262],[77.54794,17.76728],[77.55526,17.76359],[77.559,17.76327],[77.56308,17.76582],[77.56887,17.76643],[77.56685,17.75908],[77.56814,17.74891],[77.5703,17.74713],[77.5708,17.74331],[77.5664,17.7396],[77.56568,17.74127],[77.56233,17.74011],[77.56272,17.7424],[77.56031,17.7401],[77.56014,17.74187],[77.55892,17.74139],[77.55648,17.73668],[77.55033,17.73676],[77.54664,17.73201],[77.53762,17.73132],[77.53784,17.72955],[77.53149,17.72986],[77.5223,17.72701],[77.51062,17.71962],[77.51047,17.71771],[77.50596,17.71695],[77.50642,17.71594],[77.5032,17.71715],[77.49656,17.71632],[77.49532,17.7109],[77.49227,17.70798],[77.4865,17.70835],[77.48116,17.70467],[77.47752,17.70561],[77.46814,17.70318],[77.45893,17.69871],[77.45875,17.6964],[77.45294,17.69484],[77.45257,17.69137],[77.45535,17.68949],[77.45391,17.68047],[77.45508,17.6746],[77.44873,17.65768],[77.4485,17.653],[77.44882,17.65097],[77.45054,17.65054],[77.45025,17.64479],[77.45345,17.63603],[77.45648,17.63448],[77.45146,17.62164],[77.44925,17.60918],[77.44477,17.60911],[77.44654,17.59957],[77.44393,17.59269],[77.44452,17.5835],[77.4283,17.5873],[77.42831,17.58602],[77.40833,17.58297],[77.39114,17.58471],[77.37861,17.58349],[77.37709,17.59425],[77.35773,17.60105],[77.34967,17.59922],[77.34322,17.58797],[77.3132,17.59416],[77.30449,17.59843],[77.3003,17.59795],[77.29761,17.60324],[77.29895,17.60645],[77.29436,17.60851],[77.29409,17.61167],[77.29596,17.61412],[77.2944,17.61477],[77.29122,17.61102],[77.28998,17.61337],[77.28515,17.61493],[77.28682,17.61696],[77.28404,17.619],[77.28206,17.61696],[77.27946,17.61773],[77.27489,17.62718],[77.26308,17.62529],[77.25843,17.6231],[77.24433,17.62958],[77.23708,17.631],[77.2333,17.62998],[77.23105,17.63195],[77.22784,17.6312],[77.22816,17.62989],[77.22169,17.6315],[77.21959,17.63037],[77.21999,17.62885],[77.21612,17.62995],[77.21013,17.62909],[77.20643,17.62637],[77.20377,17.62976],[77.19856,17.63189],[77.19644,17.63129],[77.19559,17.62868],[77.19411,17.61525],[77.18926,17.61563],[77.1872,17.61851],[77.18246,17.61835],[77.17304,17.62418],[77.17167,17.62447],[77.17024,17.62182],[77.17128,17.62715],[77.1614,17.62898],[77.15502,17.62843],[77.15089,17.63129],[77.15049,17.64141],[77.14331,17.6471],[77.14485,17.65562],[77.13745,17.65765],[77.13626,17.66084],[77.13193,17.66113],[77.13266,17.68217],[77.12818,17.68176],[77.12695,17.68631],[77.1234,17.68679],[77.11768,17.68603],[77.11459,17.67793],[77.1063,17.67335],[77.10434,17.66864],[77.0894,17.66867],[77.0852,17.65891],[77.08084,17.66216],[77.07343,17.66177],[77.05804,17.67341],[77.05307,17.67102],[77.04754,17.67112],[77.04387,17.66758],[77.04099,17.66764],[77.03932,17.67165],[77.03489,17.67184],[77.03489,17.6813],[77.03332,17.68231],[77.01815,17.67937],[77.01376,17.68497],[77.00662,17.6877],[77.0006,17.69548],[76.99678,17.69506],[76.99403,17.6974],[76.99259,17.69571],[76.99004,17.69625],[76.9861,17.69868],[76.98085,17.69814],[76.98245,17.69614],[76.98023,17.68741],[76.97616,17.68061],[76.9775,17.66555],[76.98306,17.66286],[76.98314,17.6582],[76.98476,17.65602],[76.98375,17.65297],[76.97726,17.64774],[76.97063,17.64606],[76.96588,17.64048],[76.96057,17.63863],[76.9604,17.63643],[76.95722,17.63443],[76.95829,17.62701],[76.95732,17.62056],[76.95195,17.62423],[76.95134,17.62055],[76.94127,17.60978],[76.94125,17.60665],[76.92943,17.60599],[76.92192,17.60991],[76.92225,17.61811],[76.91946,17.6206],[76.92467,17.6247],[76.92844,17.63171],[76.92934,17.63725],[76.91418,17.63903],[76.90974,17.63749],[76.90763,17.63487],[76.89832,17.64494],[76.89296,17.64317],[76.8831,17.64282],[76.86701,17.64705],[76.85541,17.64361],[76.84999,17.64586],[76.84183,17.65379],[76.83771,17.65245],[76.83535,17.64938],[76.82234,17.65145],[76.81864,17.64967],[76.81412,17.65062],[76.80686,17.64853],[76.80715,17.65026],[76.80185,17.65001],[76.79201,17.65275],[76.78754,17.64748],[76.78895,17.64275],[76.78444,17.63927],[76.78515,17.63694],[76.7769,17.63634],[76.77348,17.63879],[76.77141,17.64606],[76.77311,17.65731],[76.77306,17.66568],[76.77199,17.66605],[76.74867,17.66712],[76.7418,17.66483],[76.73284,17.66557],[76.73222,17.65895],[76.72071,17.65401],[76.72016,17.64987],[76.7148,17.63913],[76.69894,17.642],[76.69873,17.64621],[76.70884,17.65225],[76.71224,17.6577],[76.70899,17.66252],[76.69488,17.66289],[76.69522,17.67701],[76.68988,17.68412],[76.69351,17.69597],[76.70341,17.69329],[76.71235,17.69565],[76.71111,17.69977],[76.70051,17.70616],[76.70543,17.72315],[76.69894,17.72707],[76.69926,17.72835],[76.72829,17.73756],[76.72418,17.75011],[76.71839,17.75189],[76.72156,17.76975],[76.71268,17.77415],[76.71427,17.78132],[76.72143,17.78821],[76.72997,17.78295],[76.7407,17.77977],[76.74388,17.78011],[76.74251,17.7841],[76.75116,17.7851],[76.75129,17.78718],[76.76191,17.7874],[76.76575,17.79187],[76.76631,17.79885],[76.77926,17.79821],[76.77879,17.80217],[76.78255,17.80685],[76.7812,17.81499],[76.78389,17.82009],[76.78772,17.82131],[76.78879,17.82527],[76.7907,17.8251],[76.78691,17.83318],[76.78174,17.83497],[76.77501,17.84132],[76.77402,17.84621],[76.76835,17.8517],[76.76551,17.85125],[76.75977,17.8557],[76.75388,17.8577],[76.73845,17.85604],[76.73869,17.88276],[76.74119,17.89487],[76.73996,17.89954],[76.75876,17.89962],[76.76825,17.90241],[76.77345,17.89138],[76.77476,17.88122],[76.7738,17.87847],[76.78834,17.87609],[76.79508,17.87253],[76.8056,17.87089],[76.80808,17.8714],[76.80755,17.87787],[76.81006,17.88741],[76.81762,17.88678],[76.81948,17.88387],[76.82586,17.88603],[76.82615,17.88421],[76.82797,17.88492],[76.82822,17.88323],[76.83264,17.88259],[76.83154,17.8867],[76.83252,17.89334],[76.83959,17.89979],[76.84542,17.8996],[76.84708,17.90131],[76.8479,17.90018],[76.87167,17.89897],[76.87994,17.89456],[76.88131,17.89598],[76.88417,17.89426],[76.88365,17.89943],[76.88846,17.8984],[76.89364,17.89994],[76.89367,17.90633],[76.89619,17.90603],[76.89634,17.91084],[76.89881,17.90933],[76.90151,17.91452],[76.90041,17.91755],[76.91471,17.91478],[76.91887,17.91642],[76.91965,17.94292],[76.91689,17.95615],[76.91491,17.95726],[76.91243,17.97498],[76.91337,17.9932],[76.91254,17.99668],[76.90651,17.99671],[76.90804,17.9988],[76.90569,18.00274],[76.90569,18.00986],[76.90781,18.01445],[76.91094,18.01335],[76.91148,18.01472],[76.91447,18.03556],[76.94667,18.03895],[76.95344,18.04199],[76.94358,18.04632],[76.94375,18.04962],[76.95118,18.0604],[76.95081,18.06275],[76.94862,18.06301],[76.95042,18.06346],[76.95052,18.06549],[76.94745,18.07075],[76.94402,18.08338],[76.96235,18.09058],[76.96507,18.09506],[76.96535,18.09886],[76.95758,18.10517],[76.95431,18.11046],[76.93748,18.11457],[76.93439,18.11251],[76.93055,18.11308],[76.92172,18.11767],[76.91847,18.12115],[76.91795,18.12411],[76.92342,18.12995],[76.93247,18.1336],[76.92928,18.13878],[76.92833,18.13817],[76.92146,18.1441],[76.929,18.15402],[76.93029,18.15937],[76.93707,18.1598],[76.94251,18.15662],[76.94842,18.16939],[76.95133,18.18831],[76.96241,18.19036],[76.97734,18.18945],[76.97891,18.19263],[76.99141,18.1907],[76.99059,18.18583],[76.99464,18.1827],[76.99451,18.17519],[76.99716,18.1664],[77.00262,18.16255],[77.00199,18.1614],[77.00776,18.16006],[77.02375,18.15854],[77.02347,18.16214],[77.02609,18.16673],[77.02359,18.17538],[77.03208,18.17746],[77.03357,18.18218],[77.05219,18.17385],[77.05305,18.16072],[77.05933,18.15706],[77.06427,18.15181],[77.08427,18.15179],[77.08814,18.15336],[77.08982,18.15595],[77.09994,18.15895],[77.10527,18.15619],[77.11204,18.15692],[77.11626,18.16937],[77.11467,18.17327],[77.09697,18.19407],[77.09694,18.19655],[77.10938,18.20431],[77.12373,18.20676],[77.12385,18.20895],[77.12659,18.20932],[77.13394,18.20595],[77.13467,18.2072],[77.14028,18.20758],[77.14266,18.21693],[77.15118,18.21673],[77.15104,18.22119],[77.14887,18.2214],[77.14876,18.23936],[77.15192,18.23876],[77.15985,18.25708],[77.16472,18.25775],[77.16966,18.26089],[77.17097,18.27733],[77.17475,18.28476],[77.18742,18.28487],[77.19792,18.27679],[77.20314,18.27958],[77.21358,18.2808],[77.20946,18.28842],[77.21019,18.2947],[77.2055,18.29407],[77.2037,18.29676],[77.20229,18.30936],[77.19876,18.31455],[77.20211,18.32177],[77.21155,18.31623],[77.21486,18.32341],[77.21875,18.32564],[77.22249,18.33925],[77.22944,18.34764],[77.21965,18.34888],[77.2243,18.35656],[77.2254,18.36514],[77.23304,18.36942],[77.24629,18.37014],[77.24855,18.37444],[77.24769,18.37603],[77.2398,18.3772],[77.23338,18.38805],[77.23497,18.40072],[77.23998,18.40893],[77.24134,18.41284],[77.2402,18.41333],[77.24414,18.41528],[77.25969,18.41357],[77.26637,18.42285],[77.27277,18.42264],[77.27493,18.42614],[77.28244,18.43077],[77.28914,18.43139],[77.29436,18.43482],[77.29782,18.43523],[77.30401,18.44015],[77.31319,18.44144],[77.315,18.44126],[77.31474,18.43988],[77.31098,18.43723],[77.31352,18.42763],[77.31535,18.42771],[77.31638,18.42101],[77.31778,18.42229],[77.32289,18.42116],[77.32619,18.41657],[77.34013,18.42507],[77.34009,18.43815],[77.34364,18.4429],[77.34705,18.44233],[77.35345,18.44993],[77.35721,18.44927],[77.35719,18.45047],[77.36561,18.451],[77.36684,18.44825],[77.3692,18.4475],[77.3632,18.43639],[77.36499,18.4354],[77.36345,18.43099],[77.36701,18.42866],[77.36715,18.41896],[77.37003,18.41839],[77.36803,18.41314],[77.37264,18.40094],[77.37909,18.40221],[77.38436,18.39999],[77.40095,18.40229],[77.40151,18.40003],[77.40437,18.39974],[77.41415,18.39219],[77.40983,18.37661],[77.40294,18.37351],[77.40169,18.37085],[77.39494,18.36947],[77.39969,18.3599],[77.40058,18.34753],[77.39508,18.34784],[77.39541,18.3434],[77.38936,18.34208],[77.38884,18.3405],[77.38261,18.3405],[77.38149,18.33146],[77.3761,18.33237],[77.36985,18.32471],[77.3563,18.32089],[77.36577,18.30894],[77.38548,18.30886],[77.38946,18.30785],[77.39355,18.30411],[77.40049,18.305],[77.40294,18.30268],[77.41235,18.30213],[77.41689,18.30648],[77.42406,18.30882],[77.42564,18.308],[77.42868,18.31292],[77.43768,18.31029],[77.43892,18.30801],[77.43695,18.30078],[77.43691,18.29206],[77.44117,18.28213],[77.44622,18.28345],[77.4477,18.26987],[77.45168,18.26986],[77.45086,18.26794],[77.4643,18.26284],[77.47526,18.26512],[77.48066,18.27207],[77.4888,18.26827],[77.49387,18.26919],[77.49648,18.2744],[77.50238,18.27815],[77.50516,18.28427],[77.50803,18.28451],[77.51018,18.29308],[77.50893,18.29518],[77.51067,18.29786],[77.50866,18.30467],[77.51317,18.31015],[77.52356,18.30842],[77.53536,18.2976],[77.54827,18.29472],[77.5487,18.29244],[77.55506,18.28958],[77.56089,18.28427],[77.56633,18.28672],[77.57244,18.2948],[77.57363,18.29026],[77.57849,18.28634],[77.59864,18.28262],[77.60343,18.27934],[77.60333,18.27814],[77.60136,18.27827],[77.5998,18.27339],[77.59137,18.2616],[77.58414,18.26073],[77.58161,18.25897],[77.5728,18.24298],[77.5724,18.23966],[77.57659,18.23712],[77.58067,18.2316],[77.58014,18.22919],[77.5864,18.2176],[77.581,18.21622],[77.57619,18.20169],[77.5649,18.20357],[77.56307,18.19546],[77.56337,18.19364],[77.57021,18.19283],[77.57446,18.17448],[77.57809,18.17104],[77.58343,18.16105],[77.59094,18.15622],[77.59723,18.15655],[77.59408,18.13643],[77.60219,18.10515],[77.59769,18.09735],[77.59592,18.0856],[77.56491,18.0758],[77.56071,18.07175],[77.55787,18.06375],[77.54844,18.06438],[77.54803,18.05322],[77.55141,18.0506],[77.5466,18.03639],[77.56093,18.03673],[77.57311,18.03287],[77.58005,18.03255],[77.58427,18.02794],[77.5849,18.02073],[77.58745,18.01425],[77.59032,18.01269],[77.59612,18.01378],[77.60002,18.01824],[77.60025,18.02122],[77.60285,18.02098],[77.60667,18.01779],[77.60771,18.01055],[77.61952,18.00683],[77.62639,17.99675],[77.62868,17.99869],[77.63811,17.99713],[77.64898,17.9999],[77.65271,17.99526],[77.65207,17.98757],[77.6485,17.98236],[77.64874,17.97941],[77.65611,17.96975],[77.65139,17.9614],[77.65026,17.95009],[77.64097,17.95387],[77.64067,17.95197],[77.63701,17.9525],[77.63552,17.95947],[77.63334,17.96054],[77.63346,17.96795],[77.62454,17.95949],[77.63318,17.95648],[77.63304,17.94947],[77.63263,17.94651],[77.62215,17.9449],[77.61827,17.93834],[77.62219,17.92889],[77.61893,17.90369],[77.60429,17.90732],[77.60001,17.90404],[77.58623,17.90828],[77.58481,17.9005],[77.58614,17.89397],[77.59582,17.88212],[77.6009,17.88092],[77.5997,17.87641],[77.59835,17.87328],[77.59104,17.87169],[77.58986,17.87497],[77.58367,17.8774],[77.57956,17.87396],[77.57637,17.87544],[77.57322,17.86935],[77.56959,17.86725],[77.56961,17.85158],[77.5648,17.85124],[77.56729,17.84523],[77.56051,17.83793],[77.55362,17.82011],[77.54864,17.81953],[77.547,17.82843],[77.54353,17.82767],[77.5289,17.83005],[77.52729,17.82724],[77.52879,17.81308],[77.51746,17.80735],[77.51405,17.80364]]],[[[77.52563,17.78246],[77.52161,17.7827],[77.52395,17.78581],[77.5268,17.78495],[77.52563,17.78246]]],[[[77.27821,18.45341],[77.26735,18.45426],[77.26776,18.45925],[77.27512,18.47762],[77.2869,18.47434],[77.29227,18.47698],[77.29988,18.47605],[77.29932,18.46527],[77.29762,18.46476],[77.29534,18.45896],[77.29032,18.45519],[77.28496,18.45572],[77.27821,18.45341]]]]},"properties":{"district":"Bidar","kgis_name":"BIDAR","region_id":"district_529","level":"district"}},{"type":"Feature","geometry":{"type":"Polygon","coordinates":[[[77.16982,12.29997],[77.16628,12.30977],[77.16833,12.31035],[77.17675,12.30894],[77.17792,12.30707],[77.19212,12.3058],[77.20123,12.30768],[77.20795,12.30636],[77.21633,12.30715],[77.22403,12.30204],[77.23768,12.30859],[77.24939,12.30594],[77.26399,12.31277],[77.26974,12.31253],[77.2895,12.30203],[77.29534,12.30125],[77.30604,12.29671],[77.31189,12.2986],[77.31504,12.30366],[77.31928,12.3047],[77.31978,12.30219],[77.32614,12.30273],[77.33534,12.28784],[77.34455,12.27758],[77.35502,12.2757],[77.3581,12.27736],[77.40597,12.27584],[77.41835,12.28634],[77.42991,12.28666],[77.4468,12.25799],[77.44814,12.25189],[77.4524,12.24748],[77.46057,12.24657],[77.4728,12.24066],[77.47423,12.24263],[77.47942,12.23867],[77.48257,12.22936],[77.4718,12.20908],[77.47559,12.20571],[77.48625,12.20376],[77.49292,12.19762],[77.51878,12.19459],[77.52872,12.19921],[77.53586,12.19859],[77.54573,12.20478],[77.56527,12.19639],[77.56937,12.19995],[77.57411,12.20111],[77.5802,12.19841],[77.59579,12.19897],[77.60554,12.20582],[77.61139,12.20638],[77.62021,12.20035],[77.62998,12.20244],[77.63526,12.19767],[77.63876,12.19682],[77.6558,12.19967],[77.66518,12.19837],[77.69703,12.18534],[77.71197,12.18236],[77.72628,12.18222],[77.73319,12.17856],[77.73565,12.16954],[77.74509,12.15973],[77.74744,12.15324],[77.74657,12.1451],[77.75128,12.13619],[77.76004,12.1287],[77.7733,12.12117],[77.77642,12.11693],[77.77651,12.11236],[77.77298,12.10833],[77.76762,12.10669],[77.75498,12.0786],[77.74275,12.07013],[77.72786,12.06274],[77.71732,12.04623],[77.70871,12.03833],[77.706,12.03033],[77.69548,12.01406],[77.67591,11.96912],[77.67397,11.96244],[77.67507,11.95193],[77.66867,11.94936],[77.65824,11.94993],[77.65583,11.95403],[77.65121,11.95485],[77.64866,11.95382],[77.64696,11.95068],[77.63934,11.94831],[77.62871,11.9467],[77.62362,11.94751],[77.61255,11.94278],[77.60692,11.94227],[77.60332,11.93797],[77.59198,11.94045],[77.58587,11.93712],[77.57546,11.93672],[77.56047,11.94216],[77.54262,11.93845],[77.53797,11.93267],[77.52868,11.93393],[77.51853,11.93833],[77.51235,11.93804],[77.50422,11.94152],[77.50015,11.94024],[77.49629,11.9439],[77.49405,11.94365],[77.49174,11.92144],[77.48843,11.91225],[77.49069,11.91037],[77.49039,11.90856],[77.48321,11.90006],[77.48566,11.88788],[77.48119,11.89362],[77.47921,11.8935],[77.47804,11.89091],[77.47644,11.89144],[77.4733,11.89988],[77.46154,11.90021],[77.46388,11.89339],[77.46221,11.88942],[77.46315,11.88498],[77.46052,11.88044],[77.46595,11.87447],[77.46289,11.86479],[77.46007,11.86372],[77.46298,11.85964],[77.46152,11.85398],[77.46698,11.84996],[77.46707,11.84667],[77.46259,11.84054],[77.46056,11.83211],[77.45616,11.8271],[77.45194,11.8127],[77.45357,11.80762],[77.45164,11.80529],[77.45212,11.80202],[77.45051,11.8008],[77.45149,11.7995],[77.44828,11.7901],[77.44171,11.78854],[77.44047,11.78634],[77.4433,11.78315],[77.44258,11.78184],[77.43786,11.78138],[77.43384,11.77823],[77.42852,11.7672],[77.42777,11.76111],[77.42265,11.76229],[77.42218,11.77253],[77.41354,11.775],[77.39443,11.78786],[77.38784,11.78876],[77.3698,11.78688],[77.36887,11.78979],[77.36485,11.79045],[77.35987,11.77992],[77.33504,11.77153],[77.32752,11.77575],[77.3135,11.79281],[77.29369,11.80932],[77.28748,11.80058],[77.2746,11.80304],[77.27303,11.80543],[77.26138,11.81061],[77.2503,11.81293],[77.24961,11.80442],[77.24644,11.8002],[77.23823,11.79429],[77.22465,11.79592],[77.18949,11.79268],[77.18916,11.79869],[77.18254,11.79303],[77.16116,11.79253],[77.15102,11.78745],[77.13686,11.78967],[77.13444,11.78577],[77.1258,11.78444],[77.12199,11.78176],[77.11876,11.78223],[77.11992,11.7728],[77.11051,11.77353],[77.11306,11.76536],[77.11147,11.76395],[77.11253,11.75653],[77.10866,11.75321],[77.11158,11.75072],[77.1122,11.72376],[77.10523,11.73292],[77.08028,11.73585],[77.08196,11.74017],[77.07062,11.75153],[77.05627,11.76965],[77.06073,11.77725],[77.07022,11.78171],[77.06542,11.78984],[77.06391,11.79076],[77.04391,11.7865],[77.04543,11.78437],[77.03937,11.78003],[77.03541,11.76996],[77.02901,11.77458],[77.03584,11.7831],[77.0389,11.79403],[77.0326,11.79557],[77.03414,11.80003],[77.03089,11.80197],[77.02923,11.8053],[77.01666,11.81166],[77.01571,11.80839],[77.01341,11.80783],[77.01243,11.81516],[76.99392,11.80817],[76.98348,11.81153],[76.98462,11.80927],[76.98254,11.80475],[76.98494,11.80269],[76.98031,11.79823],[76.98117,11.79634],[76.97833,11.79129],[76.97479,11.78933],[76.97527,11.7875],[76.96944,11.77765],[76.96097,11.78164],[76.95648,11.79038],[76.95373,11.79161],[76.95041,11.79185],[76.94891,11.78965],[76.94177,11.78778],[76.93136,11.79178],[76.92215,11.79182],[76.90729,11.79587],[76.90578,11.7916],[76.89938,11.78511],[76.89945,11.78268],[76.89618,11.77794],[76.89733,11.76952],[76.89514,11.75762],[76.88777,11.74171],[76.88814,11.73585],[76.88195,11.72875],[76.87636,11.72497],[76.8731,11.71903],[76.86115,11.70611],[76.85803,11.69986],[76.85567,11.69994],[76.85091,11.69375],[76.84325,11.67533],[76.84334,11.66787],[76.84143,11.66591],[76.84143,11.66155],[76.83856,11.66059],[76.83795,11.65723],[76.83483,11.65567],[76.83587,11.65424],[76.83381,11.64832],[76.83785,11.64188],[76.83467,11.63961],[76.83813,11.63574],[76.84385,11.63288],[76.84512,11.63442],[76.84485,11.6285],[76.8428,11.62716],[76.84947,11.62479],[76.8484,11.62314],[76.84935,11.62157],[76.85207,11.62191],[76.84871,11.61893],[76.85041,11.61625],[76.85784,11.61433],[76.85745,11.61012],[76.85557,11.60836],[76.85716,11.60534],[76.8562,11.59947],[76.85308,11.5968],[76.84678,11.59496],[76.83231,11.60084],[76.82408,11.60805],[76.81738,11.6049],[76.81013,11.6085],[76.79606,11.60877],[76.79147,11.61313],[76.77495,11.61254],[76.7709,11.61568],[76.76231,11.61492],[76.75768,11.61811],[76.74847,11.61441],[76.74259,11.6139],[76.73737,11.61541],[76.70601,11.61383],[76.70184,11.61526],[76.68927,11.61503],[76.68371,11.61293],[76.6699,11.61545],[76.6496,11.61277],[76.6368,11.61351],[76.6161,11.60792],[76.61325,11.61222],[76.60415,11.60961],[76.59772,11.60966],[76.59728,11.61524],[76.59231,11.61817],[76.59047,11.61727],[76.59041,11.61859],[76.58395,11.61414],[76.57916,11.61621],[76.57696,11.61481],[76.57547,11.61947],[76.56768,11.61894],[76.56296,11.62337],[76.55996,11.62359],[76.56153,11.63304],[76.55973,11.63369],[76.55868,11.63899],[76.55403,11.64648],[76.55518,11.65296],[76.55031,11.66213],[76.54965,11.6657],[76.55175,11.67246],[76.54999,11.6752],[76.52701,11.69352],[76.50649,11.70123],[76.50286,11.69429],[76.49586,11.6923],[76.49546,11.68999],[76.49054,11.68901],[76.48837,11.68697],[76.48024,11.6885],[76.48071,11.68325],[76.47923,11.68068],[76.47291,11.67919],[76.46353,11.6692],[76.45948,11.66699],[76.45705,11.664],[76.45754,11.65979],[76.45568,11.65845],[76.45286,11.66007],[76.44481,11.66037],[76.43972,11.66476],[76.43492,11.66407],[76.4341,11.66625],[76.42928,11.66627],[76.42834,11.66934],[76.42588,11.67098],[76.41926,11.67032],[76.41543,11.67203],[76.4141,11.67493],[76.41518,11.67613],[76.41257,11.68025],[76.41341,11.68125],[76.4118,11.6825],[76.41233,11.68534],[76.40865,11.68945],[76.41021,11.69121],[76.40975,11.69493],[76.41141,11.69556],[76.40917,11.69818],[76.4084,11.70539],[76.40589,11.70467],[76.40288,11.70664],[76.40267,11.71085],[76.4056,11.7113],[76.40666,11.71411],[76.41029,11.71628],[76.41322,11.71501],[76.41301,11.71213],[76.41457,11.71269],[76.41644,11.71875],[76.42568,11.72658],[76.41779,11.74221],[76.41323,11.7393],[76.40969,11.74073],[76.4128,11.74602],[76.41244,11.75281],[76.41579,11.75415],[76.41537,11.75662],[76.41252,11.7585],[76.41359,11.75998],[76.41236,11.76219],[76.41682,11.76806],[76.42143,11.77111],[76.42301,11.7763],[76.41294,11.77935],[76.41266,11.78151],[76.41666,11.78404],[76.4111,11.78826],[76.41502,11.79036],[76.42,11.79019],[76.42232,11.79216],[76.42118,11.79614],[76.42593,11.79349],[76.42822,11.79553],[76.42523,11.80063],[76.42566,11.80411],[76.42119,11.80336],[76.41196,11.80831],[76.40971,11.81046],[76.40938,11.81536],[76.41322,11.81677],[76.41392,11.81306],[76.42174,11.80669],[76.42582,11.80665],[76.43979,11.80038],[76.45281,11.79969],[76.45547,11.79659],[76.45983,11.82013],[76.48587,11.82263],[76.4821,11.84286],[76.48497,11.85575],[76.48904,11.8634],[76.50054,11.86323],[76.5317,11.87485],[76.55432,11.85831],[76.55728,11.89339],[76.56434,11.89149],[76.56409,11.89313],[76.56552,11.89274],[76.5714,11.89989],[76.56851,11.89968],[76.57145,11.90402],[76.57699,11.92269],[76.5706,11.92814],[76.57149,11.93941],[76.56023,11.94433],[76.55785,11.94782],[76.57274,11.96474],[76.5763,11.97347],[76.57702,11.9827],[76.57927,11.98757],[76.58564,11.98556],[76.59257,11.98652],[76.59708,11.98437],[76.60924,11.99249],[76.62059,11.98986],[76.63573,11.98182],[76.64203,11.98178],[76.65062,12.00736],[76.65342,12.0062],[76.65975,12.00777],[76.67157,12.00607],[76.67263,12.00193],[76.67417,12.00149],[76.6948,12.00061],[76.6997,11.9982],[76.70247,11.99124],[76.70413,11.99099],[76.70309,11.98525],[76.71602,11.98402],[76.71677,11.98815],[76.72482,11.98784],[76.72986,11.99052],[76.73202,11.99458],[76.73319,12.00274],[76.73627,12.00316],[76.73613,12.00537],[76.73953,12.00543],[76.74092,12.00979],[76.74261,12.00988],[76.74272,12.00848],[76.7463,12.00825],[76.74593,12.00195],[76.74926,12.00125],[76.74936,11.99955],[76.76423,11.9991],[76.76773,11.9923],[76.78741,11.9855],[76.7926,11.98652],[76.79276,11.98846],[76.79631,11.98926],[76.79572,12.0037],[76.79147,12.00573],[76.79425,12.01375],[76.7993,12.01734],[76.80575,12.01827],[76.80555,12.02068],[76.81112,12.02183],[76.81141,12.02731],[76.81797,12.02803],[76.82048,12.02811],[76.82258,12.01762],[76.82155,12.01006],[76.82748,12.0085],[76.82901,12.00608],[76.83324,12.00574],[76.83332,12.00381],[76.83743,12.00351],[76.83705,11.9997],[76.84583,11.99861],[76.85629,11.99958],[76.85836,12.00739],[76.87282,12.00555],[76.87385,12.00842],[76.876,12.00845],[76.88315,12.0156],[76.88376,12.00707],[76.88653,11.99952],[76.90434,11.99853],[76.91851,12.00732],[76.92257,12.01251],[76.93586,12.01298],[76.93809,12.01749],[76.93897,12.0265],[76.9153,12.02584],[76.91334,12.03551],[76.91035,12.03664],[76.91033,12.0417],[76.90475,12.04246],[76.90289,12.04511],[76.90168,12.04333],[76.89906,12.04337],[76.9007,12.04692],[76.89004,12.04974],[76.88891,12.05227],[76.89074,12.05879],[76.87055,12.056],[76.86738,12.06007],[76.85318,12.06028],[76.85421,12.06274],[76.87028,12.06335],[76.87386,12.07484],[76.88388,12.08318],[76.88087,12.09811],[76.87848,12.0999],[76.87968,12.10426],[76.87733,12.10495],[76.87671,12.11537],[76.86808,12.11788],[76.86059,12.11598],[76.84767,12.11772],[76.84523,12.11326],[76.84542,12.11917],[76.83829,12.12335],[76.83138,12.13274],[76.83109,12.13555],[76.83745,12.14112],[76.83921,12.14513],[76.84106,12.14548],[76.84088,12.15679],[76.84442,12.15628],[76.8521,12.15896],[76.8509,12.16336],[76.84631,12.16401],[76.84549,12.16868],[76.85337,12.17084],[76.85126,12.17916],[76.85604,12.18096],[76.86247,12.18024],[76.86337,12.17667],[76.86551,12.17666],[76.86548,12.17429],[76.8713,12.17399],[76.86939,12.1621],[76.86766,12.16169],[76.87109,12.1513],[76.86987,12.14806],[76.87125,12.14088],[76.87473,12.13899],[76.88182,12.12973],[76.8906,12.13114],[76.89043,12.12169],[76.903,12.12322],[76.90303,12.11679],[76.90677,12.11349],[76.9238,12.11468],[76.92602,12.10972],[76.93027,12.10951],[76.93028,12.10725],[76.93326,12.10725],[76.93667,12.10198],[76.94779,12.09803],[76.94976,12.09967],[76.95196,12.09918],[76.95399,12.10213],[76.97079,12.11283],[76.97073,12.11689],[76.96862,12.1169],[76.96889,12.12229],[76.97618,12.12309],[76.97637,12.13431],[76.97957,12.13422],[76.98039,12.13652],[76.98227,12.13645],[76.98233,12.13836],[76.98662,12.1382],[76.98684,12.14111],[76.98888,12.14067],[76.98946,12.15482],[76.98813,12.16202],[76.99074,12.16238],[76.99169,12.17016],[76.99007,12.17093],[76.99028,12.17356],[76.99266,12.17636],[76.99861,12.17715],[76.99722,12.1666],[77.00278,12.16589],[77.00291,12.16054],[77.01398,12.16252],[77.01415,12.15658],[77.01231,12.15631],[77.01132,12.15368],[77.01329,12.15128],[77.01224,12.13704],[77.01558,12.13642],[77.0158,12.13327],[77.02232,12.13479],[77.02421,12.13732],[77.03693,12.1387],[77.03864,12.13641],[77.03875,12.12925],[77.04077,12.12847],[77.04291,12.13046],[77.04422,12.13578],[77.04602,12.13549],[77.04439,12.14182],[77.04025,12.13896],[77.03932,12.14388],[77.04029,12.152],[77.04245,12.15296],[77.04354,12.1576],[77.04551,12.15923],[77.0457,12.1618],[77.04383,12.16212],[77.04408,12.1699],[77.06361,12.1713],[77.0797,12.18711],[77.08418,12.18978],[77.10599,12.18928],[77.10613,12.18723],[77.11398,12.19239],[77.12289,12.1944],[77.12707,12.20205],[77.12552,12.20287],[77.13182,12.20638],[77.13155,12.21938],[77.13469,12.22426],[77.13455,12.22987],[77.12719,12.23588],[77.12626,12.24304],[77.13235,12.24738],[77.14375,12.24732],[77.15728,12.25558],[77.167,12.25554],[77.17008,12.26498],[77.16658,12.27414],[77.16651,12.28099],[77.16973,12.2859],[77.16844,12.29408],[77.16982,12.29997]]]},"properties":{"district":"Chamarajanagar","kgis_name":"CHAMARAJANAGARA","region_id":"district_531","level":"district"}},{"type":"Feature","geometry":{"type":"Polygon","coordinates":[[[78.19397,13.54825],[78.19444,13.54612],[78.1985,13.54493],[78.20146,13.541],[78.20142,13.53275],[78.20455,13.52772],[78.20329,13.5232],[78.19752,13.52054],[78.19091,13.52116],[78.18828,13.51316],[78.198,13.51261],[78.19985,13.50854],[78.2004,13.48247],[78.20751,13.47808],[78.21006,13.47125],[78.20559,13.46467],[78.20564,13.45811],[78.20089,13.44985],[78.19376,13.44846],[78.19436,13.44218],[78.19262,13.43884],[78.18747,13.43438],[78.18513,13.43457],[78.18699,13.43372],[78.18311,13.43405],[78.18149,13.42018],[78.16863,13.41358],[78.15995,13.41493],[78.15222,13.40876],[78.14704,13.40914],[78.13616,13.40561],[78.1337,13.39641],[78.12842,13.38637],[78.12443,13.38573],[78.12199,13.37565],[78.128,13.37473],[78.12899,13.37334],[78.1437,13.37714],[78.14674,13.3738],[78.14875,13.36722],[78.14523,13.36161],[78.14872,13.36137],[78.15015,13.35593],[78.15025,13.35045],[78.1314,13.35277],[78.13122,13.34091],[78.13517,13.33213],[78.13394,13.33262],[78.13253,13.32893],[78.10965,13.32344],[78.11421,13.31759],[78.12044,13.3156],[78.12317,13.30864],[78.1358,13.30511],[78.1351,13.30066],[78.13661,13.29982],[78.13352,13.2872],[78.12604,13.29198],[78.12255,13.29195],[78.1188,13.29795],[78.11491,13.30039],[78.1084,13.30357],[78.10254,13.30371],[78.09739,13.30891],[78.09205,13.30919],[78.09184,13.31117],[78.08988,13.30848],[78.0896,13.30372],[78.08676,13.30206],[78.07959,13.30272],[78.07787,13.30093],[78.07508,13.30206],[78.07088,13.30033],[78.06019,13.30101],[78.05863,13.29334],[78.05373,13.29456],[78.05182,13.2935],[78.04699,13.27904],[78.03573,13.28097],[78.0306,13.28404],[78.01508,13.28299],[78.01373,13.28535],[78.01472,13.28987],[78.01137,13.29098],[78.01185,13.30089],[78.00095,13.30556],[77.98919,13.30456],[77.98796,13.30051],[77.98524,13.30057],[77.98417,13.28617],[77.97946,13.28699],[77.96741,13.2825],[77.96093,13.28444],[77.95748,13.28146],[77.95699,13.27872],[77.95718,13.27675],[77.95919,13.27594],[77.95942,13.26952],[77.94709,13.26946],[77.94547,13.27169],[77.94198,13.26732],[77.93832,13.26778],[77.93722,13.26449],[77.94126,13.26092],[77.942,13.25791],[77.93824,13.25101],[77.93521,13.25007],[77.93543,13.24565],[77.9295,13.23894],[77.91501,13.23975],[77.9142,13.23162],[77.89156,13.23567],[77.90235,13.24214],[77.9051,13.24546],[77.90619,13.25232],[77.90481,13.2546],[77.89133,13.25754],[77.88816,13.25004],[77.87977,13.25211],[77.877,13.24625],[77.87328,13.24446],[77.8799,13.23931],[77.87676,13.23424],[77.86509,13.23702],[77.86319,13.24075],[77.85776,13.22736],[77.85794,13.22145],[77.85956,13.21999],[77.84997,13.21871],[77.84854,13.22051],[77.85011,13.24132],[77.83394,13.24466],[77.81975,13.25166],[77.81906,13.24747],[77.81401,13.23863],[77.80626,13.24154],[77.80788,13.24694],[77.80939,13.2479],[77.81133,13.24677],[77.8172,13.25537],[77.81901,13.25467],[77.82184,13.2573],[77.81526,13.26091],[77.80929,13.26205],[77.81703,13.29611],[77.82282,13.29575],[77.82221,13.29101],[77.82914,13.28949],[77.83013,13.29873],[77.8283,13.2999],[77.8286,13.30376],[77.81454,13.30377],[77.81513,13.30925],[77.80455,13.31123],[77.81103,13.31675],[77.81363,13.31578],[77.81217,13.3123],[77.81463,13.30988],[77.81745,13.31033],[77.81891,13.31393],[77.82216,13.31273],[77.8254,13.31578],[77.82394,13.31872],[77.82729,13.3248],[77.81631,13.33105],[77.80901,13.33326],[77.80992,13.33612],[77.79847,13.33915],[77.7945,13.34198],[77.79105,13.34579],[77.79114,13.35209],[77.77992,13.35228],[77.77283,13.35499],[77.77223,13.35734],[77.75451,13.36457],[77.7513,13.36364],[77.75088,13.36045],[77.7485,13.35876],[77.74192,13.36099],[77.74088,13.3595],[77.7439,13.3572],[77.74466,13.35358],[77.73699,13.36076],[77.7355,13.36049],[77.73602,13.35897],[77.72616,13.36288],[77.7276,13.36155],[77.72627,13.36144],[77.72977,13.36078],[77.72805,13.35101],[77.71587,13.35108],[77.71773,13.35286],[77.71765,13.36332],[77.71606,13.36509],[77.70907,13.36558],[77.71037,13.36345],[77.70862,13.36365],[77.70777,13.36129],[77.70548,13.36197],[77.69877,13.35879],[77.69914,13.34734],[77.70357,13.34572],[77.70367,13.34305],[77.69891,13.33602],[77.69664,13.33641],[77.69327,13.34271],[77.68894,13.34489],[77.68806,13.34956],[77.68507,13.35025],[77.68297,13.35276],[77.68017,13.34498],[77.67827,13.34505],[77.66739,13.34733],[77.66695,13.35054],[77.65526,13.35706],[77.65683,13.3622],[77.65623,13.37135],[77.66118,13.37578],[77.659,13.38235],[77.65104,13.38643],[77.65751,13.39235],[77.65758,13.39775],[77.65331,13.39809],[77.64991,13.39267],[77.64735,13.39176],[77.63825,13.39393],[77.63756,13.3847],[77.63605,13.38593],[77.6328,13.37553],[77.6271,13.37699],[77.62091,13.37519],[77.62188,13.38047],[77.62081,13.38262],[77.61241,13.3859],[77.61755,13.39371],[77.6204,13.40254],[77.61923,13.40089],[77.61594,13.40091],[77.60852,13.40563],[77.60756,13.40789],[77.60806,13.40028],[77.60668,13.39804],[77.60336,13.39747],[77.60171,13.39897],[77.60117,13.40475],[77.59886,13.40642],[77.60138,13.41124],[77.59894,13.41106],[77.59987,13.41475],[77.60579,13.41604],[77.60888,13.41457],[77.61591,13.41911],[77.60794,13.42384],[77.60405,13.4412],[77.60193,13.44195],[77.59905,13.43631],[77.58925,13.43623],[77.59046,13.42147],[77.59289,13.42186],[77.59239,13.41855],[77.58857,13.41848],[77.58671,13.42162],[77.55081,13.41836],[77.55154,13.42227],[77.54984,13.43058],[77.55087,13.43465],[77.54464,13.4369],[77.53818,13.43595],[77.5356,13.43054],[77.52078,13.43188],[77.51609,13.4398],[77.5164,13.44347],[77.5044,13.4451],[77.50646,13.45629],[77.49369,13.45851],[77.48819,13.46156],[77.48397,13.46703],[77.47706,13.46631],[77.47183,13.46919],[77.46162,13.46283],[77.45693,13.46885],[77.45489,13.46856],[77.45504,13.46399],[77.45454,13.46577],[77.45118,13.4653],[77.44839,13.46236],[77.44358,13.46131],[77.43625,13.46302],[77.43417,13.46409],[77.4348,13.46852],[77.42291,13.47146],[77.42626,13.48218],[77.42422,13.48384],[77.41674,13.4843],[77.41593,13.49101],[77.40778,13.49585],[77.3996,13.493],[77.38406,13.49927],[77.3826,13.50095],[77.38167,13.51472],[77.38714,13.51864],[77.39061,13.51903],[77.39169,13.52876],[77.39055,13.53626],[77.38282,13.53678],[77.37971,13.548],[77.37967,13.55009],[77.38329,13.54907],[77.38455,13.55142],[77.38299,13.57497],[77.37948,13.57798],[77.3744,13.58985],[77.36976,13.58847],[77.36366,13.59015],[77.36477,13.60189],[77.36278,13.6022],[77.36022,13.6131],[77.36222,13.62488],[77.36958,13.63376],[77.36691,13.63616],[77.36872,13.64105],[77.37446,13.64174],[77.3784,13.64509],[77.3768,13.64971],[77.38416,13.66154],[77.3945,13.66554],[77.39717,13.67454],[77.40349,13.67627],[77.42437,13.6753],[77.43548,13.67325],[77.4371,13.68412],[77.45334,13.68219],[77.47233,13.68627],[77.48833,13.68677],[77.48859,13.68972],[77.49113,13.6904],[77.48775,13.6977],[77.48826,13.7045],[77.48588,13.70722],[77.48595,13.71113],[77.48319,13.71238],[77.48348,13.71569],[77.51448,13.71294],[77.5119,13.69725],[77.51952,13.69644],[77.5214,13.69049],[77.52881,13.69312],[77.53399,13.70691],[77.5364,13.73071],[77.52802,13.74049],[77.52208,13.74467],[77.52506,13.7533],[77.54199,13.7561],[77.54451,13.75478],[77.54912,13.74897],[77.5491,13.74106],[77.55371,13.73581],[77.56043,13.72229],[77.56485,13.72634],[77.5713,13.73835],[77.57607,13.73846],[77.58069,13.73413],[77.58678,13.73358],[77.59597,13.74832],[77.60009,13.75105],[77.61339,13.75201],[77.62358,13.73616],[77.62752,13.73466],[77.63097,13.73611],[77.6322,13.73899],[77.64166,13.74235],[77.64201,13.74829],[77.63424,13.75034],[77.63028,13.75395],[77.62504,13.75319],[77.61846,13.75503],[77.61724,13.76184],[77.6205,13.76814],[77.64686,13.77893],[77.65165,13.7839],[77.66034,13.78517],[77.66876,13.78385],[77.67965,13.78713],[77.68078,13.77886],[77.67839,13.76852],[77.67438,13.76245],[77.67109,13.76065],[77.67914,13.76223],[77.70302,13.77297],[77.70312,13.76419],[77.70869,13.74075],[77.71736,13.74087],[77.71812,13.75109],[77.7199,13.75191],[77.71916,13.75513],[77.7205,13.75693],[77.71968,13.76501],[77.72182,13.76774],[77.71844,13.78283],[77.71924,13.78806],[77.72211,13.78946],[77.71911,13.80056],[77.72504,13.80081],[77.72909,13.80275],[77.735,13.81019],[77.74085,13.81238],[77.74484,13.81047],[77.74479,13.81241],[77.7413,13.814],[77.74196,13.81478],[77.74646,13.81359],[77.74529,13.80964],[77.74679,13.80948],[77.76409,13.81709],[77.78243,13.81783],[77.78725,13.8205],[77.78909,13.82175],[77.78905,13.82928],[77.78446,13.83351],[77.78226,13.84389],[77.79137,13.84838],[77.79428,13.84768],[77.79898,13.8492],[77.81234,13.8475],[77.81813,13.85604],[77.8196,13.86273],[77.8288,13.86416],[77.83661,13.86963],[77.82674,13.87416],[77.82658,13.87562],[77.83538,13.88089],[77.83101,13.89767],[77.81981,13.90122],[77.81603,13.90424],[77.81687,13.91207],[77.81332,13.91834],[77.81532,13.93299],[77.82545,13.94481],[77.83629,13.93624],[77.84591,13.93554],[77.85665,13.93773],[77.86504,13.93621],[77.89569,13.94422],[77.89832,13.93531],[77.89611,13.92093],[77.89964,13.91664],[77.90517,13.91577],[77.91103,13.90997],[77.91718,13.90926],[77.92169,13.90631],[77.92661,13.90541],[77.93868,13.9207],[77.94762,13.93701],[77.9566,13.93957],[77.9567,13.93799],[77.95952,13.93779],[77.9611,13.94157],[77.96202,13.95544],[77.96804,13.95987],[77.97999,13.95858],[77.98749,13.95575],[77.98492,13.94964],[77.98101,13.9293],[77.98132,13.92736],[77.98469,13.92509],[77.98474,13.90813],[77.98285,13.90357],[77.98572,13.90163],[77.98291,13.89572],[77.9558,13.89091],[77.94959,13.88687],[77.94898,13.87537],[77.95369,13.85431],[77.95369,13.83673],[77.95593,13.83633],[77.95576,13.82998],[77.95172,13.82849],[77.95233,13.82688],[77.96022,13.82933],[77.97076,13.82852],[77.97645,13.83],[77.97835,13.83755],[77.98382,13.84857],[77.98767,13.85385],[77.98894,13.85366],[77.9892,13.86138],[77.99111,13.86285],[77.99261,13.86825],[77.99878,13.86911],[78.00022,13.87293],[78.01286,13.87129],[78.01569,13.86594],[78.02048,13.86395],[78.03195,13.86425],[78.04095,13.86022],[78.04639,13.86204],[78.04672,13.86673],[78.04985,13.87069],[78.05136,13.88177],[78.04873,13.89621],[78.0608,13.8922],[78.06245,13.89054],[78.06201,13.88795],[78.07255,13.88494],[78.07875,13.88134],[78.08233,13.86175],[78.09365,13.8648],[78.09984,13.86211],[78.11552,13.86267],[78.11718,13.85202],[78.12202,13.84426],[78.12508,13.83045],[78.11523,13.81342],[78.11383,13.80755],[78.12289,13.7992],[78.12578,13.78605],[78.12121,13.78048],[78.11786,13.76931],[78.11225,13.76328],[78.10011,13.7587],[78.09221,13.74216],[78.09848,13.73807],[78.10461,13.73642],[78.11041,13.72624],[78.1154,13.72299],[78.12059,13.71497],[78.11469,13.70341],[78.11311,13.69273],[78.09284,13.69123],[78.09219,13.69251],[78.0858,13.69206],[78.0759,13.69846],[78.0697,13.69755],[78.0693,13.69113],[78.07093,13.68856],[78.07341,13.688],[78.0708,13.68208],[78.06571,13.67672],[78.07648,13.67332],[78.0771,13.66798],[78.08951,13.65948],[78.0873,13.65243],[78.08709,13.64358],[78.09858,13.643],[78.10226,13.65166],[78.108,13.65301],[78.11385,13.65761],[78.12518,13.65586],[78.13328,13.66014],[78.14768,13.65679],[78.15565,13.65795],[78.1675,13.65562],[78.16882,13.65411],[78.16738,13.64308],[78.16879,13.64111],[78.16763,13.6376],[78.16859,13.63344],[78.16723,13.63259],[78.17716,13.63015],[78.20395,13.62851],[78.20174,13.62009],[78.20367,13.61756],[78.2035,13.60631],[78.20146,13.602],[78.19002,13.58994],[78.18946,13.57088],[78.19331,13.56418],[78.20126,13.56349],[78.19822,13.55475],[78.19397,13.54825]]]},"properties":{"district":"Chikkaballapur","kgis_name":"CHIKKABALLAPURA","region_id":"district_630","level":"district"}},{"type":"Feature","geometry":{"type":"Polygon","coordinates":[[[75.553,12.91354],[75.55208,12.93573],[75.55349,12.94267],[75.55161,12.94577],[75.55339,12.95019],[75.55196,12.95186],[75.54693,12.95581],[75.53656,12.95997],[75.53306,12.95986],[75.53292,12.96208],[75.52813,12.9652],[75.52642,12.96929],[75.52374,12.97041],[75.52133,12.96819],[75.51727,12.97],[75.50963,12.98051],[75.50184,12.98111],[75.52067,12.98573],[75.52231,12.99102],[75.52736,12.9964],[75.5245,13.00205],[75.53002,13.00198],[75.53256,13.00914],[75.52995,13.01598],[75.52923,13.02504],[75.52068,13.02734],[75.52015,13.03045],[75.52628,13.03808],[75.52702,13.04937],[75.51489,13.05473],[75.51953,13.05855],[75.51872,13.06071],[75.50776,13.06922],[75.4917,13.08929],[75.48781,13.09024],[75.48043,13.08436],[75.47801,13.07678],[75.47221,13.07882],[75.46757,13.07678],[75.4665,13.08286],[75.47367,13.09397],[75.46689,13.10194],[75.45631,13.10946],[75.449,13.10903],[75.44392,13.10599],[75.44127,13.11435],[75.43328,13.11847],[75.43224,13.12041],[75.43202,13.11747],[75.4268,13.11434],[75.42376,13.10612],[75.41883,13.10752],[75.41536,13.10555],[75.40961,13.11106],[75.4063,13.11175],[75.40996,13.11757],[75.41177,13.12495],[75.40733,13.13966],[75.40955,13.15008],[75.40757,13.15247],[75.407,13.15807],[75.3903,13.16918],[75.38424,13.17789],[75.37384,13.18247],[75.36326,13.18199],[75.35582,13.1872],[75.35405,13.18474],[75.34176,13.17898],[75.33984,13.17932],[75.33719,13.17595],[75.33563,13.17637],[75.33479,13.17315],[75.32976,13.16821],[75.32904,13.16408],[75.32643,13.16617],[75.3243,13.16592],[75.32194,13.15772],[75.3177,13.15058],[75.31943,13.14384],[75.31836,13.13967],[75.31144,13.13795],[75.3106,13.12944],[75.3039,13.12571],[75.29459,13.12693],[75.29089,13.12952],[75.28835,13.12265],[75.28508,13.12276],[75.28335,13.12575],[75.28095,13.12456],[75.27777,13.13177],[75.27078,13.12472],[75.2642,13.12519],[75.26181,13.12371],[75.2551,13.12932],[75.24374,13.12938],[75.23743,13.13891],[75.2302,13.14047],[75.22672,13.14708],[75.22308,13.14615],[75.21593,13.15461],[75.212,13.1541],[75.20941,13.15127],[75.20557,13.15213],[75.20783,13.16902],[75.20395,13.17632],[75.20116,13.17815],[75.19681,13.17804],[75.19532,13.18028],[75.18947,13.18095],[75.18603,13.18309],[75.17945,13.1917],[75.16492,13.19859],[75.1643,13.20361],[75.16793,13.20761],[75.16438,13.21433],[75.15243,13.26148],[75.14166,13.28498],[75.13854,13.28602],[75.13379,13.2816],[75.1304,13.2824],[75.12286,13.27765],[75.1174,13.27782],[75.1138,13.28553],[75.10748,13.28769],[75.09455,13.31321],[75.09554,13.31499],[75.07411,13.34242],[75.08509,13.3483],[75.08674,13.36137],[75.09641,13.35733],[75.10533,13.35911],[75.10948,13.35632],[75.11383,13.35586],[75.12453,13.36471],[75.12495,13.37152],[75.1267,13.36948],[75.12767,13.37118],[75.12407,13.37359],[75.12346,13.37664],[75.12469,13.38083],[75.12775,13.38167],[75.12742,13.38428],[75.13492,13.38129],[75.13709,13.38295],[75.13833,13.38845],[75.14178,13.38957],[75.14115,13.4041],[75.13906,13.4088],[75.14146,13.409],[75.14452,13.41895],[75.14827,13.42184],[75.14764,13.42818],[75.15283,13.4314],[75.14781,13.43971],[75.15182,13.44231],[75.15591,13.45278],[75.14162,13.45861],[75.14007,13.46564],[75.1375,13.46899],[75.1383,13.47243],[75.13645,13.47793],[75.14791,13.47882],[75.16005,13.49316],[75.16075,13.49745],[75.17087,13.50663],[75.17198,13.50343],[75.17701,13.49879],[75.17918,13.50349],[75.18062,13.50308],[75.18118,13.50526],[75.18841,13.50911],[75.19525,13.50923],[75.19805,13.50734],[75.19938,13.50997],[75.20276,13.50899],[75.20558,13.51521],[75.21051,13.5163],[75.21082,13.51826],[75.20345,13.51751],[75.20697,13.5248],[75.21013,13.52618],[75.21825,13.52647],[75.21902,13.52481],[75.22309,13.52592],[75.22488,13.52896],[75.22145,13.53161],[75.22075,13.53426],[75.22357,13.54829],[75.22084,13.5485],[75.21797,13.55131],[75.21978,13.55547],[75.21553,13.55636],[75.21607,13.55837],[75.22098,13.55871],[75.22185,13.56264],[75.2251,13.56499],[75.22597,13.56826],[75.21806,13.57484],[75.21258,13.57724],[75.21201,13.5808],[75.21191,13.58503],[75.22269,13.59627],[75.22094,13.6038],[75.22563,13.60585],[75.23062,13.60348],[75.23171,13.60001],[75.23593,13.59921],[75.23679,13.60206],[75.24469,13.60545],[75.24855,13.59636],[75.25455,13.59398],[75.25579,13.58347],[75.25899,13.58253],[75.26439,13.58537],[75.27084,13.56805],[75.27835,13.56407],[75.27924,13.57194],[75.2849,13.57527],[75.2872,13.57498],[75.2875,13.57648],[75.28849,13.57575],[75.2949,13.58518],[75.29788,13.58325],[75.30825,13.58407],[75.3108,13.5878],[75.31464,13.58946],[75.32762,13.59124],[75.32965,13.58583],[75.33158,13.58463],[75.34104,13.58584],[75.34387,13.58199],[75.35099,13.58587],[75.35362,13.5932],[75.37013,13.59615],[75.36478,13.60241],[75.36446,13.60687],[75.3677,13.61067],[75.36528,13.61926],[75.37447,13.6262],[75.3754,13.62194],[75.37976,13.61746],[75.37684,13.61375],[75.38513,13.6126],[75.38782,13.61423],[75.38725,13.6172],[75.38887,13.61832],[75.38715,13.62201],[75.3924,13.62444],[75.39313,13.62952],[75.40657,13.62576],[75.40632,13.63298],[75.41095,13.63933],[75.41012,13.64758],[75.41399,13.65312],[75.40571,13.65886],[75.40587,13.6709],[75.40283,13.6808],[75.39726,13.69154],[75.39345,13.69392],[75.39384,13.70063],[75.38732,13.70038],[75.38414,13.70448],[75.38033,13.70429],[75.38087,13.7085],[75.3845,13.71098],[75.39056,13.70968],[75.40376,13.70326],[75.40785,13.70643],[75.41603,13.7054],[75.42261,13.70779],[75.42557,13.71333],[75.42835,13.71509],[75.43841,13.7174],[75.44665,13.72203],[75.45566,13.72343],[75.46061,13.73279],[75.4607,13.74009],[75.47199,13.75081],[75.48963,13.76053],[75.48997,13.76204],[75.48604,13.76641],[75.48706,13.76845],[75.48902,13.76854],[75.49862,13.75684],[75.5029,13.7625],[75.50807,13.76464],[75.50757,13.76079],[75.51047,13.75534],[75.51502,13.75352],[75.51706,13.75455],[75.51937,13.75205],[75.52172,13.75191],[75.52034,13.74328],[75.52528,13.73889],[75.52831,13.73118],[75.54186,13.72457],[75.5532,13.72897],[75.56066,13.72907],[75.57004,13.73464],[75.56698,13.74078],[75.56793,13.7536],[75.57121,13.75605],[75.58291,13.75752],[75.58654,13.75943],[75.60782,13.76067],[75.60944,13.74606],[75.62682,13.73324],[75.61717,13.7224],[75.62063,13.71339],[75.6186,13.70842],[75.62162,13.70326],[75.6261,13.70145],[75.62908,13.704],[75.63161,13.70386],[75.6333,13.7016],[75.63706,13.70212],[75.64366,13.70519],[75.64887,13.71058],[75.65148,13.71816],[75.66768,13.71968],[75.67233,13.72081],[75.67484,13.72345],[75.67557,13.7279],[75.66758,13.73106],[75.66528,13.73852],[75.65959,13.7408],[75.65591,13.7462],[75.6571,13.74886],[75.66365,13.75042],[75.6631,13.75599],[75.67025,13.76552],[75.67476,13.76122],[75.67552,13.75188],[75.68467,13.74916],[75.68895,13.75256],[75.68758,13.75592],[75.68218,13.76091],[75.68654,13.76729],[75.7052,13.76739],[75.70965,13.76575],[75.71221,13.76793],[75.71303,13.77209],[75.73211,13.76886],[75.74934,13.78095],[75.76481,13.78226],[75.76637,13.78938],[75.75986,13.79449],[75.76381,13.79638],[75.77047,13.79674],[75.77692,13.7948],[75.77797,13.7909],[75.78944,13.79988],[75.78972,13.79534],[75.8044,13.79468],[75.80876,13.80125],[75.82467,13.81709],[75.85141,13.81082],[75.88629,13.80921],[75.89327,13.80704],[75.89415,13.81107],[75.90209,13.8126],[75.90196,13.80907],[75.90722,13.80679],[75.91938,13.80736],[75.92787,13.81397],[75.94,13.81269],[75.94621,13.81395],[75.94716,13.81715],[75.95223,13.81587],[75.95303,13.81795],[75.94947,13.82008],[75.95035,13.82488],[75.94784,13.83069],[75.95295,13.83708],[75.95514,13.83746],[75.9558,13.83999],[75.95838,13.84028],[75.95846,13.84297],[75.96383,13.84558],[75.96907,13.85499],[75.96923,13.85348],[75.97507,13.85261],[75.97711,13.84878],[75.9884,13.84782],[75.9939,13.85036],[76.00601,13.86688],[76.01007,13.86517],[76.016,13.8706],[76.0179,13.864],[76.02089,13.86225],[76.02344,13.86327],[76.02645,13.86804],[76.03043,13.86743],[76.03128,13.86859],[76.03003,13.87102],[76.02753,13.87188],[76.02736,13.87498],[76.02995,13.87498],[76.03317,13.88142],[76.0347,13.89752],[76.0511,13.89764],[76.04916,13.8959],[76.05042,13.89357],[76.05386,13.89243],[76.05368,13.87951],[76.07635,13.87935],[76.08737,13.87401],[76.09109,13.86704],[76.09958,13.8643],[76.10168,13.85859],[76.10388,13.83791],[76.11567,13.81243],[76.12421,13.81233],[76.12946,13.81456],[76.13346,13.78526],[76.14783,13.75111],[76.14901,13.73253],[76.16966,13.72805],[76.17162,13.71973],[76.17978,13.71637],[76.19454,13.71198],[76.20727,13.71247],[76.21956,13.71032],[76.22129,13.6826],[76.22698,13.67988],[76.2313,13.68128],[76.23238,13.67816],[76.23478,13.67797],[76.2393,13.67337],[76.24183,13.66761],[76.25423,13.6626],[76.26282,13.65283],[76.26316,13.64903],[76.28207,13.6491],[76.28206,13.64797],[76.28699,13.64739],[76.28658,13.64353],[76.28323,13.63807],[76.27995,13.63619],[76.2812,13.63278],[76.27892,13.62856],[76.27953,13.62366],[76.27533,13.62175],[76.27644,13.6135],[76.27328,13.60844],[76.27327,13.60521],[76.27635,13.6037],[76.27727,13.6078],[76.28258,13.60605],[76.282,13.60129],[76.28678,13.59968],[76.28787,13.59498],[76.29061,13.59599],[76.29333,13.59381],[76.29216,13.59242],[76.29384,13.59148],[76.29243,13.59041],[76.29767,13.58909],[76.29777,13.59014],[76.30429,13.5889],[76.30656,13.59129],[76.3332,13.59574],[76.33991,13.57841],[76.34204,13.57625],[76.3471,13.57629],[76.35285,13.5797],[76.35929,13.55643],[76.36402,13.54722],[76.36641,13.54829],[76.36411,13.54539],[76.36249,13.53035],[76.35324,13.52695],[76.35215,13.52523],[76.3491,13.52537],[76.34813,13.51813],[76.34507,13.51374],[76.34305,13.51342],[76.33035,13.52143],[76.32343,13.53069],[76.32131,13.53721],[76.31824,13.53639],[76.3166,13.53909],[76.31588,13.53193],[76.31095,13.52932],[76.31205,13.52545],[76.30679,13.5258],[76.30679,13.52446],[76.30346,13.52446],[76.30071,13.52174],[76.29646,13.5249],[76.29553,13.52758],[76.29372,13.52718],[76.29118,13.5074],[76.29253,13.50468],[76.26879,13.5065],[76.26232,13.50532],[76.26097,13.51156],[76.23355,13.50702],[76.23815,13.49543],[76.22953,13.4847],[76.23439,13.48041],[76.23141,13.46833],[76.21096,13.46777],[76.19811,13.46933],[76.19987,13.46096],[76.19968,13.45127],[76.19382,13.45019],[76.19349,13.45176],[76.18709,13.45239],[76.19244,13.4608],[76.19403,13.46876],[76.16203,13.46959],[76.15837,13.45982],[76.15141,13.45796],[76.14683,13.44822],[76.13826,13.44298],[76.13617,13.44427],[76.14008,13.43603],[76.13905,13.427],[76.14116,13.42052],[76.1395,13.41983],[76.13875,13.41635],[76.13858,13.41266],[76.14081,13.40954],[76.1394,13.40657],[76.12954,13.40401],[76.12953,13.40011],[76.12358,13.40154],[76.11118,13.40055],[76.1106,13.39619],[76.0985,13.39152],[76.09851,13.39377],[76.0891,13.39244],[76.08714,13.37593],[76.08909,13.37167],[76.08181,13.37175],[76.07807,13.3744],[76.05611,13.38161],[76.04166,13.3742],[76.03896,13.36775],[76.04195,13.36521],[76.03222,13.34597],[76.029,13.34545],[76.03451,13.33731],[76.03292,13.33658],[76.03435,13.33298],[76.03207,13.32134],[76.03672,13.32013],[76.03368,13.31349],[76.03323,13.30168],[76.03734,13.30033],[76.03714,13.29482],[76.03946,13.29388],[76.04008,13.28328],[76.04313,13.27563],[76.04055,13.26774],[76.04213,13.26608],[76.03883,13.26645],[76.04062,13.26404],[76.03669,13.24952],[76.02116,13.25179],[76.01787,13.25003],[76.01754,13.25771],[76.01478,13.26156],[75.99014,13.25991],[75.98857,13.26447],[75.98483,13.26505],[75.98449,13.26381],[75.98423,13.26561],[75.98558,13.26624],[75.98448,13.26664],[75.97172,13.26212],[75.94118,13.25859],[75.93742,13.25621],[75.91959,13.25699],[75.91532,13.26176],[75.91205,13.26035],[75.91017,13.26115],[75.90482,13.25788],[75.90017,13.26612],[75.88184,13.25994],[75.87744,13.26065],[75.87523,13.25253],[75.87105,13.2465],[75.86162,13.2402],[75.86086,13.24103],[75.86303,13.24271],[75.85988,13.24423],[75.86032,13.25361],[75.8556,13.25385],[75.85534,13.25582],[75.85766,13.25689],[75.85695,13.25837],[75.85167,13.25855],[75.85165,13.25713],[75.84741,13.25656],[75.84027,13.25135],[75.83581,13.2522],[75.83082,13.25744],[75.82486,13.25295],[75.81834,13.25774],[75.81845,13.25933],[75.81363,13.25846],[75.81341,13.26086],[75.80735,13.25885],[75.80943,13.25474],[75.80764,13.2469],[75.81299,13.23074],[75.80962,13.23075],[75.80991,13.22179],[75.80559,13.21563],[75.79911,13.21617],[75.79374,13.21369],[75.78955,13.21435],[75.7792,13.20995],[75.7753,13.2166],[75.7729,13.21295],[75.77008,13.214],[75.76643,13.21199],[75.76182,13.21756],[75.75855,13.21807],[75.75248,13.21231],[75.75021,13.20621],[75.74864,13.20528],[75.74743,13.20684],[75.7432,13.20741],[75.73489,13.19492],[75.73261,13.18666],[75.72783,13.18328],[75.7309,13.17039],[75.73037,13.16357],[75.73458,13.15994],[75.73585,13.15353],[75.74032,13.14858],[75.74443,13.15047],[75.74943,13.1455],[75.75125,13.1461],[75.7538,13.13721],[75.75052,13.13574],[75.75217,13.13528],[75.75188,13.13336],[75.74853,13.13035],[75.73611,13.12232],[75.73788,13.11493],[75.73926,13.11536],[75.74047,13.11347],[75.73903,13.11048],[75.73608,13.11067],[75.72795,13.1049],[75.7267,13.0959],[75.73512,13.08614],[75.74258,13.0711],[75.74055,13.05962],[75.74197,13.05436],[75.73929,13.05019],[75.74203,13.0415],[75.74073,13.04156],[75.74001,13.03653],[75.74052,13.02985],[75.72763,13.0238],[75.72476,13.0253],[75.72352,13.02823],[75.7255,13.03179],[75.72521,13.03208],[75.71692,13.03091],[75.71017,13.03706],[75.70155,13.0356],[75.69679,13.03693],[75.69593,13.04605],[75.69032,13.04396],[75.68807,13.03682],[75.69033,13.0333],[75.68663,13.03251],[75.68377,13.03595],[75.68212,13.03364],[75.68278,13.03123],[75.68114,13.03029],[75.67869,13.03179],[75.67385,13.02977],[75.67502,13.02565],[75.67404,13.0246],[75.67299,13.02974],[75.66718,13.03],[75.6661,13.03137],[75.66136,13.02632],[75.65805,13.02517],[75.65619,13.02928],[75.6499,13.02631],[75.64759,13.02733],[75.64603,13.03214],[75.64295,13.03158],[75.64356,13.02723],[75.63997,13.02484],[75.64058,13.0194],[75.63838,13.01811],[75.6389,13.01339],[75.63756,13.01103],[75.63145,13.01126],[75.62454,13.00227],[75.61945,12.99118],[75.60904,12.98062],[75.60195,12.96432],[75.60256,12.95758],[75.59481,12.94419],[75.58346,12.94039],[75.5717,12.93192],[75.55729,12.91324],[75.54944,12.90795],[75.553,12.91354]]]},"properties":{"district":"Chikkamagaluru","kgis_name":"CHIKKAMAGALURU","region_id":"district_532","level":"district"}},{"type":"Feature","geometry":{"type":"Polygon","coordinates":[[[76.37311,13.59218],[76.3471,13.57629],[76.34204,13.57625],[76.33991,13.57841],[76.3332,13.59574],[76.30656,13.59129],[76.30429,13.5889],[76.29777,13.59014],[76.29767,13.58909],[76.29243,13.59041],[76.29384,13.59148],[76.29216,13.59242],[76.29333,13.59381],[76.29061,13.59599],[76.28787,13.59498],[76.28678,13.59968],[76.282,13.60129],[76.28258,13.60605],[76.27727,13.6078],[76.27635,13.6037],[76.27379,13.60465],[76.27285,13.60731],[76.27644,13.6135],[76.27533,13.62175],[76.27953,13.62366],[76.27892,13.62856],[76.2812,13.63278],[76.27995,13.63619],[76.28323,13.63807],[76.28658,13.64353],[76.28699,13.64739],[76.28206,13.64797],[76.28207,13.6491],[76.26316,13.64903],[76.26282,13.65283],[76.25423,13.6626],[76.24183,13.66761],[76.2393,13.67337],[76.23478,13.67797],[76.23238,13.67816],[76.2313,13.68128],[76.22698,13.67988],[76.22129,13.6826],[76.21956,13.71032],[76.20727,13.71247],[76.19454,13.71198],[76.17978,13.71637],[76.17162,13.71973],[76.16966,13.72805],[76.14901,13.73253],[76.14783,13.75111],[76.13346,13.78526],[76.12946,13.81456],[76.12421,13.81233],[76.11567,13.81243],[76.10388,13.83791],[76.10168,13.85859],[76.09958,13.8643],[76.09109,13.86704],[76.08737,13.87401],[76.07635,13.87935],[76.05368,13.87951],[76.05386,13.89243],[76.05042,13.89357],[76.04916,13.8959],[76.0511,13.89764],[76.02852,13.89878],[76.02926,13.9204],[76.03242,13.92178],[76.04482,13.94202],[76.04661,13.94074],[76.06597,13.94136],[76.0689,13.94789],[76.06919,13.96757],[76.07238,13.98214],[76.05112,13.97882],[76.0498,13.9835],[76.04724,13.98252],[76.04356,13.98726],[76.04592,14.01316],[76.04804,14.01263],[76.05112,14.03001],[76.05116,14.03779],[76.04831,14.03803],[76.04852,14.04489],[76.0498,14.05486],[76.05176,14.06053],[76.05409,14.06167],[76.0557,14.07261],[76.05358,14.08179],[76.05485,14.08924],[76.05227,14.09401],[76.04771,14.09721],[76.0412,14.09453],[76.03693,14.09057],[76.03398,14.09081],[76.03269,14.09553],[76.03413,14.09583],[76.03494,14.09985],[76.02543,14.10026],[76.02635,14.10441],[76.02506,14.11309],[76.02792,14.11972],[76.03317,14.12023],[76.032,14.12139],[76.03347,14.12502],[76.03266,14.13443],[76.03569,14.13557],[76.04024,14.14334],[76.0466,14.14522],[76.04569,14.15544],[76.06384,14.15996],[76.06345,14.16903],[76.06424,14.17143],[76.06572,14.1706],[76.06503,14.17774],[76.06625,14.18149],[76.05732,14.18126],[76.05646,14.19146],[76.05801,14.20265],[76.06317,14.20375],[76.06427,14.20667],[76.06593,14.20638],[76.06417,14.21622],[76.0608,14.22226],[76.07251,14.22656],[76.07983,14.2471],[76.11799,14.25149],[76.13457,14.25608],[76.13489,14.26182],[76.13038,14.26883],[76.13004,14.28168],[76.12515,14.28242],[76.11684,14.27718],[76.12147,14.28954],[76.11518,14.30103],[76.1097,14.30187],[76.10617,14.31083],[76.10896,14.31302],[76.10971,14.31737],[76.11673,14.32357],[76.1468,14.32126],[76.15373,14.31822],[76.15722,14.32107],[76.15661,14.3238],[76.15893,14.32952],[76.15512,14.34974],[76.15562,14.35837],[76.15101,14.3666],[76.15068,14.37632],[76.15541,14.37742],[76.15349,14.397],[76.14862,14.40796],[76.14263,14.41144],[76.14162,14.41827],[76.13607,14.42697],[76.14523,14.43188],[76.16427,14.44584],[76.17371,14.44795],[76.17273,14.46011],[76.17459,14.46242],[76.20277,14.45881],[76.20677,14.45708],[76.21881,14.44195],[76.23839,14.45046],[76.24829,14.44382],[76.26009,14.44446],[76.26401,14.43697],[76.26418,14.42483],[76.27057,14.42041],[76.27372,14.4089],[76.28187,14.4046],[76.2926,14.40865],[76.33131,14.40848],[76.33845,14.41498],[76.33789,14.41933],[76.34228,14.41712],[76.34915,14.41639],[76.35398,14.41932],[76.36987,14.42009],[76.37757,14.41769],[76.38113,14.41973],[76.38392,14.41925],[76.38379,14.4272],[76.3935,14.4279],[76.39287,14.43056],[76.39533,14.43033],[76.39564,14.43625],[76.40724,14.43593],[76.41465,14.43929],[76.42405,14.43811],[76.42392,14.44947],[76.43707,14.44728],[76.45991,14.45025],[76.45955,14.45747],[76.45516,14.46987],[76.45711,14.47847],[76.45727,14.48921],[76.46115,14.50485],[76.47231,14.50217],[76.48442,14.50491],[76.49395,14.5116],[76.50825,14.51627],[76.51366,14.52308],[76.52211,14.52423],[76.53388,14.54002],[76.53307,14.54327],[76.5278,14.54612],[76.5241,14.55272],[76.51649,14.54952],[76.51035,14.56045],[76.51836,14.56246],[76.52855,14.56236],[76.52993,14.56108],[76.53283,14.56261],[76.53504,14.56147],[76.53519,14.56559],[76.54146,14.56604],[76.54493,14.57187],[76.54967,14.57278],[76.55013,14.57834],[76.55832,14.58371],[76.56709,14.5867],[76.56795,14.5904],[76.57362,14.59813],[76.57369,14.60196],[76.57637,14.60468],[76.57683,14.6089],[76.58148,14.6119],[76.58571,14.61818],[76.60072,14.62088],[76.59806,14.63209],[76.60382,14.63457],[76.61242,14.64836],[76.59758,14.65379],[76.59921,14.65602],[76.59623,14.65992],[76.59823,14.66987],[76.61057,14.66848],[76.61045,14.67855],[76.60793,14.68699],[76.61698,14.69206],[76.61701,14.69448],[76.62401,14.70173],[76.62905,14.70041],[76.63075,14.70288],[76.63557,14.70331],[76.63705,14.71001],[76.6446,14.71307],[76.64536,14.71757],[76.65104,14.72567],[76.65023,14.72823],[76.64693,14.73022],[76.65103,14.73655],[76.64939,14.73979],[76.65111,14.7447],[76.64968,14.74761],[76.65077,14.75185],[76.64875,14.75544],[76.65077,14.75741],[76.65519,14.75689],[76.65756,14.76472],[76.66006,14.76605],[76.65972,14.77162],[76.66702,14.7751],[76.66628,14.7799],[76.66957,14.78667],[76.67362,14.78784],[76.66834,14.79148],[76.67471,14.79269],[76.68223,14.80814],[76.69393,14.81334],[76.70517,14.8175],[76.7183,14.81776],[76.73483,14.81322],[76.73494,14.81553],[76.74003,14.81523],[76.73971,14.81776],[76.74118,14.81885],[76.74039,14.82564],[76.72084,14.83181],[76.7118,14.83745],[76.71491,14.85335],[76.7136,14.86485],[76.699,14.88872],[76.67767,14.88776],[76.67753,14.91143],[76.66616,14.91656],[76.66251,14.92624],[76.65944,14.94211],[76.67921,14.93834],[76.69592,14.92679],[76.70391,14.93157],[76.70679,14.93109],[76.70611,14.94264],[76.71319,14.93924],[76.71754,14.95307],[76.71603,14.97284],[76.70502,14.97728],[76.68961,14.97816],[76.68479,14.9898],[76.68148,14.99078],[76.67813,14.99551],[76.68193,14.99611],[76.67998,15.00546],[76.67799,15.00921],[76.6736,15.01219],[76.67432,15.01601],[76.67152,15.01932],[76.67575,15.02137],[76.67743,15.02465],[76.68747,15.02505],[76.6891,15.02315],[76.6861,15.02197],[76.68584,15.01843],[76.69308,15.01914],[76.70166,15.01662],[76.70433,15.02099],[76.70249,15.02938],[76.70359,15.03308],[76.71258,15.03324],[76.71762,15.03621],[76.71945,15.03425],[76.72244,15.0348],[76.73289,15.03194],[76.73488,15.02681],[76.73597,15.02253],[76.72799,15.00959],[76.7272,15.00007],[76.72854,15.00007],[76.72803,14.99749],[76.73023,14.9958],[76.73423,14.98537],[76.74269,14.98736],[76.74836,14.98679],[76.7539,14.98417],[76.75995,14.98934],[76.76291,14.98727],[76.7634,14.98029],[76.76671,14.97784],[76.7664,14.97461],[76.77556,14.9749],[76.80022,14.96819],[76.81801,14.9693],[76.8284,14.95607],[76.83402,14.95682],[76.8341,14.95961],[76.8413,14.96627],[76.86158,14.97012],[76.86687,14.96956],[76.866,14.95751],[76.86987,14.9377],[76.86387,14.89538],[76.8473,14.89632],[76.8454,14.88977],[76.84548,14.88741],[76.85252,14.88723],[76.85138,14.88387],[76.85326,14.88376],[76.85403,14.8692],[76.85699,14.86888],[76.85425,14.85494],[76.85438,14.84098],[76.84863,14.84148],[76.84252,14.83623],[76.84504,14.83478],[76.84573,14.83205],[76.84599,14.82223],[76.85466,14.81785],[76.85431,14.80991],[76.8483,14.80922],[76.83752,14.81082],[76.83732,14.79121],[76.833,14.79018],[76.83222,14.7928],[76.83063,14.79307],[76.81866,14.79265],[76.8208,14.78883],[76.81701,14.78775],[76.80278,14.78579],[76.78294,14.78649],[76.78946,14.77232],[76.79013,14.7649],[76.7886,14.75983],[76.79397,14.75038],[76.79122,14.74646],[76.7944,14.74603],[76.78651,14.71031],[76.78645,14.69824],[76.7769,14.68069],[76.77081,14.67531],[76.77553,14.67121],[76.77194,14.63546],[76.76637,14.61648],[76.76523,14.60187],[76.76885,14.60089],[76.78019,14.59299],[76.78031,14.59719],[76.78152,14.59669],[76.78228,14.58364],[76.78476,14.57513],[76.78895,14.57013],[76.78779,14.56787],[76.79145,14.55424],[76.79829,14.54845],[76.80668,14.5319],[76.81065,14.53287],[76.81537,14.53058],[76.81872,14.5316],[76.82255,14.52662],[76.8315,14.52941],[76.83425,14.52609],[76.83325,14.52204],[76.84171,14.51921],[76.84948,14.51149],[76.85131,14.51192],[76.85563,14.50922],[76.86091,14.49716],[76.86659,14.47563],[76.86878,14.47447],[76.88438,14.47721],[76.88377,14.47933],[76.88626,14.48349],[76.9045,14.48968],[76.92429,14.49088],[76.94885,14.48889],[76.95007,14.48674],[76.97495,14.48523],[76.97565,14.4775],[76.97432,14.4737],[76.9719,14.46819],[76.96855,14.46519],[76.96872,14.46225],[76.96011,14.45091],[76.9526,14.45278],[76.9449,14.45147],[76.94775,14.41357],[76.94674,14.40576],[76.94273,14.39968],[76.93186,14.41077],[76.91278,14.42184],[76.90487,14.40674],[76.89722,14.39754],[76.88741,14.39554],[76.88871,14.36274],[76.88482,14.3475],[76.88759,14.34639],[76.90335,14.32284],[76.90725,14.32317],[76.92593,14.3149],[76.94508,14.31262],[76.95641,14.29446],[76.94664,14.28621],[76.93846,14.28332],[76.93675,14.28041],[76.92792,14.27941],[76.9247,14.27407],[76.93583,14.2591],[76.94004,14.24424],[76.95064,14.24296],[76.9609,14.2449],[76.97096,14.24278],[76.97517,14.24553],[76.98558,14.24743],[76.99337,14.2416],[76.99871,14.24114],[77.0056,14.23577],[77.00501,14.23072],[76.99892,14.22903],[77.00134,14.22468],[77.00066,14.22243],[77.00677,14.219],[77.00588,14.20744],[77.00244,14.19848],[77.00946,14.19478],[77.01556,14.19367],[77.02414,14.18682],[77.02345,14.18043],[77.02244,14.17728],[77.0049,14.18422],[76.99461,14.17863],[76.9813,14.17871],[76.96776,14.18312],[76.96256,14.18193],[76.95854,14.18384],[76.95749,14.18858],[76.95091,14.19333],[76.94741,14.19819],[76.9428,14.19593],[76.94231,14.19064],[76.94475,14.18576],[76.94229,14.17877],[76.94253,14.17324],[76.92214,14.16945],[76.91963,14.16411],[76.91293,14.16715],[76.89478,14.16766],[76.89302,14.16352],[76.8912,14.14308],[76.8866,14.13776],[76.88952,14.13561],[76.904,14.1338],[76.91512,14.12817],[76.91737,14.12854],[76.92525,14.13642],[76.93575,14.12882],[76.93632,14.1243],[76.94424,14.12043],[76.94685,14.11219],[76.95269,14.10556],[76.95542,14.09916],[76.95076,14.09229],[76.94274,14.08917],[76.92785,14.07705],[76.92449,14.06792],[76.92296,14.05662],[76.90966,14.0637],[76.89881,14.05737],[76.8868,14.04643],[76.88677,14.039],[76.87978,14.01854],[76.87605,14.0191],[76.8754,14.01361],[76.87282,14.00976],[76.85687,14.016],[76.83666,14.01786],[76.83552,14.00753],[76.83334,14.00317],[76.82206,14.00059],[76.82327,13.99377],[76.82907,13.99017],[76.83931,13.98701],[76.84904,13.98074],[76.84939,13.96533],[76.84186,13.96255],[76.8289,13.95287],[76.82234,13.95048],[76.81953,13.93693],[76.81413,13.93637],[76.81482,13.91555],[76.80158,13.9161],[76.79142,13.92119],[76.77934,13.92436],[76.76418,13.92381],[76.76268,13.92146],[76.75202,13.91948],[76.74966,13.91598],[76.75274,13.90695],[76.72266,13.89864],[76.7211,13.89509],[76.72285,13.89041],[76.72882,13.88142],[76.73115,13.88131],[76.73654,13.86859],[76.74976,13.85364],[76.76317,13.83457],[76.76748,13.83529],[76.76375,13.82164],[76.76893,13.80536],[76.76951,13.79629],[76.76739,13.79326],[76.76463,13.78227],[76.75963,13.78148],[76.75608,13.7829],[76.73054,13.78409],[76.72717,13.79219],[76.72795,13.79691],[76.72412,13.79976],[76.71768,13.79603],[76.71489,13.78574],[76.7074,13.78058],[76.70562,13.77528],[76.70056,13.77394],[76.69758,13.77008],[76.69711,13.76538],[76.69445,13.76328],[76.69781,13.76036],[76.69584,13.75485],[76.69085,13.75184],[76.68736,13.74563],[76.68425,13.7306],[76.68925,13.72881],[76.69148,13.73059],[76.69202,13.69684],[76.68409,13.70285],[76.67767,13.69994],[76.67233,13.70537],[76.67333,13.7181],[76.66336,13.72133],[76.64205,13.71503],[76.63147,13.71354],[76.62728,13.72323],[76.6249,13.72519],[76.62596,13.72877],[76.62447,13.7339],[76.62077,13.73437],[76.61339,13.72912],[76.61481,13.72719],[76.60874,13.72338],[76.59998,13.72499],[76.5965,13.72048],[76.58593,13.71877],[76.57708,13.71472],[76.57116,13.70825],[76.57729,13.69032],[76.57386,13.68691],[76.56901,13.68937],[76.56477,13.68447],[76.55414,13.68196],[76.53991,13.66316],[76.53242,13.66842],[76.52907,13.66714],[76.5294,13.66049],[76.53432,13.6535],[76.53433,13.6502],[76.52732,13.64809],[76.51809,13.6411],[76.51828,13.63719],[76.51647,13.63403],[76.49704,13.6285],[76.49982,13.62276],[76.46107,13.62016],[76.45562,13.61284],[76.45599,13.60456],[76.45837,13.60289],[76.45875,13.60041],[76.46028,13.6005],[76.45538,13.59545],[76.45448,13.59088],[76.44811,13.59113],[76.43953,13.59412],[76.43166,13.59315],[76.42782,13.59082],[76.42412,13.58092],[76.41893,13.57854],[76.4128,13.57836],[76.4094,13.58009],[76.4048,13.59092],[76.39811,13.59462],[76.39794,13.59096],[76.39232,13.59066],[76.38622,13.58158],[76.3815,13.57748],[76.37878,13.58906],[76.37311,13.59218]]]},"properties":{"district":"Chitradurga","kgis_name":"CHITRADURGA","region_id":"district_533","level":"district"}},{"type":"Feature","geometry":{"type":"Polygon","coordinates":[[[75.55208,12.93573],[75.553,12.91354],[75.54587,12.90438],[75.54846,12.89358],[75.55207,12.8888],[75.55116,12.87472],[75.55381,12.86931],[75.56083,12.8698],[75.56092,12.8683],[75.56437,12.86717],[75.57776,12.87305],[75.59866,12.87521],[75.60227,12.87394],[75.60048,12.8699],[75.60335,12.86528],[75.61264,12.86211],[75.61803,12.85639],[75.6224,12.85661],[75.62362,12.84995],[75.61494,12.83271],[75.61494,12.8281],[75.61789,12.82738],[75.61884,12.82498],[75.61956,12.80333],[75.61288,12.79655],[75.61293,12.79374],[75.61758,12.7932],[75.62586,12.78499],[75.62564,12.7781],[75.6313,12.7762],[75.62822,12.77432],[75.63723,12.76903],[75.63846,12.76041],[75.65492,12.75121],[75.65794,12.75111],[75.66072,12.7464],[75.65646,12.73466],[75.65716,12.73093],[75.65521,12.72016],[75.63779,12.71051],[75.62919,12.69982],[75.63655,12.69165],[75.66527,12.698],[75.64807,12.66641],[75.6442,12.6481],[75.64137,12.64825],[75.64517,12.64209],[75.64144,12.63163],[75.6423,12.6274],[75.65249,12.622],[75.65435,12.61483],[75.65245,12.61162],[75.65415,12.61032],[75.65622,12.60331],[75.66095,12.59925],[75.66027,12.59423],[75.66272,12.59055],[75.66365,12.58515],[75.66066,12.58023],[75.66323,12.57546],[75.66543,12.57605],[75.66752,12.57413],[75.66764,12.57218],[75.66312,12.56986],[75.66848,12.56546],[75.67058,12.55026],[75.65347,12.53972],[75.65184,12.54059],[75.64146,12.5375],[75.63627,12.52898],[75.63355,12.52766],[75.63246,12.52096],[75.6283,12.51898],[75.62766,12.52166],[75.6234,12.51512],[75.61551,12.50935],[75.60582,12.51059],[75.60573,12.51925],[75.59742,12.52478],[75.59503,12.53386],[75.59191,12.53632],[75.58283,12.52745],[75.5802,12.52263],[75.5807,12.51929],[75.57772,12.51879],[75.57015,12.51138],[75.5634,12.51046],[75.55309,12.49757],[75.56563,12.49214],[75.56596,12.48397],[75.55242,12.49169],[75.5492,12.49091],[75.53479,12.49443],[75.53245,12.49822],[75.5303,12.49882],[75.52772,12.49713],[75.52509,12.48976],[75.51927,12.48823],[75.51808,12.48996],[75.5132,12.48967],[75.50641,12.48689],[75.50278,12.48795],[75.49453,12.48398],[75.49592,12.47938],[75.49146,12.4745],[75.49019,12.4715],[75.49199,12.46769],[75.48906,12.46516],[75.49285,12.46242],[75.49161,12.46036],[75.48493,12.46157],[75.48044,12.46546],[75.48137,12.46802],[75.48008,12.4683],[75.4741,12.4612],[75.47266,12.46539],[75.46266,12.47052],[75.45965,12.4739],[75.45906,12.47839],[75.46173,12.47971],[75.46163,12.48521],[75.46363,12.48654],[75.46179,12.48921],[75.46393,12.49153],[75.46896,12.49309],[75.47261,12.50055],[75.46228,12.50492],[75.4582,12.51627],[75.45609,12.51658],[75.45542,12.51372],[75.45233,12.51506],[75.45011,12.51951],[75.44584,12.51803],[75.44616,12.5207],[75.44212,12.5219],[75.44107,12.52681],[75.43653,12.52891],[75.43043,12.51968],[75.43357,12.51648],[75.4305,12.51404],[75.42495,12.51596],[75.42135,12.51363],[75.41813,12.51455],[75.41783,12.51024],[75.42015,12.50964],[75.41509,12.50467],[75.41553,12.50195],[75.41204,12.50301],[75.40266,12.49942],[75.39872,12.50234],[75.39918,12.50385],[75.39187,12.50108],[75.3827,12.50285],[75.37903,12.4965],[75.37008,12.49255],[75.36921,12.48788],[75.37176,12.48714],[75.37441,12.48102],[75.37053,12.47466],[75.36832,12.47577],[75.36126,12.4654],[75.35766,12.46407],[75.35554,12.46592],[75.35172,12.46573],[75.34471,12.46337],[75.33578,12.46405],[75.34203,12.47054],[75.33848,12.47215],[75.33599,12.47676],[75.33741,12.49452],[75.33267,12.49921],[75.32338,12.49657],[75.31473,12.49683],[75.31208,12.50305],[75.30728,12.50222],[75.30403,12.50412],[75.30518,12.50775],[75.30322,12.51416],[75.3035,12.52328],[75.28998,12.52336],[75.28588,12.527],[75.2801,12.52567],[75.27309,12.53742],[75.2768,12.54158],[75.26972,12.54662],[75.27252,12.55223],[75.26895,12.56346],[75.27134,12.57119],[75.27996,12.57361],[75.28379,12.57102],[75.28885,12.58343],[75.30238,12.58121],[75.30787,12.57886],[75.31224,12.57421],[75.31554,12.57367],[75.31699,12.57757],[75.3261,12.58132],[75.3278,12.58453],[75.32705,12.59239],[75.31208,12.58984],[75.30189,12.60549],[75.29895,12.60582],[75.29148,12.60209],[75.28824,12.61094],[75.28603,12.61107],[75.28198,12.6161],[75.27572,12.61823],[75.27229,12.61533],[75.268,12.61426],[75.26517,12.61108],[75.2666,12.607],[75.26406,12.60506],[75.2626,12.59849],[75.26001,12.59624],[75.25633,12.59598],[75.24991,12.58424],[75.2481,12.5844],[75.24147,12.57954],[75.23922,12.58063],[75.23684,12.57604],[75.23817,12.57517],[75.23803,12.56911],[75.2269,12.56853],[75.22371,12.57026],[75.21991,12.56883],[75.22031,12.57153],[75.21724,12.57401],[75.21736,12.57607],[75.21289,12.57766],[75.20926,12.59156],[75.20113,12.5875],[75.20227,12.59395],[75.21061,12.59697],[75.20787,12.60271],[75.20804,12.60647],[75.20346,12.60987],[75.20016,12.61013],[75.19774,12.61407],[75.20153,12.6201],[75.20238,12.62875],[75.20134,12.63036],[75.19672,12.63152],[75.19536,12.63336],[75.19122,12.63313],[75.19073,12.63516],[75.18515,12.63316],[75.18577,12.63224],[75.18163,12.63268],[75.16983,12.62248],[75.16424,12.62424],[75.16083,12.62236],[75.1534,12.62526],[75.14508,12.63886],[75.14326,12.63951],[75.14265,12.63834],[75.13816,12.64365],[75.15015,12.64956],[75.15257,12.65691],[75.16141,12.67169],[75.14921,12.67311],[75.14843,12.67503],[75.15087,12.68292],[75.14595,12.68168],[75.14287,12.67766],[75.139,12.67956],[75.1372,12.67573],[75.13349,12.67791],[75.1329,12.67516],[75.12768,12.67665],[75.12451,12.68116],[75.12236,12.6786],[75.11798,12.68101],[75.11197,12.68148],[75.11376,12.68427],[75.1108,12.68805],[75.11076,12.6908],[75.10737,12.69153],[75.1054,12.69772],[75.09625,12.70097],[75.09277,12.70036],[75.08471,12.70533],[75.08523,12.70318],[75.0807,12.69915],[75.08502,12.69563],[75.0833,12.69373],[75.0854,12.692],[75.08484,12.68695],[75.08724,12.67611],[75.07959,12.67105],[75.07373,12.67191],[75.06935,12.66415],[75.0671,12.66347],[75.06037,12.6685],[75.05929,12.67154],[75.05769,12.66926],[75.05877,12.66599],[75.05689,12.66572],[75.05346,12.66974],[75.0503,12.66961],[75.04677,12.66654],[75.0423,12.67243],[75.04159,12.67851],[75.04338,12.68171],[75.04043,12.68407],[75.04302,12.6878],[75.04288,12.69309],[75.04679,12.69477],[75.05311,12.69255],[75.05302,12.69008],[75.056,12.69316],[75.05078,12.70372],[75.05207,12.70687],[75.05463,12.70701],[75.05412,12.71106],[75.05021,12.71592],[75.05171,12.72009],[75.04482,12.72243],[75.04322,12.72097],[75.03785,12.72418],[75.02662,12.71896],[75.01854,12.72108],[75.01568,12.71391],[75.00126,12.71612],[75.00102,12.71978],[75.0049,12.71971],[75.01324,12.72826],[74.99905,12.7326],[74.99256,12.73979],[74.98976,12.73724],[74.99071,12.73629],[74.98896,12.73592],[74.98893,12.73732],[74.98598,12.7339],[74.98393,12.73637],[74.98518,12.73882],[74.98351,12.73883],[74.98461,12.74367],[74.98766,12.74255],[74.99204,12.74678],[74.99336,12.74986],[74.99705,12.75254],[74.99894,12.75739],[75.00332,12.75979],[75.0049,12.76457],[75.00825,12.76707],[75.00286,12.78014],[75.00525,12.79097],[75.00216,12.79191],[74.99954,12.79067],[75.00249,12.7882],[74.99824,12.78661],[74.99931,12.78857],[74.99463,12.79055],[74.99123,12.79587],[74.98874,12.79591],[74.98753,12.7939],[74.98606,12.79607],[74.98606,12.79271],[74.98866,12.79283],[74.9924,12.78795],[74.98635,12.78229],[74.98323,12.78292],[74.98254,12.77997],[74.96655,12.7766],[74.96731,12.7796],[74.96443,12.78231],[74.9632,12.77923],[74.96028,12.77854],[74.95865,12.78494],[74.95054,12.78452],[74.94174,12.7802],[74.92545,12.77746],[74.91627,12.7712],[74.91124,12.77078],[74.89905,12.76244],[74.89313,12.76234],[74.88313,12.75398],[74.88021,12.75538],[74.87497,12.75447],[74.87218,12.76127],[74.86494,12.75932],[74.85404,12.78495],[74.84673,12.79495],[74.83681,12.82387],[74.83257,12.83123],[74.8335,12.8321],[74.83065,12.8404],[74.82472,12.84697],[74.82505,12.85126],[74.81767,12.885],[74.8158,12.88643],[74.81217,12.89764],[74.79467,12.98733],[74.78922,13.00621],[74.78481,13.03363],[74.7793,13.05539],[74.77696,13.07127],[74.77955,13.07148],[74.77675,13.0819],[74.78082,13.09092],[74.77744,13.10236],[74.78178,13.10456],[74.78611,13.0992],[74.79274,13.09673],[74.79721,13.10106],[74.79859,13.10807],[74.7964,13.11091],[74.79441,13.10875],[74.79133,13.11254],[74.79218,13.11747],[74.79571,13.1182],[74.80249,13.11417],[74.80641,13.11595],[74.80983,13.11335],[74.81223,13.11532],[74.81214,13.11862],[74.81437,13.12252],[74.82265,13.12392],[74.82605,13.12941],[74.83378,13.12986],[74.83368,13.12812],[74.83792,13.12911],[74.84239,13.12727],[74.84439,13.12946],[74.84697,13.12927],[74.84988,13.12615],[74.85545,13.12567],[74.85886,13.1275],[74.86225,13.12635],[74.86358,13.12211],[74.86823,13.12106],[74.87068,13.11293],[74.87315,13.11084],[74.8735,13.09984],[74.87867,13.09457],[74.8876,13.09856],[74.89258,13.10301],[74.89768,13.10483],[74.90082,13.1043],[74.90246,13.10775],[74.91162,13.10845],[74.91144,13.1102],[74.90853,13.11004],[74.908,13.11131],[74.9131,13.11362],[74.91379,13.11572],[74.91325,13.1195],[74.90736,13.1215],[74.90895,13.129],[74.91454,13.13165],[74.91902,13.1381],[74.93254,13.14698],[74.93491,13.14511],[74.93447,13.14245],[74.93639,13.14276],[74.93572,13.1414],[74.93995,13.14236],[74.94015,13.14377],[74.94249,13.14147],[74.94328,13.13959],[74.94127,13.14018],[74.94246,13.13818],[74.94099,13.13555],[74.94344,13.13443],[74.93919,13.13142],[74.94061,13.13178],[74.94958,13.12029],[74.94839,13.12002],[74.9523,13.11807],[74.95505,13.12057],[74.95889,13.11957],[74.96008,13.12266],[74.96337,13.12249],[74.97501,13.12755],[74.98684,13.14863],[74.99137,13.15032],[74.99449,13.15429],[74.99888,13.15143],[75.0,13.14868],[75.00207,13.14837],[75.00269,13.14559],[75.0167,13.13689],[75.01602,13.13187],[75.02586,13.1379],[75.02797,13.13708],[75.03249,13.13944],[75.03344,13.14224],[75.03593,13.14321],[75.05003,13.13551],[75.06655,13.1397],[75.06406,13.14668],[75.07348,13.14905],[75.07893,13.1464],[75.08107,13.15841],[75.09344,13.15976],[75.09535,13.16193],[75.10022,13.1599],[75.10027,13.15326],[75.10407,13.15382],[75.10321,13.15098],[75.10594,13.14743],[75.10568,13.14886],[75.11422,13.15039],[75.11154,13.14761],[75.11626,13.14107],[75.12066,13.13822],[75.11974,13.13447],[75.12144,13.13267],[75.12806,13.12979],[75.12989,13.13331],[75.13229,13.13211],[75.13626,13.1333],[75.13744,13.13089],[75.14008,13.13231],[75.14273,13.1302],[75.14474,13.13216],[75.14427,13.12612],[75.14872,13.12329],[75.15946,13.13017],[75.15938,13.13156],[75.16209,13.13008],[75.16904,13.14154],[75.17899,13.14978],[75.18448,13.16105],[75.19353,13.1587],[75.20703,13.15827],[75.20498,13.15462],[75.20762,13.15102],[75.212,13.1541],[75.21593,13.15461],[75.22308,13.14615],[75.22672,13.14708],[75.2302,13.14047],[75.23743,13.13891],[75.24374,13.12938],[75.2551,13.12932],[75.26267,13.12369],[75.26351,13.12511],[75.27078,13.12472],[75.27777,13.13177],[75.28095,13.12456],[75.28335,13.12575],[75.28508,13.12276],[75.28835,13.12265],[75.29089,13.12952],[75.29459,13.12693],[75.3039,13.12571],[75.3106,13.12944],[75.31144,13.13795],[75.31836,13.13967],[75.31943,13.14384],[75.3177,13.15058],[75.32194,13.15772],[75.3243,13.16592],[75.32643,13.16617],[75.32904,13.16408],[75.32976,13.16821],[75.33479,13.17315],[75.33563,13.17637],[75.33719,13.17595],[75.33984,13.17932],[75.34176,13.17898],[75.35405,13.18474],[75.35628,13.1873],[75.36326,13.18199],[75.37384,13.18247],[75.38424,13.17789],[75.3903,13.16918],[75.407,13.15807],[75.40757,13.15247],[75.40955,13.15008],[75.40733,13.13966],[75.41177,13.12495],[75.40996,13.11757],[75.4063,13.11175],[75.40961,13.11106],[75.41536,13.10555],[75.41883,13.10752],[75.42376,13.10612],[75.4268,13.11434],[75.43202,13.11747],[75.43224,13.12041],[75.43283,13.1202],[75.43328,13.11847],[75.44127,13.11435],[75.44392,13.10599],[75.449,13.10903],[75.45595,13.10957],[75.46995,13.09871],[75.47367,13.09397],[75.4665,13.08286],[75.46757,13.07678],[75.47221,13.07882],[75.47801,13.07678],[75.48043,13.08436],[75.48781,13.09024],[75.4917,13.08929],[75.50776,13.06922],[75.51872,13.06071],[75.51953,13.05855],[75.51489,13.05473],[75.52702,13.04937],[75.52734,13.04751],[75.52593,13.04527],[75.52628,13.03808],[75.52015,13.03045],[75.52063,13.02742],[75.52923,13.02504],[75.52995,13.01598],[75.53256,13.00914],[75.53002,13.00198],[75.5245,13.00205],[75.52736,12.9964],[75.52231,12.99102],[75.52067,12.98573],[75.50184,12.98111],[75.50963,12.98051],[75.51727,12.97],[75.52133,12.96819],[75.52374,12.97041],[75.52642,12.96929],[75.52813,12.9652],[75.53292,12.96208],[75.53306,12.95986],[75.53656,12.95997],[75.54693,12.95581],[75.55196,12.95186],[75.55339,12.95019],[75.55161,12.94577],[75.55349,12.94267],[75.55208,12.93573]]]},"properties":{"district":"Dakshina Kannada","kgis_name":"DAKSHINA KANNADA","region_id":"district_534","level":"district"}},{"type":"Feature","geometry":{"type":"Polygon","coordinates":[[[75.89416,13.81107],[75.89327,13.80704],[75.88629,13.80921],[75.87675,13.80919],[75.87228,13.83243],[75.86858,13.83986],[75.86568,13.85588],[75.86477,13.87255],[75.86969,13.90366],[75.86361,13.90636],[75.83273,13.96677],[75.83092,13.9748],[75.83199,13.98955],[75.82459,14.00626],[75.82465,14.01794],[75.82166,14.01798],[75.80871,14.024],[75.80306,14.0231],[75.79899,14.03345],[75.80205,14.04284],[75.81303,14.04755],[75.82098,14.06362],[75.82016,14.07034],[75.82272,14.07399],[75.81964,14.08377],[75.81352,14.09506],[75.81284,14.10376],[75.80405,14.09981],[75.77184,14.10094],[75.76812,14.10146],[75.76793,14.10928],[75.75708,14.11051],[75.75498,14.10898],[75.75287,14.102],[75.73856,14.10147],[75.73815,14.08707],[75.72103,14.08339],[75.72748,14.07683],[75.72581,14.07564],[75.70891,14.07246],[75.69375,14.07195],[75.68996,14.0697],[75.67887,14.06814],[75.67392,14.06567],[75.65136,14.07111],[75.6444,14.0751],[75.64298,14.07846],[75.64041,14.08],[75.6349,14.08022],[75.6323,14.07913],[75.63055,14.07449],[75.61805,14.07713],[75.61076,14.05979],[75.60506,14.05741],[75.6015,14.05842],[75.59996,14.06129],[75.59084,14.06355],[75.58547,14.05835],[75.58034,14.06281],[75.56882,14.06726],[75.55399,14.07892],[75.54785,14.077],[75.54343,14.08033],[75.54055,14.07966],[75.53881,14.08264],[75.53984,14.08477],[75.53321,14.09076],[75.53138,14.09778],[75.52958,14.09712],[75.53052,14.09495],[75.52876,14.09533],[75.52799,14.09329],[75.52495,14.09499],[75.52415,14.09369],[75.51086,14.10144],[75.50624,14.09884],[75.49083,14.0977],[75.48913,14.10356],[75.47701,14.09963],[75.46622,14.10477],[75.45537,14.09892],[75.43849,14.0985],[75.4399,14.10242],[75.43552,14.10558],[75.42696,14.10957],[75.39673,14.11806],[75.40097,14.12755],[75.41653,14.14254],[75.42025,14.14126],[75.42292,14.15048],[75.43285,14.15388],[75.43781,14.16021],[75.46205,14.17258],[75.48384,14.17713],[75.46901,14.19386],[75.45329,14.20515],[75.4651,14.21009],[75.47356,14.21023],[75.47398,14.21369],[75.50728,14.21891],[75.51791,14.20831],[75.51809,14.20549],[75.5209,14.20296],[75.52699,14.20311],[75.52867,14.21499],[75.52715,14.21773],[75.52653,14.22866],[75.53027,14.22916],[75.5289,14.23025],[75.52716,14.24433],[75.53067,14.27659],[75.54004,14.27741],[75.54925,14.27378],[75.55705,14.27404],[75.56097,14.27747],[75.57449,14.27636],[75.58319,14.27815],[75.58741,14.28881],[75.58993,14.28621],[75.59835,14.28989],[75.60035,14.29262],[75.6035,14.29307],[75.61094,14.31583],[75.63446,14.31483],[75.63477,14.32305],[75.63323,14.32651],[75.62807,14.32902],[75.62379,14.3385],[75.62243,14.34592],[75.62475,14.36333],[75.63634,14.39376],[75.64399,14.43118],[75.63423,14.43291],[75.6375,14.44172],[75.63314,14.44321],[75.63067,14.44593],[75.63661,14.46652],[75.65363,14.46352],[75.65829,14.45941],[75.66109,14.46047],[75.65973,14.45523],[75.66207,14.45152],[75.67401,14.46543],[75.68682,14.49129],[75.69952,14.49273],[75.70171,14.4911],[75.70852,14.47511],[75.71476,14.47292],[75.72289,14.47757],[75.73507,14.49498],[75.75064,14.51068],[75.75776,14.51481],[75.76721,14.51816],[75.77276,14.51846],[75.78309,14.51576],[75.79291,14.51044],[75.79918,14.51237],[75.79735,14.53147],[75.79994,14.54267],[75.8127,14.55501],[75.81963,14.56566],[75.81881,14.57215],[75.81059,14.58821],[75.80609,14.59372],[75.80445,14.59899],[75.80587,14.61169],[75.80942,14.61898],[75.80668,14.6196],[75.80768,14.63595],[75.81589,14.63674],[75.82032,14.6341],[75.82053,14.63215],[75.82307,14.63177],[75.83444,14.63594],[75.83711,14.63012],[75.83033,14.6154],[75.82985,14.61285],[75.83219,14.60728],[75.83584,14.60689],[75.83813,14.6083],[75.84173,14.60458],[75.84783,14.60865],[75.85152,14.60908],[75.85476,14.60722],[75.8581,14.60825],[75.85992,14.6139],[75.86191,14.61496],[75.86351,14.61366],[75.86611,14.61615],[75.86834,14.59373],[75.87354,14.59363],[75.88467,14.5897],[75.89436,14.57903],[75.90643,14.5733],[75.90879,14.57422],[75.91104,14.5712],[75.91024,14.56292],[75.92067,14.56424],[75.92463,14.5619],[75.93933,14.56043],[75.94209,14.55178],[75.94186,14.54203],[75.94457,14.5407],[75.94473,14.53255],[75.94786,14.52749],[75.94685,14.52377],[75.96609,14.51984],[76.00611,14.51762],[76.01893,14.52246],[76.02584,14.52263],[76.02768,14.52438],[76.02961,14.52138],[76.03708,14.52119],[76.03797,14.51912],[76.04889,14.51447],[76.05115,14.51276],[76.05273,14.50545],[76.06694,14.51119],[76.08832,14.51518],[76.08827,14.51814],[76.09717,14.52357],[76.12881,14.52705],[76.12843,14.52918],[76.13048,14.53224],[76.12839,14.53354],[76.12849,14.53554],[76.13008,14.53837],[76.13361,14.54015],[76.13049,14.54344],[76.12932,14.54991],[76.12385,14.55953],[76.12017,14.56243],[76.11437,14.5619],[76.11526,14.56807],[76.12743,14.57562],[76.12899,14.58345],[76.13151,14.58554],[76.13129,14.59444],[76.13912,14.59913],[76.13925,14.60195],[76.14124,14.60204],[76.13941,14.60533],[76.14013,14.61428],[76.14609,14.6149],[76.14453,14.62465],[76.14127,14.62584],[76.14232,14.62803],[76.13116,14.6304],[76.12955,14.63684],[76.12944,14.64938],[76.1227,14.65044],[76.12277,14.65214],[76.11878,14.65298],[76.11915,14.65646],[76.1127,14.65824],[76.11451,14.65926],[76.108,14.65986],[76.10859,14.67125],[76.11392,14.68302],[76.10948,14.68649],[76.11365,14.69002],[76.1146,14.69497],[76.12119,14.69986],[76.12731,14.70127],[76.12938,14.69944],[76.14041,14.70293],[76.1377,14.70024],[76.13948,14.69863],[76.13958,14.70063],[76.14545,14.70523],[76.1569,14.70426],[76.15731,14.70148],[76.1612,14.70083],[76.16095,14.70321],[76.1671,14.70079],[76.17503,14.70299],[76.18245,14.69951],[76.19359,14.69775],[76.19347,14.68144],[76.20507,14.67722],[76.22077,14.65768],[76.23047,14.64924],[76.23245,14.65216],[76.23945,14.67903],[76.24626,14.69392],[76.2499,14.69858],[76.25684,14.70099],[76.25766,14.69624],[76.27194,14.69575],[76.2734,14.68824],[76.27943,14.68505],[76.29037,14.68551],[76.30129,14.68991],[76.3119,14.68732],[76.31475,14.69205],[76.31924,14.69261],[76.33404,14.68822],[76.33786,14.68592],[76.34284,14.66572],[76.37372,14.66387],[76.37972,14.66199],[76.37554,14.65526],[76.37508,14.64632],[76.39018,14.64828],[76.39365,14.62677],[76.40122,14.62749],[76.4028,14.62376],[76.41702,14.6224],[76.42139,14.62472],[76.43294,14.61797],[76.4298,14.59359],[76.42756,14.58783],[76.42542,14.58806],[76.4237,14.58092],[76.44542,14.57967],[76.46174,14.5765],[76.46439,14.57385],[76.50533,14.56567],[76.51046,14.56033],[76.51641,14.54959],[76.5241,14.55272],[76.5278,14.54612],[76.53307,14.54327],[76.53388,14.54002],[76.52211,14.52423],[76.51366,14.52308],[76.50825,14.51627],[76.49395,14.5116],[76.48442,14.50491],[76.47231,14.50217],[76.46115,14.50485],[76.45727,14.48921],[76.45711,14.47847],[76.45516,14.46987],[76.45955,14.45747],[76.45991,14.45025],[76.43707,14.44728],[76.42392,14.44947],[76.42405,14.43811],[76.41465,14.43929],[76.40724,14.43593],[76.39564,14.43625],[76.39533,14.43033],[76.39287,14.43056],[76.3935,14.4279],[76.38379,14.4272],[76.38392,14.41925],[76.38113,14.41973],[76.37757,14.41769],[76.36987,14.42009],[76.35398,14.41932],[76.34915,14.41639],[76.34228,14.41712],[76.33789,14.41933],[76.33845,14.41498],[76.33131,14.40848],[76.2926,14.40865],[76.28187,14.4046],[76.27372,14.4089],[76.27057,14.42041],[76.26418,14.42483],[76.26401,14.43697],[76.26009,14.44446],[76.24829,14.44382],[76.23839,14.45046],[76.21881,14.44195],[76.20677,14.45708],[76.20277,14.45881],[76.17459,14.46242],[76.17273,14.46011],[76.17371,14.44795],[76.16427,14.44584],[76.14523,14.43188],[76.13607,14.42697],[76.14162,14.41827],[76.14263,14.41144],[76.14862,14.40796],[76.15349,14.397],[76.15541,14.37742],[76.15068,14.37632],[76.15101,14.3666],[76.15562,14.35837],[76.15512,14.34974],[76.15893,14.32952],[76.15661,14.3238],[76.15722,14.32107],[76.15373,14.31822],[76.1468,14.32126],[76.11673,14.32357],[76.10971,14.31737],[76.10924,14.31363],[76.10594,14.30891],[76.10873,14.30616],[76.1097,14.30187],[76.11518,14.30103],[76.12147,14.28954],[76.11684,14.27718],[76.12515,14.28242],[76.13004,14.28168],[76.13038,14.26883],[76.13489,14.26182],[76.13457,14.25608],[76.11799,14.25149],[76.07983,14.2471],[76.07251,14.22656],[76.0608,14.22226],[76.06417,14.21622],[76.06593,14.20638],[76.06427,14.20667],[76.06317,14.20375],[76.05801,14.20265],[76.05646,14.19146],[76.05732,14.18126],[76.06625,14.18149],[76.06503,14.17774],[76.06572,14.1706],[76.06424,14.17143],[76.06345,14.16903],[76.06384,14.15996],[76.04569,14.15544],[76.0466,14.14522],[76.04024,14.14334],[76.03569,14.13557],[76.03266,14.13443],[76.03347,14.12502],[76.032,14.12139],[76.03317,14.12023],[76.02792,14.11972],[76.02506,14.11309],[76.02635,14.10441],[76.02543,14.10026],[76.03494,14.09985],[76.03413,14.09583],[76.03269,14.09553],[76.03398,14.09081],[76.03693,14.09057],[76.0412,14.09453],[76.04771,14.09721],[76.05227,14.09401],[76.05485,14.08924],[76.05358,14.08179],[76.0557,14.07261],[76.05409,14.06167],[76.05176,14.06053],[76.0498,14.05486],[76.04852,14.04489],[76.04831,14.03803],[76.05116,14.03779],[76.05112,14.03001],[76.04804,14.01263],[76.04592,14.01316],[76.04303,13.99029],[76.04724,13.98252],[76.0498,13.9835],[76.05112,13.97882],[76.07238,13.98214],[76.06919,13.96757],[76.0689,13.94789],[76.06597,13.94136],[76.04661,13.94074],[76.04482,13.94202],[76.03242,13.92178],[76.02926,13.9204],[76.02852,13.89878],[76.0347,13.89752],[76.03317,13.88142],[76.02995,13.87498],[76.02736,13.87498],[76.02753,13.87188],[76.03003,13.87102],[76.03128,13.86859],[76.03043,13.86743],[76.02645,13.86804],[76.02492,13.86474],[76.02089,13.86225],[76.01716,13.86478],[76.016,13.8706],[76.01007,13.86517],[76.00601,13.86688],[75.9939,13.85036],[75.9884,13.84782],[75.97711,13.84878],[75.97507,13.85261],[75.96923,13.85348],[75.96907,13.85499],[75.96383,13.84558],[75.95846,13.84297],[75.95838,13.84028],[75.9558,13.83999],[75.95514,13.83746],[75.95295,13.83708],[75.94784,13.83069],[75.95035,13.82488],[75.94947,13.82008],[75.95303,13.81795],[75.95223,13.81587],[75.94716,13.81715],[75.94621,13.81395],[75.94,13.81269],[75.92655,13.81367],[75.91938,13.80736],[75.90722,13.80679],[75.90196,13.80907],[75.90209,13.8126],[75.89416,13.81107]]]},"properties":{"district":"Davanagere","kgis_name":"DAVANGERE","region_id":"district_535","level":"district"}},{"type":"Feature","geometry":{"type":"Polygon","coordinates":[[[75.02852,15.67006],[75.04671,15.67059],[75.04978,15.68288],[75.0594,15.68303],[75.061,15.67299],[75.06315,15.66941],[75.05579,15.63273],[75.06197,15.63022],[75.06459,15.62755],[75.06404,15.62511],[75.08022,15.62246],[75.08247,15.61712],[75.08565,15.6158],[75.08678,15.6126],[75.0898,15.61201],[75.09219,15.60853],[75.09653,15.62575],[75.10064,15.66204],[75.10474,15.66138],[75.107,15.6723],[75.12327,15.66843],[75.12298,15.66648],[75.12884,15.66506],[75.13233,15.66052],[75.13903,15.66004],[75.14021,15.65836],[75.14711,15.66072],[75.14915,15.65902],[75.15095,15.66154],[75.15514,15.65949],[75.17159,15.66055],[75.18039,15.65613],[75.18354,15.65772],[75.18589,15.65563],[75.18687,15.64929],[75.20239,15.64921],[75.20327,15.68143],[75.2184,15.68123],[75.21806,15.67729],[75.23618,15.67915],[75.2488,15.64712],[75.27297,15.64828],[75.27176,15.66167],[75.27735,15.68927],[75.28775,15.6914],[75.29503,15.69177],[75.30496,15.68673],[75.31148,15.68112],[75.33665,15.67396],[75.33603,15.64794],[75.35995,15.6457],[75.36257,15.66895],[75.38563,15.66511],[75.40683,15.65541],[75.41154,15.65545],[75.41728,15.66143],[75.42435,15.66269],[75.42345,15.66836],[75.44533,15.67299],[75.44527,15.67577],[75.44397,15.67603],[75.44654,15.68101],[75.45021,15.67787],[75.45154,15.6812],[75.45384,15.68207],[75.45467,15.68042],[75.46969,15.68347],[75.47263,15.68724],[75.46885,15.7016],[75.48736,15.70332],[75.50054,15.66078],[75.5023,15.64747],[75.54557,15.64829],[75.55429,15.64692],[75.54981,15.62825],[75.54892,15.6131],[75.54372,15.61243],[75.54176,15.60099],[75.54049,15.60029],[75.54098,15.59718],[75.53773,15.59127],[75.53455,15.591],[75.53021,15.5664],[75.52824,15.56659],[75.52938,15.53794],[75.50534,15.53033],[75.48265,15.53181],[75.4799,15.52863],[75.47992,15.52522],[75.4766,15.51995],[75.4736,15.51972],[75.47104,15.49311],[75.48688,15.4893],[75.49473,15.47017],[75.49269,15.4648],[75.49261,15.44779],[75.49875,15.42313],[75.49201,15.37879],[75.49322,15.36851],[75.49042,15.36785],[75.4899,15.3724],[75.4859,15.37189],[75.48502,15.37808],[75.48142,15.37858],[75.48068,15.38755],[75.48221,15.39291],[75.46959,15.39703],[75.46863,15.38555],[75.4453,15.3863],[75.44847,15.35916],[75.45455,15.3603],[75.45736,15.34187],[75.4535,15.34139],[75.44942,15.32749],[75.44996,15.30144],[75.42578,15.30188],[75.4257,15.29976],[75.41225,15.30017],[75.41029,15.28535],[75.40611,15.2841],[75.40639,15.27814],[75.41643,15.27953],[75.41676,15.27565],[75.40214,15.27325],[75.40231,15.26048],[75.40461,15.26077],[75.40599,15.26346],[75.41181,15.26452],[75.41653,15.26218],[75.41747,15.25588],[75.41413,15.25076],[75.416,15.23424],[75.42165,15.23511],[75.42277,15.22628],[75.44042,15.22729],[75.44635,15.21735],[75.44933,15.20803],[75.43359,15.20967],[75.43266,15.19879],[75.39827,15.20083],[75.39766,15.18703],[75.4002,15.17338],[75.39449,15.17266],[75.39552,15.16517],[75.40545,15.16562],[75.40592,15.16223],[75.41191,15.16208],[75.41588,15.1421],[75.42881,15.12659],[75.42981,15.11623],[75.43403,15.10796],[75.43273,15.1043],[75.42252,15.09871],[75.42433,15.09151],[75.42011,15.09047],[75.42038,15.08576],[75.41663,15.08493],[75.41827,15.06561],[75.41664,15.05906],[75.40154,15.06014],[75.3748,15.05032],[75.36697,15.05041],[75.35698,15.06594],[75.35211,15.06402],[75.34672,15.06464],[75.33927,15.06987],[75.33433,15.08154],[75.33978,15.08672],[75.33905,15.09109],[75.34972,15.09429],[75.35044,15.10174],[75.33956,15.1067],[75.33694,15.11162],[75.33734,15.14685],[75.33541,15.16133],[75.3277,15.15785],[75.30562,15.15406],[75.3059,15.13834],[75.28666,15.13677],[75.28829,15.12931],[75.27208,15.12201],[75.26976,15.11876],[75.25874,15.1176],[75.25767,15.09838],[75.25238,15.09802],[75.25061,15.10732],[75.2391,15.1068],[75.23873,15.10938],[75.22561,15.10715],[75.22506,15.10019],[75.19854,15.10046],[75.18817,15.09856],[75.18656,15.10399],[75.15788,15.10195],[75.15841,15.11051],[75.15265,15.10878],[75.15281,15.10721],[75.14392,15.10602],[75.14407,15.10355],[75.1392,15.10237],[75.13869,15.10549],[75.13667,15.10654],[75.13742,15.10922],[75.13365,15.11812],[75.13739,15.11986],[75.13862,15.12547],[75.13743,15.12569],[75.13717,15.1294],[75.14155,15.13308],[75.14536,15.13373],[75.14975,15.14133],[75.14855,15.14247],[75.15293,15.14564],[75.15035,15.14933],[75.14662,15.15024],[75.14431,15.15587],[75.14063,15.15906],[75.13506,15.15726],[75.13516,15.15198],[75.13121,15.1454],[75.12708,15.14436],[75.12603,15.14574],[75.12186,15.14032],[75.11809,15.14107],[75.1106,15.13849],[75.10485,15.14069],[75.10724,15.13921],[75.10631,15.13041],[75.10967,15.12952],[75.1146,15.12145],[75.11349,15.11727],[75.09514,15.114],[75.09516,15.11025],[75.07796,15.11043],[75.08035,15.09942],[75.08018,15.09089],[75.08247,15.08586],[75.08076,15.07706],[75.08175,15.07441],[75.07092,15.07044],[75.05828,15.07135],[75.05459,15.07308],[75.05353,15.08264],[75.04577,15.08161],[75.04325,15.07936],[75.03546,15.07884],[75.03208,15.07722],[75.03224,15.0746],[75.03065,15.07462],[75.03035,15.07309],[75.02543,15.07313],[75.02274,15.07028],[75.01998,15.07005],[75.01839,15.07265],[75.01289,15.06812],[75.00737,15.07132],[75.00525,15.06974],[75.00238,15.07112],[74.99854,15.06974],[74.99175,15.07361],[74.98604,15.07299],[74.98605,15.07123],[74.9789,15.06891],[74.97388,15.07049],[74.9633,15.06937],[74.96318,15.06795],[74.95842,15.06645],[74.95731,15.0641],[74.95074,15.06766],[74.94421,15.06423],[74.94027,15.06658],[74.93942,15.05719],[74.942,15.05597],[74.94011,15.05188],[74.93144,15.05193],[74.93038,15.04926],[74.92417,15.04839],[74.92273,15.04478],[74.91884,15.04415],[74.9163,15.03869],[74.91037,15.04029],[74.90787,15.04972],[74.89174,15.0446],[74.88894,15.04992],[74.89049,15.05221],[74.88613,15.06307],[74.88738,15.06638],[74.87737,15.07377],[74.88163,15.08659],[74.88997,15.09067],[74.89256,15.09663],[74.89034,15.09934],[74.88051,15.10036],[74.86475,15.10513],[74.85836,15.10421],[74.85308,15.11228],[74.85402,15.11405],[74.85166,15.11759],[74.85185,15.12127],[74.84872,15.12313],[74.845,15.12197],[74.84375,15.12676],[74.83966,15.13034],[74.83129,15.13303],[74.83083,15.13821],[74.82895,15.13968],[74.83793,15.14405],[74.83502,15.14874],[74.84262,15.15532],[74.84147,15.15684],[74.84445,15.1607],[74.8481,15.16274],[74.85014,15.17106],[74.86256,15.17879],[74.86242,15.18216],[74.86516,15.18228],[74.8648,15.18655],[74.86947,15.18866],[74.8712,15.1913],[74.87753,15.19304],[74.87384,15.20422],[74.87541,15.2053],[74.87238,15.21616],[74.88268,15.22354],[74.88567,15.22798],[74.88576,15.23296],[74.89868,15.24029],[74.9016,15.24507],[74.91021,15.25183],[74.90619,15.27991],[74.89711,15.30131],[74.89447,15.2991],[74.88931,15.30463],[74.88536,15.29995],[74.88142,15.29808],[74.875,15.30016],[74.87801,15.30874],[74.8776,15.31404],[74.8756,15.31602],[74.87746,15.31703],[74.86106,15.32759],[74.85482,15.3405],[74.8484,15.34038],[74.84485,15.33597],[74.83565,15.33471],[74.82776,15.34136],[74.82533,15.34524],[74.82457,15.35481],[74.81902,15.3708],[74.82373,15.37319],[74.83058,15.37346],[74.82034,15.3849],[74.80973,15.37926],[74.79526,15.37765],[74.78682,15.38332],[74.78158,15.39419],[74.76928,15.40145],[74.76629,15.40051],[74.76561,15.39834],[74.7646,15.40153],[74.77047,15.40702],[74.76768,15.41082],[74.76805,15.41738],[74.76288,15.4164],[74.7574,15.41105],[74.74837,15.41057],[74.7457,15.41263],[74.74092,15.41155],[74.74088,15.41925],[74.73811,15.42189],[74.73338,15.42262],[74.72939,15.43123],[74.73166,15.43372],[74.72993,15.4357],[74.73644,15.44043],[74.73547,15.44417],[74.73916,15.44529],[74.74008,15.4479],[74.73832,15.44897],[74.74243,15.45179],[74.74339,15.46056],[74.74182,15.46177],[74.74391,15.46312],[74.74274,15.46383],[74.74346,15.46606],[74.73615,15.46591],[74.73212,15.46933],[74.72877,15.47574],[74.73094,15.47679],[74.73064,15.47903],[74.72933,15.47915],[74.7301,15.48201],[74.7279,15.48313],[74.72891,15.48374],[74.72667,15.48796],[74.7379,15.49043],[74.74252,15.49413],[74.74837,15.49537],[74.74987,15.49071],[74.75439,15.48807],[74.75318,15.48511],[74.75629,15.47953],[74.75563,15.47672],[74.75901,15.47425],[74.76006,15.47098],[74.76132,15.4701],[74.76433,15.47339],[74.76877,15.47069],[74.77826,15.45853],[74.78536,15.47138],[74.78686,15.47836],[74.78597,15.48598],[74.79273,15.48604],[74.79492,15.49049],[74.79865,15.49353],[74.79724,15.49759],[74.79929,15.49738],[74.7996,15.49899],[74.80361,15.49649],[74.80547,15.49741],[74.80196,15.50151],[74.8059,15.50113],[74.81437,15.50397],[74.80921,15.51077],[74.81075,15.52033],[74.79706,15.54759],[74.80748,15.5507],[74.80797,15.55346],[74.81101,15.55427],[74.81214,15.55686],[74.82031,15.56204],[74.82002,15.56562],[74.82313,15.56636],[74.82344,15.56786],[74.84091,15.57459],[74.83792,15.57708],[74.8358,15.58537],[74.83218,15.59087],[74.82999,15.59008],[74.82852,15.60848],[74.83008,15.60999],[74.83865,15.61201],[74.8402,15.60829],[74.84671,15.6082],[74.85567,15.61104],[74.8563,15.61255],[74.87803,15.61706],[74.87764,15.62218],[74.87832,15.62121],[74.88195,15.62358],[74.88722,15.62982],[74.89203,15.63069],[74.91249,15.63049],[74.92459,15.62433],[74.93224,15.62264],[74.94488,15.62245],[74.95622,15.62577],[74.9652,15.62641],[74.96424,15.64541],[74.96694,15.65308],[74.97866,15.64829],[74.99162,15.65096],[75.01944,15.64487],[75.02339,15.65213],[75.02743,15.65187],[75.02852,15.67006]]]},"properties":{"district":"Dharwad","kgis_name":"DHARWAD","region_id":"district_536","level":"district"}},{"type":"Feature","geometry":{"type":"Polygon","coordinates":[[[75.30334,15.78569],[75.303,15.81242],[75.32007,15.81283],[75.32074,15.81054],[75.33025,15.81488],[75.33302,15.81663],[75.32999,15.82453],[75.339,15.82768],[75.34101,15.80473],[75.36469,15.80447],[75.3657,15.81403],[75.37538,15.84605],[75.38241,15.84353],[75.38195,15.8403],[75.38521,15.83855],[75.39876,15.8396],[75.40301,15.84186],[75.40583,15.83905],[75.40816,15.83896],[75.41156,15.84115],[75.42487,15.84235],[75.42404,15.82551],[75.41383,15.78419],[75.43621,15.77812],[75.4395,15.79505],[75.44738,15.7936],[75.45118,15.81105],[75.45307,15.81062],[75.45526,15.81814],[75.45787,15.81793],[75.45763,15.86142],[75.45113,15.86183],[75.45303,15.88166],[75.44924,15.88459],[75.44935,15.88718],[75.46201,15.88814],[75.4617,15.88574],[75.45925,15.8838],[75.46148,15.87913],[75.46605,15.8811],[75.46718,15.88023],[75.46629,15.87696],[75.47598,15.87568],[75.47398,15.87458],[75.475,15.87255],[75.47902,15.87106],[75.48154,15.872],[75.4788,15.8744],[75.4798,15.87663],[75.482,15.87642],[75.48321,15.87343],[75.48869,15.87631],[75.48973,15.87458],[75.49624,15.87273],[75.50489,15.86247],[75.50301,15.86142],[75.50224,15.8581],[75.50674,15.85658],[75.50757,15.86053],[75.50824,15.86067],[75.5191,15.8584],[75.52073,15.85318],[75.51837,15.85182],[75.51446,15.85297],[75.51286,15.85036],[75.52114,15.84655],[75.52149,15.84197],[75.52364,15.84113],[75.52647,15.84301],[75.53093,15.84183],[75.52919,15.83541],[75.54689,15.83656],[75.55392,15.8343],[75.55568,15.83303],[75.55436,15.82943],[75.55058,15.8271],[75.55191,15.8247],[75.55924,15.82978],[75.56011,15.83564],[75.56375,15.8373],[75.56996,15.83612],[75.56951,15.83378],[75.56621,15.8339],[75.56484,15.8311],[75.57637,15.83041],[75.57517,15.82527],[75.57673,15.82426],[75.58655,15.83354],[75.58611,15.83468],[75.59474,15.82962],[75.60332,15.82887],[75.6063,15.83107],[75.60785,15.82787],[75.60604,15.82532],[75.61556,15.82385],[75.61593,15.82136],[75.61864,15.82136],[75.62073,15.83597],[75.62669,15.83285],[75.62882,15.83491],[75.63206,15.83447],[75.63132,15.8318],[75.63467,15.8333],[75.63676,15.84186],[75.64388,15.84175],[75.64225,15.83334],[75.64544,15.83123],[75.64975,15.83157],[75.65519,15.82796],[75.6583,15.82927],[75.66354,15.83712],[75.66929,15.83758],[75.67205,15.83666],[75.67425,15.83033],[75.67566,15.83019],[75.67428,15.8239],[75.67638,15.82222],[75.68065,15.82318],[75.68114,15.83],[75.68753,15.83096],[75.6913,15.82689],[75.69593,15.82488],[75.70565,15.82724],[75.70689,15.82942],[75.71502,15.82737],[75.72145,15.81827],[75.73607,15.81655],[75.73587,15.81398],[75.74371,15.81296],[75.75144,15.81569],[75.77968,15.81733],[75.77769,15.82118],[75.77722,15.82747],[75.77407,15.82795],[75.77593,15.83399],[75.77651,15.8477],[75.78021,15.85322],[75.78726,15.84878],[75.79371,15.84962],[75.79749,15.84764],[75.80496,15.85104],[75.8097,15.85108],[75.8121,15.84714],[75.8201,15.85125],[75.82083,15.84541],[75.82666,15.8422],[75.82547,15.83836],[75.84888,15.83801],[75.87097,15.82966],[75.90042,15.80966],[75.90858,15.80746],[75.9277,15.79161],[75.93818,15.79074],[75.96137,15.78485],[75.96328,15.78843],[75.96388,15.79513],[75.96782,15.79424],[75.97663,15.80074],[75.98299,15.80232],[75.98845,15.80155],[75.99016,15.786],[75.99166,15.78559],[75.99342,15.78109],[76.00993,15.78411],[76.01252,15.77982],[76.01858,15.77906],[76.01982,15.77579],[76.02681,15.77426],[76.03423,15.77027],[76.03912,15.77108],[76.04058,15.76324],[76.03764,15.76135],[76.03468,15.75505],[76.03993,15.75441],[76.03982,15.74717],[76.03704,15.73703],[76.04346,15.73643],[76.0431,15.72727],[76.04496,15.72407],[76.04304,15.72007],[76.03996,15.71738],[76.03028,15.71519],[76.02249,15.70924],[76.01891,15.71521],[76.00476,15.71574],[76.00422,15.71191],[75.99862,15.70835],[75.99236,15.7072],[75.9867,15.69613],[75.98369,15.69353],[75.98326,15.69002],[75.98689,15.68947],[75.98398,15.68057],[75.9824,15.66675],[75.99106,15.67089],[75.99437,15.67892],[76.0156,15.67976],[76.0158,15.67186],[76.01087,15.66216],[75.98176,15.66409],[75.97743,15.66272],[75.96725,15.6647],[75.96743,15.66967],[75.96617,15.6698],[75.96724,15.67932],[75.96127,15.6773],[75.94363,15.67726],[75.93981,15.68358],[75.93946,15.69379],[75.92539,15.69252],[75.91492,15.69806],[75.91599,15.71024],[75.92067,15.72603],[75.90967,15.7317],[75.91017,15.74366],[75.90156,15.7494],[75.89715,15.75042],[75.89267,15.73911],[75.88683,15.73815],[75.88514,15.73605],[75.88213,15.73695],[75.8897,15.7278],[75.88727,15.71746],[75.87016,15.715],[75.87057,15.67328],[75.88455,15.67193],[75.88724,15.66846],[75.88872,15.65378],[75.88601,15.63386],[75.89453,15.63223],[75.89393,15.62499],[75.89835,15.62434],[75.89769,15.60591],[75.895,15.60618],[75.8949,15.60224],[75.88215,15.5996],[75.88289,15.59573],[75.87901,15.59532],[75.87866,15.59732],[75.86643,15.59553],[75.86797,15.5803],[75.86748,15.56105],[75.85995,15.51371],[75.84986,15.51568],[75.84906,15.51289],[75.83222,15.5099],[75.83151,15.50708],[75.81866,15.50819],[75.82317,15.49681],[75.81452,15.49556],[75.81559,15.48706],[75.80918,15.48778],[75.81059,15.47559],[75.81248,15.46729],[75.81841,15.46905],[75.81935,15.4561],[75.82497,15.45325],[75.82327,15.45161],[75.83235,15.44732],[75.83641,15.44715],[75.83985,15.44296],[75.84394,15.44422],[75.84751,15.44283],[75.85063,15.44506],[75.85162,15.44365],[75.85831,15.44367],[75.85932,15.42302],[75.86478,15.42301],[75.86536,15.40803],[75.88646,15.40817],[75.904,15.40278],[75.90187,15.37543],[75.90297,15.35379],[75.88811,15.35302],[75.88911,15.33681],[75.89131,15.33722],[75.8913,15.325],[75.89297,15.31901],[75.88985,15.31131],[75.88968,15.29956],[75.8876,15.29745],[75.88911,15.29585],[75.8897,15.28733],[75.8918,15.28629],[75.89254,15.2821],[75.89853,15.2757],[75.89486,15.27402],[75.89941,15.25459],[75.90001,15.24557],[75.90174,15.24571],[75.90391,15.2393],[75.91203,15.24079],[75.91493,15.22902],[75.92436,15.20575],[75.92604,15.19468],[75.9247,15.18257],[75.94788,15.17291],[75.9514,15.13708],[75.94555,15.13683],[75.93603,15.14006],[75.92825,15.14062],[75.91536,15.13522],[75.9107,15.1353],[75.9022,15.13041],[75.90211,15.12584],[75.89787,15.11778],[75.89288,15.11556],[75.88743,15.11052],[75.88493,15.10413],[75.88586,15.09935],[75.88855,15.09554],[75.90827,15.07908],[75.90949,15.07328],[75.9056,15.05755],[75.90127,15.0549],[75.88407,15.05282],[75.87771,15.03936],[75.87217,15.03494],[75.85836,15.03657],[75.85417,15.03926],[75.85114,15.04374],[75.84769,15.04462],[75.83713,15.03992],[75.83461,15.03115],[75.83078,15.02813],[75.81614,15.02808],[75.8091,15.0263],[75.81013,15.0255],[75.80741,15.02436],[75.79966,15.01377],[75.78854,15.00639],[75.78378,14.9995],[75.77965,14.98825],[75.7803,14.98247],[75.77894,14.97699],[75.7612,14.96676],[75.75469,14.95684],[75.7412,14.94467],[75.7343,14.94433],[75.72138,14.95066],[75.70123,14.94694],[75.69502,14.96754],[75.68877,14.97516],[75.68203,14.97721],[75.66658,14.98743],[75.64126,14.99155],[75.63219,14.9915],[75.62958,14.98391],[75.61781,14.98087],[75.61877,14.97416],[75.60964,14.97351],[75.60873,14.96809],[75.61113,14.95811],[75.60402,14.9565],[75.60276,14.95464],[75.59577,14.95587],[75.58965,14.95851],[75.58361,14.96859],[75.56469,14.97168],[75.56366,14.97466],[75.56559,14.97638],[75.56524,14.97954],[75.5413,14.97832],[75.54096,14.99015],[75.54337,14.99928],[75.54238,15.01501],[75.53802,15.01912],[75.54065,15.0205],[75.53332,15.03458],[75.5205,15.03302],[75.50757,15.04395],[75.49472,15.0464],[75.47617,15.04389],[75.46815,15.04696],[75.46075,15.04378],[75.4604,15.04982],[75.45193,15.04945],[75.45064,15.05931],[75.44891,15.06036],[75.41683,15.06127],[75.41827,15.06561],[75.41663,15.08493],[75.42038,15.08576],[75.42011,15.09047],[75.42433,15.09151],[75.42252,15.09871],[75.43273,15.1043],[75.43403,15.10796],[75.42981,15.11623],[75.42881,15.12659],[75.41588,15.1421],[75.41191,15.16208],[75.40592,15.16223],[75.40545,15.16562],[75.39552,15.16517],[75.39449,15.17266],[75.4002,15.17338],[75.39766,15.18703],[75.39827,15.20083],[75.43266,15.19879],[75.43359,15.20967],[75.44933,15.20803],[75.44635,15.21735],[75.44042,15.22729],[75.42277,15.22628],[75.42165,15.23511],[75.416,15.23424],[75.41413,15.25076],[75.41747,15.25588],[75.41653,15.26218],[75.41181,15.26452],[75.40599,15.26346],[75.40461,15.26077],[75.40231,15.26048],[75.40214,15.27325],[75.41676,15.27565],[75.41643,15.27953],[75.40639,15.27814],[75.40611,15.2841],[75.41029,15.28535],[75.41225,15.30017],[75.4257,15.29976],[75.42578,15.30188],[75.44996,15.30144],[75.44942,15.32749],[75.4535,15.34139],[75.45736,15.34187],[75.45455,15.3603],[75.44847,15.35916],[75.4453,15.3863],[75.46863,15.38555],[75.46959,15.39703],[75.48221,15.39291],[75.48068,15.38755],[75.48142,15.37858],[75.48502,15.37808],[75.4859,15.37189],[75.4899,15.3724],[75.49042,15.36785],[75.49322,15.36851],[75.49201,15.37879],[75.49875,15.42313],[75.49261,15.44779],[75.49269,15.4648],[75.49473,15.47017],[75.48688,15.4893],[75.47104,15.49311],[75.4736,15.51972],[75.4766,15.51995],[75.47992,15.52522],[75.4799,15.52863],[75.48265,15.53181],[75.50534,15.53033],[75.52938,15.53794],[75.52824,15.56659],[75.53021,15.5664],[75.53455,15.591],[75.53773,15.59127],[75.54098,15.59718],[75.54049,15.60029],[75.54176,15.60099],[75.54372,15.61243],[75.54892,15.6131],[75.54981,15.62825],[75.55429,15.64692],[75.54557,15.64829],[75.5023,15.64747],[75.50054,15.66078],[75.48736,15.70332],[75.46885,15.7016],[75.47263,15.68724],[75.46969,15.68347],[75.45467,15.68042],[75.45384,15.68207],[75.45154,15.6812],[75.45021,15.67787],[75.44654,15.68101],[75.44397,15.67603],[75.44527,15.67577],[75.44533,15.67299],[75.42345,15.66836],[75.42435,15.66269],[75.41728,15.66143],[75.41338,15.65607],[75.40683,15.65541],[75.38563,15.66511],[75.36257,15.66895],[75.35995,15.6457],[75.33603,15.64794],[75.33665,15.67396],[75.31148,15.68112],[75.30496,15.68673],[75.29503,15.69177],[75.27855,15.68992],[75.27665,15.7221],[75.27611,15.72345],[75.27365,15.72319],[75.27523,15.74067],[75.29309,15.74144],[75.29289,15.72842],[75.2998,15.7278],[75.31377,15.73033],[75.31734,15.74345],[75.31757,15.76421],[75.30536,15.7664],[75.30334,15.78569]]]},"properties":{"district":"Gadag","kgis_name":"GADAG","region_id":"district_537","level":"district"}},{"type":"Feature","geometry":{"type":"Polygon","coordinates":[[[75.59481,12.94419],[75.60256,12.95758],[75.60195,12.96432],[75.60904,12.98062],[75.61945,12.99118],[75.62454,13.00227],[75.63145,13.01126],[75.63756,13.01103],[75.6389,13.01339],[75.63838,13.01811],[75.64058,13.0194],[75.63997,13.02484],[75.64356,13.02723],[75.64295,13.03158],[75.64603,13.03214],[75.64759,13.02733],[75.6499,13.02631],[75.65619,13.02928],[75.65805,13.02517],[75.66136,13.02632],[75.6661,13.03137],[75.66718,13.03],[75.67299,13.02974],[75.67404,13.0246],[75.67502,13.02565],[75.67385,13.02977],[75.67869,13.03179],[75.68114,13.03029],[75.68278,13.03123],[75.68212,13.03364],[75.68377,13.03595],[75.68663,13.03251],[75.69033,13.0333],[75.68807,13.03682],[75.69032,13.04396],[75.69593,13.04605],[75.69679,13.03693],[75.70155,13.0356],[75.71017,13.03706],[75.71692,13.03091],[75.72521,13.03208],[75.72352,13.02823],[75.72476,13.0253],[75.72763,13.0238],[75.74052,13.02985],[75.74001,13.03653],[75.74073,13.04156],[75.74203,13.0415],[75.73929,13.05019],[75.74197,13.05436],[75.74055,13.05962],[75.74258,13.0711],[75.73512,13.08614],[75.7267,13.0959],[75.72795,13.1049],[75.73608,13.11067],[75.73903,13.11048],[75.74047,13.11347],[75.73926,13.11536],[75.73788,13.11493],[75.73611,13.12232],[75.74853,13.13035],[75.75188,13.13336],[75.75217,13.13528],[75.75052,13.13574],[75.7538,13.13721],[75.75125,13.1461],[75.74943,13.1455],[75.74443,13.15047],[75.74032,13.14858],[75.73585,13.15353],[75.73458,13.15994],[75.73037,13.16357],[75.7309,13.17039],[75.72783,13.18328],[75.73261,13.18666],[75.73489,13.19492],[75.7432,13.20741],[75.74743,13.20684],[75.74864,13.20528],[75.75021,13.20621],[75.75248,13.21231],[75.75855,13.21807],[75.76182,13.21756],[75.76643,13.21199],[75.77008,13.214],[75.7729,13.21295],[75.7753,13.2166],[75.7792,13.20995],[75.78955,13.21435],[75.79374,13.21369],[75.79911,13.21617],[75.80559,13.21563],[75.80991,13.22179],[75.80962,13.23075],[75.81299,13.23074],[75.80764,13.2469],[75.80943,13.25474],[75.80735,13.25885],[75.81341,13.26086],[75.81363,13.25846],[75.81845,13.25933],[75.81834,13.25774],[75.82486,13.25295],[75.83082,13.25744],[75.83581,13.2522],[75.84027,13.25135],[75.84741,13.25656],[75.85165,13.25713],[75.85167,13.25855],[75.85695,13.25837],[75.85766,13.25689],[75.85534,13.25582],[75.8556,13.25385],[75.86032,13.25361],[75.85988,13.24423],[75.86303,13.24271],[75.86086,13.24103],[75.86162,13.2402],[75.87105,13.2465],[75.87523,13.25253],[75.87744,13.26065],[75.88184,13.25994],[75.90017,13.26612],[75.90482,13.25788],[75.91017,13.26115],[75.91205,13.26035],[75.91532,13.26176],[75.91959,13.25699],[75.93742,13.25621],[75.94118,13.25859],[75.97172,13.26212],[75.98448,13.26664],[75.98558,13.26624],[75.98423,13.26561],[75.98449,13.26381],[75.98483,13.26505],[75.98857,13.26447],[75.99014,13.25991],[76.01478,13.26156],[76.01754,13.25771],[76.01787,13.25003],[76.02116,13.25179],[76.03669,13.24952],[76.04062,13.26404],[76.03883,13.26645],[76.04213,13.26608],[76.04055,13.26774],[76.04313,13.27563],[76.04008,13.28328],[76.03946,13.29388],[76.03714,13.29482],[76.03734,13.30033],[76.03323,13.30168],[76.03368,13.31349],[76.03672,13.32013],[76.03207,13.32134],[76.03435,13.33298],[76.03292,13.33658],[76.03451,13.33731],[76.029,13.34545],[76.03222,13.34597],[76.04195,13.36521],[76.03896,13.36775],[76.04166,13.3742],[76.05611,13.38161],[76.07807,13.3744],[76.08181,13.37175],[76.08909,13.37167],[76.08714,13.37593],[76.0891,13.39244],[76.09851,13.39377],[76.0985,13.39152],[76.1106,13.39619],[76.11118,13.40055],[76.12358,13.40154],[76.12953,13.40011],[76.12954,13.40401],[76.1394,13.40657],[76.14081,13.40954],[76.13858,13.41266],[76.13875,13.41635],[76.1395,13.41983],[76.14116,13.42052],[76.13905,13.427],[76.14008,13.43603],[76.13617,13.44427],[76.13826,13.44298],[76.14683,13.44822],[76.15141,13.45796],[76.15837,13.45982],[76.16203,13.46959],[76.19403,13.46876],[76.19244,13.4608],[76.18709,13.45239],[76.19349,13.45176],[76.19335,13.45022],[76.19955,13.4508],[76.19987,13.46096],[76.19811,13.46933],[76.22661,13.46747],[76.23208,13.46888],[76.23439,13.48041],[76.22953,13.4847],[76.23815,13.49543],[76.23355,13.50702],[76.26097,13.51156],[76.26232,13.50532],[76.26879,13.5065],[76.29253,13.50468],[76.29118,13.5074],[76.29372,13.52718],[76.29553,13.52758],[76.29646,13.5249],[76.30071,13.52174],[76.30346,13.52446],[76.30679,13.52446],[76.30679,13.5258],[76.31205,13.52545],[76.31095,13.52932],[76.31588,13.53193],[76.31656,13.53908],[76.31758,13.53921],[76.31824,13.53639],[76.32131,13.53721],[76.32343,13.53069],[76.33035,13.52143],[76.34305,13.51342],[76.34507,13.51374],[76.34813,13.51813],[76.3491,13.52537],[76.35215,13.52523],[76.35324,13.52695],[76.36249,13.53035],[76.36411,13.54539],[76.36641,13.54829],[76.37045,13.54786],[76.37548,13.5424],[76.38786,13.53439],[76.39534,13.53599],[76.39775,13.52816],[76.40042,13.52636],[76.42469,13.52394],[76.41969,13.51996],[76.41541,13.50912],[76.41045,13.50798],[76.40906,13.50551],[76.39748,13.50548],[76.39685,13.49502],[76.40115,13.49158],[76.40525,13.4912],[76.40782,13.48435],[76.41531,13.48119],[76.41187,13.47919],[76.41095,13.46928],[76.40768,13.45948],[76.41946,13.44958],[76.4065,13.43175],[76.40427,13.43101],[76.40547,13.42741],[76.40066,13.42301],[76.39742,13.40423],[76.38967,13.39454],[76.39246,13.39048],[76.39351,13.37884],[76.386,13.3699],[76.38362,13.37112],[76.38209,13.3702],[76.38358,13.36678],[76.38287,13.36397],[76.3492,13.36151],[76.34595,13.35993],[76.34659,13.34498],[76.34887,13.33663],[76.35244,13.33087],[76.34898,13.31827],[76.34767,13.30192],[76.34963,13.29653],[76.34707,13.29749],[76.35723,13.28682],[76.35761,13.27604],[76.3551,13.26393],[76.35842,13.26177],[76.35664,13.25047],[76.36198,13.24959],[76.36413,13.24465],[76.36428,13.23476],[76.37995,13.23231],[76.379,13.22032],[76.37656,13.21612],[76.36952,13.21263],[76.37,13.20009],[76.39392,13.19741],[76.39375,13.1889],[76.40786,13.19251],[76.41334,13.19125],[76.41616,13.18587],[76.42082,13.18597],[76.42672,13.18195],[76.42877,13.17213],[76.44514,13.16931],[76.44671,13.16377],[76.45428,13.15506],[76.4552,13.15079],[76.45744,13.15095],[76.45841,13.14925],[76.46429,13.15092],[76.47337,13.14978],[76.46981,13.13667],[76.47014,13.12088],[76.46877,13.12002],[76.47303,13.09611],[76.47242,13.09302],[76.48196,13.09124],[76.49067,13.09468],[76.49512,13.09443],[76.49616,13.08609],[76.50573,13.07871],[76.5118,13.0708],[76.5156,13.06897],[76.52142,13.07271],[76.5226,13.07824],[76.52831,13.07895],[76.53466,13.07671],[76.5513,13.07722],[76.5623,13.0737],[76.5684,13.0747],[76.58541,13.07095],[76.59252,13.07525],[76.60053,13.07326],[76.60785,13.07383],[76.61835,13.06386],[76.61956,13.05597],[76.61903,13.0537],[76.60695,13.05676],[76.60532,13.05329],[76.60294,13.04129],[76.6077,13.03705],[76.60755,13.03237],[76.60899,13.03091],[76.60451,13.01465],[76.60568,13.01162],[76.61159,13.00799],[76.61854,13.00855],[76.63199,13.00396],[76.63033,12.99351],[76.63285,12.99291],[76.63447,12.98408],[76.6341,12.9812],[76.63136,12.98248],[76.63143,12.97221],[76.62028,12.96532],[76.61055,12.96621],[76.61133,12.95796],[76.61758,12.95365],[76.61762,12.94515],[76.61559,12.9368],[76.60565,12.93888],[76.60273,12.92304],[76.59945,12.92343],[76.59593,12.92088],[76.59992,12.90543],[76.59534,12.89979],[76.59078,12.89002],[76.59097,12.88703],[76.59602,12.88024],[76.58626,12.876],[76.58369,12.87334],[76.57864,12.87344],[76.57976,12.87123],[76.57471,12.86699],[76.57715,12.85867],[76.57714,12.84621],[76.57328,12.8471],[76.56365,12.84463],[76.55572,12.84609],[76.54662,12.84131],[76.54012,12.84198],[76.53554,12.84424],[76.53258,12.84256],[76.52033,12.84145],[76.51697,12.83386],[76.51805,12.82687],[76.50933,12.82234],[76.50172,12.82231],[76.49733,12.81342],[76.49192,12.80794],[76.49169,12.80548],[76.4943,12.80525],[76.49512,12.80303],[76.49134,12.79292],[76.49201,12.78983],[76.49028,12.78897],[76.4932,12.78224],[76.498,12.77896],[76.49825,12.77449],[76.49766,12.77074],[76.49088,12.76523],[76.48779,12.77182],[76.48962,12.77561],[76.48948,12.78467],[76.48386,12.78354],[76.47833,12.77982],[76.47702,12.77139],[76.47574,12.77094],[76.46911,12.7714],[76.46643,12.77451],[76.45686,12.77669],[76.45523,12.77988],[76.45685,12.78861],[76.46106,12.78853],[76.46876,12.79432],[76.46961,12.80087],[76.46739,12.80422],[76.46329,12.80493],[76.46162,12.80214],[76.45676,12.80247],[76.45739,12.80646],[76.45066,12.80965],[76.45075,12.81205],[76.44436,12.81811],[76.44499,12.82126],[76.42553,12.82454],[76.42423,12.82602],[76.42045,12.84316],[76.42576,12.84621],[76.42679,12.85412],[76.42537,12.85746],[76.41663,12.85969],[76.41618,12.86483],[76.41485,12.86571],[76.41308,12.86445],[76.40692,12.86582],[76.40847,12.85354],[76.4073,12.84536],[76.39745,12.84747],[76.39123,12.84443],[76.38583,12.84508],[76.38803,12.84078],[76.38223,12.83059],[76.37724,12.82805],[76.37505,12.83142],[76.37388,12.82983],[76.37087,12.82992],[76.36717,12.82281],[76.37085,12.81529],[76.37075,12.81171],[76.36798,12.80841],[76.35121,12.80868],[76.34382,12.8121],[76.33184,12.81187],[76.32985,12.80355],[76.3349,12.78782],[76.33816,12.78582],[76.34864,12.78681],[76.35016,12.78488],[76.34805,12.77822],[76.35062,12.77339],[76.3501,12.77045],[76.34803,12.76823],[76.34328,12.76695],[76.34253,12.76247],[76.35138,12.75235],[76.35729,12.74954],[76.35747,12.74702],[76.35504,12.74387],[76.35123,12.74209],[76.34579,12.74401],[76.34653,12.74291],[76.34442,12.74221],[76.3459,12.73822],[76.33941,12.73307],[76.34477,12.73027],[76.34422,12.72284],[76.34608,12.71695],[76.3479,12.71721],[76.35363,12.7114],[76.35665,12.71038],[76.36184,12.71164],[76.36278,12.69728],[76.36167,12.69122],[76.35897,12.69026],[76.3597,12.68658],[76.35425,12.68496],[76.35319,12.66802],[76.34927,12.66874],[76.34219,12.65946],[76.34275,12.65488],[76.33847,12.65025],[76.33874,12.64541],[76.33223,12.64344],[76.32813,12.63778],[76.32262,12.63422],[76.32896,12.62659],[76.32716,12.61013],[76.32073,12.61227],[76.31758,12.6106],[76.30627,12.60941],[76.30919,12.61931],[76.3089,12.62337],[76.30475,12.62564],[76.3037,12.62174],[76.30095,12.62195],[76.30114,12.62474],[76.29904,12.62498],[76.29864,12.62927],[76.29249,12.62678],[76.29074,12.61685],[76.28728,12.61556],[76.27962,12.61705],[76.27915,12.62352],[76.28153,12.63064],[76.27909,12.63112],[76.27937,12.63337],[76.26583,12.62862],[76.26678,12.62391],[76.26546,12.61908],[76.25812,12.62198],[76.25514,12.62059],[76.25343,12.62144],[76.2536,12.62349],[76.24577,12.62577],[76.24697,12.63542],[76.24384,12.63771],[76.23666,12.63896],[76.23651,12.6409],[76.23107,12.64414],[76.21821,12.6441],[76.21336,12.63942],[76.20968,12.63838],[76.20751,12.63495],[76.20718,12.62908],[76.21645,12.6253],[76.21356,12.61673],[76.20603,12.61639],[76.20436,12.61473],[76.20053,12.60572],[76.19208,12.59333],[76.19338,12.59167],[76.19179,12.58999],[76.19308,12.58768],[76.19223,12.58517],[76.19476,12.58285],[76.19643,12.57749],[76.18395,12.57723],[76.18065,12.57521],[76.16762,12.58008],[76.15811,12.57854],[76.15225,12.58014],[76.15184,12.5768],[76.14897,12.57382],[76.15021,12.57376],[76.14769,12.5658],[76.15639,12.56356],[76.15124,12.55176],[76.15073,12.54897],[76.15261,12.54647],[76.14391,12.54508],[76.14367,12.53661],[76.13599,12.53778],[76.13468,12.52958],[76.11541,12.52923],[76.11957,12.52196],[76.11793,12.51756],[76.11569,12.51743],[76.11597,12.51245],[76.11188,12.51361],[76.1092,12.51775],[76.10436,12.51853],[76.10361,12.52323],[76.10103,12.52679],[76.10325,12.52801],[76.10353,12.53031],[76.09819,12.52888],[76.09925,12.53226],[76.09365,12.53363],[76.09346,12.53545],[76.08952,12.5383],[76.08662,12.53779],[76.08875,12.54358],[76.09386,12.54315],[76.08985,12.54733],[76.08915,12.5436],[76.08848,12.5458],[76.08783,12.54317],[76.08439,12.54289],[76.08283,12.54452],[76.08028,12.54362],[76.08012,12.54563],[76.07398,12.5477],[76.07462,12.55033],[76.07019,12.54942],[76.06981,12.55668],[76.0662,12.55823],[76.06374,12.55639],[76.05808,12.55616],[76.05581,12.5585],[76.04777,12.5613],[76.04597,12.57758],[76.03419,12.57519],[76.03079,12.57704],[76.02906,12.57571],[76.02145,12.57718],[76.01819,12.5709],[76.01707,12.57155],[76.01409,12.56908],[76.01194,12.57271],[76.00994,12.57089],[76.00597,12.57432],[76.00227,12.57493],[76.00106,12.57783],[75.99761,12.57987],[75.99727,12.58382],[75.99362,12.58823],[75.99091,12.58686],[75.99123,12.58499],[75.98768,12.5811],[75.98896,12.57413],[75.98137,12.57371],[75.97257,12.57737],[75.96912,12.57693],[75.97274,12.57115],[75.97492,12.56244],[75.96689,12.55966],[75.96105,12.5641],[75.95537,12.57388],[75.9475,12.59733],[75.93978,12.60631],[75.93924,12.60905],[75.94713,12.61359],[75.9493,12.62101],[75.94431,12.62925],[75.94006,12.62788],[75.93624,12.62984],[75.94047,12.63221],[75.94281,12.63657],[75.94063,12.64178],[75.93802,12.64357],[75.94098,12.65768],[75.9476,12.66399],[75.93998,12.6744],[75.94118,12.67577],[75.9544,12.67622],[75.95842,12.68043],[75.95967,12.68294],[75.95847,12.68998],[75.96132,12.69231],[75.96474,12.70003],[75.96479,12.70349],[75.96254,12.70531],[75.96614,12.70977],[75.94322,12.71866],[75.93489,12.73271],[75.93795,12.75023],[75.93378,12.75767],[75.93508,12.75925],[75.93284,12.76368],[75.93484,12.76763],[75.94635,12.76583],[75.95291,12.76802],[75.95824,12.78219],[75.96239,12.78234],[75.96635,12.7803],[75.96831,12.78281],[75.97101,12.78266],[75.97148,12.7845],[75.9668,12.79344],[75.96751,12.80372],[75.95548,12.80242],[75.94927,12.80017],[75.94877,12.8058],[75.9471,12.80798],[75.93007,12.80762],[75.9252,12.81217],[75.92817,12.82139],[75.92206,12.82486],[75.91994,12.82812],[75.91682,12.82644],[75.91761,12.8194],[75.9092,12.81635],[75.90217,12.81876],[75.89941,12.82843],[75.89395,12.82876],[75.88009,12.83386],[75.87511,12.83044],[75.87767,12.82647],[75.87587,12.8236],[75.86361,12.81899],[75.86548,12.81137],[75.86374,12.80788],[75.86693,12.80557],[75.86493,12.80377],[75.86643,12.80227],[75.86441,12.8005],[75.86494,12.79842],[75.86307,12.79764],[75.8633,12.79543],[75.86647,12.79131],[75.86896,12.78311],[75.87149,12.78246],[75.87445,12.77683],[75.87732,12.77755],[75.87767,12.7763],[75.87262,12.77432],[75.87577,12.77274],[75.87318,12.76968],[75.87174,12.77082],[75.86544,12.76819],[75.8611,12.77041],[75.85788,12.77021],[75.85756,12.76204],[75.85968,12.7573],[75.85322,12.7543],[75.84901,12.74992],[75.85245,12.7456],[75.8547,12.73669],[75.85151,12.72962],[75.85436,12.72337],[75.86169,12.71745],[75.87018,12.7151],[75.87056,12.712],[75.8733,12.70943],[75.8849,12.70799],[75.88653,12.70342],[75.88547,12.69972],[75.8899,12.69347],[75.88774,12.68983],[75.88905,12.68447],[75.88817,12.67757],[75.88605,12.67451],[75.88221,12.67444],[75.87677,12.67159],[75.86743,12.67451],[75.86472,12.67248],[75.86353,12.67365],[75.86173,12.67181],[75.85304,12.66945],[75.8463,12.67219],[75.84334,12.66858],[75.83492,12.67087],[75.82958,12.6753],[75.82547,12.68242],[75.81983,12.68453],[75.81691,12.69294],[75.80751,12.70128],[75.8016,12.69514],[75.7975,12.6939],[75.7914,12.68709],[75.78212,12.68631],[75.7785,12.68821],[75.77613,12.68663],[75.77418,12.68045],[75.76678,12.68042],[75.76047,12.67361],[75.74384,12.68062],[75.74062,12.68414],[75.73858,12.69019],[75.73127,12.6974],[75.72232,12.6967],[75.72268,12.70094],[75.72002,12.70313],[75.71992,12.70532],[75.71709,12.70427],[75.71329,12.70746],[75.71074,12.70467],[75.70484,12.70631],[75.6877,12.70112],[75.67492,12.70081],[75.66821,12.69756],[75.6581,12.6974],[75.63545,12.692],[75.6292,12.70017],[75.63779,12.71051],[75.65521,12.72016],[75.65716,12.73093],[75.65646,12.73466],[75.66072,12.7464],[75.65794,12.75111],[75.65492,12.75121],[75.63846,12.76041],[75.63723,12.76903],[75.62822,12.77432],[75.6313,12.7762],[75.62564,12.7781],[75.62586,12.78499],[75.61758,12.7932],[75.61293,12.79374],[75.61288,12.79655],[75.61956,12.80333],[75.61884,12.82498],[75.61789,12.82738],[75.61494,12.8281],[75.61494,12.83271],[75.62362,12.84995],[75.6224,12.85661],[75.61803,12.85639],[75.61264,12.86211],[75.60335,12.86528],[75.60048,12.8699],[75.60227,12.87394],[75.59866,12.87521],[75.57776,12.87305],[75.56437,12.86717],[75.56092,12.8683],[75.56083,12.8698],[75.55381,12.86931],[75.55116,12.87472],[75.55207,12.8888],[75.54846,12.89358],[75.54596,12.90299],[75.54944,12.90795],[75.55729,12.91324],[75.5717,12.93192],[75.58346,12.94039],[75.59481,12.94419]]]},"properties":{"district":"Hassan","kgis_name":"HASSAN","region_id":"district_539","level":"district"}},{"type":"Feature","geometry":{"type":"Polygon","coordinates":[[[75.33433,15.08154],[75.33927,15.06987],[75.34672,15.06464],[75.35211,15.06402],[75.35698,15.06594],[75.36697,15.05041],[75.3748,15.05032],[75.40154,15.06014],[75.41636,15.05904],[75.41683,15.06127],[75.44891,15.06036],[75.45064,15.05931],[75.45193,15.04945],[75.4604,15.04982],[75.46075,15.04378],[75.46815,15.04696],[75.47617,15.04389],[75.49472,15.0464],[75.50757,15.04395],[75.5205,15.03302],[75.53332,15.03458],[75.54065,15.0205],[75.53802,15.01912],[75.54238,15.01501],[75.54337,14.99928],[75.54096,14.99015],[75.5413,14.97832],[75.56524,14.97954],[75.56559,14.97638],[75.56366,14.97466],[75.56469,14.97168],[75.58361,14.96859],[75.58965,14.95851],[75.59577,14.95587],[75.60276,14.95464],[75.60402,14.9565],[75.61113,14.95811],[75.60873,14.96809],[75.60964,14.97351],[75.61877,14.97416],[75.61781,14.98087],[75.62958,14.98391],[75.63219,14.9915],[75.65157,14.99068],[75.66875,14.9865],[75.67972,14.9785],[75.68877,14.97516],[75.69277,14.97121],[75.7013,14.94693],[75.68752,14.94265],[75.68324,14.93918],[75.6828,14.93683],[75.68534,14.92047],[75.69674,14.89133],[75.72781,14.89726],[75.72777,14.89406],[75.73301,14.89218],[75.73918,14.88707],[75.73427,14.88292],[75.73238,14.86369],[75.7224,14.86413],[75.72158,14.8615],[75.71191,14.85243],[75.7024,14.85408],[75.70165,14.85255],[75.6952,14.85251],[75.69363,14.85907],[75.69057,14.85678],[75.67755,14.83643],[75.66361,14.80328],[75.66878,14.79895],[75.67831,14.79806],[75.68283,14.79461],[75.69177,14.78317],[75.71092,14.78123],[75.71961,14.77577],[75.72322,14.77059],[75.72194,14.7543],[75.71982,14.74984],[75.70271,14.73214],[75.70206,14.72812],[75.70429,14.72395],[75.7157,14.71877],[75.73103,14.72794],[75.74609,14.73293],[75.7554,14.7396],[75.76001,14.73771],[75.76306,14.73317],[75.76433,14.72999],[75.76391,14.72161],[75.75544,14.71573],[75.7413,14.70009],[75.73886,14.69071],[75.74154,14.68462],[75.76329,14.67538],[75.77653,14.67619],[75.78196,14.68077],[75.78613,14.68085],[75.78922,14.68275],[75.7989,14.68191],[75.80058,14.67796],[75.79942,14.66654],[75.80854,14.65698],[75.80668,14.6196],[75.80942,14.61898],[75.80587,14.61169],[75.80445,14.59899],[75.80609,14.59372],[75.81059,14.58821],[75.81881,14.57215],[75.81963,14.56566],[75.8127,14.55501],[75.79994,14.54267],[75.79735,14.53147],[75.79918,14.51237],[75.79638,14.51053],[75.78875,14.51177],[75.78309,14.51576],[75.77276,14.51846],[75.76721,14.51816],[75.75776,14.51481],[75.75064,14.51068],[75.73507,14.49498],[75.72289,14.47757],[75.71476,14.47292],[75.70852,14.47511],[75.70171,14.4911],[75.69952,14.49273],[75.68682,14.49129],[75.67401,14.46543],[75.66207,14.45152],[75.65973,14.45523],[75.66109,14.46047],[75.65829,14.45941],[75.65363,14.46352],[75.63661,14.46652],[75.63067,14.44593],[75.63314,14.44321],[75.6375,14.44172],[75.63423,14.43291],[75.64399,14.43118],[75.63634,14.39376],[75.62475,14.36333],[75.62243,14.34592],[75.62379,14.3385],[75.62807,14.32902],[75.63323,14.32651],[75.63477,14.32305],[75.63446,14.31483],[75.61094,14.31583],[75.6035,14.29307],[75.60035,14.29262],[75.59835,14.28989],[75.58993,14.28621],[75.58741,14.28881],[75.58319,14.27815],[75.58059,14.2773],[75.56097,14.27747],[75.55705,14.27404],[75.54925,14.27378],[75.54004,14.27741],[75.53514,14.27754],[75.53374,14.29032],[75.528,14.29077],[75.5219,14.29387],[75.5204,14.29604],[75.521,14.29859],[75.51833,14.29944],[75.51791,14.30145],[75.50391,14.30789],[75.50531,14.31635],[75.50155,14.32597],[75.50111,14.34372],[75.48955,14.34773],[75.48891,14.33911],[75.4879,14.33915],[75.48149,14.33991],[75.48049,14.34521],[75.47673,14.34515],[75.48015,14.3306],[75.47737,14.31778],[75.47035,14.32289],[75.45585,14.32783],[75.44195,14.33998],[75.43519,14.34256],[75.42967,14.34908],[75.41927,14.35255],[75.40918,14.35277],[75.39863,14.36469],[75.39413,14.36742],[75.39079,14.36644],[75.38367,14.3696],[75.38148,14.3686],[75.37469,14.37033],[75.37003,14.37298],[75.36332,14.38094],[75.34939,14.3887],[75.35622,14.40611],[75.35901,14.40916],[75.36535,14.41106],[75.37769,14.40737],[75.38055,14.41494],[75.38225,14.43381],[75.37814,14.43428],[75.36481,14.44153],[75.35884,14.43791],[75.35867,14.43186],[75.35504,14.42878],[75.35541,14.43191],[75.3448,14.43396],[75.33912,14.43744],[75.34198,14.44016],[75.34265,14.45046],[75.3471,14.45664],[75.34572,14.46253],[75.34117,14.46554],[75.34038,14.46863],[75.34112,14.4757],[75.34643,14.48559],[75.32879,14.49526],[75.32456,14.5098],[75.32126,14.51277],[75.29168,14.51072],[75.28716,14.5114],[75.28674,14.51392],[75.28222,14.51412],[75.28295,14.51248],[75.2775,14.51236],[75.2763,14.51035],[75.26722,14.51434],[75.26993,14.52534],[75.26829,14.52797],[75.27027,14.52747],[75.27306,14.53118],[75.27948,14.53502],[75.28044,14.53255],[75.28468,14.53163],[75.28494,14.52932],[75.28659,14.52983],[75.28782,14.53292],[75.28963,14.53135],[75.29323,14.53404],[75.29312,14.53556],[75.29419,14.53451],[75.29406,14.5372],[75.29566,14.53691],[75.29523,14.53827],[75.29769,14.54043],[75.29577,14.54347],[75.29303,14.54412],[75.29535,14.54488],[75.29353,14.54851],[75.28998,14.55035],[75.29109,14.55249],[75.28985,14.55626],[75.28723,14.55751],[75.28499,14.56135],[75.281,14.56146],[75.27419,14.5657],[75.27506,14.56987],[75.27019,14.57238],[75.26535,14.57861],[75.26539,14.5809],[75.24944,14.58118],[75.2438,14.57758],[75.24525,14.56669],[75.24314,14.56708],[75.24131,14.55566],[75.24005,14.55558],[75.23977,14.55789],[75.23465,14.55562],[75.22807,14.56123],[75.22548,14.56705],[75.22808,14.57533],[75.23093,14.57904],[75.2289,14.58004],[75.2288,14.58306],[75.22535,14.5852],[75.22092,14.58487],[75.21906,14.57923],[75.21231,14.57628],[75.21045,14.57245],[75.20735,14.5717],[75.19747,14.57751],[75.19783,14.58252],[75.18384,14.58586],[75.18124,14.59787],[75.18536,14.59986],[75.19331,14.59935],[75.19849,14.59663],[75.20527,14.59751],[75.20573,14.60811],[75.21051,14.62074],[75.21029,14.62779],[75.20799,14.62635],[75.20701,14.62748],[75.20841,14.62936],[75.20673,14.6307],[75.20871,14.63353],[75.20531,14.63403],[75.20773,14.63654],[75.20107,14.63933],[75.20011,14.63546],[75.20303,14.63042],[75.20239,14.62772],[75.19655,14.62285],[75.19435,14.62408],[75.1846,14.62349],[75.16942,14.63461],[75.16427,14.63199],[75.16297,14.62772],[75.16531,14.62577],[75.16447,14.62075],[75.15997,14.61698],[75.1583,14.61751],[75.15341,14.62624],[75.15085,14.62608],[75.14695,14.6215],[75.14337,14.62042],[75.14222,14.63386],[75.1246,14.63066],[75.11662,14.63963],[75.10164,14.64401],[75.09921,14.65302],[75.08773,14.65217],[75.07463,14.65386],[75.05245,14.64866],[75.04511,14.65405],[75.04092,14.66077],[75.03908,14.65854],[75.03533,14.65797],[75.03133,14.66505],[75.03063,14.67251],[75.0359,14.67646],[75.03221,14.69491],[75.03292,14.71001],[75.02462,14.70833],[75.02146,14.71148],[75.01697,14.71073],[75.01468,14.72029],[75.01804,14.72155],[75.0201,14.72445],[75.0219,14.72374],[75.0223,14.72555],[75.02862,14.7254],[75.02789,14.72631],[75.02988,14.72658],[75.031,14.72989],[75.03352,14.72729],[75.03853,14.72773],[75.0375,14.73841],[75.04471,14.73898],[75.0438,14.74328],[75.04767,14.74414],[75.04691,14.75187],[75.04365,14.75372],[75.04165,14.75933],[75.04156,14.76476],[75.03969,14.76774],[75.04061,14.7741],[75.04618,14.77293],[75.04993,14.77349],[75.04982,14.77548],[75.05192,14.77674],[75.06358,14.77658],[75.06629,14.78302],[75.07076,14.78242],[75.06712,14.78612],[75.06918,14.787],[75.06884,14.79798],[75.05601,14.80511],[75.05531,14.81462],[75.07389,14.80823],[75.09168,14.81106],[75.09053,14.82022],[75.07357,14.82624],[75.07158,14.83391],[75.06769,14.83677],[75.0741,14.85606],[75.06973,14.86334],[75.07094,14.86764],[75.07392,14.86761],[75.07108,14.87181],[75.06707,14.9191],[75.08025,14.92243],[75.08725,14.92097],[75.08543,14.92678],[75.10229,14.92763],[75.10166,14.93249],[75.10337,14.93508],[75.09708,14.94322],[75.09778,14.94737],[75.09378,14.95221],[75.09767,14.9567],[75.08451,14.95665],[75.08155,14.96951],[75.07588,14.97403],[75.07323,14.9997],[75.06813,15.01472],[75.07153,15.01793],[75.07702,15.03793],[75.07236,15.04141],[75.0739,15.0524],[75.08254,15.0746],[75.08076,15.07706],[75.08247,15.08586],[75.08018,15.09089],[75.08035,15.09942],[75.07796,15.11043],[75.09516,15.11025],[75.09514,15.114],[75.11349,15.11727],[75.1146,15.12145],[75.10967,15.12952],[75.10631,15.13041],[75.10724,15.13921],[75.10485,15.14069],[75.1106,15.13849],[75.11809,15.14107],[75.12186,15.14032],[75.12603,15.14574],[75.12708,15.14436],[75.13037,15.14476],[75.13383,15.1483],[75.13522,15.15746],[75.14156,15.15926],[75.14662,15.15024],[75.15035,15.14933],[75.15293,15.14564],[75.14855,15.14247],[75.14975,15.14133],[75.14536,15.13373],[75.14155,15.13308],[75.13717,15.1294],[75.13743,15.12569],[75.13862,15.12547],[75.13739,15.11986],[75.13365,15.11812],[75.13742,15.10922],[75.13667,15.10654],[75.13869,15.10549],[75.1392,15.10237],[75.14407,15.10355],[75.14392,15.10602],[75.15281,15.10721],[75.15265,15.10878],[75.15841,15.11051],[75.15788,15.10195],[75.18656,15.10399],[75.18817,15.09856],[75.19854,15.10046],[75.22506,15.10019],[75.22561,15.10715],[75.23873,15.10938],[75.2391,15.1068],[75.25061,15.10732],[75.2523,15.09804],[75.25767,15.09838],[75.25874,15.1176],[75.26976,15.11876],[75.27208,15.12201],[75.28829,15.12931],[75.28666,15.13677],[75.3059,15.13834],[75.30562,15.15406],[75.3277,15.15785],[75.33541,15.16133],[75.33734,15.14685],[75.33694,15.11162],[75.33956,15.1067],[75.35044,15.10154],[75.34972,15.09429],[75.33905,15.09109],[75.33978,15.08672],[75.33433,15.08154]]]},"properties":{"district":"Haveri","kgis_name":"HAVERI","region_id":"district_540","level":"district"}},{"type":"Feature","geometry":{"type":"MultiPolygon","coordinates":[[[[76.69894,17.642],[76.7148,17.63913],[76.72016,17.64987],[76.72071,17.65401],[76.73222,17.65895],[76.73284,17.66557],[76.7418,17.66483],[76.74867,17.66712],[76.77199,17.66605],[76.77306,17.66568],[76.77311,17.65731],[76.77141,17.64606],[76.77348,17.63879],[76.7769,17.63634],[76.78515,17.63694],[76.78444,17.63927],[76.78895,17.64275],[76.78754,17.64748],[76.79201,17.65275],[76.80185,17.65001],[76.80715,17.65026],[76.80686,17.64853],[76.81412,17.65062],[76.81864,17.64967],[76.82234,17.65145],[76.83535,17.64938],[76.83771,17.65245],[76.84183,17.65379],[76.84999,17.64586],[76.85541,17.64361],[76.86701,17.64705],[76.8831,17.64282],[76.89887,17.64488],[76.90763,17.63487],[76.90974,17.63749],[76.91418,17.63903],[76.92934,17.63725],[76.92844,17.63171],[76.92467,17.6247],[76.91948,17.62184],[76.92225,17.61811],[76.92192,17.60991],[76.92943,17.60599],[76.94125,17.60665],[76.94127,17.60978],[76.95134,17.62055],[76.95195,17.62423],[76.95732,17.62056],[76.95829,17.62701],[76.95722,17.63443],[76.9604,17.63643],[76.96057,17.63863],[76.96588,17.64048],[76.97063,17.64606],[76.97726,17.64774],[76.98375,17.65297],[76.98476,17.65602],[76.98314,17.6582],[76.98306,17.66286],[76.9775,17.66555],[76.97616,17.68061],[76.98023,17.68741],[76.98245,17.69614],[76.98085,17.69814],[76.9861,17.69868],[76.99004,17.69625],[76.99259,17.69571],[76.99403,17.6974],[76.99678,17.69506],[77.0006,17.69548],[77.00662,17.6877],[77.01376,17.68497],[77.01815,17.67937],[77.03332,17.68231],[77.03489,17.6813],[77.03489,17.67184],[77.03932,17.67165],[77.04099,17.66764],[77.04387,17.66758],[77.04754,17.67112],[77.05307,17.67102],[77.05804,17.67341],[77.07343,17.66177],[77.08084,17.66216],[77.0852,17.65891],[77.0894,17.66867],[77.10434,17.66864],[77.1063,17.67335],[77.11459,17.67793],[77.11768,17.68603],[77.1234,17.68679],[77.12695,17.68631],[77.12818,17.68176],[77.13266,17.68217],[77.13193,17.66113],[77.13626,17.66084],[77.13745,17.65765],[77.14485,17.65562],[77.14331,17.6471],[77.15049,17.64141],[77.15089,17.63129],[77.15502,17.62843],[77.1614,17.62898],[77.17128,17.62715],[77.17024,17.62182],[77.17167,17.62447],[77.17304,17.62418],[77.18246,17.61835],[77.1872,17.61851],[77.18926,17.61563],[77.19411,17.61525],[77.19559,17.62868],[77.19644,17.63129],[77.19856,17.63189],[77.20377,17.62976],[77.20643,17.62637],[77.21013,17.62909],[77.21612,17.62995],[77.21999,17.62885],[77.21959,17.63037],[77.22169,17.6315],[77.22816,17.62989],[77.22784,17.6312],[77.23105,17.63195],[77.2333,17.62998],[77.23708,17.631],[77.24433,17.62958],[77.25843,17.6231],[77.26308,17.62529],[77.27489,17.62718],[77.27946,17.61773],[77.28206,17.61696],[77.28404,17.619],[77.28682,17.61696],[77.28515,17.61493],[77.28998,17.61337],[77.29122,17.61102],[77.2944,17.61477],[77.29596,17.61412],[77.29409,17.61167],[77.29436,17.60851],[77.29895,17.60645],[77.29761,17.60324],[77.3003,17.59795],[77.30449,17.59843],[77.3132,17.59416],[77.34322,17.58797],[77.34967,17.59922],[77.35773,17.60105],[77.37709,17.59425],[77.37861,17.58349],[77.39114,17.58471],[77.40833,17.58297],[77.42831,17.58602],[77.4283,17.5873],[77.45923,17.57964],[77.45987,17.58062],[77.46762,17.57778],[77.47287,17.57275],[77.47664,17.57332],[77.47777,17.56926],[77.49055,17.56936],[77.49298,17.56808],[77.49289,17.56028],[77.49899,17.55196],[77.50023,17.54315],[77.51267,17.5445],[77.51422,17.54934],[77.52366,17.5626],[77.52301,17.5648],[77.52588,17.57342],[77.52854,17.57566],[77.53632,17.57709],[77.54272,17.57145],[77.54771,17.56163],[77.54918,17.55061],[77.55593,17.55538],[77.56208,17.55254],[77.56837,17.55719],[77.57275,17.55648],[77.57404,17.55816],[77.58829,17.55987],[77.58851,17.56517],[77.59195,17.56509],[77.59397,17.56435],[77.59675,17.55418],[77.59486,17.5377],[77.59707,17.53487],[77.60329,17.536],[77.60535,17.53354],[77.6095,17.53257],[77.61256,17.53485],[77.61954,17.52924],[77.63504,17.53308],[77.63928,17.524],[77.64528,17.52259],[77.66299,17.52309],[77.66714,17.51794],[77.66784,17.51384],[77.67834,17.50626],[77.67449,17.51009],[77.68315,17.50722],[77.68413,17.51059],[77.6879,17.5126],[77.69226,17.49734],[77.69012,17.49215],[77.6879,17.49081],[77.68895,17.48439],[77.68675,17.48301],[77.68429,17.47414],[77.65361,17.4827],[77.65217,17.48564],[77.65639,17.50284],[77.65536,17.50516],[77.64854,17.49655],[77.64419,17.47782],[77.64064,17.47661],[77.63872,17.47347],[77.61676,17.47414],[77.61352,17.47206],[77.61164,17.46658],[77.61367,17.46666],[77.61461,17.45975],[77.61441,17.44627],[77.60295,17.44449],[77.58597,17.45295],[77.58509,17.45474],[77.5788,17.45576],[77.57912,17.45819],[77.57492,17.44433],[77.57655,17.43054],[77.57372,17.43002],[77.56798,17.4327],[77.55997,17.43192],[77.53839,17.44132],[77.53695,17.44557],[77.53226,17.44496],[77.51751,17.43229],[77.51427,17.43574],[77.51564,17.41913],[77.51049,17.41398],[77.51322,17.4155],[77.54028,17.40756],[77.52351,17.38804],[77.5273,17.38099],[77.53248,17.38103],[77.53179,17.37454],[77.52999,17.37437],[77.52967,17.37099],[77.52625,17.36833],[77.52419,17.36412],[77.50546,17.35851],[77.50329,17.35524],[77.5024,17.35652],[77.48857,17.35866],[77.48348,17.35487],[77.47472,17.36156],[77.47625,17.36237],[77.47675,17.36833],[77.47928,17.37046],[77.45291,17.37381],[77.45139,17.35272],[77.45449,17.35201],[77.45683,17.34923],[77.45666,17.32325],[77.45154,17.32331],[77.45217,17.31766],[77.44806,17.30666],[77.44579,17.30701],[77.44309,17.30057],[77.44027,17.30045],[77.43733,17.29243],[77.45494,17.28814],[77.45896,17.27946],[77.4544,17.27644],[77.45247,17.27015],[77.44469,17.27065],[77.43659,17.25999],[77.42609,17.2559],[77.42096,17.24487],[77.42069,17.23672],[77.41154,17.23693],[77.40958,17.23987],[77.40776,17.23968],[77.40523,17.23563],[77.38016,17.22108],[77.38197,17.21841],[77.38939,17.21512],[77.40211,17.21396],[77.40201,17.21019],[77.39851,17.21019],[77.3967,17.20739],[77.39389,17.19409],[77.39196,17.19573],[77.38412,17.19582],[77.38228,17.19714],[77.37941,17.19622],[77.37436,17.1975],[77.37159,17.19579],[77.37357,17.19372],[77.37318,17.19055],[77.36912,17.18692],[77.37124,17.18273],[77.36965,17.17635],[77.36533,17.17153],[77.3669,17.16892],[77.36164,17.16403],[77.36362,17.16319],[77.36426,17.15884],[77.36744,17.15916],[77.36613,17.15486],[77.37995,17.15207],[77.37816,17.14014],[77.38478,17.13961],[77.3948,17.13579],[77.40465,17.13545],[77.40744,17.12597],[77.43117,17.11877],[77.44359,17.12349],[77.4596,17.11459],[77.46467,17.10662],[77.46144,17.09145],[77.46484,17.09093],[77.47539,17.08028],[77.4826,17.08],[77.48087,17.07487],[77.47907,17.07497],[77.48373,17.05891],[77.49089,17.05011],[77.4891,17.04941],[77.48968,17.04712],[77.49758,17.04388],[77.4958,17.02945],[77.50315,17.014],[77.50228,17.00976],[77.49798,17.00961],[77.49352,17.00652],[77.49286,17.00427],[77.48691,17.00335],[77.48093,16.99789],[77.47913,16.99463],[77.48283,16.98998],[77.48201,16.9728],[77.473,16.95784],[77.46599,16.95894],[77.465,16.95709],[77.46667,16.95042],[77.46502,16.94422],[77.46811,16.9398],[77.46476,16.92943],[77.46922,16.92801],[77.46956,16.9216],[77.4665,16.91532],[77.45907,16.91747],[77.4585,16.91511],[77.45376,16.91427],[77.45426,16.9105],[77.45794,16.90893],[77.45596,16.90011],[77.45895,16.89489],[77.45576,16.8855],[77.43588,16.88639],[77.4246,16.88509],[77.41819,16.88202],[77.41567,16.87704],[77.4134,16.87732],[77.40975,16.87354],[77.40924,16.87855],[77.40137,16.88218],[77.40439,16.89515],[77.39984,16.89617],[77.39959,16.89891],[77.40124,16.89956],[77.40188,16.897],[77.40455,16.89685],[77.40597,16.90184],[77.40409,16.90031],[77.40024,16.90143],[77.40111,16.90272],[77.39597,16.9037],[77.38851,16.89121],[77.38743,16.89325],[77.3887,16.89682],[77.38734,16.89789],[77.38445,16.89826],[77.38299,16.89449],[77.3801,16.89636],[77.37616,16.89512],[77.37613,16.89806],[77.37154,16.89899],[77.37034,16.89787],[77.36625,16.90423],[77.35472,16.90673],[77.35411,16.90805],[77.35044,16.90771],[77.34639,16.9162],[77.34661,16.91957],[77.34209,16.92889],[77.3411,16.93458],[77.34003,16.93135],[77.33605,16.9305],[77.32029,16.9363],[77.31768,16.93554],[77.31116,16.92766],[77.2939,16.93296],[77.28947,16.93738],[77.28817,16.93542],[77.27549,16.93063],[77.27327,16.9282],[77.26566,16.92984],[77.26207,16.928],[77.25021,16.93372],[77.2462,16.93243],[77.24499,16.93947],[77.24222,16.94209],[77.23156,16.93811],[77.23144,16.943],[77.2268,16.9405],[77.22437,16.94257],[77.21129,16.94448],[77.20783,16.93755],[77.2009,16.93589],[77.19681,16.93065],[77.19192,16.92892],[77.18472,16.9354],[77.16737,16.93014],[77.15384,16.91431],[77.15026,16.91573],[77.13799,16.91485],[77.12797,16.91746],[77.12226,16.91353],[77.12021,16.90988],[77.11323,16.90558],[77.10599,16.90243],[77.09975,16.903],[77.09306,16.90548],[77.08938,16.9137],[77.08684,16.93006],[77.08822,16.93275],[77.09029,16.93072],[77.092,16.93224],[77.09103,16.93501],[77.08921,16.93428],[77.0866,16.93642],[77.08823,16.94525],[77.0788,16.93846],[77.07655,16.93912],[77.07689,16.93768],[77.07299,16.93723],[77.07229,16.93192],[77.06855,16.93229],[77.06811,16.94185],[77.07062,16.95329],[77.06644,16.95407],[77.06393,16.95379],[77.0649,16.95145],[77.05778,16.9428],[77.04569,16.93229],[77.04414,16.92658],[77.04124,16.923],[77.0336,16.92504],[77.02426,16.92468],[77.01992,16.92753],[77.02004,16.91555],[77.0176,16.89897],[77.02734,16.89546],[77.02824,16.89358],[77.03327,16.89311],[77.03329,16.88467],[77.04024,16.88278],[77.04338,16.8775],[77.04185,16.86838],[77.03558,16.8699],[77.03037,16.86933],[77.03022,16.8678],[77.02075,16.86846],[77.00747,16.85777],[77.0003,16.85999],[76.98171,16.86111],[76.98117,16.85877],[76.9796,16.85962],[76.97876,16.85436],[76.98301,16.84426],[76.98325,16.83983],[76.99532,16.8375],[76.99467,16.83298],[76.99309,16.83299],[76.98959,16.81157],[76.98034,16.80918],[76.96983,16.81684],[76.95405,16.82437],[76.94906,16.82928],[76.92861,16.83188],[76.92424,16.82968],[76.91933,16.81823],[76.91431,16.81613],[76.90947,16.81798],[76.90348,16.83315],[76.90207,16.85334],[76.90441,16.85758],[76.91569,16.86169],[76.92106,16.8703],[76.91332,16.87537],[76.90683,16.87608],[76.9069,16.87753],[76.90202,16.87855],[76.90243,16.89345],[76.87054,16.89648],[76.87072,16.89313],[76.85671,16.8921],[76.85435,16.87791],[76.84872,16.87508],[76.84569,16.8684],[76.84346,16.8672],[76.83805,16.8687],[76.83503,16.86745],[76.82807,16.8703],[76.82881,16.87303],[76.8169,16.87403],[76.81362,16.85881],[76.81133,16.85751],[76.8113,16.85572],[76.80912,16.85541],[76.80524,16.85031],[76.80212,16.84922],[76.7913,16.85009],[76.78907,16.8375],[76.75897,16.84535],[76.75351,16.83815],[76.75772,16.83421],[76.75831,16.83139],[76.75405,16.82195],[76.75668,16.81578],[76.75471,16.81448],[76.74491,16.81625],[76.74537,16.77812],[76.73654,16.7763],[76.7346,16.77918],[76.72726,16.78133],[76.72727,16.78217],[76.72612,16.78265],[76.72472,16.78528],[76.72415,16.78538],[76.71901,16.77793],[76.70901,16.78053],[76.70924,16.79262],[76.70215,16.78834],[76.69898,16.79021],[76.69754,16.78583],[76.67948,16.78479],[76.67584,16.76553],[76.66095,16.76719],[76.65317,16.7558],[76.65456,16.73782],[76.65928,16.72556],[76.64545,16.73274],[76.63529,16.73494],[76.63518,16.74508],[76.62271,16.74223],[76.62378,16.76519],[76.59982,16.76711],[76.5813,16.76567],[76.58116,16.75865],[76.57132,16.75606],[76.5703,16.75251],[76.55365,16.75299],[76.55352,16.75106],[76.54895,16.75131],[76.54737,16.74736],[76.52305,16.75105],[76.51561,16.7506],[76.50244,16.73847],[76.50311,16.7231],[76.48086,16.71189],[76.46104,16.711],[76.45945,16.72331],[76.45137,16.72334],[76.45058,16.72454],[76.44661,16.72344],[76.44256,16.7138],[76.42267,16.71764],[76.42282,16.73074],[76.42898,16.73403],[76.42872,16.73817],[76.44019,16.74252],[76.43856,16.75242],[76.44275,16.75715],[76.43546,16.76457],[76.42577,16.76588],[76.41844,16.76885],[76.41848,16.76464],[76.41125,16.76455],[76.41136,16.76807],[76.38359,16.76928],[76.37061,16.76752],[76.37389,16.78539],[76.37721,16.79311],[76.3778,16.80112],[76.39053,16.80224],[76.39276,16.80496],[76.39622,16.80571],[76.40105,16.8009],[76.4103,16.79868],[76.41387,16.81348],[76.36134,16.81946],[76.3512,16.81934],[76.3533,16.8295],[76.35776,16.83744],[76.35875,16.84251],[76.36612,16.84764],[76.37424,16.85844],[76.38655,16.85631],[76.40456,16.85864],[76.40436,16.85382],[76.42913,16.85086],[76.42958,16.83715],[76.45968,16.83293],[76.4637,16.83869],[76.4709,16.8391],[76.47076,16.84691],[76.46737,16.84953],[76.46226,16.84926],[76.46179,16.8593],[76.45878,16.8601],[76.45881,16.86725],[76.43801,16.86832],[76.43681,16.88187],[76.4334,16.88222],[76.43467,16.88856],[76.43381,16.89776],[76.44322,16.89762],[76.46581,16.90229],[76.46422,16.91668],[76.45872,16.92769],[76.45185,16.92754],[76.44747,16.94064],[76.43404,16.94352],[76.4342,16.94038],[76.42801,16.92723],[76.41808,16.92795],[76.39931,16.93529],[76.40236,16.94334],[76.40234,16.96452],[76.40063,16.97733],[76.42451,16.97839],[76.4368,16.98182],[76.44107,16.99911],[76.43957,17.00013],[76.43329,17.02448],[76.43775,17.02689],[76.43118,17.02962],[76.4305,17.03995],[76.42719,17.05344],[76.43095,17.05313],[76.43178,17.05829],[76.43004,17.06941],[76.42969,17.09888],[76.42768,17.10012],[76.40814,17.08619],[76.40179,17.07423],[76.39815,17.07129],[76.39602,17.07047],[76.38897,17.07241],[76.38818,17.07833],[76.39046,17.09176],[76.38857,17.09793],[76.3834,17.10279],[76.36659,17.10757],[76.36256,17.11391],[76.3647,17.12025],[76.3683,17.12373],[76.38728,17.12909],[76.39045,17.13125],[76.3948,17.1406],[76.39191,17.14459],[76.38847,17.14633],[76.37941,17.14446],[76.3676,17.13844],[76.36254,17.13851],[76.35994,17.14089],[76.36013,17.1477],[76.36715,17.1576],[76.36815,17.16372],[76.36515,17.1792],[76.36294,17.18329],[76.35657,17.18666],[76.35075,17.18494],[76.3423,17.17694],[76.32691,17.16904],[76.30976,17.17054],[76.28547,17.16472],[76.2841,17.16458],[76.28408,17.16727],[76.27909,17.16651],[76.27261,17.16269],[76.25946,17.14978],[76.24208,17.15076],[76.23939,17.15373],[76.23653,17.16279],[76.2335,17.16715],[76.221,17.17636],[76.222,17.18274],[76.22071,17.18589],[76.21654,17.18689],[76.20638,17.18352],[76.19867,17.18338],[76.18664,17.18689],[76.1778,17.1922],[76.17033,17.20576],[76.16394,17.21244],[76.12233,17.24843],[76.11072,17.25272],[76.09314,17.25474],[76.08792,17.25688],[76.08601,17.26186],[76.08659,17.26679],[76.08935,17.27446],[76.0978,17.28345],[76.09828,17.2919],[76.09368,17.29746],[76.06803,17.30679],[76.06425,17.31528],[76.07101,17.3269],[76.07389,17.33621],[76.07901,17.33128],[76.08149,17.33408],[76.08821,17.3369],[76.08803,17.34234],[76.09144,17.3496],[76.08911,17.35281],[76.09947,17.36455],[76.11327,17.36788],[76.11966,17.37107],[76.12229,17.3665],[76.13159,17.35886],[76.14726,17.34994],[76.14662,17.34805],[76.14843,17.34745],[76.14877,17.34977],[76.1625,17.34485],[76.16488,17.30306],[76.17582,17.30073],[76.18084,17.30943],[76.18271,17.31864],[76.17907,17.31838],[76.17566,17.32642],[76.17265,17.33539],[76.17019,17.35236],[76.18163,17.35869],[76.19551,17.36309],[76.21241,17.36195],[76.22885,17.3654],[76.22772,17.37598],[76.24196,17.37925],[76.24471,17.37902],[76.24461,17.37161],[76.24961,17.37101],[76.25054,17.36928],[76.24926,17.36602],[76.25078,17.36077],[76.25819,17.36048],[76.26687,17.3635],[76.27183,17.36062],[76.27631,17.33439],[76.31727,17.33209],[76.31896,17.33627],[76.31052,17.3457],[76.31112,17.34752],[76.33868,17.35424],[76.3458,17.35436],[76.34749,17.34435],[76.35412,17.32532],[76.3539,17.31438],[76.38381,17.31433],[76.38501,17.32375],[76.39639,17.34696],[76.40336,17.34981],[76.41206,17.35091],[76.40909,17.37067],[76.37992,17.37381],[76.36311,17.37741],[76.37054,17.40829],[76.36965,17.42294],[76.37144,17.43605],[76.3587,17.4373],[76.33282,17.43469],[76.33316,17.45564],[76.33093,17.45555],[76.32952,17.47058],[76.34994,17.47416],[76.36862,17.48326],[76.37543,17.49038],[76.37502,17.49494],[76.37178,17.4957],[76.36442,17.49611],[76.34608,17.49221],[76.34305,17.50184],[76.34572,17.51367],[76.36517,17.51726],[76.36696,17.52018],[76.36301,17.5378],[76.349,17.5396],[76.34016,17.54369],[76.3352,17.56613],[76.33305,17.56538],[76.33092,17.59736],[76.33597,17.59852],[76.3477,17.59565],[76.36776,17.59727],[76.377,17.60019],[76.3806,17.60364],[76.3895,17.60227],[76.38933,17.60349],[76.39688,17.60483],[76.41857,17.60508],[76.42685,17.63135],[76.42741,17.64741],[76.43701,17.6459],[76.44402,17.64235],[76.44132,17.64907],[76.45271,17.64887],[76.45153,17.65587],[76.45807,17.65901],[76.48885,17.66152],[76.48586,17.66729],[76.4832,17.68023],[76.48627,17.71577],[76.51219,17.7196],[76.51564,17.71952],[76.52388,17.71532],[76.52735,17.73815],[76.52376,17.76017],[76.53056,17.75848],[76.54186,17.76219],[76.5455,17.76117],[76.55618,17.76596],[76.56092,17.76644],[76.57249,17.76127],[76.5725,17.75954],[76.56895,17.7576],[76.56434,17.75093],[76.56799,17.74278],[76.57058,17.7064],[76.58043,17.70524],[76.5878,17.70765],[76.59399,17.72258],[76.60073,17.72614],[76.60014,17.73329],[76.60441,17.7517],[76.60401,17.75885],[76.60704,17.76075],[76.61146,17.77115],[76.61673,17.77033],[76.62265,17.76078],[76.62584,17.75953],[76.62555,17.75787],[76.63183,17.75573],[76.63041,17.752],[76.62799,17.75091],[76.63352,17.72851],[76.65342,17.7223],[76.65953,17.70947],[76.66525,17.68784],[76.67314,17.69106],[76.68428,17.68578],[76.68821,17.68019],[76.6915,17.68161],[76.69522,17.67701],[76.69532,17.6624],[76.70709,17.66282],[76.71094,17.66085],[76.71187,17.65581],[76.69834,17.64505],[76.69894,17.642]]],[[[76.72382,16.75261],[76.72847,16.77158],[76.73911,16.77133],[76.74024,16.76989],[76.73884,16.75166],[76.72382,16.75261]]],[[[76.69413,17.69614],[76.69124,17.70078],[76.69234,17.70687],[76.70034,17.70845],[76.7019,17.70469],[76.71111,17.69977],[76.71256,17.69673],[76.71176,17.6945],[76.70341,17.69329],[76.69413,17.69614]]]]},"properties":{"district":"Kalaburagi","kgis_name":"KALABURAGI","region_id":"district_538","level":"district"}},{"type":"Feature","geometry":{"type":"Polygon","coordinates":[[[75.91029,12.39372],[75.9148,12.38329],[75.91616,12.38653],[75.92052,12.38751],[75.9319,12.38231],[75.94353,12.37105],[75.94803,12.36987],[75.96334,12.35774],[75.97174,12.353],[75.96852,12.35047],[75.96599,12.345],[75.9676,12.34354],[75.97002,12.34399],[75.9769,12.34035],[75.98328,12.34268],[75.98883,12.33633],[75.99331,12.33618],[76.00075,12.33223],[76.00251,12.32974],[75.99579,12.32416],[75.99386,12.32111],[75.99438,12.31784],[75.99712,12.31517],[75.99627,12.31135],[75.9979,12.30807],[76.00461,12.30544],[76.01406,12.29265],[76.01329,12.28453],[76.01632,12.27245],[76.01353,12.26885],[76.02093,12.25297],[76.0245,12.2485],[76.02612,12.25143],[76.03127,12.25212],[76.0349,12.25078],[76.04036,12.25259],[76.05088,12.24784],[76.05181,12.24573],[76.0573,12.24787],[76.05716,12.25313],[76.0596,12.25374],[76.06002,12.24801],[76.06416,12.24677],[76.06824,12.24215],[76.07326,12.23957],[76.0731,12.23459],[76.08218,12.22132],[76.09384,12.21348],[76.0952,12.20733],[76.10225,12.19665],[76.11884,12.19259],[76.12552,12.19399],[76.13154,12.19784],[76.13409,12.19215],[76.13765,12.1887],[76.13505,12.18799],[76.13503,12.18195],[76.1386,12.17076],[76.14124,12.16837],[76.14312,12.15689],[76.1507,12.14315],[76.16107,12.13436],[76.16655,12.12295],[76.17089,12.11804],[76.17178,12.10825],[76.17646,12.0996],[76.1751,12.08173],[76.17829,12.06983],[76.18896,12.05038],[76.18378,12.03586],[76.17728,12.02942],[76.15805,12.02212],[76.1481,12.01523],[76.14504,12.00683],[76.13697,11.9987],[76.13484,11.99302],[76.12224,11.97937],[76.11519,11.97917],[76.10994,11.97691],[76.11004,11.97468],[76.0912,11.96848],[76.08453,11.97743],[76.0754,11.98329],[76.06721,11.98413],[76.06691,11.99222],[76.06469,11.98636],[76.06754,11.98195],[76.0631,11.97844],[76.06275,11.9609],[76.06148,11.95963],[76.05216,11.95189],[76.04599,11.95116],[76.04286,11.94638],[76.03959,11.94552],[76.03313,11.9403],[76.02403,11.94368],[76.0151,11.94099],[76.01306,11.94182],[76.00644,11.93731],[76.00342,11.93099],[75.99421,11.93171],[75.99022,11.93008],[75.98639,11.93293],[75.98366,11.93172],[75.98045,11.9332],[75.97606,11.9328],[75.95657,11.94069],[75.955,11.93917],[75.95515,11.94236],[75.9517,11.94107],[75.93749,11.94247],[75.9367,11.94076],[75.93069,11.93992],[75.9274,11.94353],[75.91369,11.94714],[75.89697,11.94579],[75.88604,11.95202],[75.8802,11.94996],[75.87245,11.95345],[75.87039,11.9528],[75.86727,11.9569],[75.85868,11.95972],[75.85446,11.96444],[75.8531,11.97207],[75.85097,11.9729],[75.85344,11.978],[75.85089,11.97904],[75.85149,11.98165],[75.84976,11.98445],[75.84451,11.98463],[75.84261,11.98633],[75.84061,11.985],[75.83137,11.99201],[75.82804,11.99864],[75.82479,12.01266],[75.81632,12.01805],[75.81401,12.02209],[75.80981,12.02382],[75.81203,12.02844],[75.80164,12.03616],[75.80115,12.04338],[75.7988,12.04936],[75.79933,12.05285],[75.79466,12.05665],[75.79882,12.05696],[75.79809,12.06362],[75.80114,12.06959],[75.80105,12.07429],[75.80343,12.07587],[75.8,12.07958],[75.79559,12.08244],[75.79019,12.0826],[75.78518,12.08487],[75.7803,12.08326],[75.75357,12.08485],[75.74933,12.08292],[75.74711,12.0785],[75.74344,12.08045],[75.73619,12.07929],[75.72769,12.0728],[75.72488,12.07334],[75.71519,12.07056],[75.71552,12.08187],[75.71782,12.08276],[75.71798,12.08593],[75.71345,12.09061],[75.70223,12.0925],[75.70318,12.10827],[75.69519,12.11072],[75.68779,12.11061],[75.67662,12.09839],[75.66753,12.09767],[75.66193,12.09949],[75.65309,12.10787],[75.65264,12.11023],[75.64896,12.10967],[75.64875,12.11314],[75.64657,12.1156],[75.6475,12.12204],[75.64405,12.12589],[75.64414,12.13444],[75.64039,12.14018],[75.63814,12.14094],[75.63932,12.14422],[75.63627,12.14927],[75.63137,12.14888],[75.61871,12.15675],[75.61083,12.15285],[75.6066,12.15575],[75.60126,12.15384],[75.59583,12.15449],[75.59251,12.14796],[75.59034,12.15279],[75.58407,12.15683],[75.58309,12.15942],[75.57728,12.15797],[75.56901,12.1751],[75.55913,12.17783],[75.55084,12.18662],[75.54755,12.19723],[75.54475,12.19917],[75.54108,12.19831],[75.5391,12.20297],[75.53562,12.2022],[75.53322,12.2039],[75.53308,12.20171],[75.5317,12.20245],[75.53124,12.20579],[75.53512,12.20609],[75.53892,12.2152],[75.53606,12.21821],[75.5266,12.22254],[75.52374,12.22762],[75.5243,12.22987],[75.51709,12.23519],[75.51866,12.23763],[75.51838,12.24211],[75.51619,12.24433],[75.51643,12.24676],[75.5105,12.25104],[75.50983,12.25789],[75.51185,12.25793],[75.51173,12.26066],[75.50569,12.26544],[75.50535,12.27155],[75.49417,12.27298],[75.48872,12.2829],[75.50129,12.29846],[75.49849,12.29774],[75.49553,12.30055],[75.48848,12.30289],[75.48177,12.29802],[75.47358,12.29949],[75.45706,12.29917],[75.45103,12.29405],[75.44512,12.29247],[75.45067,12.29832],[75.45455,12.30014],[75.45362,12.30169],[75.45735,12.30355],[75.45635,12.3051],[75.46003,12.3065],[75.45807,12.30887],[75.45663,12.32024],[75.44997,12.32149],[75.44461,12.32062],[75.44204,12.31679],[75.43896,12.31596],[75.43511,12.31217],[75.42735,12.31129],[75.42026,12.31999],[75.41886,12.32949],[75.41636,12.33053],[75.41647,12.34178],[75.41213,12.34951],[75.4197,12.35727],[75.41209,12.36083],[75.4044,12.3569],[75.40073,12.35871],[75.39147,12.35437],[75.3899,12.35471],[75.38413,12.36422],[75.37937,12.3673],[75.37658,12.36704],[75.3738,12.36932],[75.36828,12.36718],[75.36223,12.36967],[75.35862,12.3684],[75.36033,12.37248],[75.35755,12.37904],[75.34952,12.38085],[75.34845,12.3929],[75.34185,12.39799],[75.34206,12.40046],[75.33866,12.401],[75.34125,12.40736],[75.35235,12.41069],[75.36016,12.40598],[75.36356,12.41212],[75.36214,12.4163],[75.36571,12.41897],[75.37167,12.43897],[75.3694,12.44123],[75.37102,12.44944],[75.36744,12.45434],[75.3664,12.45967],[75.37187,12.45753],[75.37503,12.45921],[75.38228,12.45602],[75.38337,12.45837],[75.38567,12.45764],[75.38774,12.45897],[75.39255,12.45605],[75.39295,12.45283],[75.39671,12.45233],[75.399,12.45558],[75.41281,12.45766],[75.41511,12.46454],[75.4267,12.46768],[75.42539,12.47267],[75.4238,12.47352],[75.4244,12.47556],[75.41919,12.48063],[75.42007,12.48864],[75.41668,12.49267],[75.41667,12.49567],[75.41816,12.49552],[75.41526,12.49996],[75.41657,12.50263],[75.41509,12.50467],[75.42015,12.50964],[75.41783,12.51024],[75.41813,12.51455],[75.42135,12.51363],[75.42495,12.51596],[75.4301,12.51375],[75.43357,12.51648],[75.43043,12.51968],[75.43321,12.52225],[75.43553,12.5289],[75.44107,12.52681],[75.44212,12.5219],[75.44616,12.5207],[75.44584,12.51803],[75.45011,12.51951],[75.45233,12.51506],[75.45542,12.51372],[75.45609,12.51658],[75.4582,12.51627],[75.46228,12.50492],[75.47261,12.50055],[75.46896,12.49309],[75.46393,12.49153],[75.46179,12.48921],[75.46363,12.48654],[75.46163,12.48521],[75.46173,12.47971],[75.45906,12.47839],[75.45965,12.4739],[75.46266,12.47052],[75.47266,12.46539],[75.4741,12.4612],[75.48008,12.4683],[75.48137,12.46802],[75.48044,12.46546],[75.48493,12.46157],[75.48977,12.45989],[75.4927,12.4612],[75.49137,12.46452],[75.48906,12.46516],[75.49199,12.46769],[75.49019,12.4715],[75.49146,12.4745],[75.49592,12.47938],[75.49453,12.48398],[75.50278,12.48795],[75.50641,12.48689],[75.5132,12.48967],[75.51808,12.48996],[75.51927,12.48823],[75.52509,12.48976],[75.52772,12.49713],[75.5303,12.49882],[75.53245,12.49822],[75.53479,12.49443],[75.5492,12.49091],[75.55242,12.49169],[75.56596,12.48397],[75.56563,12.49214],[75.55309,12.49757],[75.5634,12.51046],[75.57015,12.51138],[75.57772,12.51879],[75.5807,12.51929],[75.5802,12.52263],[75.58283,12.52745],[75.59191,12.53632],[75.59503,12.53386],[75.59742,12.52478],[75.60573,12.51925],[75.60582,12.51059],[75.61551,12.50935],[75.6234,12.51512],[75.62766,12.52166],[75.6283,12.51898],[75.63246,12.52096],[75.63355,12.52766],[75.63627,12.52898],[75.64146,12.5375],[75.65184,12.54059],[75.65347,12.53972],[75.6703,12.54995],[75.66848,12.56546],[75.66312,12.56986],[75.66764,12.57218],[75.66752,12.57413],[75.66543,12.57605],[75.66323,12.57546],[75.66066,12.58023],[75.66365,12.58515],[75.66272,12.59055],[75.66027,12.59423],[75.66095,12.59925],[75.65622,12.60331],[75.65415,12.61032],[75.65245,12.61162],[75.65435,12.61483],[75.65249,12.622],[75.6423,12.6274],[75.64144,12.63163],[75.64517,12.64209],[75.64137,12.64825],[75.6442,12.6481],[75.64807,12.66641],[75.66527,12.698],[75.66821,12.69756],[75.67492,12.70081],[75.6877,12.70112],[75.70484,12.70631],[75.71074,12.70467],[75.71388,12.70731],[75.71709,12.70427],[75.71992,12.70532],[75.72002,12.70313],[75.72268,12.70094],[75.72232,12.6967],[75.73127,12.6974],[75.73858,12.69019],[75.74316,12.68111],[75.76047,12.67361],[75.76678,12.68042],[75.77418,12.68045],[75.77613,12.68663],[75.7785,12.68821],[75.78212,12.68631],[75.7914,12.68709],[75.7975,12.6939],[75.8016,12.69514],[75.80751,12.70128],[75.81691,12.69294],[75.81983,12.68453],[75.82547,12.68242],[75.82958,12.6753],[75.83492,12.67087],[75.84334,12.66858],[75.8463,12.67219],[75.85304,12.66945],[75.86173,12.67181],[75.86353,12.67365],[75.86472,12.67248],[75.86743,12.67451],[75.87677,12.67159],[75.88221,12.67444],[75.88605,12.67451],[75.88817,12.67757],[75.88905,12.68447],[75.88774,12.68983],[75.8899,12.69347],[75.88547,12.69972],[75.88653,12.70342],[75.88492,12.70795],[75.8733,12.70943],[75.87056,12.712],[75.87018,12.7151],[75.86169,12.71745],[75.85302,12.72472],[75.85154,12.7304],[75.8547,12.73669],[75.85245,12.7456],[75.84901,12.74992],[75.85322,12.7543],[75.85968,12.7573],[75.85756,12.76204],[75.85788,12.77021],[75.8611,12.77041],[75.86544,12.76819],[75.87174,12.77082],[75.87318,12.76968],[75.87577,12.77274],[75.87262,12.77432],[75.87767,12.7763],[75.87732,12.77755],[75.87445,12.77683],[75.87149,12.78246],[75.86896,12.78311],[75.86647,12.79131],[75.8633,12.79543],[75.86307,12.79764],[75.86494,12.79842],[75.86441,12.8005],[75.86643,12.80227],[75.86493,12.80377],[75.86693,12.80557],[75.86374,12.80788],[75.86548,12.81137],[75.86361,12.81899],[75.87587,12.8236],[75.87767,12.82647],[75.87511,12.83044],[75.88078,12.83395],[75.89395,12.82876],[75.89941,12.82843],[75.90217,12.81876],[75.9092,12.81635],[75.91761,12.8194],[75.91682,12.82644],[75.91994,12.82812],[75.92206,12.82486],[75.92817,12.82139],[75.9252,12.81217],[75.92964,12.80785],[75.9471,12.80798],[75.94877,12.8058],[75.94927,12.80017],[75.95548,12.80242],[75.96751,12.80372],[75.9668,12.79344],[75.97068,12.7866],[75.97101,12.78266],[75.96831,12.78281],[75.96635,12.7803],[75.96239,12.78234],[75.95824,12.78219],[75.95291,12.76802],[75.94635,12.76583],[75.93484,12.76763],[75.93284,12.76368],[75.93508,12.75925],[75.93378,12.75767],[75.93795,12.75023],[75.93489,12.73271],[75.94322,12.71866],[75.96614,12.70977],[75.96254,12.70531],[75.96479,12.70349],[75.96474,12.70003],[75.96132,12.69231],[75.95847,12.68998],[75.95967,12.68294],[75.95842,12.68043],[75.9544,12.67622],[75.94118,12.67577],[75.93998,12.6744],[75.9476,12.66399],[75.94098,12.65768],[75.93802,12.64357],[75.94063,12.64178],[75.94281,12.63657],[75.94047,12.63221],[75.93624,12.62984],[75.94006,12.62788],[75.94431,12.62925],[75.9493,12.62101],[75.94713,12.61359],[75.93924,12.60905],[75.93978,12.60631],[75.9475,12.59733],[75.95606,12.5724],[75.96456,12.56054],[75.96714,12.55966],[75.97492,12.56244],[75.97274,12.57115],[75.96912,12.57693],[75.97257,12.57737],[75.98137,12.57371],[75.98896,12.57413],[75.98768,12.5811],[75.99123,12.58499],[75.99091,12.58686],[75.99362,12.58823],[75.99727,12.58382],[75.99761,12.57987],[76.00106,12.57783],[76.00257,12.57466],[76.00597,12.57432],[76.00994,12.57089],[76.01194,12.57271],[76.01409,12.56908],[76.01707,12.57155],[76.01876,12.57076],[76.01774,12.56552],[76.01182,12.56034],[76.01185,12.55399],[76.00687,12.55504],[75.99636,12.56207],[75.99085,12.56008],[75.99041,12.55622],[75.99773,12.55098],[75.99877,12.54687],[75.99515,12.54088],[75.98568,12.54458],[75.98245,12.54091],[75.99259,12.5292],[75.99314,12.52131],[75.9865,12.51945],[75.97575,12.52021],[75.97404,12.51936],[75.97209,12.5117],[75.96333,12.50986],[75.95994,12.50527],[75.9603,12.50117],[75.96262,12.49759],[75.95906,12.48888],[75.96079,12.48446],[75.96677,12.48303],[75.9671,12.47836],[75.96464,12.47535],[75.96507,12.47337],[75.96823,12.4709],[75.97204,12.47069],[75.96729,12.46464],[75.96814,12.45596],[75.97199,12.45009],[75.96806,12.44727],[75.95996,12.4518],[75.94631,12.44957],[75.93836,12.44307],[75.93652,12.43827],[75.93224,12.43967],[75.93073,12.43783],[75.92588,12.4369],[75.92251,12.43094],[75.92245,12.42269],[75.91518,12.40977],[75.91172,12.40835],[75.91062,12.40577],[75.91029,12.39372]]]},"properties":{"district":"Kodagu","kgis_name":"KODAGU","region_id":"district_541","level":"district"}},{"type":"Feature","geometry":{"type":"Polygon","coordinates":[[[78.08563,12.83168],[78.07479,12.83071],[78.07562,12.83643],[78.07792,12.83813],[78.074,12.84112],[78.05945,12.8431],[78.05825,12.85121],[78.05325,12.85338],[78.05053,12.85115],[78.04989,12.84806],[78.04313,12.84922],[78.03841,12.85174],[78.03113,12.85221],[78.03058,12.85709],[78.02716,12.85788],[78.02317,12.85483],[78.02623,12.85031],[78.03019,12.84896],[78.02394,12.84125],[78.0192,12.84345],[78.01858,12.83067],[78.01458,12.82911],[78.01067,12.82981],[78.00376,12.82539],[78.0037,12.8232],[78.008,12.81963],[78.01262,12.81819],[78.01532,12.8138],[78.01256,12.80762],[78.0099,12.80509],[78.00533,12.80803],[77.99695,12.8082],[77.99547,12.80661],[77.98895,12.8086],[77.99121,12.82184],[77.98784,12.82228],[77.9796,12.82739],[77.98106,12.83481],[77.97458,12.83541],[77.97344,12.83307],[77.96445,12.83322],[77.96202,12.83663],[77.96561,12.84834],[77.96354,12.85051],[77.95932,12.84866],[77.95328,12.85018],[77.95376,12.85259],[77.95117,12.85228],[77.95302,12.85547],[77.95226,12.85669],[77.94583,12.85775],[77.941,12.85579],[77.94068,12.84556],[77.94677,12.83812],[77.94109,12.82744],[77.94115,12.82323],[77.93097,12.82524],[77.92615,12.8306],[77.92285,12.83027],[77.92139,12.82797],[77.91874,12.83009],[77.91778,12.83954],[77.92437,12.85075],[77.9233,12.85569],[77.92863,12.85749],[77.93161,12.86215],[77.93612,12.86196],[77.93651,12.86683],[77.94178,12.86747],[77.94176,12.87287],[77.92867,12.87429],[77.92792,12.87641],[77.92789,12.88156],[77.93369,12.88042],[77.93549,12.88144],[77.9362,12.88741],[77.93498,12.88809],[77.92851,12.89087],[77.92573,12.89026],[77.92186,12.88402],[77.909,12.88526],[77.90864,12.87892],[77.89496,12.87834],[77.89098,12.87008],[77.88541,12.87081],[77.88243,12.86821],[77.8779,12.86871],[77.87555,12.86719],[77.86761,12.8681],[77.8651,12.87727],[77.86026,12.87767],[77.85707,12.87591],[77.85304,12.87672],[77.85395,12.88431],[77.85218,12.88556],[77.85312,12.88912],[77.85104,12.89155],[77.8594,12.9057],[77.86043,12.91578],[77.84544,12.91646],[77.8422,12.91425],[77.84086,12.92537],[77.84782,12.92617],[77.85084,12.93127],[77.85761,12.93535],[77.86753,12.93377],[77.87217,12.94096],[77.8736,12.9456],[77.86989,12.94707],[77.86701,12.95053],[77.87142,12.96067],[77.86486,12.96575],[77.86586,12.96869],[77.86449,12.97323],[77.87136,12.9737],[77.87044,12.98576],[77.8725,12.99499],[77.87893,13.006],[77.88629,13.00986],[77.8874,13.01892],[77.89058,13.0235],[77.8937,13.03506],[77.88764,13.03717],[77.88914,13.04525],[77.89487,13.04591],[77.89076,13.04801],[77.89007,13.05029],[77.89146,13.05059],[77.89236,13.05474],[77.89503,13.05504],[77.9008,13.0511],[77.91486,13.0494],[77.91874,13.05109],[77.92193,13.06026],[77.92764,13.06875],[77.9381,13.06673],[77.9416,13.06912],[77.94149,13.07776],[77.93928,13.08393],[77.93843,13.0784],[77.93161,13.07416],[77.92622,13.07502],[77.92693,13.08198],[77.918,13.07849],[77.912,13.07845],[77.91518,13.08556],[77.91174,13.09428],[77.90564,13.09642],[77.90216,13.09913],[77.90123,13.10196],[77.9082,13.10807],[77.91348,13.10989],[77.91512,13.11744],[77.92379,13.11665],[77.92589,13.11019],[77.93354,13.10825],[77.93942,13.10941],[77.9359,13.11412],[77.93795,13.12587],[77.94633,13.12342],[77.94832,13.12708],[77.9554,13.12563],[77.95786,13.13037],[77.95464,13.14229],[77.96055,13.15149],[77.95745,13.15288],[77.9589,13.15819],[77.95281,13.16034],[77.95529,13.16442],[77.95451,13.17163],[77.9557,13.17633],[77.95868,13.18284],[77.96113,13.18286],[77.96356,13.19218],[77.9608,13.19581],[77.96134,13.19948],[77.95622,13.20073],[77.9563,13.20389],[77.95428,13.20519],[77.95773,13.21842],[77.9542,13.21736],[77.95204,13.21846],[77.952,13.21435],[77.9495,13.21386],[77.94667,13.21432],[77.94629,13.2187],[77.94927,13.21978],[77.95112,13.22331],[77.9542,13.22236],[77.95598,13.22789],[77.9642,13.23218],[77.96558,13.24444],[77.95624,13.24907],[77.94807,13.2505],[77.94551,13.24379],[77.93543,13.24583],[77.93521,13.25007],[77.93824,13.25101],[77.9423,13.25902],[77.93722,13.26449],[77.93832,13.26778],[77.94198,13.26732],[77.94547,13.27169],[77.94709,13.26946],[77.95942,13.26952],[77.95919,13.27594],[77.95718,13.27675],[77.95757,13.28156],[77.96093,13.28444],[77.96741,13.2825],[77.97946,13.28699],[77.98417,13.28617],[77.98524,13.30057],[77.98796,13.30051],[77.98919,13.30456],[77.99463,13.30539],[78.00095,13.30556],[78.01185,13.30089],[78.01137,13.29098],[78.01472,13.28987],[78.01373,13.28535],[78.01508,13.28299],[78.0306,13.28404],[78.03573,13.28097],[78.04699,13.27904],[78.05182,13.2935],[78.05373,13.29456],[78.05863,13.29334],[78.06019,13.30101],[78.07088,13.30033],[78.07508,13.30206],[78.07787,13.30093],[78.07959,13.30272],[78.08676,13.30206],[78.0896,13.30372],[78.08988,13.30848],[78.09184,13.31117],[78.09205,13.30919],[78.09739,13.30891],[78.10254,13.30371],[78.1084,13.30357],[78.11491,13.30039],[78.1188,13.29795],[78.12255,13.29195],[78.12604,13.29198],[78.13352,13.2872],[78.13661,13.29982],[78.1351,13.30066],[78.1358,13.30511],[78.12317,13.30864],[78.12044,13.3156],[78.11421,13.31759],[78.10965,13.32344],[78.13253,13.32893],[78.13394,13.33262],[78.13517,13.33213],[78.13122,13.34091],[78.1314,13.35277],[78.15025,13.35045],[78.14979,13.35885],[78.14872,13.36137],[78.14523,13.36161],[78.14875,13.36722],[78.14674,13.3738],[78.1437,13.37714],[78.12899,13.37334],[78.128,13.37473],[78.12199,13.37565],[78.12232,13.37883],[78.12443,13.38573],[78.12842,13.38637],[78.1337,13.39641],[78.13616,13.40561],[78.14704,13.40914],[78.15222,13.40876],[78.15995,13.41493],[78.16863,13.41358],[78.18149,13.42018],[78.18311,13.43405],[78.18699,13.43372],[78.18513,13.43457],[78.18747,13.43438],[78.19262,13.43884],[78.19436,13.44218],[78.19352,13.44818],[78.20089,13.44985],[78.20564,13.45811],[78.20559,13.46467],[78.21006,13.47125],[78.20751,13.47808],[78.2004,13.48247],[78.19985,13.50854],[78.198,13.51261],[78.18828,13.51316],[78.19091,13.52116],[78.19752,13.52054],[78.20329,13.5232],[78.20455,13.52772],[78.20142,13.53275],[78.20146,13.541],[78.1985,13.54493],[78.19444,13.54612],[78.19397,13.54825],[78.19822,13.55475],[78.20126,13.56349],[78.19404,13.56413],[78.20339,13.56838],[78.20775,13.57639],[78.21183,13.57884],[78.21612,13.59106],[78.21959,13.5926],[78.22162,13.58943],[78.23207,13.58589],[78.23376,13.5915],[78.23323,13.59534],[78.23151,13.59657],[78.23391,13.59945],[78.23878,13.59752],[78.24016,13.59831],[78.25706,13.58911],[78.25794,13.5847],[78.25954,13.58457],[78.27051,13.5883],[78.29713,13.5904],[78.31059,13.59323],[78.3155,13.59187],[78.32359,13.59338],[78.34764,13.58911],[78.34942,13.58579],[78.35234,13.58523],[78.35625,13.58796],[78.36501,13.58819],[78.36527,13.58952],[78.37989,13.59215],[78.39159,13.59148],[78.39549,13.5885],[78.40175,13.58815],[78.40159,13.57804],[78.40417,13.57784],[78.40184,13.56842],[78.39332,13.55197],[78.39514,13.54075],[78.38413,13.52508],[78.3816,13.52509],[78.38346,13.51605],[78.37323,13.50894],[78.37816,13.50189],[78.37842,13.48488],[78.37463,13.48449],[78.3777,13.48019],[78.37067,13.47054],[78.37208,13.46387],[78.37497,13.46216],[78.37336,13.4518],[78.37577,13.44445],[78.37901,13.44283],[78.37872,13.44071],[78.37575,13.44107],[78.37591,13.43455],[78.37842,13.43097],[78.37728,13.42478],[78.38014,13.41931],[78.37902,13.41585],[78.38029,13.41122],[78.38203,13.40986],[78.38081,13.39892],[78.38201,13.39666],[78.37929,13.38373],[78.37329,13.37906],[78.36918,13.3723],[78.36582,13.36076],[78.36602,13.35838],[78.3695,13.35755],[78.37119,13.36182],[78.38003,13.36237],[78.39546,13.35312],[78.39413,13.34994],[78.39522,13.35155],[78.40812,13.34619],[78.40889,13.34271],[78.40736,13.33511],[78.40358,13.3354],[78.40087,13.33185],[78.40081,13.32767],[78.39381,13.33385],[78.38489,13.33446],[78.3892,13.33917],[78.38848,13.34215],[78.38644,13.34271],[78.38348,13.34244],[78.38006,13.33918],[78.37774,13.33157],[78.38807,13.33223],[78.3935,13.32369],[78.39963,13.32014],[78.40135,13.31539],[78.41702,13.31935],[78.41919,13.32064],[78.42234,13.32834],[78.42828,13.33095],[78.43624,13.33],[78.44095,13.32829],[78.44077,13.32183],[78.44417,13.30809],[78.4507,13.30874],[78.45779,13.31306],[78.46668,13.31488],[78.47028,13.31907],[78.4767,13.32228],[78.48445,13.32026],[78.48453,13.31398],[78.48133,13.30927],[78.48005,13.30122],[78.49665,13.29839],[78.49891,13.29965],[78.50433,13.29172],[78.51389,13.29075],[78.51329,13.2854],[78.5198,13.28314],[78.52144,13.27372],[78.52649,13.27139],[78.52677,13.26833],[78.53165,13.26647],[78.5369,13.27421],[78.53919,13.28803],[78.5463,13.28789],[78.55468,13.28306],[78.56189,13.28894],[78.56494,13.29605],[78.56558,13.302],[78.56352,13.30939],[78.56543,13.31197],[78.56925,13.30927],[78.57366,13.29925],[78.57741,13.29515],[78.57628,13.28491],[78.57862,13.28025],[78.58683,13.28011],[78.58774,13.27242],[78.58413,13.25881],[78.57933,13.25281],[78.57059,13.24729],[78.57147,13.24172],[78.56861,13.23743],[78.56644,13.22417],[78.56641,13.22019],[78.57777,13.21839],[78.57715,13.21645],[78.57937,13.21702],[78.57925,13.21317],[78.57529,13.21106],[78.57084,13.21244],[78.568,13.20116],[78.55944,13.19872],[78.55103,13.20041],[78.54966,13.19272],[78.55021,13.19064],[78.5553,13.18885],[78.56698,13.19159],[78.56691,13.19294],[78.57199,13.19039],[78.57586,13.18655],[78.57615,13.17449],[78.57659,13.17231],[78.57892,13.17105],[78.57963,13.16708],[78.57567,13.1667],[78.57296,13.16839],[78.56865,13.16543],[78.56821,13.16189],[78.5497,13.16392],[78.54059,13.15347],[78.5474,13.14886],[78.54503,13.14183],[78.53091,13.14176],[78.52775,13.13922],[78.52369,13.13055],[78.51784,13.13162],[78.51708,13.12841],[78.51962,13.11973],[78.52376,13.11841],[78.52299,13.11499],[78.53068,13.11154],[78.53168,13.10927],[78.53826,13.10833],[78.53882,13.10583],[78.53115,13.10583],[78.53019,13.10379],[78.52435,13.10101],[78.52273,13.09903],[78.52385,13.09471],[78.51608,13.0974],[78.50984,13.09206],[78.50915,13.07852],[78.51115,13.07787],[78.51524,13.07174],[78.51555,13.06263],[78.49716,13.06143],[78.49386,13.05699],[78.4899,13.0549],[78.48927,13.05213],[78.47858,13.05507],[78.47475,13.04534],[78.4691,13.04328],[78.46431,13.04487],[78.46209,13.0431],[78.46079,13.02605],[78.4621,13.02586],[78.46515,13.01652],[78.4631,13.00552],[78.46792,13.00448],[78.46766,12.99817],[78.47048,12.9974],[78.47321,12.99188],[78.47503,12.99113],[78.47023,12.98218],[78.46947,12.98289],[78.46772,12.97514],[78.453,12.97677],[78.43513,12.98194],[78.43202,12.97689],[78.4344,12.97355],[78.43248,12.96845],[78.43874,12.96328],[78.42956,12.95766],[78.41985,12.95885],[78.4224,12.95445],[78.42059,12.9478],[78.41388,12.94817],[78.41135,12.9448],[78.41376,12.93826],[78.41355,12.93326],[78.41749,12.93045],[78.41804,12.9226],[78.4226,12.9246],[78.42752,12.93133],[78.43746,12.92881],[78.44479,12.91973],[78.45223,12.91768],[78.4593,12.90876],[78.4664,12.90616],[78.46917,12.89955],[78.4684,12.89336],[78.46967,12.88995],[78.46454,12.86623],[78.46236,12.87048],[78.46419,12.8783],[78.45654,12.88664],[78.44733,12.89173],[78.44868,12.89867],[78.44424,12.90235],[78.44736,12.90564],[78.44554,12.91204],[78.4387,12.91322],[78.43515,12.9111],[78.43591,12.90869],[78.43428,12.90474],[78.4305,12.90496],[78.42863,12.90238],[78.414,12.903],[78.41199,12.90376],[78.40922,12.90895],[78.39894,12.91666],[78.39694,12.90661],[78.38964,12.90612],[78.38634,12.90814],[78.38504,12.91204],[78.3762,12.91467],[78.37599,12.9175],[78.36236,12.93452],[78.35591,12.94014],[78.35418,12.93972],[78.34961,12.93589],[78.35403,12.93006],[78.34972,12.92922],[78.34618,12.91339],[78.34126,12.9126],[78.34374,12.90882],[78.34059,12.90416],[78.33128,12.90121],[78.32497,12.90373],[78.32263,12.89783],[78.32447,12.89326],[78.32327,12.89024],[78.32028,12.8889],[78.32015,12.88687],[78.32364,12.88479],[78.33062,12.88437],[78.33327,12.88968],[78.33758,12.88671],[78.33715,12.88265],[78.3323,12.88029],[78.33159,12.87484],[78.32779,12.87414],[78.31368,12.87651],[78.31533,12.86579],[78.31315,12.85871],[78.28087,12.85984],[78.26878,12.86837],[78.26357,12.86115],[78.25171,12.86334],[78.25263,12.83128],[78.24509,12.78783],[78.2374,12.76727],[78.23062,12.76064],[78.22306,12.76686],[78.21246,12.76398],[78.20299,12.77075],[78.19537,12.774],[78.19151,12.77407],[78.18855,12.77149],[78.1772,12.77623],[78.17071,12.77361],[78.16775,12.77056],[78.15042,12.77949],[78.14307,12.78182],[78.1337,12.78207],[78.1307,12.78434],[78.12982,12.78813],[78.12522,12.79088],[78.12484,12.79764],[78.12016,12.80104],[78.10803,12.80425],[78.10332,12.80891],[78.08828,12.81741],[78.08878,12.82366],[78.08557,12.82548],[78.08678,12.82718],[78.08563,12.83168]]]},"properties":{"district":"Kolar","kgis_name":"KOLAR","region_id":"district_542","level":"district"}},{"type":"Feature","geometry":{"type":"Polygon","coordinates":[[[76.37514,15.90222],[76.40341,15.90207],[76.40373,15.89955],[76.41024,15.89662],[76.41736,15.89571],[76.42672,15.89041],[76.42404,15.88801],[76.42205,15.87317],[76.41927,15.87135],[76.41679,15.86482],[76.44889,15.85274],[76.45101,15.85463],[76.45094,15.8439],[76.44893,15.83638],[76.44596,15.83376],[76.44232,15.82349],[76.43836,15.82476],[76.4364,15.82375],[76.42559,15.81342],[76.4218,15.81254],[76.42246,15.81039],[76.42049,15.80559],[76.4173,15.80661],[76.41289,15.80419],[76.41279,15.79654],[76.41498,15.79156],[76.42204,15.79091],[76.42214,15.78586],[76.43371,15.78738],[76.43951,15.78433],[76.43808,15.75779],[76.4396,15.74947],[76.44759,15.74438],[76.44388,15.73891],[76.44625,15.7342],[76.45963,15.72761],[76.46937,15.72504],[76.47601,15.72084],[76.48237,15.7193],[76.48541,15.71385],[76.49066,15.71309],[76.48994,15.71092],[76.49171,15.70812],[76.50943,15.71696],[76.52765,15.70673],[76.5289,15.70083],[76.53182,15.69943],[76.53576,15.69912],[76.53555,15.70346],[76.53983,15.70428],[76.5443,15.7035],[76.54143,15.6987],[76.5507,15.69903],[76.56164,15.70284],[76.56226,15.70562],[76.57592,15.7006],[76.57566,15.69891],[76.598,15.69581],[76.5995,15.67347],[76.61065,15.67031],[76.63123,15.67057],[76.65387,15.66588],[76.65345,15.66041],[76.67195,15.65802],[76.67017,15.63903],[76.67425,15.64175],[76.67676,15.64113],[76.6852,15.64792],[76.69236,15.64799],[76.69431,15.6454],[76.69353,15.62463],[76.68066,15.62671],[76.67995,15.62243],[76.67996,15.60665],[76.6822,15.60709],[76.69126,15.60312],[76.68884,15.59562],[76.70052,15.59092],[76.70115,15.59426],[76.72417,15.59098],[76.73732,15.59327],[76.74876,15.59002],[76.75297,15.58464],[76.75519,15.58454],[76.75592,15.57041],[76.75973,15.56592],[76.77002,15.56257],[76.77914,15.55712],[76.79406,15.55426],[76.79785,15.55136],[76.81266,15.54676],[76.80671,15.52823],[76.81096,15.51513],[76.79729,15.50365],[76.78126,15.49301],[76.74251,15.49108],[76.72391,15.49284],[76.7079,15.48787],[76.69376,15.47864],[76.6949,15.47674],[76.68401,15.46832],[76.67647,15.45493],[76.66288,15.44729],[76.66173,15.44906],[76.6583,15.44898],[76.64173,15.44411],[76.61146,15.44327],[76.59641,15.42635],[76.59451,15.41638],[76.59104,15.41219],[76.57113,15.40205],[76.55743,15.39876],[76.54751,15.38527],[76.54233,15.38348],[76.53917,15.37912],[76.5235,15.37014],[76.52176,15.36656],[76.50833,15.35742],[76.50589,15.35384],[76.49816,15.35073],[76.49323,15.3452],[76.49007,15.34417],[76.47709,15.34845],[76.46744,15.33696],[76.44205,15.33894],[76.42222,15.33423],[76.40526,15.32633],[76.39832,15.32681],[76.38844,15.33109],[76.37953,15.3317],[76.3795,15.32936],[76.37041,15.32521],[76.36116,15.32412],[76.35344,15.31491],[76.35076,15.30914],[76.35,15.29922],[76.34682,15.29644],[76.34491,15.28988],[76.34525,15.27885],[76.34377,15.27311],[76.33341,15.26484],[76.3274,15.26369],[76.30709,15.23972],[76.27879,15.22046],[76.26947,15.20716],[76.26575,15.20547],[76.26125,15.20688],[76.25782,15.2061],[76.25414,15.19613],[76.24852,15.19089],[76.23098,15.18861],[76.21889,15.1975],[76.21846,15.20303],[76.23221,15.22685],[76.23047,15.23124],[76.2262,15.23258],[76.20225,15.23301],[76.18825,15.23557],[76.17399,15.22689],[76.15831,15.21289],[76.15746,15.21037],[76.16042,15.2009],[76.15714,15.19725],[76.15085,15.19629],[76.12758,15.20334],[76.12291,15.20319],[76.11398,15.19979],[76.10849,15.19256],[76.10506,15.17415],[76.10244,15.16867],[76.09493,15.16302],[76.08243,15.1589],[76.05827,15.15767],[76.04241,15.14463],[76.03136,15.14294],[76.02477,15.14318],[76.00828,15.14844],[75.9963,15.14575],[75.98588,15.151],[75.97708,15.1511],[75.97036,15.14704],[75.96459,15.141],[75.9514,15.13708],[75.94788,15.17291],[75.9247,15.18257],[75.92604,15.19468],[75.92436,15.20575],[75.91493,15.22902],[75.91203,15.24079],[75.90391,15.2393],[75.90174,15.24571],[75.90001,15.24557],[75.89941,15.25459],[75.89486,15.27402],[75.89853,15.2757],[75.89254,15.2821],[75.8918,15.28629],[75.8897,15.28733],[75.88911,15.29585],[75.8876,15.29745],[75.88968,15.29956],[75.88985,15.31131],[75.89297,15.31901],[75.8913,15.325],[75.89131,15.33722],[75.88911,15.33681],[75.88811,15.35302],[75.90297,15.35379],[75.90187,15.37543],[75.904,15.40278],[75.88646,15.40817],[75.86536,15.40803],[75.86478,15.42301],[75.85932,15.42302],[75.85831,15.44367],[75.85162,15.44365],[75.85063,15.44506],[75.84751,15.44283],[75.84394,15.44422],[75.83985,15.44296],[75.83641,15.44715],[75.83235,15.44732],[75.82327,15.45161],[75.82497,15.45325],[75.81935,15.4561],[75.81841,15.46905],[75.81248,15.46729],[75.80918,15.48778],[75.81559,15.48706],[75.81452,15.49556],[75.82317,15.49681],[75.81866,15.50819],[75.83151,15.50708],[75.83222,15.5099],[75.84906,15.51289],[75.84986,15.51568],[75.85995,15.51371],[75.86748,15.56105],[75.86797,15.5803],[75.86643,15.59553],[75.87866,15.59732],[75.87901,15.59532],[75.88289,15.59573],[75.88215,15.5996],[75.8949,15.60224],[75.895,15.60618],[75.89769,15.60591],[75.89835,15.62434],[75.89393,15.62499],[75.89453,15.63223],[75.88601,15.63386],[75.88872,15.65378],[75.88724,15.66846],[75.88455,15.67193],[75.87057,15.67328],[75.87016,15.715],[75.88727,15.71746],[75.88954,15.72531],[75.8897,15.7278],[75.88213,15.73695],[75.88514,15.73605],[75.88683,15.73815],[75.89267,15.73911],[75.8974,15.75056],[75.90676,15.7471],[75.91017,15.74366],[75.90967,15.7317],[75.92067,15.72603],[75.91599,15.71024],[75.91492,15.69806],[75.92539,15.69252],[75.93946,15.69379],[75.93981,15.68358],[75.94363,15.67726],[75.96127,15.6773],[75.96724,15.67932],[75.96617,15.6698],[75.96743,15.66967],[75.96725,15.6647],[75.97743,15.66272],[75.98176,15.66409],[76.01087,15.66216],[76.0158,15.67186],[76.0156,15.67976],[75.99437,15.67892],[75.99106,15.67089],[75.9824,15.66675],[75.98398,15.68057],[75.98689,15.68947],[75.98326,15.69002],[75.98369,15.69353],[75.9867,15.69613],[75.99236,15.7072],[75.99862,15.70835],[76.00422,15.71191],[76.00476,15.71574],[76.01891,15.71521],[76.02249,15.70924],[76.03028,15.71519],[76.03996,15.71738],[76.04304,15.72007],[76.04496,15.72407],[76.0431,15.72727],[76.04346,15.73643],[76.03704,15.73703],[76.03982,15.74717],[76.03993,15.75441],[76.03468,15.75505],[76.03764,15.76135],[76.04058,15.76324],[76.03938,15.77],[76.03912,15.77108],[76.03423,15.77027],[76.02681,15.77426],[76.01982,15.77579],[76.01858,15.77906],[76.01252,15.77982],[76.00993,15.78411],[75.99342,15.78109],[75.99166,15.78559],[75.99016,15.786],[75.98845,15.80155],[75.98299,15.80232],[75.97663,15.80074],[75.96782,15.79424],[75.96388,15.79513],[75.96328,15.78843],[75.96137,15.78485],[75.93818,15.79074],[75.9277,15.79161],[75.90858,15.80746],[75.90042,15.80966],[75.89148,15.81498],[75.87394,15.82817],[75.84888,15.83801],[75.84515,15.83811],[75.84952,15.85909],[75.84958,15.8609],[75.84755,15.86184],[75.84817,15.87143],[75.83987,15.87158],[75.83783,15.86522],[75.82782,15.86623],[75.83229,15.87565],[75.83173,15.87854],[75.83396,15.87801],[75.83543,15.88276],[75.83314,15.88683],[75.83007,15.88752],[75.83,15.89717],[75.8276,15.90027],[75.81163,15.90013],[75.81107,15.89416],[75.78657,15.89836],[75.78043,15.89712],[75.77587,15.90259],[75.77907,15.90306],[75.78054,15.9058],[75.78056,15.90877],[75.77642,15.91364],[75.77713,15.91912],[75.78915,15.92419],[75.78979,15.92249],[75.80574,15.924],[75.81221,15.9226],[75.81099,15.92496],[75.8277,15.9271],[75.83025,15.9246],[75.83641,15.92469],[75.83654,15.92766],[75.84051,15.93088],[75.85545,15.9343],[75.85485,15.93565],[75.86679,15.93153],[75.87907,15.93128],[75.88796,15.91916],[75.89176,15.91685],[75.89694,15.9167],[75.90287,15.91864],[75.90195,15.92275],[75.92245,15.90333],[75.92722,15.89745],[75.92643,15.88607],[75.92795,15.88694],[75.92948,15.88102],[75.92843,15.87519],[75.94196,15.87421],[75.94447,15.86634],[75.96263,15.86552],[75.96549,15.85897],[75.97466,15.86183],[75.97887,15.87086],[75.97897,15.88287],[75.97714,15.89496],[75.97434,15.89787],[75.97554,15.89958],[75.97529,15.9127],[75.9737,15.92278],[75.97691,15.9313],[75.97624,15.94567],[75.97756,15.95184],[75.97433,15.95241],[75.97389,15.95422],[75.97572,15.96041],[75.97379,15.98663],[75.97611,15.9896],[75.98673,15.99469],[75.98937,15.99875],[75.98949,16.00481],[76.00827,16.00285],[76.01138,16.00125],[76.01658,16.00201],[76.02017,16.0077],[76.02317,16.00876],[76.05162,16.00338],[76.05202,16.00603],[76.0565,16.00557],[76.05643,16.01146],[76.05993,16.01149],[76.0801,16.01],[76.08481,15.99717],[76.07865,15.97687],[76.07278,15.9654],[76.07241,15.95829],[76.07078,15.95547],[76.07118,15.94896],[76.06485,15.92495],[76.06274,15.92152],[76.06382,15.91584],[76.05848,15.906],[76.07055,15.90252],[76.1016,15.90046],[76.10326,15.89385],[76.1172,15.88601],[76.12312,15.89028],[76.12533,15.89411],[76.14533,15.89505],[76.15393,15.91492],[76.15836,15.91783],[76.15994,15.92108],[76.16494,15.92147],[76.1719,15.92477],[76.172,15.93166],[76.19491,15.9324],[76.20048,15.93643],[76.20046,15.94399],[76.22653,15.94089],[76.23009,15.92331],[76.25687,15.92293],[76.2569,15.91528],[76.26107,15.91477],[76.26184,15.90671],[76.27175,15.90467],[76.27409,15.91045],[76.27697,15.90971],[76.27595,15.90374],[76.28539,15.90258],[76.28976,15.89262],[76.3007,15.8963],[76.3065,15.89321],[76.31329,15.89492],[76.31458,15.89951],[76.32115,15.90159],[76.32112,15.90354],[76.33016,15.90519],[76.34507,15.90077],[76.34616,15.89045],[76.34182,15.87692],[76.33774,15.87155],[76.3507,15.86344],[76.35547,15.8654],[76.3588,15.88132],[76.35735,15.88177],[76.35687,15.89729],[76.35853,15.9011],[76.3537,15.90317],[76.35797,15.90883],[76.3623,15.91162],[76.37024,15.9129],[76.37359,15.91762],[76.37514,15.90222]]]},"properties":{"district":"Koppal","kgis_name":"KOPPAL","region_id":"district_543","level":"district"}},{"type":"Feature","geometry":{"type":"MultiPolygon","coordinates":[[[[76.68391,12.36585],[76.68055,12.3694],[76.68114,12.37212],[76.6864,12.38278],[76.68363,12.38367],[76.68157,12.38659],[76.68287,12.39138],[76.67133,12.39146],[76.67073,12.38956],[76.66773,12.38931],[76.66783,12.38747],[76.66383,12.38646],[76.65625,12.39633],[76.65214,12.39484],[76.64893,12.39748],[76.64264,12.39538],[76.64121,12.38462],[76.63361,12.38336],[76.6274,12.37682],[76.62514,12.37175],[76.62564,12.36928],[76.61897,12.36758],[76.60399,12.36934],[76.60202,12.36754],[76.5951,12.3678],[76.59199,12.36296],[76.58882,12.36368],[76.59013,12.36862],[76.5873,12.37048],[76.58723,12.37539],[76.5786,12.37254],[76.56956,12.37332],[76.56544,12.37836],[76.56586,12.3822],[76.5607,12.384],[76.5592,12.39012],[76.55453,12.39163],[76.55739,12.40085],[76.56574,12.39916],[76.56907,12.4251],[76.56266,12.42721],[76.55077,12.43837],[76.54621,12.44054],[76.53144,12.44226],[76.51307,12.45363],[76.50297,12.45158],[76.49724,12.45578],[76.48929,12.4677],[76.47715,12.47376],[76.46992,12.47371],[76.45735,12.48094],[76.45719,12.48315],[76.45073,12.48796],[76.44926,12.49651],[76.45062,12.50604],[76.44886,12.49787],[76.4477,12.50337],[76.44047,12.51243],[76.43669,12.5226],[76.43342,12.52326],[76.42182,12.5319],[76.42362,12.53853],[76.42609,12.53854],[76.4267,12.54271],[76.41539,12.54681],[76.41154,12.557],[76.39559,12.55032],[76.39545,12.5516],[76.38927,12.55169],[76.38692,12.55826],[76.39072,12.56471],[76.39638,12.5688],[76.39572,12.57035],[76.3946,12.57269],[76.37721,12.57567],[76.37192,12.59803],[76.3692,12.6034],[76.37017,12.60602],[76.36332,12.60658],[76.36415,12.62679],[76.3577,12.63564],[76.35206,12.64042],[76.35216,12.65043],[76.34262,12.65494],[76.34219,12.65946],[76.34734,12.66653],[76.34927,12.66874],[76.35319,12.66802],[76.35425,12.68496],[76.3597,12.68658],[76.35897,12.69026],[76.36167,12.69122],[76.36278,12.69728],[76.36184,12.71164],[76.35665,12.71038],[76.35363,12.7114],[76.3479,12.71721],[76.34608,12.71695],[76.34422,12.72284],[76.34477,12.73027],[76.33941,12.73307],[76.3459,12.73822],[76.34442,12.74221],[76.34653,12.74291],[76.34579,12.74401],[76.35123,12.74209],[76.35504,12.74387],[76.35747,12.74702],[76.35729,12.74954],[76.35138,12.75235],[76.34253,12.76247],[76.34328,12.76695],[76.34803,12.76823],[76.3501,12.77045],[76.35062,12.77339],[76.34805,12.77822],[76.34966,12.78613],[76.33576,12.78658],[76.32985,12.80355],[76.33184,12.81187],[76.34382,12.8121],[76.35121,12.80868],[76.36798,12.80841],[76.37075,12.81171],[76.37085,12.81529],[76.36717,12.82281],[76.37087,12.82992],[76.37388,12.82983],[76.37505,12.83142],[76.37724,12.82805],[76.38223,12.83059],[76.38803,12.84078],[76.38583,12.84508],[76.39123,12.84443],[76.39745,12.84747],[76.4073,12.84536],[76.40847,12.85354],[76.40692,12.86582],[76.41308,12.86445],[76.41485,12.86571],[76.41618,12.86483],[76.41663,12.85969],[76.42537,12.85746],[76.42679,12.85412],[76.42576,12.84621],[76.42045,12.84316],[76.42423,12.82602],[76.42553,12.82454],[76.44499,12.82126],[76.44436,12.81811],[76.45075,12.81205],[76.45066,12.80965],[76.45739,12.80646],[76.45676,12.80247],[76.46162,12.80214],[76.46329,12.80493],[76.46739,12.80422],[76.46961,12.80087],[76.46876,12.79432],[76.46106,12.78853],[76.45685,12.78861],[76.45523,12.77988],[76.45686,12.77669],[76.46643,12.77451],[76.46911,12.7714],[76.47574,12.77094],[76.47702,12.77139],[76.47833,12.77982],[76.48386,12.78354],[76.48948,12.78467],[76.48962,12.77561],[76.4879,12.77071],[76.48959,12.76567],[76.49298,12.76647],[76.49766,12.77074],[76.49825,12.77449],[76.498,12.77896],[76.4932,12.78224],[76.49028,12.78897],[76.49201,12.78983],[76.49134,12.79292],[76.49515,12.8034],[76.49146,12.80675],[76.49733,12.81342],[76.50172,12.82231],[76.50933,12.82234],[76.51805,12.82687],[76.51697,12.83386],[76.52033,12.84145],[76.53258,12.84256],[76.53554,12.84424],[76.54012,12.84198],[76.54662,12.84131],[76.55572,12.84609],[76.56365,12.84463],[76.57328,12.8471],[76.57714,12.84621],[76.57715,12.85867],[76.57471,12.86699],[76.57976,12.87123],[76.57864,12.87344],[76.58369,12.87334],[76.58626,12.876],[76.59602,12.88024],[76.59097,12.88703],[76.59078,12.89002],[76.59534,12.89979],[76.59992,12.90543],[76.59593,12.92088],[76.59945,12.92343],[76.60273,12.92304],[76.60565,12.93888],[76.61559,12.9368],[76.61762,12.94515],[76.61758,12.95365],[76.61133,12.95796],[76.61055,12.96621],[76.62028,12.96532],[76.63143,12.97221],[76.63136,12.98248],[76.6341,12.9812],[76.63447,12.98408],[76.63285,12.99291],[76.63033,12.99351],[76.63197,13.00392],[76.63928,13.00932],[76.64558,13.00956],[76.64805,13.00702],[76.65315,13.0077],[76.65813,13.01359],[76.65972,13.02627],[76.66738,13.03916],[76.67072,13.05529],[76.67553,13.05495],[76.68079,13.04807],[76.69364,13.03709],[76.70177,13.04203],[76.70951,13.03933],[76.71801,13.0406],[76.74964,13.03614],[76.75809,13.03738],[76.75743,13.03538],[76.75881,13.03674],[76.77147,13.03446],[76.78242,13.03047],[76.78581,13.01449],[76.79479,13.0151],[76.80618,13.01214],[76.81549,13.01342],[76.81994,13.00492],[76.8291,13.00221],[76.82688,12.99837],[76.84395,12.98686],[76.84519,12.98308],[76.85135,12.97911],[76.85058,12.97467],[76.83938,12.97311],[76.84181,12.96574],[76.83562,12.94343],[76.84234,12.94146],[76.84869,12.94399],[76.84928,12.93841],[76.85706,12.93794],[76.86262,12.93437],[76.86205,12.92827],[76.88076,12.93357],[76.88797,12.93425],[76.89254,12.93174],[76.89373,12.925],[76.89711,12.92102],[76.8903,12.91883],[76.88622,12.91884],[76.88582,12.92041],[76.88333,12.9207],[76.87366,12.91815],[76.86791,12.91858],[76.86461,12.91345],[76.86555,12.90507],[76.87071,12.89937],[76.8728,12.89973],[76.87285,12.8975],[76.88857,12.8974],[76.88867,12.89182],[76.89218,12.882],[76.891,12.87948],[76.89356,12.87435],[76.8913,12.85002],[76.9003,12.84507],[76.90661,12.83423],[76.90755,12.82652],[76.91685,12.81896],[76.91685,12.81463],[76.91988,12.81183],[76.92313,12.80459],[76.93526,12.79911],[76.94187,12.80463],[76.95049,12.8001],[76.96093,12.80279],[76.97359,12.80131],[76.97648,12.79245],[76.99066,12.78777],[76.99872,12.77708],[77.00978,12.78116],[77.00686,12.77379],[77.00854,12.76395],[77.0253,12.76224],[77.02709,12.76555],[77.02973,12.76564],[77.03574,12.76951],[77.04394,12.77762],[77.0468,12.75983],[77.04933,12.75412],[77.04911,12.74775],[77.05649,12.7527],[77.06056,12.75272],[77.06074,12.756],[77.06615,12.75751],[77.06783,12.75953],[77.0716,12.75725],[77.0767,12.74605],[77.08084,12.74744],[77.08193,12.74525],[77.08166,12.73116],[77.07376,12.70332],[77.07311,12.6922],[77.0744,12.69138],[77.07449,12.68368],[77.07558,12.68346],[77.07409,12.67853],[77.08398,12.67495],[77.09942,12.6732],[77.1012,12.62891],[77.10558,12.62763],[77.11756,12.62825],[77.12273,12.62221],[77.12227,12.61904],[77.11111,12.61607],[77.10825,12.60768],[77.10995,12.59703],[77.1151,12.5958],[77.11911,12.57638],[77.12835,12.56991],[77.12938,12.56323],[77.12824,12.55407],[77.11538,12.55504],[77.11394,12.55288],[77.11508,12.54324],[77.12199,12.54008],[77.12678,12.52996],[77.12532,12.52364],[77.13294,12.51653],[77.13052,12.49682],[77.12754,12.49067],[77.12489,12.48919],[77.12615,12.48202],[77.12504,12.4799],[77.13236,12.47961],[77.138,12.46659],[77.14247,12.46288],[77.14674,12.46209],[77.14916,12.46306],[77.15645,12.47187],[77.1575,12.47559],[77.16476,12.47507],[77.16546,12.47852],[77.16953,12.48388],[77.17528,12.48286],[77.17587,12.47954],[77.17787,12.47894],[77.19256,12.48205],[77.19375,12.48371],[77.1979,12.48337],[77.20074,12.49155],[77.20557,12.49102],[77.20527,12.48538],[77.21348,12.48493],[77.21622,12.49206],[77.22199,12.49218],[77.22432,12.50221],[77.23858,12.5002],[77.23905,12.48882],[77.23435,12.48672],[77.22607,12.48941],[77.22544,12.47466],[77.22705,12.47472],[77.22693,12.47935],[77.23011,12.47961],[77.22975,12.4823],[77.23002,12.48424],[77.23345,12.48405],[77.23598,12.48225],[77.23504,12.47366],[77.23629,12.47093],[77.24361,12.47111],[77.24683,12.46942],[77.25458,12.47007],[77.25753,12.46358],[77.26511,12.46195],[77.26943,12.46476],[77.27499,12.43965],[77.27382,12.43761],[77.27511,12.43721],[77.27288,12.43718],[77.26966,12.43419],[77.27364,12.43005],[77.28523,12.4288],[77.28625,12.42109],[77.28171,12.42145],[77.28402,12.41127],[77.28386,12.40859],[77.28187,12.40916],[77.28179,12.40708],[77.28404,12.40687],[77.28498,12.39395],[77.3122,12.39228],[77.33242,12.35374],[77.32454,12.32815],[77.32487,12.3104],[77.32382,12.30985],[77.32554,12.30935],[77.32504,12.30597],[77.31504,12.30366],[77.31189,12.2986],[77.30604,12.29671],[77.29534,12.30125],[77.2895,12.30203],[77.26974,12.31253],[77.26399,12.31277],[77.24939,12.30594],[77.23768,12.30859],[77.22403,12.30204],[77.21633,12.30715],[77.20795,12.30636],[77.20123,12.30768],[77.19212,12.3058],[77.17792,12.30707],[77.17675,12.30894],[77.16643,12.31006],[77.16982,12.29997],[77.16844,12.29408],[77.16973,12.2859],[77.16651,12.28086],[77.16658,12.27414],[77.17008,12.26498],[77.167,12.25554],[77.15728,12.25558],[77.14375,12.24732],[77.13235,12.24738],[77.12609,12.24293],[77.10711,12.24091],[77.10522,12.21973],[77.09121,12.21979],[77.08836,12.21758],[77.08812,12.21917],[77.08256,12.22109],[77.07931,12.22161],[77.07884,12.21944],[77.07708,12.21948],[77.07786,12.23619],[77.06934,12.23742],[77.06869,12.23438],[77.06431,12.23255],[77.05303,12.23861],[77.04971,12.23814],[77.04556,12.23262],[77.03735,12.23381],[77.03522,12.23192],[77.03495,12.233],[77.03218,12.2322],[77.02548,12.23707],[77.01223,12.24138],[76.99624,12.23977],[76.99395,12.25147],[76.98914,12.25703],[76.98927,12.27628],[76.99091,12.27719],[76.98948,12.28765],[76.98364,12.28652],[76.9805,12.28919],[76.97126,12.29066],[76.97339,12.30002],[76.97732,12.30764],[76.9806,12.30747],[76.98678,12.30182],[76.99289,12.30178],[76.99748,12.31357],[76.99078,12.31467],[76.99087,12.31731],[76.98731,12.31985],[76.98698,12.33332],[76.98072,12.32791],[76.97649,12.32799],[76.9778,12.33327],[76.97658,12.35459],[76.97173,12.35449],[76.97109,12.35276],[76.95825,12.3546],[76.95836,12.35308],[76.95649,12.35266],[76.95661,12.34646],[76.9607,12.33487],[76.95921,12.32803],[76.95357,12.32778],[76.95326,12.33065],[76.94751,12.33125],[76.93558,12.32459],[76.92808,12.32204],[76.92233,12.32241],[76.928,12.32662],[76.92889,12.33339],[76.93162,12.33802],[76.92836,12.33917],[76.92545,12.34475],[76.92372,12.35319],[76.93888,12.35314],[76.93925,12.35421],[76.93613,12.36986],[76.93785,12.38296],[76.93636,12.38532],[76.93615,12.39161],[76.93762,12.401],[76.93214,12.40739],[76.9294,12.41569],[76.92608,12.41836],[76.92545,12.42206],[76.92704,12.42124],[76.92851,12.42305],[76.92828,12.42743],[76.92203,12.44168],[76.91764,12.44093],[76.91642,12.43915],[76.91018,12.43967],[76.90506,12.43607],[76.90389,12.42694],[76.9066,12.42195],[76.90027,12.42008],[76.90018,12.41639],[76.89821,12.41523],[76.90006,12.40941],[76.88147,12.40609],[76.87963,12.40481],[76.88085,12.40073],[76.8772,12.39984],[76.86307,12.40047],[76.86087,12.40908],[76.85898,12.40956],[76.85543,12.40791],[76.85393,12.40962],[76.85375,12.40722],[76.84773,12.40204],[76.8322,12.40264],[76.83182,12.39708],[76.83499,12.39524],[76.834,12.38451],[76.82816,12.38707],[76.81451,12.38678],[76.81202,12.36607],[76.8083,12.3602],[76.80371,12.36747],[76.80342,12.3705],[76.79936,12.36888],[76.7968,12.36547],[76.79965,12.35643],[76.79437,12.35436],[76.79107,12.34725],[76.78302,12.34767],[76.7815,12.35231],[76.77877,12.35172],[76.77697,12.35306],[76.76481,12.35108],[76.76535,12.3464],[76.76181,12.33823],[76.76431,12.32807],[76.76269,12.31543],[76.76466,12.3123],[76.75729,12.30403],[76.75376,12.30418],[76.75323,12.30181],[76.74905,12.30559],[76.74826,12.3084],[76.74608,12.30782],[76.7437,12.31009],[76.74468,12.31398],[76.74291,12.317],[76.7434,12.32032],[76.74139,12.32176],[76.73601,12.32276],[76.73206,12.31561],[76.73004,12.34275],[76.717,12.3519],[76.71822,12.35669],[76.71374,12.35741],[76.70722,12.35274],[76.69874,12.35039],[76.69565,12.35583],[76.68797,12.36316],[76.68787,12.36612],[76.68391,12.36585]],[[77.29253,12.36954],[77.29232,12.37102],[77.29002,12.37124],[77.29054,12.36878],[77.29253,12.36954]],[[77.30312,12.35382],[77.30488,12.35922],[77.30565,12.35932],[77.30578,12.35997],[77.30629,12.36016],[77.30857,12.35762],[77.30841,12.36234],[77.30535,12.36286],[77.30559,12.36083],[77.3027,12.35905],[77.30312,12.35382]],[[77.30221,12.35375],[77.30284,12.35465],[77.3025,12.35527],[77.30221,12.35375]],[[77.29483,12.35675],[77.29312,12.35967],[77.2882,12.36162],[77.28903,12.3594],[77.28728,12.35401],[77.29315,12.35321],[77.29483,12.35675]],[[77.30032,12.31559],[77.30437,12.31654],[77.3008,12.31994],[77.30032,12.31559]]],[[[76.98423,12.25941],[76.98284,12.25938],[76.98234,12.2563],[76.97631,12.2558],[76.9751,12.25387],[76.97199,12.25363],[76.96903,12.26009],[76.96891,12.2775],[76.97888,12.27539],[76.98581,12.26443],[76.98423,12.25941]]],[[[76.90686,12.35607],[76.89819,12.35678],[76.89893,12.37435],[76.90815,12.37595],[76.91071,12.38402],[76.92287,12.38249],[76.92235,12.37396],[76.91771,12.36743],[76.91992,12.35989],[76.90686,12.35607]]]]},"properties":{"district":"Mandya","kgis_name":"MANDYA","region_id":"district_544","level":"district"}},{"type":"Feature","geometry":{"type":"Polygon","coordinates":[[[76.69874,12.35039],[76.70722,12.35274],[76.71374,12.35741],[76.71822,12.35669],[76.717,12.3519],[76.73004,12.34275],[76.73206,12.31561],[76.73601,12.32276],[76.74139,12.32176],[76.7434,12.32032],[76.74291,12.317],[76.74468,12.31398],[76.7437,12.31009],[76.74608,12.30782],[76.74826,12.3084],[76.74905,12.30559],[76.75323,12.30181],[76.75376,12.30418],[76.75729,12.30403],[76.76466,12.3123],[76.76269,12.31543],[76.76431,12.32807],[76.76181,12.33823],[76.76535,12.3464],[76.76481,12.35108],[76.77697,12.35306],[76.77877,12.35172],[76.7815,12.35231],[76.78302,12.34767],[76.79107,12.34725],[76.79437,12.35436],[76.79965,12.35643],[76.7968,12.36547],[76.79936,12.36888],[76.80342,12.3705],[76.80371,12.36747],[76.8083,12.3602],[76.81202,12.36607],[76.81451,12.38678],[76.82816,12.38707],[76.834,12.38451],[76.83499,12.39524],[76.83182,12.39708],[76.8322,12.40264],[76.84773,12.40204],[76.85375,12.40722],[76.85393,12.40962],[76.85543,12.40791],[76.85898,12.40956],[76.86087,12.40908],[76.86307,12.40047],[76.8772,12.39984],[76.88085,12.40073],[76.87963,12.40481],[76.88147,12.40609],[76.90006,12.40941],[76.89821,12.41523],[76.90018,12.41639],[76.90027,12.42008],[76.9066,12.42195],[76.90389,12.42694],[76.90506,12.43607],[76.91018,12.43967],[76.91642,12.43915],[76.91764,12.44093],[76.92203,12.44168],[76.92828,12.42743],[76.92851,12.42305],[76.92704,12.42124],[76.92545,12.42206],[76.92608,12.41836],[76.9294,12.41569],[76.93214,12.40739],[76.93762,12.401],[76.93615,12.39161],[76.93636,12.38532],[76.93785,12.38296],[76.93613,12.36986],[76.93925,12.35421],[76.93888,12.35314],[76.92372,12.35319],[76.92545,12.34475],[76.92836,12.33917],[76.93162,12.33802],[76.92889,12.33339],[76.928,12.32662],[76.92233,12.32241],[76.92808,12.32204],[76.93558,12.32459],[76.94751,12.33125],[76.95326,12.33065],[76.95357,12.32778],[76.95921,12.32803],[76.9607,12.33487],[76.95661,12.34646],[76.95649,12.35266],[76.95836,12.35308],[76.95825,12.3546],[76.97109,12.35276],[76.97173,12.35449],[76.97658,12.35459],[76.9778,12.33327],[76.97649,12.32799],[76.98072,12.32791],[76.98698,12.33332],[76.98731,12.31985],[76.99087,12.31731],[76.99078,12.31467],[76.99748,12.31357],[76.99289,12.30178],[76.98678,12.30182],[76.9806,12.30747],[76.97732,12.30764],[76.97339,12.30002],[76.97126,12.29066],[76.9805,12.28919],[76.98364,12.28652],[76.98948,12.28765],[76.99091,12.27719],[76.98927,12.27628],[76.98914,12.25703],[76.99395,12.25147],[76.99624,12.23977],[77.01223,12.24138],[77.02548,12.23707],[77.03218,12.2322],[77.03495,12.233],[77.03522,12.23192],[77.03735,12.23381],[77.04556,12.23262],[77.04971,12.23814],[77.05303,12.23861],[77.06431,12.23255],[77.06869,12.23438],[77.06934,12.23742],[77.07786,12.23619],[77.07708,12.21948],[77.07884,12.21944],[77.07931,12.22161],[77.08256,12.22109],[77.08812,12.21917],[77.08836,12.21758],[77.09121,12.21979],[77.10522,12.21973],[77.10711,12.24091],[77.11634,12.2409],[77.12626,12.24305],[77.12719,12.23588],[77.13455,12.22987],[77.13469,12.22426],[77.13155,12.21938],[77.13182,12.20638],[77.12552,12.20287],[77.12707,12.20205],[77.12289,12.1944],[77.11398,12.19239],[77.10804,12.18759],[77.10613,12.18723],[77.10599,12.18928],[77.08545,12.19016],[77.0797,12.18711],[77.06361,12.1713],[77.04408,12.1699],[77.04383,12.16212],[77.0457,12.1618],[77.04551,12.15923],[77.04354,12.1576],[77.04245,12.15296],[77.04029,12.152],[77.03932,12.14388],[77.04025,12.13896],[77.04439,12.14182],[77.04602,12.13549],[77.04422,12.13578],[77.04291,12.13046],[77.03971,12.12824],[77.03864,12.13641],[77.03693,12.1387],[77.02421,12.13732],[77.02232,12.13479],[77.0158,12.13327],[77.01558,12.13642],[77.01224,12.13704],[77.01329,12.15128],[77.01132,12.15368],[77.01231,12.15631],[77.01415,12.15658],[77.01398,12.16252],[77.00291,12.16054],[77.00278,12.16589],[76.99722,12.1666],[76.99861,12.17715],[76.99222,12.17619],[76.99028,12.17356],[76.99007,12.17093],[76.99169,12.17016],[76.99074,12.16238],[76.98813,12.16202],[76.98946,12.15482],[76.98888,12.14067],[76.98684,12.14111],[76.98662,12.1382],[76.98233,12.13836],[76.98227,12.13645],[76.98039,12.13652],[76.97957,12.13422],[76.97637,12.13431],[76.97618,12.12309],[76.96889,12.12229],[76.96862,12.1169],[76.97073,12.11689],[76.97079,12.11283],[76.94864,12.09785],[76.93667,12.10198],[76.93326,12.10725],[76.93028,12.10725],[76.93027,12.10951],[76.92602,12.10972],[76.9238,12.11468],[76.90677,12.11349],[76.90303,12.11679],[76.903,12.12322],[76.89043,12.12169],[76.8906,12.13114],[76.88182,12.12973],[76.87473,12.13899],[76.87125,12.14088],[76.86987,12.14806],[76.87109,12.1513],[76.86766,12.16169],[76.86939,12.1621],[76.8713,12.17399],[76.86548,12.17429],[76.86551,12.17666],[76.86337,12.17667],[76.86247,12.18024],[76.85604,12.18096],[76.85126,12.17916],[76.85337,12.17084],[76.84549,12.16868],[76.84631,12.16401],[76.8509,12.16336],[76.8521,12.15896],[76.84442,12.15628],[76.84088,12.15679],[76.84106,12.14548],[76.83921,12.14513],[76.83745,12.14112],[76.83109,12.13555],[76.83138,12.13274],[76.83829,12.12335],[76.84542,12.11917],[76.84523,12.11326],[76.84767,12.11772],[76.86059,12.11598],[76.86808,12.11788],[76.87671,12.11537],[76.87733,12.10495],[76.87968,12.10426],[76.87848,12.0999],[76.88087,12.09811],[76.88388,12.08318],[76.87386,12.07484],[76.87028,12.06335],[76.85421,12.06274],[76.85318,12.06028],[76.86738,12.06007],[76.87055,12.056],[76.89074,12.05879],[76.88891,12.05227],[76.89004,12.04974],[76.9007,12.04692],[76.89906,12.04337],[76.90168,12.04333],[76.90289,12.04511],[76.90475,12.04246],[76.91033,12.0417],[76.91035,12.03664],[76.91334,12.03551],[76.9153,12.02584],[76.93897,12.0265],[76.93809,12.01749],[76.93586,12.01298],[76.92257,12.01251],[76.91851,12.00732],[76.90434,11.99853],[76.88653,11.99952],[76.88376,12.00707],[76.88315,12.0156],[76.876,12.00845],[76.87385,12.00842],[76.87282,12.00555],[76.85836,12.00739],[76.85629,11.99958],[76.84583,11.99861],[76.83705,11.9997],[76.83743,12.00351],[76.83332,12.00381],[76.83324,12.00574],[76.82901,12.00608],[76.82748,12.0085],[76.82155,12.01006],[76.82258,12.01762],[76.82048,12.02811],[76.81797,12.02803],[76.81141,12.02731],[76.81112,12.02183],[76.80555,12.02068],[76.80575,12.01827],[76.7993,12.01734],[76.79425,12.01375],[76.79147,12.00573],[76.79572,12.0037],[76.79631,11.98926],[76.79276,11.98846],[76.7926,11.98652],[76.78741,11.9855],[76.76773,11.9923],[76.76423,11.9991],[76.74936,11.99955],[76.74926,12.00125],[76.74593,12.00195],[76.7463,12.00825],[76.74272,12.00848],[76.74261,12.00988],[76.74092,12.00979],[76.73953,12.00543],[76.73613,12.00537],[76.73627,12.00316],[76.73319,12.00274],[76.73202,11.99458],[76.72986,11.99052],[76.72482,11.98784],[76.71677,11.98815],[76.71602,11.98402],[76.70309,11.98525],[76.70413,11.99099],[76.70247,11.99124],[76.6997,11.9982],[76.6948,12.00061],[76.67417,12.00149],[76.67263,12.00193],[76.67157,12.00607],[76.65975,12.00777],[76.65342,12.0062],[76.65062,12.00736],[76.64203,11.98178],[76.63573,11.98182],[76.62059,11.98986],[76.60924,11.99249],[76.59708,11.98437],[76.59257,11.98652],[76.58564,11.98556],[76.57927,11.98757],[76.57702,11.9827],[76.5763,11.97347],[76.57274,11.96474],[76.55785,11.94782],[76.56023,11.94433],[76.57149,11.93941],[76.5706,11.92814],[76.57699,11.92269],[76.57145,11.90402],[76.56851,11.89968],[76.5714,11.89989],[76.56552,11.89274],[76.56409,11.89313],[76.56434,11.89149],[76.55728,11.89339],[76.55432,11.85831],[76.5317,11.87485],[76.50054,11.86323],[76.48904,11.8634],[76.48497,11.85575],[76.4821,11.84286],[76.48587,11.82263],[76.45983,11.82013],[76.45547,11.79659],[76.45281,11.79969],[76.43979,11.80038],[76.42582,11.80665],[76.42174,11.80669],[76.41392,11.81306],[76.41322,11.81677],[76.40938,11.81536],[76.40971,11.81046],[76.41196,11.80831],[76.42119,11.80336],[76.42566,11.80411],[76.42523,11.80063],[76.42822,11.79553],[76.42593,11.79349],[76.42118,11.79614],[76.42232,11.79216],[76.42,11.79019],[76.41502,11.79036],[76.4111,11.78826],[76.41666,11.78404],[76.41266,11.78151],[76.41294,11.77935],[76.42301,11.7763],[76.42143,11.77111],[76.413,11.76336],[76.41252,11.7585],[76.40921,11.75875],[76.39865,11.75142],[76.39361,11.75536],[76.39056,11.7538],[76.38639,11.74817],[76.37877,11.74496],[76.36682,11.74749],[76.35212,11.73849],[76.35001,11.73979],[76.34039,11.7378],[76.32882,11.74824],[76.31767,11.75163],[76.31116,11.7745],[76.2995,11.78249],[76.2958,11.78677],[76.28072,11.81151],[76.27516,11.81209],[76.25983,11.80908],[76.24898,11.80366],[76.23898,11.80261],[76.23052,11.80456],[76.22285,11.80878],[76.21812,11.81346],[76.21856,11.81701],[76.21573,11.82262],[76.20987,11.82908],[76.21312,11.84288],[76.21021,11.84794],[76.20957,11.85603],[76.2071,11.86255],[76.20551,11.86119],[76.20015,11.86268],[76.19892,11.86527],[76.1871,11.87202],[76.18682,11.8709],[76.16978,11.86906],[76.16583,11.86594],[76.15453,11.86858],[76.14741,11.8662],[76.14314,11.86155],[76.14227,11.86237],[76.13589,11.85769],[76.13226,11.85295],[76.12704,11.8533],[76.12096,11.84891],[76.11677,11.85517],[76.11739,11.85682],[76.11365,11.85794],[76.11494,11.86684],[76.11071,11.89294],[76.1119,11.90461],[76.10883,11.92209],[76.10994,11.97691],[76.11519,11.97917],[76.12224,11.97937],[76.13484,11.99302],[76.13697,11.9987],[76.14504,12.00683],[76.1481,12.01523],[76.15805,12.02212],[76.17728,12.02942],[76.18378,12.03586],[76.18896,12.05038],[76.17829,12.06983],[76.1751,12.08173],[76.17646,12.0996],[76.17178,12.10825],[76.17089,12.11804],[76.16655,12.12295],[76.16107,12.13436],[76.1507,12.14315],[76.14312,12.15689],[76.14124,12.16837],[76.1386,12.17076],[76.13503,12.18195],[76.13505,12.18799],[76.13765,12.1887],[76.13409,12.19215],[76.13154,12.19784],[76.12552,12.19399],[76.11884,12.19259],[76.10225,12.19665],[76.0952,12.20733],[76.09384,12.21348],[76.08218,12.22132],[76.0731,12.23459],[76.07326,12.23957],[76.06824,12.24215],[76.06416,12.24677],[76.06002,12.24801],[76.0596,12.25374],[76.05716,12.25313],[76.0573,12.24787],[76.05181,12.24573],[76.05088,12.24784],[76.04036,12.25259],[76.0349,12.25078],[76.03127,12.25212],[76.02612,12.25143],[76.0245,12.2485],[76.02093,12.25297],[76.01353,12.26885],[76.01632,12.27245],[76.01329,12.28453],[76.01406,12.29265],[76.00461,12.30544],[75.9979,12.30807],[75.99627,12.31135],[75.99712,12.31517],[75.99438,12.31784],[75.99386,12.32111],[75.99579,12.32416],[76.00251,12.32992],[75.99404,12.33589],[75.98883,12.33633],[75.98328,12.34268],[75.9769,12.34035],[75.97002,12.34399],[75.9676,12.34354],[75.96599,12.345],[75.96852,12.35047],[75.97174,12.353],[75.96334,12.35774],[75.94803,12.36987],[75.94353,12.37105],[75.9319,12.38231],[75.92052,12.38751],[75.91616,12.38653],[75.9148,12.38329],[75.91006,12.39435],[75.90973,12.40042],[75.91172,12.40835],[75.91518,12.40977],[75.92245,12.42269],[75.92251,12.43094],[75.92588,12.4369],[75.93073,12.43783],[75.93224,12.43967],[75.93652,12.43827],[75.93836,12.44307],[75.94631,12.44957],[75.95996,12.4518],[75.96806,12.44727],[75.97199,12.45009],[75.96814,12.45596],[75.96729,12.46464],[75.97204,12.47069],[75.96823,12.4709],[75.96507,12.47337],[75.96464,12.47535],[75.9671,12.47836],[75.96677,12.48303],[75.96079,12.48446],[75.95906,12.48888],[75.96262,12.49759],[75.9603,12.50117],[75.95994,12.50527],[75.96333,12.50986],[75.97209,12.5117],[75.97404,12.51936],[75.97575,12.52021],[75.9865,12.51945],[75.99314,12.52131],[75.99259,12.5292],[75.98245,12.54091],[75.98568,12.54458],[75.99515,12.54088],[75.9984,12.54604],[75.99773,12.55098],[75.99041,12.55622],[75.99052,12.55944],[75.99239,12.56166],[75.99636,12.56207],[76.00687,12.55504],[76.01185,12.55399],[76.01182,12.56034],[76.01774,12.56552],[76.0182,12.57091],[76.02145,12.57718],[76.02906,12.57571],[76.03079,12.57704],[76.03419,12.57519],[76.04597,12.57758],[76.04777,12.5613],[76.05581,12.5585],[76.05808,12.55616],[76.06374,12.55639],[76.0662,12.55823],[76.06981,12.55668],[76.07019,12.54942],[76.07462,12.55033],[76.07398,12.5477],[76.08012,12.54563],[76.08028,12.54362],[76.08283,12.54452],[76.08439,12.54289],[76.08783,12.54317],[76.08848,12.5458],[76.08915,12.5436],[76.08985,12.54733],[76.09386,12.54315],[76.08875,12.54358],[76.08662,12.53779],[76.08952,12.5383],[76.09346,12.53545],[76.09365,12.53363],[76.09925,12.53226],[76.09819,12.52888],[76.10353,12.53031],[76.10325,12.52801],[76.10103,12.52679],[76.10361,12.52323],[76.10436,12.51853],[76.1092,12.51775],[76.11188,12.51361],[76.11597,12.51245],[76.11569,12.51743],[76.11793,12.51756],[76.11957,12.52196],[76.11541,12.52923],[76.13468,12.52958],[76.13599,12.53778],[76.14367,12.53661],[76.14391,12.54508],[76.15261,12.54647],[76.15073,12.54897],[76.15124,12.55176],[76.15639,12.56356],[76.14769,12.5658],[76.15021,12.57376],[76.14897,12.57382],[76.15184,12.5768],[76.15225,12.58014],[76.15811,12.57854],[76.16762,12.58008],[76.18065,12.57521],[76.18395,12.57723],[76.19643,12.57749],[76.19476,12.58285],[76.19223,12.58517],[76.19308,12.58768],[76.19179,12.58999],[76.19338,12.59167],[76.19208,12.59333],[76.20053,12.60572],[76.20436,12.61473],[76.20603,12.61639],[76.21356,12.61673],[76.21645,12.6253],[76.20718,12.62908],[76.20751,12.63495],[76.20968,12.63838],[76.21336,12.63942],[76.21821,12.6441],[76.23107,12.64414],[76.23651,12.6409],[76.23666,12.63896],[76.24384,12.63771],[76.24697,12.63542],[76.24577,12.62577],[76.2536,12.62349],[76.25343,12.62144],[76.25514,12.62059],[76.25812,12.62198],[76.26546,12.61908],[76.26678,12.62391],[76.26583,12.62862],[76.27937,12.63337],[76.27909,12.63112],[76.28153,12.63064],[76.27915,12.62352],[76.27962,12.61705],[76.28728,12.61556],[76.29074,12.61685],[76.29249,12.62678],[76.29864,12.62927],[76.29904,12.62498],[76.30114,12.62474],[76.30095,12.62195],[76.3037,12.62174],[76.30475,12.62564],[76.3089,12.62337],[76.30919,12.61931],[76.30627,12.60941],[76.31758,12.6106],[76.32073,12.61227],[76.32602,12.60988],[76.32847,12.61372],[76.32896,12.62659],[76.32262,12.63422],[76.32813,12.63778],[76.33223,12.64344],[76.33874,12.64541],[76.33847,12.65025],[76.34261,12.65481],[76.35216,12.65043],[76.35206,12.64042],[76.3577,12.63564],[76.36415,12.62679],[76.36332,12.60658],[76.37017,12.60602],[76.3692,12.6034],[76.37192,12.59803],[76.37721,12.57567],[76.3946,12.57269],[76.39572,12.57035],[76.39638,12.5688],[76.39072,12.56471],[76.38692,12.55826],[76.38927,12.55169],[76.39545,12.5516],[76.39559,12.55032],[76.41154,12.557],[76.41539,12.54681],[76.4267,12.54271],[76.42609,12.53854],[76.42362,12.53853],[76.42182,12.5319],[76.43342,12.52326],[76.43669,12.5226],[76.44047,12.51243],[76.4477,12.50337],[76.44886,12.49787],[76.45062,12.50604],[76.44926,12.49651],[76.45187,12.48643],[76.45719,12.48315],[76.45735,12.48094],[76.46992,12.47371],[76.47715,12.47376],[76.48929,12.4677],[76.49724,12.45578],[76.50297,12.45158],[76.51307,12.45363],[76.53144,12.44226],[76.54621,12.44054],[76.55077,12.43837],[76.56266,12.42721],[76.56907,12.4251],[76.56574,12.39916],[76.55739,12.40085],[76.55453,12.39163],[76.5592,12.39012],[76.5607,12.384],[76.56586,12.3822],[76.56544,12.37836],[76.56956,12.37332],[76.5786,12.37254],[76.58723,12.37539],[76.5873,12.37048],[76.59013,12.36862],[76.58882,12.36368],[76.59199,12.36296],[76.5951,12.3678],[76.60202,12.36754],[76.60399,12.36934],[76.62068,12.36796],[76.62564,12.36928],[76.62514,12.37175],[76.6274,12.37682],[76.63361,12.38336],[76.64121,12.38462],[76.64264,12.39538],[76.64893,12.39748],[76.65214,12.39484],[76.65625,12.39633],[76.66383,12.38646],[76.66783,12.38747],[76.66773,12.38931],[76.67073,12.38956],[76.67133,12.39146],[76.68287,12.39138],[76.68157,12.38659],[76.68363,12.38367],[76.6864,12.38278],[76.68055,12.3694],[76.68391,12.36585],[76.68787,12.36612],[76.68797,12.36316],[76.69565,12.35583],[76.69874,12.35039]],[[76.98583,12.26435],[76.97888,12.27539],[76.96891,12.2775],[76.96903,12.26009],[76.97199,12.25363],[76.9751,12.25387],[76.97631,12.2558],[76.98234,12.2563],[76.98583,12.26435]],[[76.90686,12.35607],[76.91992,12.35989],[76.91771,12.36743],[76.92235,12.37396],[76.92287,12.38249],[76.91071,12.38402],[76.90815,12.37595],[76.89893,12.37435],[76.89819,12.35678],[76.90686,12.35607]]]},"properties":{"district":"Mysuru","kgis_name":"MYSURU","region_id":"district_545","level":"district"}},{"type":"Feature","geometry":{"type":"Polygon","coordinates":[[[76.42559,15.81342],[76.4364,15.82375],[76.43836,15.82476],[76.44232,15.82349],[76.44596,15.83376],[76.44893,15.83638],[76.45094,15.8439],[76.45101,15.85463],[76.44889,15.85274],[76.41679,15.86482],[76.41927,15.87135],[76.42205,15.87317],[76.42404,15.88801],[76.42672,15.89041],[76.42493,15.89166],[76.41736,15.89571],[76.41024,15.89662],[76.40417,15.89933],[76.40341,15.90207],[76.39426,15.90313],[76.37514,15.90222],[76.3747,15.91289],[76.37288,15.91749],[76.37024,15.9129],[76.3623,15.91162],[76.35797,15.90883],[76.3537,15.90317],[76.35853,15.9011],[76.35687,15.89729],[76.35735,15.88177],[76.3588,15.88132],[76.35547,15.8654],[76.35124,15.86338],[76.33774,15.87155],[76.34182,15.87692],[76.34616,15.89045],[76.34507,15.90077],[76.33016,15.90519],[76.32112,15.90354],[76.32115,15.90159],[76.31458,15.89951],[76.31405,15.89525],[76.31127,15.89435],[76.30545,15.89335],[76.3007,15.8963],[76.29099,15.89274],[76.28886,15.89411],[76.28519,15.90461],[76.28567,15.93032],[76.30184,15.93046],[76.30262,15.92382],[76.31273,15.9222],[76.31286,15.92894],[76.3286,15.93226],[76.3289,15.93461],[76.32247,15.95599],[76.30932,15.95699],[76.29991,15.97652],[76.29648,15.99226],[76.2979,15.99889],[76.31174,16.00039],[76.31109,16.01384],[76.30545,16.02556],[76.30329,16.03936],[76.30709,16.06595],[76.3032,16.06739],[76.30388,16.0735],[76.28389,16.07514],[76.26036,16.07395],[76.25883,16.09117],[76.29382,16.08878],[76.29923,16.08417],[76.30631,16.08369],[76.32754,16.07747],[76.33251,16.0913],[76.32034,16.09367],[76.30416,16.10157],[76.26782,16.10971],[76.26204,16.09719],[76.25579,16.09736],[76.25307,16.10414],[76.25416,16.10949],[76.24462,16.11319],[76.24525,16.12207],[76.24772,16.12625],[76.24659,16.1281],[76.23428,16.13051],[76.23847,16.16519],[76.25357,16.16054],[76.26983,16.15212],[76.27885,16.15253],[76.29011,16.16853],[76.29371,16.18061],[76.29712,16.18537],[76.30343,16.18817],[76.30562,16.18557],[76.33009,16.19351],[76.33321,16.19193],[76.34789,16.19823],[76.35274,16.2015],[76.35536,16.20576],[76.36209,16.20734],[76.36616,16.21269],[76.36772,16.21849],[76.37542,16.2198],[76.39476,16.23003],[76.39933,16.23957],[76.41486,16.24163],[76.41533,16.24375],[76.41281,16.2488],[76.4138,16.25052],[76.42665,16.25918],[76.43235,16.2607],[76.44987,16.27587],[76.45109,16.27424],[76.46363,16.27966],[76.46351,16.28108],[76.47686,16.29081],[76.4912,16.2972],[76.50005,16.29915],[76.49878,16.30169],[76.53623,16.30876],[76.53917,16.31233],[76.56656,16.32966],[76.58053,16.33098],[76.59018,16.33976],[76.61296,16.3421],[76.62385,16.35004],[76.6328,16.35392],[76.64611,16.35592],[76.65876,16.36961],[76.67356,16.37624],[76.68523,16.37871],[76.7063,16.39077],[76.70894,16.39321],[76.70782,16.39442],[76.71435,16.398],[76.72636,16.40378],[76.73584,16.40548],[76.73527,16.40664],[76.74558,16.41328],[76.75514,16.42529],[76.76094,16.42713],[76.7674,16.42639],[76.78026,16.41988],[76.78777,16.41945],[76.82509,16.42447],[76.84441,16.43207],[76.86331,16.45394],[76.86538,16.46039],[76.86348,16.47534],[76.86454,16.48282],[76.87264,16.49037],[76.88484,16.49236],[76.90066,16.48699],[76.9064,16.48731],[76.95933,16.50198],[76.97165,16.50835],[76.97509,16.51547],[76.97471,16.52429],[76.96864,16.53263],[76.96526,16.54445],[76.96614,16.55115],[76.96942,16.55592],[76.97728,16.56115],[76.99031,16.56157],[77.00347,16.55275],[77.00708,16.5483],[77.00816,16.53665],[77.00369,16.51348],[77.01008,16.50305],[77.01427,16.50125],[77.02369,16.5034],[77.03754,16.51627],[77.04352,16.51931],[77.05246,16.52041],[77.05936,16.51865],[77.0663,16.51303],[77.07149,16.5062],[77.09388,16.49585],[77.10597,16.48699],[77.11131,16.48481],[77.13116,16.48252],[77.15314,16.47477],[77.1586,16.46595],[77.16115,16.44848],[77.15901,16.44837],[77.15884,16.44691],[77.16079,16.44204],[77.17377,16.43017],[77.2068,16.42636],[77.24989,16.41568],[77.2583,16.41178],[77.26533,16.40587],[77.27974,16.40628],[77.2903,16.41282],[77.31433,16.40155],[77.32535,16.401],[77.33781,16.39763],[77.35194,16.38697],[77.37836,16.38949],[77.39903,16.37532],[77.41805,16.37023],[77.42612,16.37207],[77.43303,16.37792],[77.45426,16.38378],[77.4631,16.38518],[77.47734,16.38222],[77.47728,16.38359],[77.48833,16.38607],[77.51962,16.37786],[77.5221,16.37864],[77.52447,16.37721],[77.52311,16.37463],[77.53241,16.36673],[77.57865,16.34232],[77.58655,16.34802],[77.59473,16.34728],[77.59641,16.3376],[77.58836,16.33254],[77.591,16.32547],[77.59516,16.3215],[77.59721,16.31607],[77.5924,16.30278],[77.5932,16.29704],[77.5975,16.29332],[77.58218,16.29098],[77.56924,16.30346],[77.56367,16.30161],[77.54493,16.29189],[77.54077,16.28536],[77.53715,16.26696],[77.52991,16.27258],[77.52948,16.27552],[77.51833,16.27908],[77.51428,16.27772],[77.51284,16.27534],[77.50782,16.2757],[77.50523,16.27272],[77.50535,16.26797],[77.5022,16.26213],[77.4898,16.25525],[77.49262,16.24401],[77.49191,16.22933],[77.49563,16.22646],[77.50337,16.23067],[77.51375,16.23082],[77.51655,16.2264],[77.5152,16.22169],[77.51204,16.22068],[77.50201,16.22418],[77.49894,16.21059],[77.49984,16.19994],[77.49122,16.18438],[77.48853,16.17106],[77.48565,16.16472],[77.48593,16.16301],[77.4902,16.1605],[77.49127,16.1549],[77.48981,16.1487],[77.49158,16.14558],[77.49196,16.13507],[77.48994,16.12001],[77.49249,16.12112],[77.50152,16.12025],[77.51092,16.11296],[77.51449,16.10684],[77.50837,16.10936],[77.50079,16.10654],[77.49652,16.09447],[77.49849,16.08407],[77.50713,16.08033],[77.5073,16.07859],[77.50407,16.07107],[77.50388,16.06377],[77.50161,16.06432],[77.49627,16.05493],[77.49958,16.05347],[77.49729,16.04818],[77.49836,16.04416],[77.49295,16.03984],[77.49471,16.03959],[77.49525,16.03087],[77.49716,16.02995],[77.49684,16.02831],[77.50066,16.02658],[77.50659,16.0104],[77.51419,16.00852],[77.50949,15.9807],[77.51536,15.96796],[77.5193,15.96721],[77.51745,15.94656],[77.51196,15.92372],[77.50103,15.9278],[77.47177,15.9339],[77.46402,15.93308],[77.44671,15.94161],[77.44027,15.94088],[77.43204,15.94536],[77.42166,15.94498],[77.41159,15.9399],[77.39741,15.94268],[77.39363,15.93953],[77.38805,15.93877],[77.38724,15.94282],[77.37524,15.94403],[77.37284,15.94018],[77.36724,15.94438],[77.35594,15.94577],[77.35666,15.95337],[77.30605,15.95248],[77.29791,15.955],[77.28955,15.95145],[77.28248,15.95092],[77.24968,15.96067],[77.2376,15.9546],[77.2035,15.95367],[77.18518,15.95518],[77.17324,15.94999],[77.15622,15.951],[77.14032,15.93628],[77.12515,15.9301],[77.11429,15.92972],[77.1068,15.92689],[77.10777,15.92583],[77.09132,15.91382],[77.0739,15.90496],[77.05635,15.87769],[77.0339,15.85458],[77.03195,15.8489],[77.03376,15.84664],[77.02845,15.8354],[77.02442,15.83764],[77.01784,15.82444],[76.99574,15.80752],[76.96698,15.78044],[76.96315,15.77399],[76.95249,15.76625],[76.94039,15.76175],[76.92384,15.73025],[76.91507,15.70156],[76.91103,15.69807],[76.90858,15.69324],[76.9002,15.68872],[76.89268,15.68754],[76.88768,15.685],[76.88317,15.67784],[76.85945,15.65131],[76.85909,15.64477],[76.84585,15.63593],[76.84126,15.63041],[76.83199,15.62403],[76.82904,15.61937],[76.83259,15.61431],[76.83575,15.60204],[76.83167,15.59767],[76.83387,15.58143],[76.82936,15.5701],[76.82701,15.55857],[76.81769,15.55323],[76.81266,15.54676],[76.79785,15.55136],[76.79406,15.55426],[76.77914,15.55712],[76.77002,15.56257],[76.75973,15.56592],[76.75592,15.57041],[76.75519,15.58454],[76.75297,15.58464],[76.74876,15.59002],[76.73732,15.59327],[76.72417,15.59098],[76.70115,15.59426],[76.70052,15.59092],[76.68884,15.59562],[76.69126,15.60312],[76.6822,15.60709],[76.67996,15.60665],[76.67995,15.62243],[76.68066,15.62671],[76.69353,15.62463],[76.69431,15.6454],[76.69175,15.64833],[76.6852,15.64792],[76.67676,15.64113],[76.67425,15.64175],[76.67017,15.63903],[76.67195,15.65802],[76.65345,15.66041],[76.65387,15.66588],[76.63123,15.67057],[76.61065,15.67031],[76.5995,15.67347],[76.598,15.69581],[76.57566,15.69891],[76.57592,15.7006],[76.56226,15.70562],[76.56164,15.70284],[76.5507,15.69903],[76.54143,15.6987],[76.5443,15.7035],[76.53983,15.70428],[76.53555,15.70346],[76.53576,15.69912],[76.53182,15.69943],[76.5289,15.70083],[76.52765,15.70673],[76.50943,15.71696],[76.49171,15.70812],[76.48994,15.71092],[76.49066,15.71309],[76.48541,15.71385],[76.48237,15.7193],[76.47601,15.72084],[76.46937,15.72504],[76.45963,15.72761],[76.44625,15.7342],[76.44388,15.73891],[76.44759,15.74438],[76.4396,15.74947],[76.43808,15.75779],[76.43951,15.78433],[76.43371,15.78738],[76.42214,15.78586],[76.42204,15.79091],[76.41498,15.79156],[76.41279,15.79654],[76.41289,15.80419],[76.4173,15.80661],[76.42049,15.80559],[76.42246,15.81039],[76.4218,15.81254],[76.42559,15.81342]]]},"properties":{"district":"Raichur","kgis_name":"RAICHUR","region_id":"district_546","level":"district"}},{"type":"Feature","geometry":{"type":"MultiPolygon","coordinates":[[[[77.59604,12.6496],[77.59927,12.64288],[77.60414,12.63853],[77.60291,12.63554],[77.60553,12.62895],[77.59761,12.62296],[77.59505,12.6226],[77.59125,12.61717],[77.59153,12.59137],[77.58948,12.59187],[77.5874,12.5841],[77.5797,12.57272],[77.57915,12.56672],[77.58119,12.56488],[77.58058,12.55139],[77.58179,12.55038],[77.58455,12.55176],[77.58992,12.5478],[77.58806,12.53584],[77.58987,12.52919],[77.58809,12.51686],[77.60147,12.51601],[77.61004,12.51308],[77.61172,12.51409],[77.6152,12.50852],[77.61353,12.50271],[77.60124,12.49584],[77.5908,12.48416],[77.58714,12.48379],[77.58314,12.47794],[77.59485,12.47479],[77.60689,12.47446],[77.62618,12.49637],[77.63585,12.48797],[77.63245,12.47927],[77.63352,12.4711],[77.63118,12.47091],[77.62872,12.46006],[77.627,12.45878],[77.62885,12.44919],[77.62671,12.43716],[77.62841,12.41804],[77.6207,12.41341],[77.62264,12.40331],[77.62132,12.4029],[77.62045,12.39375],[77.62111,12.38419],[77.61772,12.38144],[77.61706,12.36998],[77.61439,12.3626],[77.60096,12.35873],[77.59787,12.3486],[77.59393,12.34557],[77.59135,12.33943],[77.58131,12.3362],[77.57577,12.33634],[77.57341,12.32397],[77.56606,12.30684],[77.55743,12.30519],[77.55775,12.30198],[77.55659,12.30235],[77.55155,12.29668],[77.55109,12.28924],[77.534,12.28935],[77.53295,12.28255],[77.52826,12.27133],[77.51613,12.26795],[77.51014,12.26874],[77.50397,12.27396],[77.48986,12.27802],[77.48717,12.2731],[77.48141,12.26973],[77.47777,12.26328],[77.47957,12.25739],[77.4754,12.25471],[77.47365,12.24906],[77.47397,12.24072],[77.46614,12.2428],[77.46057,12.24657],[77.4524,12.24748],[77.44814,12.25189],[77.4468,12.25799],[77.42991,12.28666],[77.41835,12.28634],[77.41318,12.28087],[77.40421,12.27561],[77.3581,12.27736],[77.35502,12.2757],[77.34455,12.27758],[77.33534,12.28784],[77.32614,12.30273],[77.31902,12.30246],[77.31928,12.3047],[77.32504,12.30597],[77.32554,12.30935],[77.32382,12.30985],[77.32487,12.3104],[77.32454,12.32815],[77.33242,12.35374],[77.3122,12.39228],[77.28498,12.39395],[77.28404,12.40687],[77.28179,12.40708],[77.28187,12.40916],[77.28386,12.40859],[77.28402,12.41127],[77.28171,12.42145],[77.28625,12.42109],[77.28523,12.4288],[77.27364,12.43005],[77.26966,12.43419],[77.27288,12.43718],[77.27511,12.43721],[77.27382,12.43761],[77.27499,12.43965],[77.26943,12.46476],[77.26511,12.46195],[77.25753,12.46358],[77.25458,12.47007],[77.24683,12.46942],[77.24361,12.47111],[77.23629,12.47093],[77.23504,12.47366],[77.23598,12.48225],[77.23345,12.48405],[77.23002,12.48424],[77.23011,12.47961],[77.22693,12.47935],[77.22705,12.47472],[77.22544,12.47466],[77.22607,12.48941],[77.23435,12.48672],[77.23905,12.48882],[77.23858,12.5002],[77.22432,12.50221],[77.22199,12.49218],[77.21622,12.49206],[77.21348,12.48493],[77.20527,12.48538],[77.20557,12.49102],[77.20074,12.49155],[77.1979,12.48337],[77.19375,12.48371],[77.19256,12.48205],[77.17787,12.47894],[77.17587,12.47954],[77.17528,12.48286],[77.16953,12.48388],[77.16546,12.47852],[77.16476,12.47507],[77.1575,12.47559],[77.15645,12.47187],[77.14916,12.46306],[77.14674,12.46209],[77.14247,12.46288],[77.138,12.46659],[77.13236,12.47961],[77.12504,12.4799],[77.12615,12.48202],[77.12489,12.48919],[77.12754,12.49067],[77.13052,12.49682],[77.13294,12.51653],[77.12532,12.52364],[77.12678,12.52996],[77.12199,12.54008],[77.11508,12.54324],[77.11394,12.55288],[77.11538,12.55504],[77.12824,12.55407],[77.12938,12.56323],[77.12835,12.56991],[77.11911,12.57638],[77.1151,12.5958],[77.10995,12.59703],[77.10825,12.60768],[77.11111,12.61607],[77.12227,12.61904],[77.12273,12.62221],[77.11756,12.62825],[77.10558,12.62763],[77.1012,12.62891],[77.09942,12.6732],[77.08398,12.67495],[77.07453,12.67773],[77.07558,12.68346],[77.07449,12.68368],[77.0744,12.69138],[77.07311,12.6922],[77.07325,12.69863],[77.08166,12.73116],[77.08193,12.74525],[77.07992,12.7475],[77.07857,12.75465],[77.07986,12.75969],[77.08363,12.75857],[77.08761,12.75358],[77.086,12.75115],[77.09202,12.7511],[77.09177,12.76468],[77.09437,12.77125],[77.10027,12.77723],[77.10792,12.78015],[77.11076,12.77715],[77.12284,12.77393],[77.12624,12.77482],[77.12692,12.77713],[77.13648,12.78328],[77.14115,12.78178],[77.14738,12.78669],[77.14989,12.78678],[77.15122,12.79351],[77.13804,12.81274],[77.14245,12.82044],[77.14653,12.81948],[77.15224,12.82229],[77.15199,12.82348],[77.15721,12.82732],[77.15356,12.83082],[77.15005,12.83035],[77.15089,12.83407],[77.14834,12.8369],[77.14804,12.841],[77.14982,12.84515],[77.14923,12.84825],[77.13841,12.85288],[77.13559,12.8567],[77.13576,12.86075],[77.13297,12.85879],[77.13452,12.87823],[77.13226,12.87929],[77.13319,12.88825],[77.12342,12.88801],[77.11898,12.88421],[77.10725,12.88908],[77.10566,12.89259],[77.11004,12.89299],[77.12032,12.89983],[77.12056,12.89705],[77.12342,12.89716],[77.12304,12.90117],[77.12443,12.90163],[77.13235,12.89793],[77.13637,12.90144],[77.13632,12.9053],[77.14098,12.91608],[77.152,12.91657],[77.15282,12.91479],[77.15769,12.91358],[77.16519,12.92887],[77.1636,12.93354],[77.16089,12.93448],[77.16067,12.93741],[77.15702,12.94208],[77.1559,12.95285],[77.1569,12.95817],[77.15087,12.96165],[77.14323,12.96348],[77.1311,12.97575],[77.1304,12.97827],[77.13277,12.98189],[77.13279,12.98615],[77.14175,12.98437],[77.14237,12.9866],[77.14469,12.98616],[77.14225,12.99198],[77.13564,12.9963],[77.1367,13.00159],[77.13173,13.00582],[77.12369,13.00672],[77.12334,13.00361],[77.12974,12.99884],[77.12888,12.99537],[77.10657,12.99659],[77.10552,12.99342],[77.10322,12.99283],[77.09757,12.99818],[77.09858,13.00039],[77.10107,13.0008],[77.10289,13.00722],[77.11652,13.00985],[77.11813,13.01448],[77.11276,13.01785],[77.10891,13.02296],[77.0929,13.02699],[77.09382,13.03029],[77.08961,13.02956],[77.08571,13.03309],[77.08209,13.03986],[77.06967,13.03971],[77.07471,13.05696],[77.07752,13.05771],[77.07735,13.06101],[77.0807,13.06255],[77.07382,13.06053],[77.07432,13.06624],[77.07016,13.06653],[77.07499,13.06954],[77.07975,13.07829],[77.08172,13.08642],[77.0796,13.0947],[77.0772,13.09595],[77.07455,13.10301],[77.07279,13.1148],[77.07075,13.11475],[77.06992,13.12443],[77.07141,13.1316],[77.07927,13.13157],[77.07928,13.13347],[77.08325,13.1366],[77.0914,13.13586],[77.09576,13.14623],[77.10782,13.14432],[77.10841,13.13948],[77.10695,13.13526],[77.11593,13.13122],[77.11807,13.14102],[77.11579,13.14266],[77.11709,13.14626],[77.11896,13.14683],[77.12005,13.15258],[77.1188,13.16348],[77.12885,13.16427],[77.13544,13.17041],[77.1384,13.17763],[77.14262,13.17353],[77.14837,13.1736],[77.15622,13.19379],[77.16001,13.19375],[77.16253,13.19645],[77.16489,13.19656],[77.16451,13.18981],[77.16831,13.18396],[77.18213,13.18659],[77.19096,13.1846],[77.19738,13.18015],[77.19808,13.18207],[77.20586,13.18099],[77.2075,13.17327],[77.21608,13.16529],[77.21653,13.1591],[77.21362,13.15717],[77.213,13.15345],[77.21548,13.14878],[77.22184,13.14841],[77.22153,13.14626],[77.23068,13.14511],[77.2317,13.14726],[77.24041,13.14576],[77.24672,13.15321],[77.2575,13.15345],[77.26543,13.1516],[77.2698,13.15405],[77.27418,13.15351],[77.27448,13.14289],[77.27254,13.14179],[77.27148,13.14382],[77.26732,13.14336],[77.26706,13.13473],[77.26491,13.13158],[77.2668,13.12612],[77.26516,13.12568],[77.26679,13.11981],[77.27385,13.11868],[77.27689,13.12047],[77.27891,13.13508],[77.28076,13.13501],[77.28496,13.13374],[77.28698,13.12045],[77.291,13.12094],[77.29199,13.11057],[77.29858,13.10869],[77.30317,13.11091],[77.31377,13.10681],[77.3088,13.07872],[77.30863,13.05689],[77.31067,13.04626],[77.32193,13.04903],[77.33059,13.04792],[77.33104,13.04134],[77.32935,13.03963],[77.33018,13.03653],[77.32881,13.03107],[77.33053,13.02757],[77.32576,13.02186],[77.32662,13.01149],[77.32813,13.00931],[77.32168,13.00877],[77.32113,13.00445],[77.3222,13.00457],[77.32605,12.99337],[77.3279,12.98337],[77.32871,12.9769],[77.32553,12.976],[77.32618,12.96836],[77.33006,12.96578],[77.33247,12.94906],[77.33429,12.94946],[77.33513,12.94767],[77.33599,12.93237],[77.34029,12.93358],[77.33885,12.91065],[77.34355,12.88877],[77.33211,12.88714],[77.3346,12.88358],[77.33667,12.88318],[77.33661,12.87689],[77.34498,12.87645],[77.34407,12.87033],[77.34523,12.86996],[77.36615,12.87025],[77.36984,12.85685],[77.37943,12.85525],[77.37998,12.85733],[77.38983,12.86041],[77.39199,12.86526],[77.39515,12.86675],[77.39492,12.86973],[77.40208,12.86564],[77.40259,12.87099],[77.40819,12.87557],[77.41596,12.87523],[77.41529,12.87174],[77.41855,12.87139],[77.42813,12.87555],[77.4313,12.87491],[77.43059,12.87019],[77.41877,12.86935],[77.42553,12.85918],[77.42924,12.85678],[77.42749,12.85101],[77.4377,12.84974],[77.43398,12.84451],[77.43468,12.83869],[77.42996,12.83968],[77.42249,12.83556],[77.41991,12.82624],[77.42976,12.823],[77.4335,12.82342],[77.43622,12.80968],[77.44026,12.80987],[77.44401,12.80665],[77.44483,12.80966],[77.44625,12.80982],[77.44645,12.81491],[77.44823,12.81551],[77.44924,12.81873],[77.45466,12.81666],[77.46111,12.80733],[77.47108,12.81153],[77.47629,12.81194],[77.47635,12.80983],[77.47878,12.81145],[77.47776,12.80644],[77.48312,12.8023],[77.47961,12.79903],[77.47134,12.79804],[77.47,12.79394],[77.47188,12.78858],[77.47663,12.7849],[77.47852,12.78053],[77.47408,12.76458],[77.47632,12.76066],[77.47397,12.75661],[77.476,12.75256],[77.48446,12.74778],[77.48643,12.74281],[77.4927,12.74157],[77.4931,12.74005],[77.50268,12.73719],[77.50285,12.73565],[77.50794,12.7376],[77.51277,12.7468],[77.51955,12.74194],[77.51711,12.73574],[77.52181,12.73168],[77.5347,12.75592],[77.54095,12.74812],[77.5461,12.76955],[77.55168,12.77243],[77.54385,12.77584],[77.54944,12.7853],[77.54763,12.78989],[77.54233,12.79473],[77.54213,12.79855],[77.5458,12.80075],[77.556,12.79961],[77.55291,12.78969],[77.56356,12.78815],[77.56122,12.78326],[77.55635,12.78106],[77.55618,12.77731],[77.55858,12.76535],[77.56641,12.75923],[77.57074,12.76226],[77.57141,12.77888],[77.57725,12.78589],[77.57972,12.78779],[77.59108,12.78092],[77.59843,12.75824],[77.59533,12.75153],[77.59072,12.75016],[77.58538,12.7517],[77.57655,12.75119],[77.57064,12.74282],[77.56799,12.73544],[77.57279,12.73249],[77.57185,12.73102],[77.56245,12.73216],[77.55759,12.73095],[77.55714,12.72751],[77.55925,12.72147],[77.5591,12.71326],[77.56126,12.70868],[77.56807,12.7012],[77.57571,12.70386],[77.57868,12.70823],[77.59469,12.72092],[77.61424,12.71195],[77.61285,12.70332],[77.6037,12.69246],[77.59999,12.67752],[77.59464,12.6668],[77.59715,12.65807],[77.59604,12.6496]],[[77.08035,13.06877],[77.08211,13.06972],[77.0835,13.07147],[77.08116,13.07256],[77.08035,13.06877]],[[77.55148,12.7939],[77.55268,12.79727],[77.55093,12.79791],[77.54931,12.79419],[77.55148,12.7939]]],[[[77.30032,12.31559],[77.30122,12.32019],[77.30437,12.31654],[77.30216,12.31483],[77.30032,12.31559]]],[[[77.30284,12.35465],[77.30221,12.35375],[77.3025,12.35527],[77.30284,12.35465]]],[[[77.28728,12.35401],[77.28897,12.36178],[77.29487,12.35745],[77.29299,12.35316],[77.28728,12.35401]]],[[[77.3027,12.35905],[77.30559,12.36083],[77.30535,12.36286],[77.3078,12.36253],[77.30782,12.35953],[77.30913,12.35894],[77.30831,12.35767],[77.30598,12.36018],[77.30303,12.35754],[77.30376,12.35479],[77.30312,12.35382],[77.3027,12.35905]]],[[[77.29054,12.36878],[77.29002,12.37124],[77.29232,12.37102],[77.29252,12.36863],[77.29054,12.36878]]]]},"properties":{"district":"Ramanagara","kgis_name":"RAMANAGARA","region_id":"district_631","level":"district"}},{"type":"Feature","geometry":{"type":"Polygon","coordinates":[[[75.61805,14.07713],[75.63055,14.07449],[75.63234,14.07915],[75.64041,14.08],[75.64298,14.07846],[75.6444,14.0751],[75.65136,14.07111],[75.67392,14.06567],[75.67887,14.06814],[75.68996,14.0697],[75.69375,14.07195],[75.70891,14.07246],[75.72581,14.07564],[75.72748,14.07683],[75.72103,14.08339],[75.73815,14.08707],[75.73856,14.10147],[75.75287,14.102],[75.75498,14.10898],[75.75708,14.11051],[75.76793,14.10928],[75.76812,14.10146],[75.77184,14.10094],[75.80405,14.09981],[75.81284,14.10376],[75.81352,14.09506],[75.81964,14.08377],[75.82272,14.07399],[75.82016,14.07034],[75.82098,14.06362],[75.81303,14.04755],[75.80205,14.04284],[75.79899,14.03345],[75.80306,14.0231],[75.80871,14.024],[75.82166,14.01798],[75.82465,14.01794],[75.82459,14.00626],[75.83199,13.98955],[75.83092,13.9748],[75.83273,13.96677],[75.86361,13.90636],[75.86969,13.90366],[75.86477,13.87255],[75.86568,13.85588],[75.86858,13.83986],[75.87228,13.83243],[75.87676,13.80913],[75.85141,13.81082],[75.82467,13.81709],[75.80876,13.80125],[75.8044,13.79468],[75.78972,13.79534],[75.78944,13.79988],[75.77797,13.7909],[75.77692,13.7948],[75.77047,13.79674],[75.76381,13.79638],[75.75986,13.79449],[75.76637,13.78938],[75.76481,13.78226],[75.74934,13.78095],[75.73211,13.76886],[75.71303,13.77209],[75.71221,13.76793],[75.70965,13.76575],[75.7052,13.76739],[75.68654,13.76729],[75.68218,13.76091],[75.68758,13.75592],[75.68895,13.75256],[75.68467,13.74916],[75.67552,13.75188],[75.67476,13.76122],[75.67025,13.76552],[75.6631,13.75599],[75.66365,13.75042],[75.6571,13.74886],[75.65591,13.7462],[75.65959,13.7408],[75.66528,13.73852],[75.66758,13.73106],[75.67557,13.7279],[75.67403,13.72203],[75.66677,13.7195],[75.65148,13.71816],[75.64927,13.71108],[75.64366,13.70519],[75.6333,13.7016],[75.63155,13.70388],[75.62908,13.704],[75.62615,13.70144],[75.62162,13.70326],[75.6186,13.70842],[75.62063,13.71339],[75.61717,13.7224],[75.62682,13.73324],[75.60944,13.74606],[75.60782,13.76067],[75.58654,13.75943],[75.58291,13.75752],[75.57121,13.75605],[75.56793,13.7536],[75.56698,13.74078],[75.57004,13.73464],[75.56066,13.72907],[75.5532,13.72897],[75.54186,13.72457],[75.52831,13.73118],[75.52528,13.73889],[75.52034,13.74328],[75.52172,13.75191],[75.51937,13.75205],[75.51706,13.75455],[75.51502,13.75352],[75.51047,13.75534],[75.50757,13.76079],[75.50807,13.76464],[75.5029,13.7625],[75.49862,13.75684],[75.48902,13.76854],[75.48706,13.76845],[75.48604,13.76641],[75.48997,13.76204],[75.48963,13.76053],[75.47199,13.75081],[75.4607,13.74009],[75.46061,13.73279],[75.45566,13.72343],[75.44665,13.72203],[75.43841,13.7174],[75.42835,13.71509],[75.42557,13.71333],[75.42261,13.70779],[75.41603,13.7054],[75.40785,13.70643],[75.40376,13.70326],[75.39056,13.70968],[75.3845,13.71098],[75.38087,13.7085],[75.38033,13.70429],[75.38414,13.70448],[75.38732,13.70038],[75.39384,13.70063],[75.39345,13.69392],[75.39726,13.69154],[75.40283,13.6808],[75.40587,13.6709],[75.40571,13.65886],[75.41399,13.65312],[75.41012,13.64758],[75.41095,13.63933],[75.40632,13.63298],[75.40657,13.62576],[75.39313,13.62952],[75.3924,13.62444],[75.38715,13.62201],[75.38887,13.61832],[75.38725,13.6172],[75.38782,13.61423],[75.38513,13.6126],[75.37684,13.61375],[75.37976,13.61746],[75.3754,13.62194],[75.37447,13.6262],[75.36528,13.61926],[75.3677,13.61067],[75.36446,13.60687],[75.36478,13.60241],[75.37013,13.59615],[75.35362,13.5932],[75.35099,13.58587],[75.34387,13.58199],[75.34104,13.58584],[75.33158,13.58463],[75.32965,13.58583],[75.32762,13.59124],[75.31464,13.58946],[75.3108,13.5878],[75.30825,13.58407],[75.29788,13.58325],[75.2949,13.58518],[75.28849,13.57575],[75.2875,13.57648],[75.2872,13.57498],[75.2849,13.57527],[75.27924,13.57194],[75.27835,13.56407],[75.27084,13.56805],[75.26439,13.58537],[75.25899,13.58253],[75.25579,13.58347],[75.25455,13.59398],[75.24855,13.59636],[75.24469,13.60545],[75.23679,13.60206],[75.23593,13.59921],[75.23171,13.60001],[75.23062,13.60348],[75.22563,13.60585],[75.22094,13.6038],[75.22269,13.59627],[75.21191,13.58503],[75.21201,13.5808],[75.21258,13.57724],[75.21806,13.57484],[75.22597,13.56826],[75.2251,13.56499],[75.22185,13.56264],[75.22098,13.55871],[75.21607,13.55837],[75.21553,13.55636],[75.21978,13.55547],[75.21797,13.55131],[75.22084,13.5485],[75.22357,13.54829],[75.22075,13.53426],[75.22145,13.53161],[75.22488,13.52896],[75.22309,13.52592],[75.21902,13.52481],[75.21825,13.52647],[75.21013,13.52618],[75.20697,13.5248],[75.20345,13.51751],[75.21082,13.51826],[75.21051,13.5163],[75.20558,13.51521],[75.20276,13.50899],[75.19938,13.50997],[75.19805,13.50734],[75.19525,13.50923],[75.18841,13.50911],[75.18118,13.50526],[75.18062,13.50308],[75.17918,13.50349],[75.17701,13.49879],[75.17198,13.50343],[75.17087,13.50663],[75.16075,13.49745],[75.16005,13.49316],[75.14791,13.47882],[75.13645,13.47793],[75.1383,13.47243],[75.1375,13.46899],[75.14067,13.46342],[75.13307,13.46275],[75.12701,13.46442],[75.12406,13.46231],[75.11755,13.46124],[75.11552,13.45903],[75.11416,13.4619],[75.11127,13.46342],[75.11177,13.4679],[75.11366,13.46999],[75.1129,13.47261],[75.11153,13.47219],[75.1083,13.47923],[75.10194,13.48475],[75.10165,13.48694],[75.09805,13.48358],[75.09236,13.48843],[75.09181,13.49135],[75.08722,13.49227],[75.08428,13.48975],[75.08171,13.49368],[75.07863,13.4947],[75.07902,13.49826],[75.07732,13.50091],[75.07895,13.50312],[75.07687,13.51061],[75.07785,13.51418],[75.07382,13.51562],[75.07847,13.52155],[75.07367,13.52417],[75.07381,13.52766],[75.07113,13.52892],[75.07069,13.53135],[75.06898,13.53038],[75.06476,13.51954],[75.0611,13.52037],[75.06511,13.52558],[75.0683,13.53255],[75.06774,13.53442],[75.06581,13.53734],[75.06039,13.53272],[75.05854,13.53576],[75.05372,13.53644],[75.05638,13.54207],[75.05415,13.55057],[75.05019,13.55447],[75.04559,13.5539],[75.04605,13.55856],[75.04223,13.56344],[75.03853,13.56485],[75.0372,13.57244],[75.04115,13.57487],[75.04503,13.58616],[75.05558,13.58791],[75.05651,13.5908],[75.05913,13.59115],[75.06199,13.59733],[75.0604,13.5999],[75.06211,13.60422],[75.05715,13.61118],[75.05398,13.61119],[75.05054,13.61613],[75.03831,13.61593],[75.03519,13.61743],[75.03357,13.62129],[75.02966,13.62207],[75.02623,13.62809],[75.01854,13.62856],[75.0112,13.6347],[75.01378,13.64227],[75.00874,13.64535],[75.00767,13.65348],[75.0107,13.65549],[75.00813,13.66057],[75.01242,13.66646],[75.02164,13.66182],[75.02423,13.6662],[75.02631,13.66653],[75.02674,13.67053],[75.02389,13.67399],[75.02311,13.67303],[75.01613,13.67783],[75.00942,13.67687],[75.00859,13.6791],[75.01077,13.69082],[75.00781,13.69087],[75.01421,13.6926],[75.01453,13.69411],[75.01953,13.69463],[75.01939,13.69916],[75.01465,13.69981],[75.00704,13.70863],[75.0036,13.70813],[75.00246,13.71202],[74.99967,13.71064],[74.98769,13.71348],[74.98751,13.71935],[74.99022,13.72249],[74.99264,13.72265],[74.99241,13.72658],[74.99395,13.72736],[74.99366,13.73647],[74.99565,13.7391],[74.99628,13.74475],[74.98027,13.74675],[74.97446,13.75287],[74.95226,13.75887],[74.93976,13.77073],[74.93815,13.77714],[74.9357,13.77793],[74.93104,13.77584],[74.93256,13.79605],[74.92429,13.80132],[74.92439,13.80644],[74.91934,13.8134],[74.92293,13.8153],[74.91961,13.82465],[74.91285,13.82169],[74.91459,13.83417],[74.91319,13.83669],[74.91403,13.84187],[74.91182,13.8458],[74.91417,13.85314],[74.90957,13.86099],[74.88556,13.86758],[74.87964,13.86398],[74.88081,13.85996],[74.87626,13.85614],[74.87034,13.85626],[74.85964,13.86929],[74.85551,13.88055],[74.84377,13.89188],[74.84151,13.89305],[74.84051,13.89192],[74.83779,13.89858],[74.83353,13.90182],[74.82871,13.90153],[74.81899,13.90795],[74.80551,13.90574],[74.80042,13.90844],[74.7928,13.90623],[74.79201,13.90343],[74.78925,13.90851],[74.77103,13.91264],[74.77107,13.91391],[74.76307,13.91236],[74.75714,13.90648],[74.74975,13.90727],[74.74525,13.90973],[74.73756,13.91011],[74.72244,13.90481],[74.71141,13.90389],[74.71418,13.90556],[74.71333,13.90878],[74.71489,13.91048],[74.70818,13.92069],[74.70557,13.92333],[74.70342,13.9222],[74.69209,13.92468],[74.68239,13.93439],[74.68558,13.93923],[74.69006,13.93886],[74.69348,13.94081],[74.69418,13.94819],[74.69178,13.95351],[74.68814,13.9563],[74.6811,13.95686],[74.67757,13.95948],[74.67755,13.96607],[74.66874,13.97114],[74.67012,13.97232],[74.66138,13.98925],[74.66136,13.99362],[74.67621,14.0234],[74.67814,14.04229],[74.67245,14.04815],[74.67386,14.05788],[74.67638,14.06179],[74.66441,14.08253],[74.65256,14.09703],[74.6459,14.10237],[74.65555,14.11543],[74.64599,14.11466],[74.64258,14.13388],[74.64408,14.14041],[74.6292,14.1441],[74.62703,14.15815],[74.62975,14.16393],[74.65047,14.16973],[74.65273,14.16733],[74.66477,14.18301],[74.6958,14.17282],[74.69384,14.17021],[74.69936,14.1679],[74.70068,14.16978],[74.70904,14.16728],[74.72083,14.15442],[74.74474,14.14923],[74.74698,14.14137],[74.74907,14.1421],[74.74757,14.15687],[74.72613,14.1738],[74.71261,14.23295],[74.71238,14.23477],[74.73303,14.26741],[74.75268,14.25163],[74.77601,14.24081],[74.79273,14.22802],[74.79889,14.23121],[74.80991,14.22825],[74.8151,14.23078],[74.81882,14.23056],[74.82266,14.22551],[74.83255,14.22921],[74.8389,14.22749],[74.83767,14.22592],[74.83957,14.22282],[74.84869,14.21699],[74.85374,14.20925],[74.85714,14.21018],[74.86021,14.21755],[74.86726,14.21834],[74.86795,14.22592],[74.86918,14.22566],[74.86811,14.22794],[74.86936,14.23631],[74.87081,14.23917],[74.87341,14.24031],[74.88087,14.23293],[74.87588,14.22604],[74.87567,14.21934],[74.87895,14.22156],[74.87987,14.21979],[74.87754,14.21723],[74.87851,14.21409],[74.88791,14.21469],[74.89468,14.21699],[74.89713,14.21926],[74.89637,14.22194],[74.89821,14.22469],[74.89616,14.22615],[74.89855,14.22813],[74.90273,14.22811],[74.90539,14.23008],[74.909,14.22737],[74.9134,14.22897],[74.91925,14.22691],[74.92723,14.23473],[74.92908,14.23465],[74.92811,14.23655],[74.93059,14.23837],[74.93077,14.24097],[74.93572,14.2431],[74.93654,14.25175],[74.9394,14.25564],[74.93651,14.25602],[74.93452,14.2634],[74.9284,14.26467],[74.92622,14.27731],[74.92371,14.27821],[74.91659,14.27299],[74.9157,14.27571],[74.90994,14.2777],[74.90751,14.2851],[74.9085,14.28865],[74.90561,14.29345],[74.91383,14.29963],[74.91371,14.30368],[74.91585,14.30797],[74.92038,14.31566],[74.92458,14.3191],[74.92971,14.32059],[74.93091,14.31904],[74.93662,14.32249],[74.94214,14.31828],[74.94908,14.31999],[74.95224,14.31726],[74.95665,14.32039],[74.95608,14.32272],[74.95827,14.32388],[74.96132,14.32202],[74.96294,14.3182],[74.97128,14.31672],[74.97606,14.31896],[74.97713,14.32148],[74.97335,14.32276],[74.97214,14.32065],[74.96959,14.3255],[74.97312,14.32699],[74.97576,14.33325],[74.97435,14.33409],[74.9744,14.33815],[74.96078,14.34102],[74.95517,14.34976],[74.95242,14.35142],[74.95019,14.35049],[74.94894,14.35303],[74.94439,14.35404],[74.93894,14.35845],[74.94015,14.36793],[74.94553,14.37455],[74.94931,14.3761],[74.95064,14.38183],[74.94823,14.39487],[74.9492,14.39883],[74.9448,14.40215],[74.94126,14.40066],[74.93365,14.40369],[74.91772,14.43071],[74.90947,14.43164],[74.88024,14.42937],[74.88124,14.43331],[74.87807,14.43589],[74.87809,14.44031],[74.87395,14.44726],[74.88845,14.46025],[74.89892,14.46456],[74.90888,14.45787],[74.92037,14.45894],[74.91774,14.46697],[74.8983,14.47431],[74.89368,14.47368],[74.88893,14.48002],[74.89058,14.48538],[74.88994,14.4898],[74.89409,14.49997],[74.89545,14.5083],[74.89885,14.50924],[74.90238,14.51552],[74.90139,14.52937],[74.90539,14.53091],[74.91228,14.52862],[74.92841,14.52855],[74.93201,14.52282],[74.93765,14.5187],[74.94032,14.52428],[74.93902,14.52635],[74.9417,14.52745],[74.94171,14.52988],[74.94386,14.5319],[74.94278,14.53429],[74.94511,14.53296],[74.95051,14.53668],[74.95645,14.55076],[74.95607,14.55379],[74.95458,14.55383],[74.95566,14.55467],[74.96225,14.55099],[74.97837,14.54926],[74.97788,14.53355],[74.98038,14.52563],[74.97455,14.5245],[74.97239,14.51966],[74.97365,14.5174],[74.97949,14.51684],[74.97938,14.51334],[74.9825,14.51286],[74.98817,14.5057],[74.99062,14.49584],[74.99277,14.49517],[74.99179,14.49265],[74.98461,14.48831],[74.98974,14.47224],[74.99546,14.4773],[75.00401,14.48001],[75.00867,14.48445],[75.00644,14.48805],[75.01947,14.49712],[75.03093,14.50026],[75.04078,14.50012],[75.04023,14.50669],[75.0418,14.50823],[75.04212,14.51531],[75.0411,14.52274],[75.03771,14.52872],[75.05223,14.53392],[75.05333,14.53872],[75.05865,14.54094],[75.06074,14.54455],[75.05484,14.54867],[75.04437,14.54576],[75.04001,14.54874],[75.03462,14.55908],[75.02306,14.56176],[75.02385,14.56353],[75.02231,14.56418],[75.02328,14.56504],[75.02076,14.57467],[75.02457,14.5753],[75.02554,14.57709],[75.02282,14.57931],[75.02787,14.58468],[75.02546,14.59081],[75.0247,14.60117],[75.02311,14.60194],[75.02584,14.60497],[75.02415,14.60777],[75.02639,14.60875],[75.02745,14.61597],[75.03949,14.637],[75.04114,14.63923],[75.05017,14.64185],[75.05045,14.64665],[75.05328,14.64922],[75.06848,14.65147],[75.07463,14.65386],[75.08773,14.65217],[75.09921,14.65302],[75.10164,14.64401],[75.11662,14.63963],[75.1246,14.63066],[75.14222,14.63386],[75.14337,14.62042],[75.14695,14.6215],[75.15085,14.62608],[75.15341,14.62624],[75.1583,14.61751],[75.15997,14.61698],[75.16447,14.62075],[75.16531,14.62577],[75.16297,14.62772],[75.16427,14.63199],[75.16942,14.63461],[75.1846,14.62349],[75.19435,14.62408],[75.19655,14.62285],[75.20239,14.62772],[75.20303,14.63042],[75.20011,14.63546],[75.20107,14.63933],[75.20773,14.63654],[75.20531,14.63403],[75.20871,14.63353],[75.20673,14.6307],[75.20841,14.62936],[75.20701,14.62748],[75.20799,14.62635],[75.21029,14.62779],[75.21051,14.62074],[75.20573,14.60811],[75.20527,14.59751],[75.19849,14.59663],[75.19331,14.59935],[75.18536,14.59986],[75.18124,14.59787],[75.18384,14.58586],[75.19783,14.58252],[75.19747,14.57751],[75.20735,14.5717],[75.21045,14.57245],[75.21231,14.57628],[75.21906,14.57923],[75.22092,14.58487],[75.22535,14.5852],[75.2288,14.58306],[75.2289,14.58004],[75.23093,14.57904],[75.22808,14.57533],[75.22548,14.56705],[75.22807,14.56123],[75.23465,14.55562],[75.23977,14.55789],[75.24005,14.55558],[75.24131,14.55566],[75.24314,14.56708],[75.24525,14.56669],[75.2438,14.57758],[75.24944,14.58118],[75.26539,14.5809],[75.26535,14.57861],[75.27019,14.57238],[75.27506,14.56987],[75.27419,14.5657],[75.281,14.56146],[75.28499,14.56135],[75.28723,14.55751],[75.28985,14.55626],[75.29109,14.55249],[75.28998,14.55035],[75.29353,14.54851],[75.29535,14.54488],[75.29303,14.54412],[75.29577,14.54347],[75.29769,14.54043],[75.29523,14.53827],[75.29566,14.53691],[75.29406,14.5372],[75.29419,14.53451],[75.29312,14.53556],[75.29323,14.53404],[75.28963,14.53135],[75.28782,14.53292],[75.28659,14.52983],[75.28494,14.52932],[75.28468,14.53163],[75.28044,14.53255],[75.27948,14.53502],[75.27306,14.53118],[75.27027,14.52747],[75.26829,14.52797],[75.26993,14.52534],[75.26722,14.51434],[75.2763,14.51035],[75.2775,14.51236],[75.28295,14.51248],[75.28222,14.51412],[75.28674,14.51392],[75.28716,14.5114],[75.29168,14.51072],[75.32126,14.51277],[75.32456,14.5098],[75.32879,14.49526],[75.34643,14.48559],[75.34112,14.4757],[75.34038,14.46863],[75.34117,14.46554],[75.34572,14.46253],[75.3471,14.45664],[75.34265,14.45046],[75.34198,14.44016],[75.33912,14.43744],[75.3448,14.43396],[75.35541,14.43191],[75.35504,14.42878],[75.35867,14.43186],[75.35884,14.43791],[75.36481,14.44153],[75.37814,14.43428],[75.38225,14.43381],[75.38055,14.41494],[75.37769,14.40737],[75.36535,14.41106],[75.35901,14.40916],[75.35622,14.40611],[75.34939,14.3887],[75.36332,14.38094],[75.37003,14.37298],[75.37469,14.37033],[75.38148,14.3686],[75.38367,14.3696],[75.39079,14.36644],[75.39413,14.36742],[75.39863,14.36469],[75.40918,14.35277],[75.41927,14.35255],[75.42967,14.34908],[75.43519,14.34256],[75.44195,14.33998],[75.45585,14.32783],[75.47035,14.32289],[75.47737,14.31778],[75.48015,14.3306],[75.47673,14.34515],[75.48049,14.34521],[75.48149,14.33991],[75.4879,14.33915],[75.48891,14.33911],[75.48955,14.34773],[75.50111,14.34372],[75.50155,14.32597],[75.50531,14.31635],[75.50391,14.30789],[75.51791,14.30145],[75.51833,14.29944],[75.521,14.29859],[75.5204,14.29604],[75.5219,14.29387],[75.528,14.29077],[75.53374,14.29032],[75.53528,14.27746],[75.53067,14.27659],[75.52792,14.25818],[75.52743,14.23912],[75.5289,14.23025],[75.53027,14.22916],[75.52653,14.22866],[75.52715,14.21773],[75.52867,14.21499],[75.52699,14.20311],[75.5209,14.20296],[75.51809,14.20549],[75.51791,14.20831],[75.50728,14.21891],[75.47398,14.21369],[75.47356,14.21023],[75.4651,14.21009],[75.45329,14.20515],[75.46901,14.19386],[75.48384,14.17713],[75.46205,14.17258],[75.43781,14.16021],[75.43285,14.15388],[75.42292,14.15048],[75.42025,14.14126],[75.41653,14.14254],[75.40097,14.12755],[75.39673,14.11806],[75.42696,14.10957],[75.43552,14.10558],[75.4399,14.10242],[75.43849,14.0985],[75.45537,14.09892],[75.46622,14.10477],[75.47701,14.09963],[75.48913,14.10356],[75.49083,14.0977],[75.50624,14.09884],[75.51086,14.10144],[75.52415,14.09369],[75.52495,14.09499],[75.52799,14.09329],[75.52876,14.09533],[75.53052,14.09495],[75.52958,14.09712],[75.53138,14.09778],[75.53321,14.09076],[75.53984,14.08477],[75.53881,14.08264],[75.54055,14.07966],[75.54343,14.08033],[75.54785,14.077],[75.55399,14.07892],[75.56882,14.06726],[75.58034,14.06281],[75.58547,14.05835],[75.59084,14.06355],[75.59996,14.06129],[75.6015,14.05842],[75.60506,14.05741],[75.61076,14.05979],[75.61805,14.07713]]]},"properties":{"district":"Shivamogga","kgis_name":"SHIVAMOGGA","region_id":"district_547","level":"district"}},{"type":"Feature","geometry":{"type":"MultiPolygon","coordinates":[[[[76.35285,13.5797],[76.37311,13.59218],[76.37878,13.58906],[76.3815,13.57748],[76.38622,13.58158],[76.39232,13.59066],[76.39735,13.59056],[76.39811,13.59462],[76.3997,13.59482],[76.4048,13.59092],[76.4094,13.58009],[76.4128,13.57836],[76.41893,13.57854],[76.42558,13.58274],[76.42935,13.5924],[76.43953,13.59412],[76.44811,13.59113],[76.45448,13.59088],[76.45538,13.59545],[76.46028,13.6005],[76.45875,13.60041],[76.45837,13.60289],[76.45599,13.60456],[76.45562,13.61284],[76.46107,13.62016],[76.49982,13.62276],[76.49704,13.6285],[76.51647,13.63403],[76.51828,13.63719],[76.51809,13.6411],[76.52732,13.64809],[76.53433,13.6502],[76.53432,13.6535],[76.5294,13.66049],[76.52907,13.66714],[76.53242,13.66842],[76.53991,13.66316],[76.55414,13.68196],[76.56477,13.68447],[76.56901,13.68937],[76.57386,13.68691],[76.57729,13.69032],[76.57116,13.70825],[76.57708,13.71472],[76.58593,13.71877],[76.5965,13.72048],[76.59998,13.72499],[76.60874,13.72338],[76.61481,13.72719],[76.61339,13.72912],[76.62077,13.73437],[76.62447,13.7339],[76.62596,13.72877],[76.6249,13.72519],[76.62728,13.72323],[76.63147,13.71354],[76.64205,13.71503],[76.66336,13.72133],[76.67333,13.7181],[76.67233,13.70537],[76.67767,13.69994],[76.68409,13.70285],[76.69202,13.69684],[76.69148,13.73059],[76.68925,13.72881],[76.68425,13.7306],[76.68736,13.74563],[76.69085,13.75184],[76.69584,13.75485],[76.69781,13.76036],[76.69445,13.76328],[76.69711,13.76538],[76.69758,13.77008],[76.70056,13.77394],[76.70562,13.77528],[76.7074,13.78058],[76.71489,13.78574],[76.71768,13.79603],[76.72412,13.79976],[76.72795,13.79691],[76.72717,13.79219],[76.73054,13.78409],[76.75608,13.7829],[76.75963,13.78148],[76.76463,13.78227],[76.76739,13.79326],[76.76951,13.79629],[76.76893,13.80536],[76.76375,13.82164],[76.76748,13.83529],[76.76317,13.83457],[76.74976,13.85364],[76.73654,13.86859],[76.73115,13.88131],[76.72882,13.88142],[76.72285,13.89041],[76.7211,13.89509],[76.72266,13.89864],[76.75274,13.90695],[76.74966,13.91598],[76.75202,13.91948],[76.76268,13.92146],[76.76418,13.92381],[76.77934,13.92436],[76.79142,13.92119],[76.80158,13.9161],[76.81482,13.91555],[76.81413,13.93637],[76.81953,13.93693],[76.82234,13.95048],[76.8289,13.95287],[76.84186,13.96255],[76.84939,13.96533],[76.84904,13.98074],[76.83931,13.98701],[76.82907,13.99017],[76.82327,13.99377],[76.82206,14.00059],[76.83334,14.00317],[76.83552,14.00753],[76.83666,14.01786],[76.85687,14.016],[76.87282,14.00976],[76.8754,14.01361],[76.87605,14.0191],[76.87978,14.01854],[76.88677,14.039],[76.8868,14.04643],[76.89881,14.05737],[76.90966,14.0637],[76.92284,14.05654],[76.92449,14.06792],[76.92785,14.07705],[76.94274,14.08917],[76.94853,14.09214],[76.95905,14.09165],[76.97356,14.0837],[76.97532,14.0741],[76.97755,14.07095],[76.97659,14.06548],[76.97189,14.05852],[76.95853,14.05752],[76.94997,14.05366],[76.93199,14.05451],[76.93338,14.04445],[76.93062,14.03088],[76.93431,14.03316],[76.94033,14.02969],[76.94379,14.02997],[76.94502,14.02102],[76.95004,14.01459],[76.95741,14.01193],[76.96591,14.01125],[76.98356,14.00022],[76.99502,13.99092],[76.9993,13.98993],[76.99357,13.96279],[77.00583,13.95669],[77.01379,13.9555],[77.02385,13.94032],[77.03664,13.93711],[77.03999,13.93384],[77.0468,13.90591],[77.03124,13.90532],[77.022,13.90279],[77.02333,13.89586],[77.02049,13.89257],[77.01951,13.88715],[77.01613,13.88458],[77.01844,13.87229],[77.01315,13.87154],[77.01199,13.86389],[77.01394,13.85881],[77.00566,13.8515],[77.00454,13.85255],[76.99588,13.8484],[76.99241,13.84898],[76.99039,13.83724],[76.98669,13.83191],[76.97807,13.82676],[76.97653,13.81699],[76.98979,13.8131],[76.99139,13.80289],[76.98992,13.79575],[76.98487,13.79074],[76.99132,13.77763],[76.994,13.76019],[76.99805,13.75364],[76.99601,13.75373],[76.99719,13.74734],[76.99919,13.74549],[77.0166,13.73821],[77.01705,13.74715],[77.019,13.7492],[77.01727,13.75557],[77.02344,13.76915],[77.02429,13.7791],[77.04303,13.77774],[77.04352,13.7709],[77.04703,13.77061],[77.0522,13.762],[77.05869,13.76002],[77.05766,13.75265],[77.05971,13.75259],[77.06119,13.74742],[77.06513,13.74483],[77.06982,13.74555],[77.08537,13.74319],[77.08332,13.74899],[77.08526,13.76151],[77.08976,13.76247],[77.09047,13.76718],[77.09738,13.76689],[77.10145,13.76838],[77.10774,13.76732],[77.11808,13.76466],[77.12082,13.76179],[77.13691,13.75848],[77.1398,13.76112],[77.14104,13.76527],[77.15133,13.76636],[77.17336,13.76206],[77.17906,13.78292],[77.17333,13.78541],[77.16375,13.79615],[77.16224,13.80437],[77.15779,13.8056],[77.16239,13.80827],[77.16266,13.81115],[77.15963,13.81627],[77.16287,13.81658],[77.16775,13.82077],[77.17059,13.82765],[77.16974,13.82971],[77.16457,13.83265],[77.15328,13.83416],[77.15467,13.84447],[77.13975,13.84689],[77.13229,13.8463],[77.12973,13.85511],[77.12819,13.85617],[77.13673,13.85661],[77.14564,13.86808],[77.1607,13.86576],[77.16737,13.86232],[77.17159,13.86996],[77.16893,13.88085],[77.16883,13.89009],[77.16218,13.89887],[77.16225,13.90734],[77.16972,13.92016],[77.185,13.92459],[77.18842,13.9128],[77.19068,13.91153],[77.18616,13.89343],[77.18585,13.87709],[77.18178,13.87001],[77.2006,13.86336],[77.20747,13.87326],[77.20611,13.87381],[77.21021,13.87807],[77.20978,13.8842],[77.21525,13.88582],[77.21685,13.88407],[77.21522,13.86754],[77.21981,13.8679],[77.22469,13.88273],[77.22647,13.88181],[77.23007,13.89204],[77.23111,13.90284],[77.23558,13.90439],[77.23653,13.90116],[77.24517,13.90358],[77.24862,13.90144],[77.24727,13.89225],[77.24831,13.88758],[77.24513,13.88394],[77.2452,13.88194],[77.24764,13.88068],[77.24865,13.87274],[77.24654,13.86768],[77.25895,13.86243],[77.25617,13.85154],[77.25709,13.84662],[77.27055,13.84801],[77.28018,13.85094],[77.29023,13.84782],[77.29499,13.85763],[77.29637,13.85683],[77.30334,13.86185],[77.31021,13.86324],[77.31106,13.86689],[77.31634,13.86327],[77.31875,13.85694],[77.32117,13.85623],[77.32124,13.84697],[77.32488,13.84534],[77.32304,13.83977],[77.3244,13.83959],[77.32551,13.83278],[77.33682,13.83266],[77.34536,13.84101],[77.3531,13.8455],[77.35713,13.85108],[77.36302,13.854],[77.37657,13.85092],[77.38084,13.84718],[77.37951,13.84001],[77.38632,13.83854],[77.40141,13.84061],[77.4159,13.83906],[77.42175,13.84159],[77.42725,13.84091],[77.42995,13.84485],[77.43377,13.8429],[77.43239,13.83694],[77.42808,13.83187],[77.42893,13.82745],[77.42408,13.82331],[77.41747,13.80777],[77.41822,13.80578],[77.4195,13.80944],[77.42866,13.80666],[77.42824,13.80336],[77.42382,13.80139],[77.42261,13.79878],[77.43727,13.79606],[77.44069,13.80575],[77.44543,13.81051],[77.4539,13.80949],[77.45713,13.8071],[77.46473,13.80749],[77.46493,13.80245],[77.4608,13.80265],[77.45679,13.78856],[77.46154,13.78798],[77.46021,13.78055],[77.46441,13.76953],[77.46503,13.75871],[77.47046,13.75805],[77.4678,13.75309],[77.46656,13.74023],[77.46437,13.73396],[77.46506,13.71107],[77.45559,13.71023],[77.45009,13.71136],[77.45081,13.70456],[77.45251,13.70417],[77.45288,13.69592],[77.45471,13.69532],[77.45578,13.69098],[77.45536,13.68283],[77.4371,13.68412],[77.43548,13.67325],[77.42437,13.6753],[77.40349,13.67627],[77.39717,13.67454],[77.3945,13.66554],[77.38416,13.66154],[77.3768,13.64971],[77.3784,13.64509],[77.37446,13.64174],[77.36872,13.64105],[77.36691,13.63616],[77.36958,13.63376],[77.36222,13.62488],[77.36022,13.6131],[77.36278,13.6022],[77.36477,13.60189],[77.36366,13.59015],[77.36976,13.58847],[77.3744,13.58985],[77.37948,13.57798],[77.38299,13.57497],[77.38455,13.55142],[77.38329,13.54907],[77.37967,13.55009],[77.37971,13.548],[77.38282,13.53678],[77.39055,13.53626],[77.39169,13.52876],[77.39061,13.51903],[77.38714,13.51864],[77.38167,13.51472],[77.3826,13.50095],[77.38467,13.49886],[77.37857,13.49323],[77.3765,13.48992],[77.37626,13.48434],[77.37296,13.48322],[77.3708,13.47792],[77.3736,13.47085],[77.36704,13.46966],[77.36556,13.46208],[77.35615,13.46197],[77.34891,13.4572],[77.34887,13.44559],[77.35424,13.43915],[77.35964,13.4384],[77.36267,13.43604],[77.36509,13.42656],[77.3618,13.41513],[77.35632,13.41423],[77.34729,13.41802],[77.34548,13.40872],[77.3419,13.40162],[77.34358,13.38523],[77.34047,13.37447],[77.33916,13.37434],[77.34537,13.37326],[77.34255,13.3659],[77.34159,13.35737],[77.34246,13.35027],[77.34594,13.34928],[77.34379,13.33759],[77.33927,13.33425],[77.33851,13.32883],[77.33336,13.32847],[77.32983,13.33021],[77.32033,13.32373],[77.31199,13.32063],[77.30908,13.31007],[77.28158,13.31083],[77.2807,13.3008],[77.28217,13.29704],[77.27541,13.29755],[77.26948,13.30614],[77.27025,13.31091],[77.25474,13.30875],[77.25299,13.30273],[77.24741,13.30183],[77.24228,13.30257],[77.24186,13.30588],[77.23723,13.31089],[77.23404,13.31025],[77.23201,13.31346],[77.22896,13.31414],[77.22714,13.30595],[77.22272,13.29652],[77.22299,13.2907],[77.21952,13.27355],[77.22215,13.26751],[77.21964,13.26284],[77.21528,13.26158],[77.20498,13.263],[77.19989,13.26839],[77.19319,13.26944],[77.19346,13.27357],[77.18999,13.27606],[77.18837,13.27554],[77.18474,13.25658],[77.1864,13.2558],[77.18758,13.25044],[77.19063,13.24592],[77.19101,13.24146],[77.18966,13.23791],[77.18515,13.23824],[77.18361,13.23004],[77.18847,13.22517],[77.19338,13.22533],[77.19409,13.20937],[77.1993,13.20272],[77.19862,13.19524],[77.20246,13.19447],[77.2036,13.19703],[77.20697,13.19728],[77.20652,13.18833],[77.20269,13.18194],[77.19808,13.18207],[77.19738,13.18015],[77.19096,13.1846],[77.18213,13.18659],[77.16831,13.18396],[77.16451,13.18981],[77.16489,13.19656],[77.16253,13.19645],[77.16001,13.19375],[77.15622,13.19379],[77.14837,13.1736],[77.14262,13.17353],[77.1384,13.17763],[77.13544,13.17041],[77.12885,13.16427],[77.1188,13.16348],[77.12005,13.15258],[77.11896,13.14683],[77.11709,13.14626],[77.11579,13.14266],[77.11807,13.14102],[77.11593,13.13122],[77.10695,13.13526],[77.10841,13.13948],[77.10782,13.14432],[77.09576,13.14623],[77.0914,13.13586],[77.08325,13.1366],[77.07928,13.13347],[77.07927,13.13157],[77.072,13.13209],[77.07024,13.12887],[77.07075,13.11475],[77.07279,13.1148],[77.07455,13.10301],[77.0772,13.09595],[77.0796,13.0947],[77.08173,13.08771],[77.07975,13.07829],[77.07499,13.06954],[77.07016,13.06653],[77.07432,13.06624],[77.07382,13.06053],[77.0807,13.06255],[77.07735,13.06101],[77.07752,13.05771],[77.07471,13.05696],[77.06967,13.03971],[77.08209,13.03986],[77.08571,13.03309],[77.08961,13.02956],[77.09382,13.03029],[77.0929,13.02699],[77.10891,13.02296],[77.11276,13.01785],[77.11813,13.01448],[77.11652,13.00985],[77.10289,13.00722],[77.10107,13.0008],[77.09858,13.00039],[77.09757,12.99818],[77.10322,12.99283],[77.10552,12.99342],[77.10657,12.99659],[77.12888,12.99537],[77.12974,12.99884],[77.12334,13.00361],[77.12369,13.00672],[77.13173,13.00582],[77.1367,13.00159],[77.13564,12.9963],[77.14225,12.99198],[77.14469,12.98616],[77.14237,12.9866],[77.14175,12.98437],[77.13279,12.98615],[77.13277,12.98189],[77.1304,12.97827],[77.1311,12.97575],[77.14323,12.96348],[77.15087,12.96165],[77.1569,12.95817],[77.1559,12.95285],[77.15702,12.94208],[77.16067,12.93741],[77.16089,12.93448],[77.1636,12.93354],[77.16519,12.92887],[77.15769,12.91358],[77.15282,12.91479],[77.152,12.91657],[77.14098,12.91608],[77.13632,12.9053],[77.13637,12.90144],[77.13235,12.89793],[77.12443,12.90163],[77.12304,12.90117],[77.12342,12.89716],[77.12056,12.89705],[77.12032,12.89983],[77.11004,12.89299],[77.10566,12.89259],[77.10725,12.88908],[77.11898,12.88421],[77.12342,12.88801],[77.13319,12.88825],[77.13226,12.87929],[77.13452,12.87823],[77.13297,12.85879],[77.13576,12.86075],[77.13559,12.8567],[77.13841,12.85288],[77.14923,12.84825],[77.14982,12.84515],[77.14804,12.841],[77.14834,12.8369],[77.15089,12.83407],[77.15005,12.83035],[77.15356,12.83082],[77.15721,12.82732],[77.15199,12.82348],[77.15224,12.82229],[77.14653,12.81948],[77.14245,12.82044],[77.13804,12.81274],[77.15122,12.79351],[77.14989,12.78678],[77.14738,12.78669],[77.14115,12.78178],[77.13648,12.78328],[77.12692,12.77713],[77.12624,12.77482],[77.12284,12.77393],[77.11076,12.77715],[77.10792,12.78015],[77.10027,12.77723],[77.09437,12.77125],[77.09177,12.76468],[77.09202,12.7511],[77.086,12.75115],[77.08761,12.75358],[77.08363,12.75857],[77.07986,12.75969],[77.07857,12.75465],[77.08003,12.74733],[77.0767,12.74605],[77.072,12.75666],[77.06783,12.75953],[77.06615,12.75751],[77.06074,12.756],[77.06056,12.75272],[77.05649,12.7527],[77.04911,12.74775],[77.04933,12.75412],[77.0468,12.75983],[77.04394,12.77762],[77.03574,12.76951],[77.02973,12.76564],[77.02709,12.76555],[77.0253,12.76224],[77.00854,12.76395],[77.00686,12.77379],[77.00978,12.78116],[76.99872,12.77708],[76.99066,12.78777],[76.97648,12.79245],[76.97359,12.80131],[76.96093,12.80279],[76.95049,12.8001],[76.94187,12.80463],[76.93526,12.79911],[76.92313,12.80459],[76.91988,12.81183],[76.91685,12.81463],[76.91685,12.81896],[76.90755,12.82652],[76.90661,12.83423],[76.9003,12.84507],[76.8913,12.85002],[76.89356,12.87435],[76.891,12.87948],[76.89218,12.882],[76.88867,12.89182],[76.88857,12.8974],[76.87285,12.8975],[76.8728,12.89973],[76.87071,12.89937],[76.86555,12.90507],[76.86461,12.91345],[76.86791,12.91858],[76.87366,12.91815],[76.88333,12.9207],[76.88582,12.92041],[76.88622,12.91884],[76.8903,12.91883],[76.89711,12.92102],[76.89373,12.925],[76.89254,12.93174],[76.88797,12.93425],[76.88076,12.93357],[76.86205,12.92827],[76.86262,12.93437],[76.85706,12.93794],[76.84928,12.93841],[76.84869,12.94399],[76.84234,12.94146],[76.83562,12.94343],[76.84181,12.96574],[76.83938,12.97311],[76.85058,12.97467],[76.85135,12.97911],[76.84519,12.98308],[76.84395,12.98686],[76.82688,12.99837],[76.8291,13.00221],[76.81994,13.00492],[76.81549,13.01342],[76.80618,13.01214],[76.79479,13.0151],[76.78581,13.01449],[76.78242,13.03047],[76.77147,13.03446],[76.75881,13.03674],[76.75743,13.03538],[76.75809,13.03738],[76.74964,13.03614],[76.71801,13.0406],[76.70951,13.03933],[76.70177,13.04203],[76.69364,13.03709],[76.68079,13.04807],[76.67553,13.05495],[76.67072,13.05529],[76.66738,13.03916],[76.65972,13.02627],[76.65837,13.01414],[76.65315,13.0077],[76.64805,13.00702],[76.64558,13.00956],[76.63928,13.00932],[76.63199,13.00396],[76.61854,13.00855],[76.61159,13.00799],[76.60568,13.01162],[76.60451,13.01465],[76.60899,13.03091],[76.60755,13.03237],[76.6077,13.03705],[76.60294,13.04129],[76.60695,13.05676],[76.61903,13.0537],[76.61956,13.05597],[76.61835,13.06386],[76.60785,13.07383],[76.60053,13.07326],[76.59252,13.07525],[76.58541,13.07095],[76.5684,13.0747],[76.5623,13.0737],[76.5513,13.07722],[76.53466,13.07671],[76.52831,13.07895],[76.5226,13.07824],[76.52142,13.07271],[76.5156,13.06897],[76.5118,13.0708],[76.50573,13.07871],[76.49616,13.08609],[76.49512,13.09443],[76.49067,13.09468],[76.48196,13.09124],[76.47242,13.09302],[76.47303,13.09611],[76.46877,13.12002],[76.47014,13.12088],[76.46981,13.13667],[76.47337,13.14978],[76.46429,13.15092],[76.45841,13.14925],[76.45744,13.15095],[76.4552,13.15079],[76.45428,13.15506],[76.44671,13.16377],[76.44514,13.16931],[76.42877,13.17213],[76.42672,13.18195],[76.42082,13.18597],[76.41616,13.18587],[76.41334,13.19125],[76.40786,13.19251],[76.39375,13.1889],[76.39392,13.19741],[76.37,13.20009],[76.36952,13.21263],[76.37656,13.21612],[76.379,13.22032],[76.37995,13.23231],[76.36428,13.23476],[76.36413,13.24465],[76.36198,13.24959],[76.35664,13.25047],[76.35842,13.26177],[76.3551,13.26393],[76.35761,13.27604],[76.35723,13.28682],[76.34707,13.29749],[76.34963,13.29653],[76.34767,13.30192],[76.34898,13.31827],[76.35244,13.33087],[76.34887,13.33663],[76.34659,13.34498],[76.34595,13.35993],[76.3492,13.36151],[76.38287,13.36397],[76.38358,13.36678],[76.38209,13.3702],[76.38362,13.37112],[76.386,13.3699],[76.39351,13.37884],[76.39246,13.39048],[76.38967,13.39454],[76.39742,13.40423],[76.40066,13.42301],[76.40547,13.42741],[76.40427,13.43101],[76.4065,13.43175],[76.41946,13.44958],[76.40768,13.45948],[76.41095,13.46928],[76.41187,13.47919],[76.41531,13.48119],[76.40782,13.48435],[76.40525,13.4912],[76.40115,13.49158],[76.39685,13.49502],[76.39748,13.50548],[76.40906,13.50551],[76.41045,13.50798],[76.41541,13.50912],[76.41969,13.51996],[76.42469,13.52394],[76.40042,13.52636],[76.39775,13.52816],[76.39534,13.53599],[76.38786,13.53439],[76.37548,13.5424],[76.37045,13.54786],[76.36402,13.54722],[76.35929,13.55643],[76.35285,13.5797]]],[[[77.06917,14.05209],[77.04254,14.05729],[77.03183,14.05707],[77.02566,14.06601],[77.02884,14.07768],[77.02872,14.08874],[77.02443,14.08951],[77.023,14.09253],[77.01693,14.09477],[77.01918,14.09652],[77.01384,14.09967],[77.02426,14.11294],[77.02185,14.12242],[77.02593,14.12404],[77.0262,14.13011],[77.02086,14.13123],[77.02045,14.15124],[77.0222,14.15273],[77.02071,14.15699],[77.0262,14.17468],[77.02244,14.1773],[77.02414,14.18682],[77.01556,14.19367],[77.00946,14.19478],[77.00244,14.19848],[77.00588,14.20744],[77.00677,14.219],[77.00066,14.22243],[77.00134,14.22468],[76.99892,14.22903],[77.00501,14.23072],[77.00564,14.2359],[77.00852,14.23782],[77.01232,14.23756],[77.02207,14.24133],[77.03077,14.24231],[77.03058,14.2441],[77.03639,14.24471],[77.03597,14.24679],[77.04398,14.24649],[77.05822,14.24392],[77.05745,14.24068],[77.06041,14.23591],[77.06143,14.22914],[77.06981,14.23172],[77.07643,14.22342],[77.08073,14.21503],[77.08022,14.2132],[77.1037,14.22003],[77.10726,14.21956],[77.11532,14.22327],[77.11684,14.22612],[77.11639,14.23733],[77.11928,14.24373],[77.11748,14.25067],[77.11432,14.25298],[77.11808,14.25623],[77.11964,14.26266],[77.11117,14.26155],[77.11205,14.26517],[77.11006,14.26832],[77.11557,14.27385],[77.11552,14.29287],[77.12431,14.29861],[77.12957,14.30486],[77.13588,14.32318],[77.13659,14.33148],[77.13484,14.33606],[77.13967,14.33996],[77.15293,14.33955],[77.1534,14.34152],[77.15495,14.34028],[77.15691,14.34191],[77.16552,14.34182],[77.16516,14.33806],[77.16881,14.33793],[77.16986,14.33502],[77.17058,14.33603],[77.17832,14.33493],[77.18163,14.33162],[77.18122,14.33029],[77.18438,14.33242],[77.19736,14.32104],[77.21458,14.31856],[77.22879,14.32161],[77.23359,14.31812],[77.23975,14.31729],[77.24521,14.31751],[77.25389,14.32233],[77.25388,14.32556],[77.25872,14.32771],[77.25824,14.33079],[77.26246,14.33259],[77.26925,14.33205],[77.27526,14.33475],[77.27676,14.33731],[77.28482,14.33768],[77.28529,14.34018],[77.28684,14.34035],[77.28943,14.31032],[77.28852,14.30029],[77.2829,14.28719],[77.28342,14.28222],[77.3049,14.28339],[77.31346,14.28113],[77.33048,14.28007],[77.33851,14.27728],[77.36331,14.27605],[77.36144,14.27153],[77.36249,14.26048],[77.36485,14.25758],[77.36497,14.25466],[77.36071,14.24107],[77.36041,14.2344],[77.36364,14.23436],[77.37743,14.22793],[77.38406,14.22064],[77.38296,14.20754],[77.38766,14.20217],[77.38724,14.19972],[77.3905,14.19908],[77.40981,14.20591],[77.41409,14.20527],[77.41886,14.21141],[77.4169,14.22126],[77.41752,14.22564],[77.41182,14.22758],[77.41122,14.23221],[77.4091,14.23166],[77.4086,14.25997],[77.407,14.25976],[77.4051,14.26686],[77.39534,14.26636],[77.38815,14.2697],[77.38686,14.2725],[77.38918,14.27462],[77.38993,14.27898],[77.38846,14.28224],[77.38677,14.28189],[77.3841,14.29576],[77.38224,14.29888],[77.37761,14.30133],[77.37691,14.3041],[77.37924,14.32163],[77.38998,14.33321],[77.40061,14.33734],[77.40707,14.33817],[77.41129,14.3363],[77.41259,14.33742],[77.4204,14.33252],[77.42331,14.32814],[77.42822,14.32916],[77.43096,14.31327],[77.44301,14.31802],[77.44658,14.31746],[77.44663,14.30344],[77.44494,14.2954],[77.44668,14.29327],[77.44834,14.28263],[77.45055,14.28275],[77.4499,14.28081],[77.45726,14.28013],[77.46375,14.28213],[77.47944,14.29295],[77.48349,14.29057],[77.48734,14.28195],[77.49053,14.28214],[77.49158,14.27814],[77.49823,14.27955],[77.50395,14.26416],[77.50142,14.26218],[77.50301,14.25878],[77.50042,14.24746],[77.49629,14.23637],[77.49214,14.2343],[77.49357,14.23322],[77.49236,14.23086],[77.495,14.23117],[77.49393,14.22471],[77.50291,14.20834],[77.50121,14.20316],[77.504,14.19237],[77.51558,14.1867],[77.51674,14.18342],[77.51667,14.18213],[77.51458,14.18202],[77.51352,14.17611],[77.51189,14.17534],[77.50378,14.15772],[77.49007,14.16296],[77.48677,14.16206],[77.48107,14.16474],[77.46761,14.1653],[77.46695,14.17212],[77.45749,14.17],[77.44561,14.17213],[77.42969,14.17092],[77.42302,14.17361],[77.42268,14.17675],[77.42035,14.17688],[77.40584,14.17196],[77.39915,14.17434],[77.39398,14.17429],[77.39718,14.16975],[77.39763,14.16008],[77.38904,14.15961],[77.38763,14.15383],[77.3849,14.15328],[77.3802,14.13683],[77.36338,14.13113],[77.35535,14.12992],[77.35197,14.1312],[77.35107,14.12809],[77.35092,14.11862],[77.34884,14.11394],[77.34985,14.10932],[77.34694,14.10569],[77.34694,14.10378],[77.34982,14.10309],[77.35307,14.10878],[77.36284,14.11548],[77.37657,14.119],[77.3802,14.12274],[77.38842,14.12608],[77.39665,14.12535],[77.39649,14.12333],[77.40056,14.12016],[77.39751,14.10977],[77.38497,14.09638],[77.38118,14.09794],[77.37515,14.07887],[77.36336,14.07309],[77.35964,14.06211],[77.35383,14.06252],[77.34444,14.05936],[77.34049,14.0602],[77.33505,14.04568],[77.33219,14.03094],[77.37417,14.01834],[77.38667,14.01546],[77.3897,14.01641],[77.38817,14.00646],[77.37949,13.99013],[77.38135,13.97593],[77.39587,13.98369],[77.40974,13.98366],[77.42693,13.98675],[77.42864,13.98302],[77.43659,13.981],[77.43997,13.97579],[77.43766,13.9672],[77.43831,13.96357],[77.43637,13.95995],[77.43611,13.95651],[77.43803,13.95556],[77.43567,13.94838],[77.42974,13.94495],[77.42517,13.94617],[77.41902,13.94477],[77.41163,13.94551],[77.41507,13.93548],[77.41584,13.924],[77.43066,13.92085],[77.43403,13.91753],[77.43455,13.91203],[77.42917,13.90867],[77.42868,13.9061],[77.42246,13.90284],[77.42071,13.89946],[77.41089,13.89666],[77.40566,13.88924],[77.39889,13.88821],[77.4,13.89594],[77.39791,13.90637],[77.36733,13.90321],[77.35433,13.90424],[77.35283,13.91375],[77.35025,13.91323],[77.34747,13.91556],[77.35357,13.92832],[77.36149,13.93879],[77.36547,13.94702],[77.37182,13.95353],[77.35071,13.95823],[77.35314,13.96252],[77.35212,13.96777],[77.35481,13.97715],[77.35932,13.98367],[77.36062,13.99044],[77.34748,13.99464],[77.34828,13.99676],[77.34686,13.99408],[77.33667,13.99579],[77.3374,14.0052],[77.32962,14.01267],[77.32172,14.02448],[77.3222,14.03042],[77.30656,14.03198],[77.3018,14.02804],[77.29824,14.02185],[77.29146,14.02009],[77.28191,14.01325],[77.27584,14.013],[77.27932,14.02717],[77.27902,14.03206],[77.277,14.0326],[77.27749,14.03446],[77.27251,14.03464],[77.26595,14.03159],[77.26491,14.02923],[77.26058,14.02929],[77.25619,14.02265],[77.24856,14.01874],[77.24533,14.01171],[77.22207,14.01399],[77.21567,14.0099],[77.21212,14.01053],[77.20253,14.00796],[77.17289,14.01272],[77.17091,14.012],[77.17318,14.00096],[77.1602,14.00199],[77.15107,14.0009],[77.14148,14.00377],[77.14087,14.01831],[77.13664,14.02159],[77.13161,14.04522],[77.12689,14.04748],[77.10091,14.04486],[77.09413,14.04223],[77.0796,14.04268],[77.07569,14.04374],[77.07642,14.05337],[77.06917,14.05209]]],[[[77.0835,13.07147],[77.07952,13.06884],[77.08116,13.07256],[77.0835,13.07147]]]]},"properties":{"district":"Tumakuru","kgis_name":"TUMAKURU","region_id":"district_548","level":"district"}},{"type":"Feature","geometry":{"type":"MultiPolygon","coordinates":[[[[74.7909,13.09683],[74.7847,13.10033],[74.78178,13.10456],[74.77744,13.10236],[74.78082,13.09092],[74.77675,13.0819],[74.77955,13.07148],[74.77696,13.07127],[74.75714,13.1545],[74.74895,13.1836],[74.74431,13.1937],[74.73576,13.22761],[74.72793,13.26605],[74.72055,13.28607],[74.71488,13.32141],[74.70647,13.33729],[74.69844,13.34337],[74.70064,13.34727],[74.69788,13.37267],[74.6964,13.37464],[74.69699,13.4156],[74.69196,13.4562],[74.69195,13.4655],[74.69338,13.46919],[74.68936,13.47486],[74.68761,13.48317],[74.68584,13.51393],[74.68081,13.55592],[74.66846,13.6307],[74.67058,13.62995],[74.66645,13.63951],[74.66821,13.63943],[74.66485,13.64555],[74.66331,13.65372],[74.65138,13.66538],[74.64587,13.68085],[74.63713,13.73894],[74.6185,13.82684],[74.60766,13.86635],[74.59707,13.88357],[74.58977,13.9122],[74.58551,13.92236],[74.58167,13.92545],[74.58825,13.93095],[74.59015,13.93058],[74.59305,13.9399],[74.59534,13.94183],[74.59683,13.93197],[74.59892,13.93227],[74.60015,13.93629],[74.60644,13.94084],[74.61865,13.94182],[74.62061,13.93583],[74.63168,13.9462],[74.63113,13.94395],[74.6352,13.94411],[74.63362,13.9399],[74.63582,13.94133],[74.63828,13.93917],[74.64242,13.93908],[74.64438,13.94122],[74.64782,13.9407],[74.64814,13.94404],[74.65077,13.94537],[74.65171,13.94441],[74.65273,13.94598],[74.64868,13.95004],[74.64658,13.96307],[74.65563,13.97392],[74.66475,13.98098],[74.67012,13.97232],[74.66874,13.97114],[74.66998,13.96947],[74.67755,13.96607],[74.67656,13.96487],[74.67797,13.96331],[74.67775,13.95927],[74.6811,13.95686],[74.68814,13.9563],[74.69178,13.95351],[74.69418,13.94819],[74.69348,13.94081],[74.69006,13.93886],[74.68558,13.93923],[74.68239,13.93439],[74.69209,13.92468],[74.70342,13.9222],[74.70557,13.92333],[74.70818,13.92069],[74.71489,13.91048],[74.71333,13.90878],[74.71418,13.90556],[74.71141,13.90389],[74.72244,13.90481],[74.73756,13.91011],[74.74525,13.90973],[74.74975,13.90727],[74.75714,13.90648],[74.76307,13.91236],[74.77107,13.91391],[74.77103,13.91264],[74.78925,13.90851],[74.79201,13.90343],[74.7928,13.90623],[74.80042,13.90844],[74.80551,13.90574],[74.81899,13.90795],[74.82871,13.90153],[74.83353,13.90182],[74.83779,13.89858],[74.84051,13.89192],[74.84151,13.89305],[74.84377,13.89188],[74.85551,13.88055],[74.85964,13.86929],[74.87034,13.85626],[74.87626,13.85614],[74.88081,13.85996],[74.87964,13.86398],[74.88556,13.86758],[74.90957,13.86099],[74.91417,13.85314],[74.91182,13.8458],[74.91403,13.84187],[74.91319,13.83669],[74.91459,13.83417],[74.91285,13.82169],[74.91961,13.82465],[74.92293,13.8153],[74.91934,13.8134],[74.92439,13.80644],[74.92429,13.80132],[74.93256,13.79605],[74.93104,13.77584],[74.9357,13.77793],[74.93815,13.77714],[74.93976,13.77073],[74.95226,13.75887],[74.97446,13.75287],[74.98027,13.74675],[74.99628,13.74475],[74.99565,13.7391],[74.99366,13.73647],[74.99395,13.72736],[74.99241,13.72658],[74.99264,13.72265],[74.99022,13.72249],[74.98751,13.71935],[74.98769,13.71348],[74.99967,13.71064],[75.00246,13.71202],[75.0036,13.70813],[75.00704,13.70863],[75.01465,13.69981],[75.01939,13.69916],[75.01953,13.69463],[75.01453,13.69411],[75.01421,13.6926],[75.00781,13.69087],[75.01077,13.69082],[75.00859,13.6791],[75.00942,13.67687],[75.01613,13.67783],[75.02311,13.67303],[75.02389,13.67399],[75.02674,13.67053],[75.02631,13.66653],[75.02423,13.6662],[75.02164,13.66182],[75.01242,13.66646],[75.00813,13.66057],[75.0107,13.65549],[75.00767,13.65348],[75.00874,13.64535],[75.01378,13.64227],[75.0112,13.6347],[75.01854,13.62856],[75.02623,13.62809],[75.02966,13.62207],[75.03357,13.62129],[75.03519,13.61743],[75.03831,13.61593],[75.05054,13.61613],[75.05398,13.61119],[75.05715,13.61118],[75.06211,13.60422],[75.0604,13.5999],[75.06199,13.59733],[75.05913,13.59115],[75.05651,13.5908],[75.05558,13.58791],[75.04503,13.58616],[75.04115,13.57487],[75.0372,13.57244],[75.03853,13.56485],[75.04223,13.56344],[75.04605,13.55856],[75.04559,13.5539],[75.05019,13.55447],[75.05415,13.55057],[75.05638,13.54207],[75.05372,13.53644],[75.05854,13.53576],[75.06039,13.53272],[75.06581,13.53734],[75.06774,13.53442],[75.0683,13.53255],[75.06511,13.52558],[75.0611,13.52037],[75.06476,13.51954],[75.06898,13.53038],[75.07069,13.53135],[75.07113,13.52892],[75.07381,13.52766],[75.07367,13.52417],[75.07847,13.52155],[75.07382,13.51562],[75.07785,13.51418],[75.07687,13.51061],[75.07895,13.50312],[75.07732,13.50091],[75.07902,13.49826],[75.07863,13.4947],[75.08171,13.49368],[75.08428,13.48975],[75.08722,13.49227],[75.09181,13.49135],[75.09236,13.48843],[75.09805,13.48358],[75.10165,13.48694],[75.10194,13.48475],[75.1083,13.47923],[75.11153,13.47219],[75.1129,13.47261],[75.11366,13.46999],[75.11177,13.4679],[75.11127,13.46342],[75.11416,13.4619],[75.11552,13.45903],[75.11755,13.46124],[75.12406,13.46231],[75.12701,13.46442],[75.13307,13.46275],[75.14009,13.46339],[75.14162,13.45861],[75.15591,13.45278],[75.15182,13.44231],[75.14781,13.43971],[75.15283,13.4314],[75.14764,13.42818],[75.14827,13.42184],[75.14452,13.41895],[75.14146,13.409],[75.13906,13.4088],[75.14115,13.4041],[75.14178,13.38957],[75.13833,13.38845],[75.13709,13.38295],[75.13492,13.38129],[75.12742,13.38428],[75.12775,13.38167],[75.12469,13.38083],[75.12407,13.37359],[75.12767,13.37118],[75.1267,13.36948],[75.12495,13.37152],[75.12453,13.36471],[75.11383,13.35586],[75.10948,13.35632],[75.10533,13.35911],[75.09641,13.35733],[75.08674,13.36137],[75.08509,13.3483],[75.07411,13.34242],[75.09554,13.31499],[75.09455,13.31321],[75.10748,13.28769],[75.1138,13.28553],[75.1174,13.27782],[75.12286,13.27765],[75.1304,13.2824],[75.13379,13.2816],[75.13854,13.28602],[75.14166,13.28498],[75.15243,13.26148],[75.16438,13.21433],[75.16793,13.20761],[75.1643,13.20361],[75.16492,13.19859],[75.17945,13.1917],[75.18603,13.18309],[75.18947,13.18095],[75.19532,13.18028],[75.19681,13.17804],[75.20116,13.17815],[75.20395,13.17632],[75.20783,13.16902],[75.20703,13.15827],[75.19353,13.1587],[75.18448,13.16105],[75.17899,13.14978],[75.16904,13.14154],[75.16209,13.13008],[75.15938,13.13156],[75.15946,13.13017],[75.14872,13.12329],[75.14427,13.12612],[75.14474,13.13216],[75.14273,13.1302],[75.14008,13.13231],[75.13744,13.13089],[75.13626,13.1333],[75.13229,13.13211],[75.12989,13.13331],[75.12806,13.12979],[75.12144,13.13267],[75.11974,13.13447],[75.12066,13.13822],[75.11626,13.14107],[75.11154,13.14761],[75.11422,13.15039],[75.10568,13.14886],[75.10594,13.14743],[75.10321,13.15098],[75.10407,13.15382],[75.10027,13.15326],[75.10022,13.1599],[75.09535,13.16193],[75.09344,13.15976],[75.08107,13.15841],[75.07893,13.1464],[75.07348,13.14905],[75.06406,13.14668],[75.06655,13.1397],[75.05003,13.13551],[75.03593,13.14321],[75.03344,13.14224],[75.03249,13.13944],[75.02797,13.13708],[75.02586,13.1379],[75.01602,13.13187],[75.0167,13.13689],[75.00269,13.14559],[75.00207,13.14837],[75.0,13.14868],[74.99888,13.15143],[74.99449,13.15429],[74.99137,13.15032],[74.98684,13.14863],[74.97501,13.12755],[74.96337,13.12249],[74.96008,13.12266],[74.95889,13.11957],[74.95505,13.12057],[74.9523,13.11807],[74.94839,13.12002],[74.94958,13.12029],[74.94061,13.13178],[74.93919,13.13142],[74.94344,13.13443],[74.94099,13.13555],[74.94246,13.13818],[74.94127,13.14018],[74.94328,13.13959],[74.94249,13.14147],[74.94015,13.14377],[74.93995,13.14236],[74.93572,13.1414],[74.93639,13.14276],[74.93447,13.14245],[74.93491,13.14511],[74.93254,13.14698],[74.91902,13.1381],[74.91454,13.13165],[74.90895,13.129],[74.90736,13.1215],[74.91325,13.1195],[74.91379,13.11572],[74.9131,13.11362],[74.908,13.11131],[74.90853,13.11004],[74.91144,13.1102],[74.91162,13.10845],[74.90246,13.10775],[74.90082,13.1043],[74.89768,13.10483],[74.89258,13.10301],[74.8876,13.09856],[74.87867,13.09457],[74.8735,13.09984],[74.87315,13.11084],[74.87068,13.11293],[74.86895,13.11987],[74.86358,13.12211],[74.86225,13.12635],[74.85886,13.1275],[74.85545,13.12567],[74.84988,13.12615],[74.84697,13.12927],[74.84439,13.12946],[74.84239,13.12727],[74.83792,13.12911],[74.83368,13.12812],[74.83378,13.12986],[74.82685,13.12958],[74.82245,13.1238],[74.81437,13.12252],[74.81214,13.11862],[74.81223,13.11532],[74.80983,13.11335],[74.80641,13.11595],[74.80036,13.11474],[74.79571,13.1182],[74.7913,13.11691],[74.79133,13.11254],[74.79441,13.10875],[74.7964,13.11091],[74.79859,13.10807],[74.79721,13.10106],[74.79339,13.09707],[74.7909,13.09683]]],[[[74.69236,13.33029],[74.69149,13.3314],[74.69194,13.33266],[74.69308,13.33136],[74.69236,13.33029]]],[[[74.6894,13.33577],[74.68775,13.33699],[74.68876,13.34049],[74.69087,13.33913],[74.6894,13.33577]]],[[[74.68814,13.342],[74.68344,13.34384],[74.68424,13.34677],[74.68738,13.34459],[74.68814,13.342]]],[[[74.68624,13.37837],[74.68326,13.38046],[74.68196,13.38422],[74.68495,13.38262],[74.68624,13.37837]]]]},"properties":{"district":"Udupi","kgis_name":"UDUPI","region_id":"district_549","level":"district"}},{"type":"Feature","geometry":{"type":"MultiPolygon","coordinates":[[[[74.29422,14.59911],[74.29644,14.60106],[74.29126,14.60126],[74.29016,14.60441],[74.27992,14.61107],[74.27909,14.61795],[74.27607,14.62474],[74.27077,14.62768],[74.27232,14.62938],[74.27936,14.62575],[74.28202,14.62756],[74.28532,14.63409],[74.28487,14.64721],[74.2808,14.64934],[74.28216,14.65251],[74.28166,14.65509],[74.27923,14.65899],[74.28131,14.66104],[74.27759,14.66529],[74.27519,14.66522],[74.27776,14.66858],[74.2761,14.66977],[74.27696,14.67094],[74.28033,14.66977],[74.28242,14.67645],[74.26883,14.70321],[74.26084,14.70759],[74.25704,14.70649],[74.26504,14.71139],[74.26297,14.71131],[74.26382,14.71736],[74.24795,14.74155],[74.23746,14.74817],[74.23282,14.74792],[74.22841,14.74552],[74.22662,14.74633],[74.22842,14.7415],[74.22781,14.73854],[74.22412,14.73451],[74.20234,14.73322],[74.20575,14.72604],[74.19343,14.72638],[74.19489,14.72936],[74.18966,14.74006],[74.18019,14.7508],[74.17635,14.74977],[74.17523,14.75116],[74.17181,14.75106],[74.17091,14.75222],[74.1729,14.75454],[74.15906,14.75467],[74.15814,14.75151],[74.15982,14.75059],[74.15704,14.74443],[74.15079,14.74709],[74.14984,14.74992],[74.15113,14.75287],[74.15465,14.75722],[74.15711,14.75781],[74.15782,14.76005],[74.15608,14.76423],[74.14271,14.77876],[74.14305,14.77999],[74.13752,14.78078],[74.13412,14.77845],[74.13287,14.78019],[74.12788,14.78091],[74.12602,14.77901],[74.12151,14.77942],[74.12311,14.78022],[74.12139,14.78365],[74.11539,14.78974],[74.1109,14.78424],[74.10858,14.78442],[74.11041,14.78996],[74.10855,14.79306],[74.10399,14.79205],[74.10051,14.79904],[74.09488,14.80075],[74.09356,14.80709],[74.09686,14.80922],[74.10345,14.80938],[74.10509,14.80613],[74.1076,14.80769],[74.10716,14.80524],[74.11368,14.80421],[74.11719,14.80129],[74.11977,14.80123],[74.122,14.80384],[74.12475,14.80438],[74.12783,14.8133],[74.12463,14.83554],[74.12709,14.83981],[74.11569,14.84442],[74.11195,14.84859],[74.1081,14.86903],[74.10389,14.87693],[74.09985,14.88089],[74.10122,14.888],[74.09769,14.89867],[74.09104,14.90044],[74.08551,14.89898],[74.09754,14.91316],[74.10171,14.91588],[74.10832,14.91255],[74.10903,14.9168],[74.12062,14.91763],[74.11997,14.91907],[74.12483,14.92524],[74.1301,14.92494],[74.13541,14.9202],[74.14023,14.92369],[74.14646,14.91843],[74.15431,14.91768],[74.16047,14.91307],[74.16513,14.9197],[74.16306,14.92533],[74.15825,14.93013],[74.1563,14.93841],[74.15375,14.94032],[74.1555,14.94221],[74.15432,14.94322],[74.1551,14.94643],[74.15858,14.94908],[74.15938,14.956],[74.16134,14.95579],[74.16422,14.95886],[74.17267,14.95783],[74.17506,14.95925],[74.18074,14.9576],[74.18097,14.95021],[74.19489,14.94289],[74.19702,14.93814],[74.19386,14.93264],[74.19698,14.92983],[74.19633,14.92856],[74.20156,14.92555],[74.20911,14.93762],[74.21345,14.94048],[74.2126,14.9443],[74.21488,14.9497],[74.21896,14.9459],[74.22563,14.95029],[74.2306,14.94981],[74.23144,14.95819],[74.23789,14.96595],[74.25249,14.95965],[74.25525,14.97082],[74.25868,14.97061],[74.26214,14.97615],[74.26649,14.97807],[74.25469,14.98917],[74.25581,14.99522],[74.27009,14.99831],[74.26915,15.00071],[74.27134,15.00739],[74.28136,15.02096],[74.28185,15.03061],[74.28989,15.03849],[74.29505,15.04003],[74.29467,15.04482],[74.29737,15.04666],[74.29698,15.05006],[74.29294,15.05439],[74.29249,15.06494],[74.28524,15.06638],[74.28214,15.06965],[74.28082,15.06851],[74.27557,15.09578],[74.27273,15.09785],[74.2764,15.1058],[74.27991,15.10523],[74.28256,15.10672],[74.28392,15.11951],[74.28646,15.12233],[74.28541,15.129],[74.2836,15.13124],[74.28577,15.13488],[74.28457,15.14328],[74.28586,15.14968],[74.2896,15.15011],[74.29234,15.14852],[74.29563,15.15104],[74.30548,15.16396],[74.31459,15.18032],[74.30996,15.20565],[74.30035,15.21682],[74.29137,15.23409],[74.28677,15.23273],[74.28074,15.23603],[74.25969,15.24124],[74.25193,15.25064],[74.25063,15.25964],[74.26117,15.2609],[74.27205,15.28166],[74.27685,15.28354],[74.28237,15.28037],[74.28745,15.28392],[74.29362,15.28472],[74.2946,15.28928],[74.3083,15.28363],[74.31959,15.2836],[74.32028,15.28495],[74.32636,15.28401],[74.33616,15.29562],[74.33276,15.29809],[74.32083,15.31434],[74.31692,15.32981],[74.31728,15.33476],[74.32197,15.34352],[74.31844,15.35762],[74.31398,15.36039],[74.3147,15.36414],[74.32126,15.36849],[74.29782,15.38333],[74.28483,15.38513],[74.2787,15.39277],[74.27868,15.40564],[74.27564,15.41334],[74.27227,15.41531],[74.27081,15.41849],[74.2709,15.42449],[74.27612,15.43258],[74.27466,15.43484],[74.2765,15.44063],[74.27486,15.44838],[74.26531,15.47247],[74.24903,15.49164],[74.25099,15.50021],[74.25984,15.5078],[74.27508,15.51439],[74.27896,15.51926],[74.27812,15.52148],[74.2818,15.52311],[74.29077,15.52351],[74.32711,15.51637],[74.34227,15.51772],[74.35311,15.50669],[74.37361,15.47956],[74.38639,15.48362],[74.3906,15.48006],[74.39425,15.48078],[74.40429,15.47337],[74.40939,15.47501],[74.41213,15.47418],[74.41539,15.4701],[74.41793,15.46937],[74.41922,15.46471],[74.42208,15.46342],[74.42308,15.42034],[74.42846,15.398],[74.43289,15.39688],[74.43456,15.40162],[74.43749,15.40251],[74.43858,15.40553],[74.44666,15.40667],[74.44969,15.40571],[74.45023,15.40909],[74.45205,15.40801],[74.44566,15.41964],[74.45118,15.42137],[74.46038,15.42061],[74.45643,15.42551],[74.46223,15.43011],[74.46108,15.43032],[74.46298,15.43287],[74.47237,15.43266],[74.4774,15.42871],[74.48147,15.4301],[74.48405,15.43358],[74.48439,15.43731],[74.48795,15.43821],[74.48979,15.44271],[74.49182,15.44375],[74.49004,15.43702],[74.49127,15.43543],[74.49462,15.43841],[74.50607,15.43363],[74.50811,15.43064],[74.50928,15.42773],[74.50613,15.41249],[74.50994,15.40294],[74.51648,15.40201],[74.53383,15.41878],[74.5385,15.41588],[74.53899,15.41692],[74.54737,15.41481],[74.55367,15.40957],[74.56758,15.40345],[74.57407,15.39223],[74.58768,15.38049],[74.59566,15.37775],[74.60118,15.36941],[74.61377,15.35928],[74.63409,15.36825],[74.64027,15.38159],[74.64992,15.39122],[74.66638,15.39314],[74.68892,15.39867],[74.69865,15.40985],[74.70626,15.40727],[74.71754,15.41111],[74.7267,15.41033],[74.73189,15.40798],[74.7457,15.41263],[74.74837,15.41057],[74.7574,15.41105],[74.76288,15.4164],[74.7668,15.4178],[74.76879,15.41511],[74.76768,15.41082],[74.77062,15.40849],[74.7646,15.40153],[74.76561,15.39834],[74.76629,15.40051],[74.76928,15.40145],[74.78158,15.39419],[74.78541,15.38513],[74.79226,15.37879],[74.79874,15.37756],[74.80973,15.37926],[74.82034,15.3849],[74.83058,15.37346],[74.82373,15.37319],[74.81902,15.3708],[74.82457,15.35481],[74.82686,15.34249],[74.83213,15.33646],[74.83565,15.33471],[74.84485,15.33597],[74.8484,15.34038],[74.85482,15.3405],[74.86106,15.32759],[74.87746,15.31703],[74.8756,15.31602],[74.8776,15.31404],[74.87801,15.30874],[74.875,15.30016],[74.88142,15.29808],[74.88536,15.29995],[74.88931,15.30463],[74.89447,15.2991],[74.89711,15.30131],[74.90619,15.27991],[74.90807,15.27157],[74.91021,15.25183],[74.9016,15.24507],[74.89868,15.24029],[74.88576,15.23296],[74.88567,15.22798],[74.88268,15.22354],[74.87238,15.21616],[74.87541,15.2053],[74.87384,15.20422],[74.87753,15.19304],[74.8712,15.1913],[74.86947,15.18866],[74.8648,15.18655],[74.86516,15.18228],[74.86242,15.18216],[74.86256,15.17879],[74.85014,15.17106],[74.8481,15.16274],[74.84445,15.1607],[74.84147,15.15684],[74.84262,15.15532],[74.83502,15.14874],[74.83793,15.14405],[74.82895,15.13968],[74.83083,15.13821],[74.83129,15.13303],[74.83966,15.13034],[74.84375,15.12676],[74.845,15.12197],[74.84872,15.12313],[74.85185,15.12127],[74.85166,15.11759],[74.85402,15.11405],[74.85308,15.11228],[74.85836,15.10421],[74.86475,15.10513],[74.88051,15.10036],[74.88881,15.10004],[74.89256,15.09663],[74.88997,15.09067],[74.88333,15.0883],[74.87984,15.08399],[74.87737,15.07377],[74.88738,15.06638],[74.88613,15.06307],[74.89049,15.05221],[74.88894,15.04992],[74.89082,15.04547],[74.89391,15.04449],[74.89619,15.04683],[74.90787,15.04972],[74.91037,15.04029],[74.91733,15.0389],[74.91884,15.04415],[74.92273,15.04478],[74.92417,15.04839],[74.93038,15.04926],[74.93144,15.05193],[74.94011,15.05188],[74.942,15.05597],[74.93942,15.05719],[74.94027,15.06658],[74.94421,15.06423],[74.95074,15.06766],[74.95731,15.0641],[74.95842,15.06645],[74.96318,15.06795],[74.9633,15.06937],[74.97388,15.07049],[74.9789,15.06891],[74.98605,15.07123],[74.98604,15.07299],[74.99175,15.07361],[74.99854,15.06974],[75.00238,15.07112],[75.00525,15.06974],[75.00737,15.07132],[75.01289,15.06812],[75.01839,15.07265],[75.01998,15.07005],[75.02274,15.07028],[75.02543,15.07313],[75.03035,15.07309],[75.03065,15.07462],[75.03224,15.0746],[75.03208,15.07722],[75.03546,15.07884],[75.04325,15.07936],[75.04577,15.08161],[75.05353,15.08264],[75.05459,15.07308],[75.05828,15.07135],[75.07092,15.07044],[75.08254,15.0746],[75.0739,15.0524],[75.07236,15.04141],[75.07702,15.03793],[75.07153,15.01793],[75.06813,15.01472],[75.07323,14.9997],[75.07588,14.97403],[75.08155,14.96951],[75.08451,14.95665],[75.09767,14.9567],[75.09378,14.95221],[75.09778,14.94737],[75.09708,14.94322],[75.10337,14.93508],[75.10166,14.93249],[75.10229,14.92763],[75.08543,14.92678],[75.08725,14.92097],[75.08025,14.92243],[75.06707,14.9191],[75.07108,14.87181],[75.07392,14.86761],[75.07094,14.86764],[75.06973,14.86334],[75.0741,14.85606],[75.06769,14.83677],[75.07158,14.83391],[75.07357,14.82624],[75.09053,14.82022],[75.09168,14.81106],[75.07389,14.80823],[75.05531,14.81462],[75.05601,14.80511],[75.06884,14.79798],[75.06918,14.787],[75.06712,14.78612],[75.07076,14.78242],[75.06629,14.78302],[75.06358,14.77658],[75.05192,14.77674],[75.04982,14.77548],[75.04993,14.77349],[75.04618,14.77293],[75.04061,14.7741],[75.03969,14.76774],[75.04156,14.76476],[75.04165,14.75933],[75.04365,14.75372],[75.04691,14.75187],[75.04767,14.74414],[75.0438,14.74328],[75.04471,14.73898],[75.0375,14.73841],[75.03853,14.72773],[75.03352,14.72729],[75.031,14.72989],[75.02988,14.72658],[75.02789,14.72631],[75.02862,14.7254],[75.0223,14.72555],[75.0219,14.72374],[75.01843,14.72359],[75.01804,14.72155],[75.01456,14.71948],[75.01614,14.718],[75.01697,14.71073],[75.02146,14.71148],[75.02462,14.70833],[75.03292,14.71001],[75.03221,14.69491],[75.0359,14.67646],[75.03063,14.67251],[75.03133,14.66505],[75.03533,14.65797],[75.03908,14.65854],[75.04092,14.66077],[75.04511,14.65405],[75.05248,14.64865],[75.05045,14.64665],[75.05017,14.64185],[75.04114,14.63923],[75.03949,14.637],[75.02745,14.61597],[75.02639,14.60875],[75.02394,14.60721],[75.02584,14.60497],[75.02311,14.60194],[75.0247,14.60117],[75.02546,14.59081],[75.02787,14.58468],[75.02282,14.57931],[75.02554,14.57709],[75.02457,14.5753],[75.02076,14.57467],[75.02328,14.56504],[75.02231,14.56418],[75.02385,14.56353],[75.02273,14.56261],[75.02391,14.56072],[75.02928,14.56095],[75.03462,14.55908],[75.04001,14.54874],[75.04437,14.54576],[75.05484,14.54867],[75.06074,14.54455],[75.05865,14.54094],[75.05333,14.53872],[75.05223,14.53392],[75.03771,14.52872],[75.0411,14.52274],[75.04212,14.51531],[75.0418,14.50823],[75.04023,14.50669],[75.04078,14.50012],[75.03093,14.50026],[75.01947,14.49712],[75.00644,14.48805],[75.00867,14.48445],[75.00401,14.48001],[74.99546,14.4773],[74.98974,14.47224],[74.98461,14.48831],[74.99179,14.49265],[74.99277,14.49517],[74.99062,14.49584],[74.98817,14.5057],[74.9825,14.51286],[74.97938,14.51334],[74.97949,14.51684],[74.97365,14.5174],[74.97239,14.51966],[74.97455,14.5245],[74.98038,14.52563],[74.97788,14.53355],[74.97837,14.54926],[74.96225,14.55099],[74.95566,14.55467],[74.95458,14.55383],[74.95607,14.55379],[74.95645,14.55076],[74.95051,14.53668],[74.94511,14.53296],[74.94278,14.53429],[74.94386,14.5319],[74.94171,14.52988],[74.9417,14.52745],[74.93902,14.52635],[74.94032,14.52428],[74.93765,14.5187],[74.93201,14.52282],[74.92841,14.52855],[74.91228,14.52862],[74.90539,14.53091],[74.90139,14.52937],[74.90238,14.51552],[74.89885,14.50924],[74.89545,14.5083],[74.89409,14.49997],[74.88994,14.4898],[74.89058,14.48538],[74.88893,14.48002],[74.89368,14.47368],[74.8983,14.47431],[74.91774,14.46697],[74.92037,14.45894],[74.90888,14.45787],[74.89892,14.46456],[74.88845,14.46025],[74.87395,14.44726],[74.87809,14.44031],[74.87807,14.43589],[74.88124,14.43331],[74.88024,14.42937],[74.90947,14.43164],[74.91772,14.43071],[74.93365,14.40369],[74.94126,14.40066],[74.9448,14.40215],[74.9492,14.39883],[74.94823,14.39487],[74.95064,14.38183],[74.94931,14.3761],[74.94553,14.37455],[74.94015,14.36793],[74.93894,14.35845],[74.94439,14.35404],[74.94894,14.35303],[74.95019,14.35049],[74.95242,14.35142],[74.95517,14.34976],[74.96078,14.34102],[74.9744,14.33815],[74.97435,14.33409],[74.97576,14.33325],[74.97312,14.32699],[74.96959,14.3255],[74.97214,14.32065],[74.97335,14.32276],[74.97713,14.32148],[74.97606,14.31896],[74.97128,14.31672],[74.96294,14.3182],[74.96132,14.32202],[74.95827,14.32388],[74.95608,14.32272],[74.95665,14.32039],[74.95224,14.31726],[74.94908,14.31999],[74.94214,14.31828],[74.93662,14.32249],[74.93091,14.31904],[74.92971,14.32059],[74.92458,14.3191],[74.92038,14.31566],[74.91585,14.30797],[74.91371,14.30368],[74.91383,14.29963],[74.90582,14.29381],[74.9085,14.28865],[74.90751,14.2851],[74.90994,14.2777],[74.9157,14.27571],[74.91659,14.27299],[74.92371,14.27821],[74.92622,14.27731],[74.9284,14.26467],[74.93452,14.2634],[74.93651,14.25602],[74.9394,14.25564],[74.93654,14.25175],[74.93553,14.24275],[74.93077,14.24097],[74.93059,14.23837],[74.92811,14.23655],[74.92921,14.23481],[74.92384,14.23206],[74.92133,14.22755],[74.91853,14.22702],[74.9134,14.22897],[74.909,14.22737],[74.90539,14.23008],[74.90273,14.22811],[74.89855,14.22813],[74.89616,14.22615],[74.89821,14.22469],[74.89637,14.22194],[74.89713,14.21926],[74.89468,14.21699],[74.88791,14.21469],[74.87851,14.21409],[74.87754,14.21723],[74.87987,14.21979],[74.87895,14.22156],[74.87567,14.21934],[74.87588,14.22604],[74.88087,14.23293],[74.87341,14.24031],[74.87081,14.23917],[74.86936,14.23631],[74.86811,14.22794],[74.86918,14.22566],[74.86795,14.22592],[74.86726,14.21834],[74.86021,14.21755],[74.85714,14.21018],[74.85374,14.20925],[74.84869,14.21699],[74.83957,14.22282],[74.83767,14.22592],[74.8389,14.22749],[74.83255,14.22921],[74.82266,14.22551],[74.81882,14.23056],[74.8151,14.23078],[74.80991,14.22825],[74.79889,14.23121],[74.79273,14.22802],[74.77601,14.24081],[74.75268,14.25163],[74.73303,14.26741],[74.71238,14.23477],[74.71261,14.23295],[74.72613,14.1738],[74.74757,14.15687],[74.74907,14.1421],[74.74698,14.14137],[74.74474,14.14923],[74.72083,14.15442],[74.70904,14.16728],[74.70068,14.16978],[74.69936,14.1679],[74.69384,14.17021],[74.6958,14.17282],[74.66477,14.18301],[74.65273,14.16733],[74.65047,14.16973],[74.62975,14.16393],[74.62703,14.15815],[74.6292,14.1441],[74.64408,14.14041],[74.64258,14.13388],[74.64597,14.1147],[74.65555,14.11543],[74.6459,14.10237],[74.65256,14.09703],[74.67076,14.07352],[74.67638,14.06179],[74.67386,14.05788],[74.67249,14.04794],[74.67814,14.04229],[74.67621,14.0234],[74.66136,13.99362],[74.66138,13.98925],[74.66475,13.98098],[74.65563,13.97392],[74.64658,13.96307],[74.64868,13.95004],[74.65273,13.94598],[74.65171,13.94441],[74.65077,13.94537],[74.64814,13.94404],[74.64782,13.9407],[74.64438,13.94122],[74.64242,13.93908],[74.63828,13.93917],[74.63582,13.94133],[74.63362,13.9399],[74.6352,13.94411],[74.63113,13.94395],[74.63168,13.9462],[74.62061,13.93583],[74.61865,13.94182],[74.60644,13.94084],[74.60015,13.93629],[74.59892,13.93227],[74.59683,13.93197],[74.59534,13.94183],[74.59305,13.9399],[74.59006,13.93049],[74.58825,13.93095],[74.58196,13.92573],[74.57892,13.92607],[74.57481,13.93835],[74.56925,13.94777],[74.56606,13.94964],[74.56154,13.94582],[74.5577,13.9518],[74.54918,13.9491],[74.55009,13.95029],[74.54784,13.95601],[74.54175,13.95872],[74.53896,13.96581],[74.53569,13.96722],[74.53287,13.96396],[74.532,13.9646],[74.5319,13.96886],[74.52897,13.97292],[74.52548,13.9752],[74.5186,13.98562],[74.51513,13.98698],[74.51434,13.99211],[74.51265,13.9981],[74.50954,14.00111],[74.50894,14.00702],[74.50249,14.02098],[74.50273,14.02524],[74.50451,14.02566],[74.50144,14.02791],[74.49931,14.05131],[74.49333,14.07716],[74.48844,14.08683],[74.48803,14.09278],[74.48575,14.09435],[74.48781,14.10418],[74.48691,14.10628],[74.48865,14.10736],[74.48565,14.1107],[74.48112,14.13717],[74.47638,14.14117],[74.47815,14.14474],[74.47079,14.18235],[74.46421,14.19907],[74.46086,14.20111],[74.45792,14.19872],[74.45411,14.19989],[74.4495,14.20827],[74.44685,14.21848],[74.44177,14.22757],[74.43958,14.23597],[74.44126,14.23581],[74.43825,14.24533],[74.43676,14.24534],[74.42208,14.2792],[74.42343,14.28718],[74.41265,14.31539],[74.41254,14.32979],[74.4101,14.33484],[74.40671,14.357],[74.40461,14.3577],[74.40603,14.35989],[74.40291,14.36799],[74.4032,14.37076],[74.40588,14.37036],[74.39633,14.41313],[74.39495,14.41682],[74.38554,14.41571],[74.3795,14.42168],[74.37948,14.42483],[74.38244,14.42596],[74.37861,14.43115],[74.38209,14.433],[74.38187,14.43888],[74.37387,14.46051],[74.37609,14.46075],[74.37247,14.47053],[74.37,14.4699],[74.36878,14.47296],[74.35926,14.49854],[74.36095,14.49958],[74.35876,14.50246],[74.35447,14.50221],[74.35506,14.50931],[74.34349,14.5135],[74.34043,14.51311],[74.33714,14.51872],[74.33046,14.51811],[74.32616,14.51597],[74.32556,14.51922],[74.31752,14.51961],[74.3138,14.5221],[74.31075,14.5215],[74.31532,14.5253],[74.31646,14.52924],[74.31591,14.53167],[74.3142,14.53119],[74.31159,14.53531],[74.31151,14.53925],[74.31383,14.5399],[74.31506,14.54238],[74.29486,14.59154],[74.29422,14.59911]]],[[[74.1463,14.76018],[74.14325,14.75831],[74.13844,14.76086],[74.13909,14.76312],[74.14561,14.76309],[74.1463,14.76018]]],[[[74.11009,14.84577],[74.11165,14.84523],[74.11305,14.84234],[74.10797,14.84254],[74.10728,14.84347],[74.11009,14.84577]]],[[[74.25555,14.72067],[74.25416,14.72168],[74.25469,14.7247],[74.25709,14.72237],[74.25555,14.72067]]],[[[74.25262,14.70553],[74.25491,14.70441],[74.25211,14.7045],[74.25262,14.70553]]],[[[74.10192,14.87825],[74.10173,14.8763],[74.10002,14.87675],[74.10192,14.87825]]],[[[74.1147,14.84498],[74.11433,14.84326],[74.11464,14.84521],[74.1147,14.84498]]],[[[74.28073,14.65639],[74.28047,14.65598],[74.28036,14.65633],[74.28073,14.65639]]]]},"properties":{"district":"Uttara Kannada","kgis_name":"UTTARA KANNADA","region_id":"district_550","level":"district"}},{"type":"Feature","geometry":{"type":"Polygon","coordinates":[[[76.45846,15.21683],[76.44907,15.21936],[76.44459,15.22356],[76.43919,15.22594],[76.43268,15.23224],[76.4275,15.22663],[76.42256,15.22472],[76.41564,15.23099],[76.40765,15.23443],[76.40071,15.22855],[76.40621,15.22389],[76.40875,15.22687],[76.40703,15.22325],[76.40878,15.22166],[76.41097,15.22284],[76.41086,15.22095],[76.41395,15.21754],[76.42044,15.21819],[76.41857,15.21539],[76.42442,15.21087],[76.42254,15.20961],[76.4232,15.20735],[76.42029,15.20654],[76.40937,15.19414],[76.39617,15.1936],[76.40163,15.18342],[76.41331,15.17416],[76.41766,15.16587],[76.40735,15.16362],[76.40498,15.15992],[76.40724,15.15491],[76.41164,15.1535],[76.40911,15.15095],[76.41207,15.14243],[76.41787,15.14025],[76.4198,15.14184],[76.42328,15.13784],[76.42067,15.1345],[76.41574,15.13553],[76.41375,15.1324],[76.3975,15.12632],[76.40392,15.12331],[76.40812,15.1233],[76.41209,15.12057],[76.41733,15.12117],[76.42011,15.11822],[76.4361,15.1245],[76.44104,15.12233],[76.4418,15.11619],[76.43989,15.11132],[76.43524,15.10771],[76.4393,15.10515],[76.43926,15.10733],[76.44283,15.10793],[76.44287,15.11092],[76.44688,15.10668],[76.44425,15.10109],[76.44969,15.09337],[76.44928,15.08675],[76.47284,15.05749],[76.47106,15.05165],[76.47422,15.04963],[76.47134,15.04828],[76.47469,15.04204],[76.46439,15.04803],[76.46167,15.04222],[76.45207,15.03834],[76.43938,15.03998],[76.42302,15.04493],[76.41443,15.05463],[76.41105,15.06079],[76.39359,15.06352],[76.39372,15.05287],[76.39937,15.04761],[76.4022,15.03803],[76.40441,15.03822],[76.406,15.02972],[76.39793,15.02339],[76.39319,15.02182],[76.37928,15.02314],[76.37723,15.0216],[76.3795,15.01945],[76.37952,15.0123],[76.37764,15.00592],[76.37546,15.00538],[76.37207,14.99668],[76.36117,14.99558],[76.36466,14.99105],[76.36127,14.98602],[76.37674,14.98366],[76.37466,14.96696],[76.37517,14.95714],[76.38069,14.95839],[76.39194,14.95578],[76.39407,14.95745],[76.39426,14.95473],[76.39636,14.95552],[76.39994,14.95445],[76.40054,14.95254],[76.40703,14.95207],[76.40593,14.94557],[76.40361,14.94431],[76.40395,14.93838],[76.40255,14.93492],[76.39819,14.93292],[76.40755,14.9346],[76.41251,14.93204],[76.42697,14.93108],[76.43202,14.93702],[76.4352,14.93709],[76.44204,14.93115],[76.45198,14.92851],[76.45321,14.92687],[76.457,14.92714],[76.46277,14.9249],[76.47062,14.92741],[76.46906,14.92503],[76.46201,14.92316],[76.45501,14.91739],[76.45251,14.91226],[76.45509,14.90465],[76.45784,14.90201],[76.46038,14.8924],[76.45788,14.88318],[76.46376,14.88197],[76.46565,14.87561],[76.47054,14.87912],[76.47262,14.88274],[76.47793,14.88248],[76.47477,14.87161],[76.47661,14.86552],[76.48138,14.85904],[76.48745,14.86101],[76.49479,14.85978],[76.49495,14.86168],[76.49828,14.8621],[76.49832,14.86882],[76.50924,14.86942],[76.51702,14.87185],[76.52192,14.8691],[76.53376,14.87094],[76.52977,14.87466],[76.53874,14.87614],[76.54196,14.8813],[76.56544,14.88016],[76.56893,14.8737],[76.56981,14.86762],[76.578,14.86132],[76.58603,14.85923],[76.5923,14.86517],[76.59433,14.88163],[76.60829,14.88128],[76.61907,14.88482],[76.63257,14.88313],[76.63287,14.8919],[76.63514,14.89221],[76.63755,14.89502],[76.64622,14.89444],[76.65139,14.89686],[76.66046,14.89529],[76.66599,14.89625],[76.66653,14.89454],[76.67569,14.89617],[76.67758,14.89468],[76.67767,14.88776],[76.699,14.88872],[76.7136,14.86485],[76.71491,14.85335],[76.7118,14.83745],[76.72084,14.83181],[76.74039,14.82564],[76.74141,14.82161],[76.74003,14.81523],[76.73494,14.81553],[76.73483,14.81322],[76.7183,14.81776],[76.70517,14.8175],[76.69393,14.81334],[76.68223,14.80814],[76.67471,14.79269],[76.66834,14.79148],[76.67362,14.78784],[76.66957,14.78667],[76.66628,14.7799],[76.66702,14.7751],[76.65972,14.77162],[76.66006,14.76605],[76.65756,14.76472],[76.65519,14.75689],[76.65077,14.75741],[76.64875,14.75544],[76.65077,14.75185],[76.64968,14.74761],[76.65111,14.7447],[76.64939,14.73979],[76.65103,14.73655],[76.64693,14.73022],[76.65023,14.72823],[76.65104,14.72567],[76.64536,14.71757],[76.6446,14.71307],[76.63705,14.71001],[76.63557,14.70331],[76.63075,14.70288],[76.62905,14.70041],[76.62401,14.70173],[76.61701,14.69448],[76.61698,14.69206],[76.60793,14.68699],[76.61045,14.67855],[76.61057,14.66848],[76.59823,14.66987],[76.59623,14.65992],[76.59921,14.65602],[76.59758,14.65379],[76.61242,14.64836],[76.60382,14.63457],[76.59806,14.63209],[76.60072,14.62088],[76.58571,14.61818],[76.58148,14.6119],[76.57683,14.6089],[76.57637,14.60468],[76.57369,14.60196],[76.57362,14.59813],[76.56795,14.5904],[76.56709,14.5867],[76.55832,14.58371],[76.55013,14.57834],[76.54967,14.57278],[76.54493,14.57187],[76.54146,14.56604],[76.53519,14.56559],[76.53504,14.56147],[76.53283,14.56261],[76.52993,14.56108],[76.52855,14.56236],[76.51836,14.56246],[76.51035,14.56045],[76.50533,14.56567],[76.46439,14.57385],[76.46174,14.5765],[76.44131,14.58037],[76.4237,14.58092],[76.42542,14.58806],[76.42756,14.58783],[76.4298,14.59359],[76.43294,14.61797],[76.42139,14.62472],[76.41702,14.6224],[76.4028,14.62376],[76.40122,14.62749],[76.39365,14.62677],[76.39018,14.64828],[76.37508,14.64632],[76.37554,14.65526],[76.37972,14.66199],[76.37372,14.66387],[76.34284,14.66572],[76.33786,14.68592],[76.33404,14.68822],[76.31924,14.69261],[76.31475,14.69205],[76.3119,14.68732],[76.30129,14.68991],[76.29037,14.68551],[76.27943,14.68505],[76.2734,14.68824],[76.27194,14.69575],[76.25766,14.69624],[76.25684,14.70099],[76.2499,14.69858],[76.24626,14.69392],[76.23945,14.67903],[76.23245,14.65216],[76.23047,14.64924],[76.22077,14.65768],[76.20507,14.67722],[76.19347,14.68144],[76.19359,14.69775],[76.18245,14.69951],[76.17503,14.70299],[76.1671,14.70079],[76.16095,14.70321],[76.1612,14.70083],[76.15731,14.70148],[76.1569,14.70426],[76.14545,14.70523],[76.13958,14.70063],[76.13948,14.69863],[76.1377,14.70024],[76.14041,14.70293],[76.12938,14.69944],[76.12731,14.70127],[76.12119,14.69986],[76.1146,14.69497],[76.11365,14.69002],[76.10948,14.68649],[76.11392,14.68302],[76.10859,14.67125],[76.108,14.65986],[76.11451,14.65926],[76.1127,14.65824],[76.11915,14.65646],[76.11878,14.65298],[76.12277,14.65214],[76.1227,14.65044],[76.12944,14.64938],[76.12955,14.63684],[76.13116,14.6304],[76.14232,14.62803],[76.14127,14.62584],[76.14453,14.62465],[76.14609,14.6149],[76.14013,14.61428],[76.13941,14.60533],[76.14124,14.60204],[76.13925,14.60195],[76.13912,14.59913],[76.13129,14.59444],[76.13151,14.58554],[76.12899,14.58345],[76.12743,14.57562],[76.11526,14.56807],[76.11437,14.5619],[76.12017,14.56243],[76.12385,14.55953],[76.12932,14.54991],[76.13049,14.54344],[76.13349,14.54082],[76.12849,14.53554],[76.12839,14.53354],[76.13048,14.53224],[76.12843,14.52918],[76.12881,14.52705],[76.09717,14.52357],[76.08827,14.51814],[76.08832,14.51518],[76.06694,14.51119],[76.05273,14.50545],[76.05115,14.51276],[76.04889,14.51447],[76.03797,14.51912],[76.03708,14.52119],[76.02961,14.52138],[76.02768,14.52438],[76.02584,14.52263],[76.01893,14.52246],[76.00611,14.51762],[75.95299,14.5217],[75.94685,14.52377],[75.94786,14.52749],[75.94473,14.53255],[75.94457,14.5407],[75.94186,14.54203],[75.94209,14.55178],[75.93933,14.56043],[75.92463,14.5619],[75.92067,14.56424],[75.91024,14.56292],[75.91104,14.5712],[75.90879,14.57422],[75.90643,14.5733],[75.89436,14.57903],[75.88467,14.5897],[75.87354,14.59363],[75.86834,14.59373],[75.86611,14.61615],[75.86351,14.61366],[75.86191,14.61496],[75.85992,14.6139],[75.8581,14.60825],[75.85476,14.60722],[75.85152,14.60908],[75.84783,14.60865],[75.84173,14.60458],[75.83813,14.6083],[75.83584,14.60689],[75.83219,14.60728],[75.82985,14.61285],[75.83651,14.62734],[75.83572,14.6337],[75.8337,14.63594],[75.82307,14.63177],[75.82053,14.63215],[75.82032,14.6341],[75.81589,14.63674],[75.80768,14.63595],[75.80854,14.65698],[75.79942,14.66654],[75.80058,14.67796],[75.7989,14.68191],[75.78922,14.68275],[75.78613,14.68085],[75.78196,14.68077],[75.77653,14.67619],[75.76329,14.67538],[75.74154,14.68462],[75.73886,14.69071],[75.7413,14.70009],[75.75544,14.71573],[75.76391,14.72161],[75.76433,14.72999],[75.76001,14.73771],[75.7554,14.7396],[75.74609,14.73293],[75.73103,14.72794],[75.7157,14.71877],[75.70429,14.72395],[75.70206,14.72812],[75.70271,14.73214],[75.71982,14.74984],[75.72194,14.7543],[75.72322,14.77059],[75.71961,14.77577],[75.71092,14.78123],[75.69177,14.78317],[75.68271,14.79473],[75.67831,14.79806],[75.66834,14.79916],[75.66443,14.80196],[75.66394,14.80538],[75.67038,14.81733],[75.67755,14.83643],[75.69057,14.85678],[75.69363,14.85907],[75.6952,14.85251],[75.70165,14.85255],[75.7024,14.85408],[75.71191,14.85243],[75.72158,14.8615],[75.7224,14.86413],[75.73238,14.86369],[75.73427,14.88292],[75.73918,14.88707],[75.73301,14.89218],[75.72777,14.89406],[75.72781,14.89726],[75.69674,14.89133],[75.684,14.92509],[75.68324,14.93918],[75.69134,14.94469],[75.71734,14.95076],[75.72599,14.94915],[75.73717,14.9435],[75.7412,14.94467],[75.75469,14.95684],[75.7612,14.96676],[75.77894,14.97699],[75.7803,14.98247],[75.77965,14.98825],[75.78378,14.9995],[75.78854,15.00639],[75.79966,15.01377],[75.80741,15.02436],[75.81013,15.0255],[75.8091,15.0263],[75.81614,15.02808],[75.83078,15.02813],[75.83461,15.03115],[75.83713,15.03992],[75.84769,15.04462],[75.85114,15.04374],[75.85417,15.03926],[75.85836,15.03657],[75.87217,15.03494],[75.87771,15.03936],[75.88407,15.05282],[75.90392,15.05597],[75.90632,15.05868],[75.90949,15.07328],[75.90827,15.07908],[75.88855,15.09554],[75.88586,15.09935],[75.88493,15.10413],[75.88743,15.11052],[75.89288,15.11556],[75.89787,15.11778],[75.90211,15.12584],[75.9022,15.13041],[75.9107,15.1353],[75.91536,15.13522],[75.92825,15.14062],[75.93603,15.14006],[75.94585,15.1368],[75.95982,15.13901],[75.96729,15.14296],[75.97539,15.15042],[75.98035,15.1515],[75.98588,15.151],[75.99772,15.14555],[76.0066,15.14854],[76.02477,15.14318],[76.04117,15.14407],[76.05006,15.15002],[76.05637,15.15703],[76.08243,15.1589],[76.09493,15.16302],[76.10244,15.16867],[76.10506,15.17415],[76.10849,15.19256],[76.11398,15.19979],[76.12291,15.20319],[76.12758,15.20334],[76.15085,15.19629],[76.15714,15.19725],[76.16042,15.2009],[76.15746,15.21037],[76.15831,15.21289],[76.17399,15.22689],[76.18825,15.23557],[76.20225,15.23301],[76.2262,15.23258],[76.23047,15.23124],[76.23221,15.22685],[76.21846,15.20303],[76.21889,15.1975],[76.23098,15.18861],[76.24616,15.18994],[76.25414,15.19613],[76.25782,15.2061],[76.26125,15.20688],[76.26575,15.20547],[76.26947,15.20716],[76.27879,15.22046],[76.30709,15.23972],[76.3274,15.26369],[76.33341,15.26484],[76.34377,15.27311],[76.34525,15.27885],[76.34491,15.28988],[76.34682,15.29644],[76.35,15.29922],[76.35076,15.30914],[76.35344,15.31491],[76.36116,15.32412],[76.37041,15.32521],[76.3795,15.32936],[76.37953,15.3317],[76.38844,15.33109],[76.39832,15.32681],[76.40526,15.32633],[76.42222,15.33423],[76.44205,15.33894],[76.46744,15.33696],[76.47709,15.34845],[76.49007,15.34417],[76.49619,15.34728],[76.49816,15.35073],[76.50589,15.35384],[76.50833,15.35742],[76.52176,15.36656],[76.5235,15.37014],[76.53917,15.37912],[76.5406,15.3813],[76.5468,15.37546],[76.55319,15.37327],[76.55794,15.36703],[76.55641,15.36634],[76.55577,15.35952],[76.55144,15.35173],[76.55216,15.34935],[76.56219,15.34867],[76.56236,15.34655],[76.56852,15.34567],[76.57253,15.34778],[76.57524,15.34516],[76.57571,15.34781],[76.57834,15.34578],[76.57814,15.34327],[76.58031,15.34252],[76.5792,15.33804],[76.58444,15.33616],[76.58609,15.33299],[76.58226,15.33375],[76.5852,15.33225],[76.59008,15.3259],[76.59358,15.32433],[76.5921,15.3192],[76.58931,15.31863],[76.58076,15.31108],[76.58302,15.3095],[76.58587,15.31143],[76.59104,15.30956],[76.59067,15.31211],[76.5944,15.30977],[76.59549,15.31119],[76.61088,15.31491],[76.61351,15.31739],[76.61734,15.31534],[76.61925,15.30654],[76.61793,15.30289],[76.61386,15.30304],[76.61005,15.30647],[76.60587,15.30642],[76.60551,15.30532],[76.60852,15.30469],[76.60724,15.30106],[76.59172,15.29997],[76.58776,15.30108],[76.58684,15.29662],[76.58258,15.2939],[76.58221,15.29129],[76.58529,15.28802],[76.60067,15.28452],[76.60096,15.27941],[76.59869,15.27862],[76.59241,15.27074],[76.59012,15.26501],[76.58278,15.25688],[76.58646,15.2593],[76.59076,15.25871],[76.60699,15.27176],[76.61002,15.28001],[76.61183,15.28005],[76.61578,15.2849],[76.61813,15.28403],[76.61517,15.28346],[76.6162,15.28246],[76.61467,15.28158],[76.61519,15.28022],[76.62691,15.28409],[76.63414,15.27775],[76.63498,15.27329],[76.65475,15.27408],[76.65661,15.26284],[76.65115,15.26033],[76.6431,15.26135],[76.64114,15.26323],[76.63162,15.26035],[76.63226,15.25177],[76.6349,15.25261],[76.64196,15.24675],[76.64196,15.23912],[76.63887,15.23469],[76.62852,15.22995],[76.61521,15.20029],[76.60487,15.19895],[76.60351,15.19509],[76.57346,15.19287],[76.57404,15.1874],[76.57672,15.18588],[76.56371,15.18697],[76.56442,15.19094],[76.56301,15.19269],[76.55605,15.18754],[76.55122,15.18812],[76.54364,15.19178],[76.53896,15.18666],[76.53356,15.18872],[76.52933,15.18294],[76.52573,15.18291],[76.52435,15.18082],[76.51724,15.18253],[76.49425,15.16909],[76.47701,15.18697],[76.45335,15.20228],[76.45777,15.20823],[76.45846,15.21683]],[[76.56869,15.33292],[76.56614,15.33071],[76.56619,15.33014],[76.5681,15.3299],[76.56869,15.33292]],[[76.56433,15.33312],[76.56286,15.33234],[76.56418,15.33044],[76.56424,15.33156],[76.56433,15.33312]],[[76.57215,15.3353],[76.57109,15.33588],[76.56938,15.33478],[76.56949,15.33454],[76.57215,15.3353]]]},"properties":{"district":"Vijayanagara","kgis_name":"VIJAYANAGAR","region_id":"district_738","level":"district"}},{"type":"Feature","geometry":{"type":"Polygon","coordinates":[[[75.35947,16.87103],[75.33969,16.87055],[75.33581,16.86887],[75.33524,16.87166],[75.33446,16.91208],[75.33638,16.92545],[75.34201,16.946],[75.34311,16.95286],[75.34164,16.95646],[75.35492,16.96022],[75.35896,16.96323],[75.35881,16.96514],[75.36863,16.97222],[75.38937,16.98],[75.39641,16.97941],[75.41212,16.97444],[75.42802,16.96673],[75.43562,16.97376],[75.44215,16.98261],[75.46564,16.9885],[75.46651,16.98181],[75.46864,16.97978],[75.483,16.97698],[75.48829,16.96215],[75.48903,16.94464],[75.50691,16.95128],[75.50944,16.95071],[75.52857,16.9695],[75.53864,16.96579],[75.56366,16.96795],[75.56729,16.96607],[75.5655,16.98422],[75.56706,17.009],[75.57438,17.00935],[75.60688,17.00496],[75.60601,16.99509],[75.60805,16.98233],[75.60783,16.9714],[75.63257,16.9704],[75.63663,16.96871],[75.6383,16.95788],[75.64285,16.95444],[75.64669,16.95386],[75.64963,16.95975],[75.65619,16.96158],[75.67038,16.96203],[75.67562,16.96675],[75.67658,16.96896],[75.67252,16.97099],[75.67182,16.97626],[75.66874,16.97946],[75.6657,16.97966],[75.66536,16.99224],[75.66873,17.00992],[75.66975,17.038],[75.65181,17.03312],[75.64032,17.03761],[75.6501,17.05738],[75.65898,17.06383],[75.67641,17.06532],[75.67783,17.07253],[75.67954,17.07409],[75.6746,17.09012],[75.67612,17.09509],[75.67345,17.1013],[75.67243,17.11569],[75.65042,17.11554],[75.65022,17.13474],[75.64749,17.13471],[75.64542,17.14351],[75.62837,17.16214],[75.62535,17.17387],[75.62601,17.1796],[75.62727,17.18321],[75.62851,17.18316],[75.62843,17.18865],[75.64026,17.18919],[75.64028,17.19391],[75.64492,17.19936],[75.65615,17.20598],[75.66222,17.21453],[75.65876,17.23887],[75.65747,17.26368],[75.65438,17.27351],[75.62744,17.27378],[75.62653,17.27453],[75.62936,17.28079],[75.62521,17.2848],[75.622,17.2951],[75.60327,17.30466],[75.61238,17.32697],[75.6102,17.34461],[75.5953,17.34586],[75.58698,17.35003],[75.58166,17.35085],[75.57542,17.38398],[75.58983,17.38611],[75.60114,17.39073],[75.60503,17.39418],[75.61339,17.39154],[75.61207,17.40664],[75.60661,17.42014],[75.60993,17.42361],[75.61372,17.42429],[75.61556,17.43914],[75.62064,17.45233],[75.62135,17.45871],[75.62731,17.46234],[75.63411,17.47946],[75.65079,17.47152],[75.66147,17.45993],[75.67335,17.46044],[75.67658,17.45833],[75.67963,17.45106],[75.67911,17.43511],[75.68512,17.4179],[75.68823,17.41372],[75.69403,17.41067],[75.70109,17.4096],[75.71616,17.41085],[75.72685,17.42229],[75.73298,17.42248],[75.75081,17.40993],[75.76573,17.40805],[75.76853,17.40457],[75.77264,17.38737],[75.78368,17.37597],[75.79349,17.37189],[75.80502,17.36994],[75.81336,17.3759],[75.81269,17.39655],[75.81762,17.40761],[75.81597,17.40888],[75.81613,17.41462],[75.81966,17.42142],[75.82236,17.42297],[75.83559,17.42191],[75.85101,17.4133],[75.85584,17.40608],[75.8577,17.39787],[75.85738,17.38897],[75.86073,17.3862],[75.87434,17.39929],[75.87335,17.41099],[75.87502,17.4167],[75.88011,17.41958],[75.88638,17.41824],[75.8946,17.40575],[75.89748,17.38523],[75.8982,17.37707],[75.89169,17.35928],[75.8951,17.35308],[75.90984,17.34661],[75.92178,17.33068],[75.92955,17.32408],[75.93413,17.32394],[75.96618,17.33693],[75.98914,17.33763],[75.99765,17.33947],[76.00313,17.3445],[76.00828,17.35256],[76.0122,17.35427],[76.02798,17.35266],[76.05152,17.35834],[76.06021,17.35754],[76.06439,17.35389],[76.07429,17.33587],[76.06425,17.31528],[76.0665,17.30911],[76.07333,17.30421],[76.09368,17.29746],[76.09898,17.28971],[76.0978,17.28345],[76.08935,17.27446],[76.08659,17.26679],[76.08601,17.26186],[76.08792,17.25688],[76.09314,17.25474],[76.11072,17.25272],[76.12233,17.24843],[76.16394,17.21244],[76.17033,17.20576],[76.1778,17.1922],[76.18664,17.18689],[76.19867,17.18338],[76.20638,17.18352],[76.21654,17.18689],[76.22071,17.18589],[76.222,17.18274],[76.221,17.17636],[76.2335,17.16715],[76.23653,17.16279],[76.23939,17.15373],[76.24208,17.15076],[76.25946,17.14978],[76.27261,17.16269],[76.27909,17.16651],[76.28408,17.16727],[76.2841,17.16458],[76.28547,17.16472],[76.30976,17.17054],[76.32691,17.16904],[76.3423,17.17694],[76.35075,17.18494],[76.35432,17.18655],[76.36012,17.18547],[76.36515,17.1792],[76.36815,17.16372],[76.36715,17.1576],[76.36013,17.1477],[76.35994,17.14089],[76.36254,17.13851],[76.3676,17.13844],[76.37941,17.14446],[76.38847,17.14633],[76.39191,17.14459],[76.3948,17.1406],[76.39045,17.13125],[76.38728,17.12909],[76.3683,17.12373],[76.3647,17.12025],[76.36256,17.11391],[76.36659,17.10757],[76.3834,17.10279],[76.38857,17.09793],[76.39046,17.09176],[76.38818,17.07833],[76.38897,17.07241],[76.39602,17.07047],[76.39815,17.07129],[76.40179,17.07423],[76.40814,17.08619],[76.42768,17.10012],[76.42969,17.09888],[76.43004,17.06941],[76.43178,17.05829],[76.43095,17.05313],[76.42719,17.05344],[76.4305,17.03995],[76.43118,17.02962],[76.43775,17.02689],[76.43329,17.02448],[76.43957,17.00013],[76.44107,16.99911],[76.4368,16.98182],[76.42451,16.97839],[76.40063,16.97733],[76.40234,16.96452],[76.40236,16.94334],[76.39931,16.93529],[76.41808,16.92795],[76.42801,16.92723],[76.4342,16.94038],[76.43404,16.94352],[76.44747,16.94064],[76.45185,16.92754],[76.45872,16.92769],[76.46422,16.91668],[76.46581,16.90229],[76.44322,16.89762],[76.43381,16.89776],[76.43467,16.88856],[76.4334,16.88222],[76.43681,16.88187],[76.43801,16.86832],[76.45881,16.86725],[76.45878,16.8601],[76.46179,16.8593],[76.46226,16.84926],[76.46737,16.84953],[76.47076,16.84691],[76.4709,16.8391],[76.4637,16.83869],[76.45968,16.83293],[76.42958,16.83715],[76.42913,16.85086],[76.40436,16.85382],[76.40456,16.85864],[76.38655,16.85631],[76.37424,16.85844],[76.36612,16.84764],[76.35875,16.84251],[76.35776,16.83744],[76.3533,16.8295],[76.3512,16.81934],[76.36134,16.81946],[76.41387,16.81348],[76.4103,16.79868],[76.40105,16.8009],[76.39622,16.80571],[76.39276,16.80496],[76.39053,16.80224],[76.3778,16.80112],[76.37721,16.79311],[76.37389,16.78539],[76.37061,16.76752],[76.38359,16.76928],[76.41136,16.76807],[76.41125,16.76455],[76.41848,16.76464],[76.41844,16.76885],[76.42577,16.76588],[76.43546,16.76457],[76.44275,16.75715],[76.43856,16.75242],[76.44019,16.74252],[76.42872,16.73817],[76.42898,16.73403],[76.42282,16.73074],[76.42267,16.71764],[76.44256,16.7138],[76.44661,16.72344],[76.45058,16.72454],[76.45137,16.72334],[76.45945,16.72331],[76.46175,16.70899],[76.45842,16.70902],[76.45274,16.71453],[76.44712,16.71068],[76.44081,16.70941],[76.43755,16.70297],[76.43149,16.70101],[76.43037,16.69637],[76.42554,16.69594],[76.42474,16.69409],[76.42668,16.68699],[76.42031,16.67234],[76.41706,16.66872],[76.41576,16.66907],[76.41411,16.66381],[76.4103,16.66231],[76.40623,16.65535],[76.40278,16.64003],[76.40427,16.62735],[76.40882,16.62153],[76.41009,16.61366],[76.41606,16.60265],[76.41327,16.58982],[76.41619,16.58998],[76.41905,16.57978],[76.42172,16.57383],[76.42322,16.5735],[76.4225,16.56807],[76.42416,16.56764],[76.42172,16.55965],[76.42269,16.55084],[76.43412,16.51874],[76.43292,16.50562],[76.42979,16.49839],[76.43255,16.44862],[76.43496,16.43575],[76.40414,16.43272],[76.40332,16.43427],[76.39005,16.43779],[76.3848,16.42574],[76.3583,16.42236],[76.35455,16.42225],[76.3503,16.42704],[76.33196,16.42716],[76.33336,16.41667],[76.3305,16.40968],[76.33269,16.40694],[76.33661,16.40676],[76.33605,16.40223],[76.33199,16.39691],[76.3228,16.39601],[76.3202,16.39769],[76.31698,16.39454],[76.3148,16.39679],[76.31224,16.39591],[76.30959,16.39716],[76.30467,16.38059],[76.30972,16.3616],[76.31127,16.36181],[76.31373,16.35534],[76.31416,16.34589],[76.30601,16.34598],[76.30373,16.34101],[76.29194,16.33504],[76.29229,16.32548],[76.29507,16.32443],[76.29515,16.32037],[76.30279,16.31888],[76.29863,16.29909],[76.29973,16.28328],[76.31836,16.28705],[76.32057,16.28667],[76.32063,16.28254],[76.33944,16.27952],[76.34176,16.2785],[76.34116,16.27728],[76.34789,16.27763],[76.34853,16.25946],[76.34534,16.24964],[76.34752,16.24779],[76.34967,16.23711],[76.35256,16.23461],[76.35077,16.22665],[76.34696,16.2229],[76.34733,16.21868],[76.34469,16.2106],[76.33009,16.19351],[76.30562,16.18557],[76.30343,16.18817],[76.29712,16.18537],[76.29371,16.18061],[76.29011,16.16853],[76.27885,16.15253],[76.26983,16.15212],[76.25948,16.15801],[76.24344,16.1642],[76.17545,16.18294],[76.15603,16.18475],[76.14219,16.18044],[76.13677,16.18087],[76.12584,16.18792],[76.10674,16.18947],[76.09513,16.19983],[76.08122,16.20651],[76.07119,16.20915],[76.06249,16.21583],[76.05983,16.22653],[76.06106,16.23439],[76.06878,16.24465],[76.06991,16.25585],[76.05388,16.27343],[76.03349,16.28733],[76.02962,16.29673],[76.02679,16.29992],[76.00735,16.30391],[76.00224,16.30373],[75.99039,16.29945],[75.98463,16.30085],[75.97361,16.30009],[75.95753,16.29692],[75.95192,16.2986],[75.94087,16.30825],[75.9254,16.31548],[75.92408,16.31777],[75.91266,16.32194],[75.89404,16.3248],[75.8856,16.33111],[75.87891,16.34036],[75.8699,16.34587],[75.83742,16.34991],[75.82768,16.36138],[75.81324,16.37042],[75.79577,16.37173],[75.78459,16.37692],[75.76332,16.38362],[75.71901,16.38961],[75.70856,16.40026],[75.70629,16.40541],[75.69015,16.41078],[75.67908,16.41743],[75.68091,16.41979],[75.67701,16.42382],[75.6727,16.42522],[75.67126,16.42366],[75.63575,16.44365],[75.61628,16.44685],[75.60139,16.44749],[75.58517,16.43417],[75.57901,16.42323],[75.57553,16.41306],[75.57315,16.41174],[75.5663,16.41273],[75.56091,16.41806],[75.55678,16.42666],[75.5553,16.42651],[75.55246,16.44376],[75.55401,16.44944],[75.55053,16.45796],[75.54229,16.46511],[75.53055,16.46615],[75.49937,16.45403],[75.49636,16.4469],[75.49875,16.43186],[75.49446,16.42313],[75.49127,16.42046],[75.48088,16.41615],[75.46641,16.41811],[75.4628,16.41738],[75.45797,16.41364],[75.44797,16.41506],[75.43403,16.42873],[75.43278,16.43876],[75.44309,16.44746],[75.46517,16.47259],[75.46513,16.47822],[75.46061,16.48628],[75.45615,16.5057],[75.48539,16.50742],[75.49087,16.52393],[75.49075,16.52914],[75.48885,16.52962],[75.48853,16.53255],[75.48816,16.55473],[75.4845,16.55499],[75.48453,16.55711],[75.47968,16.55728],[75.48112,16.56099],[75.47239,16.56365],[75.47314,16.56652],[75.4795,16.56836],[75.48413,16.57242],[75.48582,16.5753],[75.48551,16.58052],[75.49177,16.58485],[75.49334,16.59178],[75.49117,16.59945],[75.48491,16.60626],[75.47437,16.6115],[75.46186,16.6222],[75.46216,16.62958],[75.45581,16.65346],[75.45476,16.66425],[75.44711,16.66527],[75.43757,16.69785],[75.44551,16.69976],[75.46302,16.69972],[75.48806,16.69454],[75.49186,16.72523],[75.49253,16.74593],[75.47668,16.74782],[75.4663,16.75469],[75.44656,16.75536],[75.44241,16.75698],[75.43821,16.76239],[75.4346,16.76263],[75.43243,16.76577],[75.42715,16.7679],[75.41891,16.76835],[75.41681,16.76621],[75.41304,16.76538],[75.41278,16.7665],[75.40708,16.76363],[75.40681,16.76162],[75.39264,16.75992],[75.39124,16.76143],[75.39271,16.76218],[75.38539,16.76235],[75.38613,16.76778],[75.38108,16.79856],[75.3788,16.79844],[75.37796,16.81027],[75.37996,16.81063],[75.37887,16.82317],[75.38143,16.83408],[75.39503,16.863],[75.38514,16.86386],[75.38089,16.8662],[75.37726,16.86547],[75.37515,16.86709],[75.36921,16.86669],[75.35947,16.87103]]]},"properties":{"district":"Vijayapura","kgis_name":"VIJAYAPURA","region_id":"district_530","level":"district"}},{"type":"Feature","geometry":{"type":"Polygon","coordinates":[[[76.92106,16.8703],[76.91569,16.86169],[76.90441,16.85758],[76.90207,16.85334],[76.90348,16.83315],[76.90947,16.81798],[76.91431,16.81613],[76.91933,16.81823],[76.92424,16.82968],[76.92861,16.83188],[76.94906,16.82928],[76.95405,16.82437],[76.96983,16.81684],[76.98034,16.80918],[76.99045,16.81187],[76.99309,16.83299],[76.99467,16.83298],[76.99532,16.8375],[76.98325,16.83983],[76.98301,16.84426],[76.97876,16.85436],[76.9796,16.85962],[76.98117,16.85877],[76.98171,16.86111],[77.0003,16.85999],[77.00747,16.85777],[77.02075,16.86846],[77.03022,16.8678],[77.03037,16.86933],[77.03558,16.8699],[77.04185,16.86838],[77.04338,16.8775],[77.04024,16.88278],[77.03329,16.88467],[77.03327,16.89311],[77.02824,16.89358],[77.02734,16.89546],[77.0176,16.89897],[77.02004,16.91555],[77.01992,16.92753],[77.02426,16.92468],[77.0336,16.92504],[77.04124,16.923],[77.04414,16.92658],[77.04569,16.93229],[77.05778,16.9428],[77.0649,16.95145],[77.06393,16.95379],[77.06644,16.95407],[77.07062,16.95329],[77.06811,16.94185],[77.06855,16.93229],[77.07229,16.93192],[77.07299,16.93723],[77.07689,16.93768],[77.07655,16.93912],[77.0788,16.93846],[77.08823,16.94525],[77.0866,16.93642],[77.08921,16.93428],[77.09103,16.93501],[77.092,16.93224],[77.09029,16.93072],[77.08822,16.93275],[77.08684,16.93006],[77.08938,16.9137],[77.09306,16.90548],[77.09975,16.903],[77.10599,16.90243],[77.11323,16.90558],[77.12021,16.90988],[77.12226,16.91353],[77.12797,16.91746],[77.13799,16.91485],[77.15026,16.91573],[77.15384,16.91431],[77.16737,16.93014],[77.18472,16.9354],[77.19192,16.92892],[77.19681,16.93065],[77.2009,16.93589],[77.20783,16.93755],[77.21129,16.94448],[77.22437,16.94257],[77.2268,16.9405],[77.23144,16.943],[77.23156,16.93811],[77.24222,16.94209],[77.24499,16.93947],[77.2462,16.93243],[77.25021,16.93372],[77.26207,16.928],[77.26566,16.92984],[77.27327,16.9282],[77.27549,16.93063],[77.28817,16.93542],[77.28947,16.93738],[77.2939,16.93296],[77.31116,16.92766],[77.31768,16.93554],[77.32029,16.9363],[77.33605,16.9305],[77.34003,16.93135],[77.3411,16.93458],[77.34209,16.92889],[77.34661,16.91957],[77.34639,16.9162],[77.35044,16.90771],[77.35411,16.90805],[77.35472,16.90673],[77.36625,16.90423],[77.37034,16.89787],[77.37154,16.89899],[77.37613,16.89806],[77.37616,16.89512],[77.3801,16.89636],[77.38299,16.89449],[77.38445,16.89826],[77.38734,16.89789],[77.3887,16.89682],[77.38743,16.89325],[77.38851,16.89121],[77.39597,16.9037],[77.40111,16.90272],[77.40024,16.90143],[77.40409,16.90031],[77.40597,16.90184],[77.40455,16.89685],[77.40188,16.897],[77.40124,16.89956],[77.39959,16.89891],[77.39984,16.89617],[77.40439,16.89515],[77.40137,16.88218],[77.40924,16.87855],[77.40975,16.87354],[77.4134,16.87732],[77.41567,16.87704],[77.41819,16.88202],[77.4246,16.88509],[77.43588,16.88639],[77.46016,16.88516],[77.45961,16.87447],[77.46406,16.85165],[77.45983,16.83833],[77.46133,16.83607],[77.45715,16.83131],[77.46247,16.8233],[77.46209,16.81382],[77.46597,16.8088],[77.46612,16.80549],[77.47282,16.80281],[77.4723,16.7942],[77.47573,16.7919],[77.47424,16.78765],[77.46723,16.78239],[77.44836,16.77808],[77.43896,16.77849],[77.44637,16.76527],[77.44039,16.7518],[77.43723,16.74831],[77.43343,16.73697],[77.42841,16.73323],[77.42702,16.72831],[77.43026,16.7265],[77.43086,16.72361],[77.42611,16.72301],[77.42578,16.72177],[77.42763,16.71682],[77.43306,16.71741],[77.43796,16.71177],[77.43967,16.71345],[77.44122,16.71265],[77.44179,16.7168],[77.4437,16.71639],[77.446,16.72215],[77.45617,16.71637],[77.46369,16.71907],[77.47353,16.71588],[77.4703,16.70533],[77.47049,16.6998],[77.46896,16.69968],[77.46996,16.69686],[77.46865,16.68467],[77.46393,16.67669],[77.44756,16.67908],[77.44388,16.67593],[77.44252,16.66955],[77.43544,16.67056],[77.42396,16.66771],[77.41837,16.66874],[77.41837,16.6583],[77.42994,16.65659],[77.43221,16.65463],[77.43212,16.65171],[77.43997,16.64566],[77.43416,16.64348],[77.43465,16.64119],[77.44277,16.64051],[77.44463,16.64181],[77.44411,16.64017],[77.44521,16.64012],[77.4563,16.64713],[77.45689,16.6497],[77.46121,16.6506],[77.46339,16.65485],[77.47249,16.6522],[77.47395,16.6454],[77.47134,16.64407],[77.47208,16.64261],[77.46885,16.63651],[77.46495,16.6334],[77.46254,16.62659],[77.46091,16.62706],[77.45505,16.62204],[77.45541,16.61563],[77.46078,16.61109],[77.46813,16.60873],[77.46717,16.59908],[77.46362,16.59948],[77.46246,16.59655],[77.46521,16.59366],[77.46393,16.58626],[77.4613,16.58298],[77.45988,16.58521],[77.43941,16.58729],[77.43067,16.57791],[77.42836,16.57264],[77.42319,16.56855],[77.415,16.56716],[77.41499,16.56588],[77.41274,16.56925],[77.40757,16.57128],[77.40406,16.57103],[77.39927,16.56728],[77.39227,16.56977],[77.39236,16.56376],[77.39715,16.56424],[77.39957,16.55531],[77.40388,16.55381],[77.40351,16.55087],[77.41014,16.54873],[77.41789,16.54866],[77.41929,16.53926],[77.41695,16.52049],[77.41591,16.51775],[77.40648,16.52104],[77.39813,16.52099],[77.39071,16.51607],[77.38154,16.5156],[77.37719,16.51386],[77.37272,16.50976],[77.36933,16.48824],[77.35426,16.48858],[77.35177,16.49078],[77.34624,16.49019],[77.34614,16.48796],[77.34237,16.48632],[77.32416,16.48686],[77.3245,16.49125],[77.29835,16.49625],[77.2996,16.48868],[77.29486,16.48152],[77.29432,16.47686],[77.26526,16.47324],[77.25077,16.47565],[77.2479,16.47765],[77.24,16.47657],[77.23813,16.47363],[77.26378,16.45105],[77.26713,16.44206],[77.26889,16.44242],[77.2718,16.43302],[77.2903,16.41282],[77.27974,16.40628],[77.26946,16.40569],[77.26533,16.40587],[77.2583,16.41178],[77.24989,16.41568],[77.2068,16.42636],[77.17377,16.43017],[77.16079,16.44204],[77.15884,16.44691],[77.15901,16.44837],[77.16115,16.44848],[77.1586,16.46595],[77.15314,16.47477],[77.13116,16.48252],[77.11131,16.48481],[77.10597,16.48699],[77.09388,16.49585],[77.07149,16.5062],[77.0663,16.51303],[77.05936,16.51865],[77.05246,16.52041],[77.04352,16.51931],[77.03754,16.51627],[77.02369,16.5034],[77.01427,16.50125],[77.01008,16.50305],[77.00369,16.51348],[77.00816,16.53665],[77.00708,16.5483],[77.00347,16.55275],[76.99031,16.56157],[76.97728,16.56115],[76.96942,16.55592],[76.96614,16.55115],[76.96526,16.54445],[76.96864,16.53263],[76.97471,16.52429],[76.97509,16.51547],[76.97165,16.50835],[76.95933,16.50198],[76.9064,16.48731],[76.90066,16.48699],[76.88484,16.49236],[76.87264,16.49037],[76.86454,16.48282],[76.86348,16.47534],[76.86538,16.46039],[76.86331,16.45394],[76.84441,16.43207],[76.82509,16.42447],[76.78777,16.41945],[76.78026,16.41988],[76.7674,16.42639],[76.76094,16.42713],[76.75514,16.42529],[76.74558,16.41328],[76.73527,16.40664],[76.73584,16.40548],[76.72636,16.40378],[76.71435,16.398],[76.70782,16.39442],[76.70894,16.39321],[76.7063,16.39077],[76.68523,16.37871],[76.67356,16.37624],[76.65876,16.36961],[76.64611,16.35592],[76.6328,16.35392],[76.62385,16.35004],[76.61296,16.3421],[76.59018,16.33976],[76.58053,16.33098],[76.56656,16.32966],[76.53917,16.31233],[76.53623,16.30876],[76.49878,16.30169],[76.50005,16.29915],[76.4912,16.2972],[76.47686,16.29081],[76.46351,16.28108],[76.46363,16.27966],[76.45109,16.27424],[76.44987,16.27587],[76.43235,16.2607],[76.42665,16.25918],[76.4138,16.25052],[76.41281,16.2488],[76.41533,16.24375],[76.41486,16.24163],[76.39933,16.23957],[76.39476,16.23003],[76.37542,16.2198],[76.36772,16.21849],[76.36616,16.21269],[76.36209,16.20734],[76.35536,16.20576],[76.35126,16.20045],[76.33605,16.19281],[76.33321,16.19193],[76.33009,16.19351],[76.34469,16.2106],[76.34733,16.21868],[76.34696,16.2229],[76.35077,16.22665],[76.35256,16.23461],[76.34967,16.23711],[76.34752,16.24779],[76.34534,16.24964],[76.34853,16.25946],[76.34789,16.27763],[76.34116,16.27728],[76.34176,16.2785],[76.33944,16.27952],[76.32063,16.28254],[76.32057,16.28667],[76.31836,16.28705],[76.29973,16.28328],[76.29863,16.29909],[76.30279,16.31888],[76.29515,16.32037],[76.29507,16.32443],[76.29229,16.32548],[76.29194,16.33504],[76.30373,16.34101],[76.30601,16.34598],[76.31416,16.34589],[76.31373,16.35534],[76.31127,16.36181],[76.30972,16.3616],[76.30467,16.38059],[76.30959,16.39716],[76.31224,16.39591],[76.3148,16.39679],[76.31698,16.39454],[76.3202,16.39769],[76.3228,16.39601],[76.33199,16.39691],[76.33605,16.40223],[76.33661,16.40676],[76.33269,16.40694],[76.3305,16.40968],[76.33336,16.41667],[76.33196,16.42716],[76.3503,16.42704],[76.35455,16.42225],[76.3583,16.42236],[76.3848,16.42574],[76.39005,16.43779],[76.40332,16.43427],[76.40414,16.43272],[76.43496,16.43575],[76.43255,16.44862],[76.42979,16.49839],[76.43292,16.50562],[76.43412,16.51874],[76.42269,16.55084],[76.42172,16.55965],[76.42416,16.56764],[76.4225,16.56807],[76.42322,16.5735],[76.42172,16.57383],[76.41905,16.57978],[76.41619,16.58998],[76.41327,16.58982],[76.41606,16.60265],[76.41009,16.61366],[76.40882,16.62153],[76.40427,16.62735],[76.40278,16.64003],[76.40623,16.65535],[76.4103,16.66231],[76.41411,16.66381],[76.41576,16.66907],[76.41706,16.66872],[76.42031,16.67234],[76.42668,16.68699],[76.42474,16.69409],[76.42554,16.69594],[76.43037,16.69637],[76.43149,16.70101],[76.43755,16.70297],[76.44081,16.70941],[76.44712,16.71068],[76.45274,16.71453],[76.45903,16.70883],[76.46168,16.70875],[76.46106,16.71101],[76.47848,16.71124],[76.50311,16.7231],[76.50244,16.73847],[76.51561,16.7506],[76.52305,16.75105],[76.54737,16.74736],[76.54895,16.75131],[76.55352,16.75106],[76.55365,16.75299],[76.5703,16.75251],[76.57132,16.75606],[76.58116,16.75865],[76.5813,16.76567],[76.59982,16.76711],[76.62378,16.76519],[76.62271,16.74223],[76.63518,16.74508],[76.63529,16.73494],[76.64545,16.73274],[76.65928,16.72556],[76.65456,16.73782],[76.65317,16.7558],[76.66095,16.76719],[76.67584,16.76553],[76.67948,16.78479],[76.69754,16.78583],[76.69898,16.79021],[76.70215,16.78834],[76.70924,16.79262],[76.70901,16.78053],[76.71901,16.77793],[76.72415,16.78538],[76.72726,16.78133],[76.7346,16.77918],[76.73654,16.7763],[76.74537,16.77812],[76.74491,16.81625],[76.75471,16.81448],[76.75668,16.81578],[76.75405,16.82195],[76.75831,16.83139],[76.75772,16.83421],[76.75351,16.83815],[76.75897,16.84535],[76.78907,16.8375],[76.7913,16.85009],[76.80212,16.84922],[76.80524,16.85031],[76.80912,16.85541],[76.8113,16.85572],[76.81133,16.85751],[76.81362,16.85881],[76.8169,16.87403],[76.82881,16.87303],[76.82807,16.8703],[76.83503,16.86745],[76.83805,16.8687],[76.84346,16.8672],[76.84569,16.8684],[76.84872,16.87508],[76.85435,16.87791],[76.85671,16.8921],[76.87072,16.89313],[76.87054,16.89648],[76.90243,16.89345],[76.90202,16.87855],[76.91402,16.87493],[76.92106,16.8703]],[[76.72847,16.77158],[76.72382,16.75261],[76.73884,16.75166],[76.74024,16.76989],[76.73911,16.77133],[76.72847,16.77158]]]},"properties":{"district":"Yadgir","kgis_name":"YADGIR","region_id":"district_635","level":"district"}},{"type":"Feature","geometry":{"type":"MultiPolygon","coordinates":[[[[77.76997,12.96266],[77.76431,12.95902],[77.76622,12.93497],[77.76453,12.92877],[77.75204,12.92528],[77.75122,12.92205],[77.74706,12.92177],[77.74446,12.91371],[77.72747,12.91438],[77.72603,12.90663],[77.72051,12.90889],[77.71748,12.90895],[77.71603,12.90733],[77.708,12.90898],[77.70669,12.9019],[77.70274,12.90403],[77.69151,12.90399],[77.68971,12.90619],[77.6866,12.90637],[77.68745,12.90283],[77.68153,12.90292],[77.68144,12.90092],[77.67708,12.89886],[77.67748,12.89428],[77.67408,12.89369],[77.67248,12.88462],[77.67539,12.88407],[77.67202,12.87821],[77.67468,12.87574],[77.67527,12.87291],[77.67383,12.87201],[77.67521,12.87227],[77.67371,12.87035],[77.67272,12.87142],[77.67248,12.86816],[77.66642,12.86606],[77.66255,12.8579],[77.65732,12.85823],[77.6557,12.85537],[77.65044,12.85466],[77.65028,12.85218],[77.64297,12.85108],[77.6431,12.85948],[77.64123,12.86483],[77.63488,12.86523],[77.63348,12.86016],[77.62931,12.86596],[77.61567,12.85704],[77.60984,12.85487],[77.60945,12.84605],[77.60391,12.84821],[77.60437,12.84919],[77.60233,12.8494],[77.60163,12.84768],[77.59646,12.8488],[77.59469,12.84546],[77.59528,12.84017],[77.59172,12.83443],[77.5903,12.83569],[77.58731,12.83367],[77.57898,12.83832],[77.56163,12.83875],[77.55736,12.84146],[77.55515,12.84633],[77.55417,12.845],[77.552,12.84763],[77.54436,12.84775],[77.54581,12.84977],[77.54438,12.85314],[77.54576,12.85274],[77.54603,12.85451],[77.54436,12.85479],[77.54439,12.85733],[77.54622,12.85757],[77.54442,12.85994],[77.54251,12.85989],[77.54197,12.85342],[77.52559,12.85868],[77.52461,12.86218],[77.5278,12.86495],[77.52734,12.86862],[77.51982,12.8724],[77.51637,12.86883],[77.51548,12.86099],[77.51655,12.85785],[77.50384,12.85786],[77.50678,12.8643],[77.50877,12.86516],[77.49799,12.87279],[77.49661,12.86875],[77.48986,12.86851],[77.49011,12.86536],[77.48706,12.86476],[77.48557,12.86019],[77.47823,12.86189],[77.47921,12.8638],[77.48101,12.86278],[77.48225,12.86448],[77.47672,12.86523],[77.47764,12.86666],[77.47602,12.86676],[77.47643,12.86842],[77.47817,12.86847],[77.47775,12.87793],[77.47571,12.87817],[77.47478,12.88021],[77.47886,12.88447],[77.47879,12.88618],[77.4828,12.88591],[77.48203,12.88927],[77.47943,12.88977],[77.47903,12.89219],[77.47548,12.89432],[77.47663,12.89728],[77.47346,12.89843],[77.46965,12.89278],[77.47162,12.89171],[77.46834,12.88825],[77.45992,12.89974],[77.46023,12.90661],[77.46659,12.90685],[77.46649,12.91012],[77.46859,12.91069],[77.47341,12.92655],[77.47713,12.92672],[77.47719,12.93043],[77.48258,12.92935],[77.48419,12.9369],[77.47876,12.93741],[77.47319,12.9402],[77.47531,12.94595],[77.47889,12.94521],[77.48002,12.94673],[77.47225,12.9494],[77.47288,12.95197],[77.47135,12.95199],[77.47504,12.96001],[77.47319,12.96323],[77.47468,12.96933],[77.48594,12.96653],[77.48612,12.96768],[77.48136,12.97191],[77.47413,12.97175],[77.47458,12.98082],[77.47254,12.98168],[77.47344,12.98356],[77.46962,12.98672],[77.47294,12.99157],[77.47604,13.01437],[77.47887,13.02194],[77.47917,13.03446],[77.48254,13.04049],[77.48007,13.04338],[77.47985,13.04729],[77.48234,13.04692],[77.48259,13.04803],[77.49102,13.04506],[77.49256,13.05166],[77.49105,13.0569],[77.49299,13.06205],[77.49302,13.0721],[77.49967,13.07196],[77.49948,13.07435],[77.50316,13.0731],[77.50714,13.07785],[77.51792,13.07417],[77.51834,13.07969],[77.52197,13.08025],[77.52028,13.08484],[77.5284,13.08233],[77.53841,13.08507],[77.54013,13.08879],[77.54226,13.08802],[77.54065,13.09226],[77.54177,13.09407],[77.54352,13.09393],[77.54214,13.09723],[77.54322,13.0972],[77.54384,13.10129],[77.55688,13.10011],[77.55935,13.10333],[77.56018,13.11218],[77.5659,13.12707],[77.56803,13.12706],[77.56969,13.12498],[77.57294,13.12603],[77.57162,13.12603],[77.57252,13.12804],[77.57054,13.13163],[77.57265,13.1365],[77.57214,13.1434],[77.58011,13.14344],[77.58239,13.14008],[77.58109,13.13873],[77.58289,13.13816],[77.58467,13.13338],[77.5892,13.13447],[77.591,13.12927],[77.5979,13.12913],[77.60207,13.1331],[77.6157,13.13286],[77.61408,13.12885],[77.61862,13.12658],[77.62759,13.12518],[77.62603,13.12752],[77.63047,13.12603],[77.63683,13.11765],[77.63671,13.10675],[77.64591,13.10568],[77.64575,13.0931],[77.64264,13.08684],[77.64639,13.08621],[77.64964,13.08128],[77.65469,13.08198],[77.65597,13.07396],[77.65779,13.07301],[77.66016,13.06656],[77.66419,13.06677],[77.66417,13.06297],[77.66639,13.06223],[77.67006,13.06596],[77.67693,13.06463],[77.67702,13.06134],[77.67949,13.06145],[77.67798,13.05238],[77.68334,13.04995],[77.68495,13.04527],[77.6837,13.03324],[77.6913,13.03253],[77.69434,13.02666],[77.70154,13.02741],[77.70115,13.02494],[77.71125,13.02584],[77.71249,13.02877],[77.71546,13.02923],[77.71493,13.03176],[77.72167,13.03265],[77.72118,13.03118],[77.72481,13.03067],[77.72559,13.02583],[77.73018,13.01905],[77.72786,13.01046],[77.73547,13.01087],[77.73598,13.00748],[77.74068,13.00817],[77.74718,13.0067],[77.74784,13.0126],[77.75939,13.00768],[77.75923,13.00589],[77.76192,13.00511],[77.76561,13.00023],[77.76698,13.00008],[77.76906,13.00322],[77.77116,13.01455],[77.77433,13.01336],[77.77319,13.00631],[77.77571,13.00586],[77.77557,13.00357],[77.77237,13.00254],[77.77492,13.0008],[77.77411,12.9918],[77.77542,12.99163],[77.77558,12.98633],[77.77869,12.97713],[77.776,12.97455],[77.77902,12.9722],[77.7789,12.97004],[77.78329,12.97067],[77.78404,12.96669],[77.77844,12.96668],[77.77722,12.96813],[77.77177,12.96581],[77.76997,12.96266]],[[77.59123,12.85056],[77.59122,12.85055],[77.59086,12.85035],[77.59123,12.85056]]],[[[77.52026,12.86579],[77.52552,12.86584],[77.52545,12.86467],[77.52026,12.86579]]]]},"properties":{"district":"Bengaluru City","kgis_name":"BBMP","region_id":"localbody_276600","level":"district"}}]}