{"type":"FeatureCollection","features":[{"type":"Feature","geometry":{"type":"MultiPolygon","coordinates":[[[[75.43698,15.8936],[75.44068,15.91825],[75.42481,15.92194],[75.43052,15.93486],[75.42846,15.93748],[75.433,15.9451],[75.43979,15.96612],[75.43077,15.97075],[75.43894,16.00413],[75.43356,16.00717],[75.42677,16.00771],[75.42311,16.03259],[75.41602,16.03253],[75.41603,16.05317],[75.41847,16.05647],[75.42736,16.05786],[75.4305,16.08043],[75.42769,16.09373],[75.42954,16.09678],[75.419,16.10003],[75.41203,16.13046],[75.41283,16.13377],[75.41791,16.13479],[75.42366,16.14077],[75.42961,16.15134],[75.43507,16.1562],[75.44818,16.15614],[75.48262,16.15123],[75.50227,16.14508],[75.50826,16.13956],[75.50941,16.13531],[75.53541,16.1372],[75.55319,16.13338],[75.55553,16.13336],[75.56022,16.14375],[75.56899,16.14641],[75.57255,16.15102],[75.58316,16.15159],[75.59304,16.1447],[75.59539,16.15251],[75.60555,16.14818],[75.63065,16.14463],[75.63031,16.13879],[75.62273,16.10573],[75.61073,16.10466],[75.6141,16.08355],[75.606,16.07947],[75.58598,16.07538],[75.58497,16.05503],[75.58941,16.05481],[75.59698,16.05013],[75.61089,16.04898],[75.61308,16.0368],[75.62972,16.04597],[75.64019,16.02946],[75.65337,16.03022],[75.66734,16.02707],[75.66804,16.02499],[75.677,16.0297],[75.68221,16.04058],[75.68836,16.0419],[75.68962,16.03248],[75.69208,16.03303],[75.6984,16.01575],[75.69856,16.00347],[75.71142,15.99563],[75.71213,15.98559],[75.73688,15.98675],[75.73943,15.97798],[75.76423,15.97274],[75.76606,15.97494],[75.78542,15.97647],[75.79181,15.98017],[75.78988,15.98373],[75.79923,15.98391],[75.8011,15.97962],[75.80635,15.98187],[75.80667,15.97922],[75.80152,15.97668],[75.8032,15.97496],[75.80682,15.97563],[75.80818,15.97684],[75.80714,15.97867],[75.81314,15.98122],[75.8183,15.98123],[75.81871,15.96512],[75.81429,15.96359],[75.80916,15.95786],[75.8161,15.95218],[75.81801,15.94622],[75.81597,15.94283],[75.80261,15.93934],[75.80511,15.92773],[75.81116,15.92492],[75.81221,15.9226],[75.80574,15.924],[75.78979,15.92249],[75.78915,15.92419],[75.77713,15.91912],[75.77642,15.91364],[75.78056,15.90877],[75.78054,15.9058],[75.77907,15.90306],[75.77589,15.90251],[75.78043,15.89712],[75.78657,15.89836],[75.81107,15.89416],[75.81163,15.90013],[75.8276,15.90027],[75.83,15.89717],[75.83007,15.88752],[75.83314,15.88683],[75.83543,15.88276],[75.83396,15.87801],[75.83173,15.87854],[75.83229,15.87565],[75.82782,15.86623],[75.83783,15.86522],[75.83987,15.87158],[75.84817,15.87143],[75.84755,15.86184],[75.84952,15.85909],[75.84514,15.83799],[75.84254,15.83733],[75.82547,15.83836],[75.82666,15.8422],[75.82083,15.84541],[75.8201,15.85125],[75.8121,15.84714],[75.8097,15.85108],[75.80496,15.85104],[75.79749,15.84764],[75.79371,15.84962],[75.78726,15.84878],[75.78021,15.85322],[75.77651,15.8477],[75.77407,15.82795],[75.77722,15.82747],[75.77968,15.81733],[75.75144,15.81569],[75.74371,15.81296],[75.73587,15.81398],[75.73607,15.81655],[75.72145,15.81827],[75.71502,15.82737],[75.70689,15.82942],[75.70565,15.82724],[75.69593,15.82488],[75.68753,15.83096],[75.68114,15.83],[75.68065,15.82318],[75.67638,15.82222],[75.67428,15.8239],[75.67566,15.83019],[75.67205,15.83666],[75.66929,15.83758],[75.66354,15.83712],[75.6583,15.82927],[75.65519,15.82796],[75.64975,15.83157],[75.64544,15.83123],[75.64225,15.83334],[75.64388,15.84175],[75.63676,15.84186],[75.63467,15.8333],[75.63132,15.8318],[75.63206,15.83447],[75.62882,15.83491],[75.62669,15.83285],[75.62073,15.83597],[75.61864,15.82136],[75.61593,15.82136],[75.61556,15.82385],[75.60604,15.82532],[75.60785,15.82787],[75.6063,15.83107],[75.60332,15.82887],[75.59474,15.82962],[75.58611,15.83468],[75.57673,15.82426],[75.57517,15.82527],[75.57637,15.83041],[75.56484,15.8311],[75.56621,15.8339],[75.56951,15.83378],[75.56996,15.83612],[75.56375,15.8373],[75.56011,15.83564],[75.55924,15.82978],[75.55191,15.8247],[75.55058,15.8271],[75.55436,15.82943],[75.55568,15.83303],[75.55362,15.83451],[75.54689,15.83656],[75.52919,15.83541],[75.53093,15.84183],[75.52149,15.84197],[75.52114,15.84655],[75.51329,15.8499],[75.51446,15.85297],[75.51837,15.85182],[75.52073,15.85318],[75.5191,15.8584],[75.50824,15.86067],[75.50674,15.85658],[75.50224,15.8581],[75.50489,15.86247],[75.49624,15.87273],[75.48869,15.87631],[75.48321,15.87343],[75.482,15.87642],[75.4798,15.87663],[75.4788,15.8744],[75.48154,15.872],[75.47902,15.87106],[75.475,15.87255],[75.47398,15.87458],[75.47598,15.87568],[75.46629,15.87696],[75.46605,15.8811],[75.46148,15.87913],[75.45925,15.8838],[75.46201,15.88814],[75.44517,15.88726],[75.44311,15.88934],[75.4465,15.8902],[75.44664,15.89267],[75.43698,15.8936]]],[[[75.67854,16.11227],[75.67429,16.10472],[75.64533,16.10922],[75.64059,16.12784],[75.64318,16.12802],[75.64337,16.13004],[75.6786,16.12683],[75.67854,16.11227]]]]},"properties":{"taluk":"Badami","district":"Bagalkot","region_id":"subdistrict_5446","level":"taluk"}},{"type":"Feature","geometry":{"type":"Polygon","coordinates":[[[75.75348,16.29902],[75.74883,16.3103],[75.74878,16.3161],[75.75721,16.3184],[75.76479,16.31626],[75.77269,16.30919],[75.78442,16.30649],[75.78715,16.31481],[75.77834,16.32466],[75.77843,16.33377],[75.78383,16.33417],[75.79288,16.33003],[75.80635,16.33105],[75.81183,16.33618],[75.81944,16.33896],[75.82922,16.34843],[75.83742,16.34991],[75.8699,16.34587],[75.87891,16.34036],[75.8856,16.33111],[75.89404,16.3248],[75.91266,16.32194],[75.92408,16.31777],[75.9254,16.31548],[75.94087,16.30825],[75.95192,16.2986],[75.95753,16.29692],[75.97361,16.30009],[75.99039,16.29945],[76.00224,16.30373],[76.0251,16.30077],[76.02962,16.29673],[76.03562,16.28519],[76.05564,16.2719],[76.01879,16.24097],[76.00772,16.2399],[75.9984,16.22045],[75.99644,16.22008],[75.99608,16.21595],[75.95163,16.22045],[75.94424,16.19645],[75.93961,16.17088],[75.91946,16.17293],[75.91815,16.16964],[75.91046,16.16972],[75.90814,16.16723],[75.90476,16.16218],[75.90494,16.157],[75.88915,16.15707],[75.88583,16.15729],[75.88315,16.16747],[75.87482,16.17045],[75.87525,16.17306],[75.87191,16.17386],[75.86756,16.15351],[75.87245,16.15153],[75.86982,16.14739],[75.87079,16.14196],[75.87644,16.1374],[75.87776,16.13226],[75.89037,16.11894],[75.88734,16.11078],[75.87657,16.11227],[75.87811,16.11752],[75.86809,16.12329],[75.8703,16.14186],[75.86372,16.14367],[75.86458,16.1526],[75.85885,16.15315],[75.85915,16.15592],[75.84229,16.15714],[75.83768,16.13998],[75.8457,16.13589],[75.84118,16.1292],[75.84137,16.1198],[75.83844,16.10581],[75.83043,16.09148],[75.82179,16.09334],[75.80526,16.09292],[75.7888,16.08833],[75.79686,16.08425],[75.79257,16.08136],[75.79136,16.07634],[75.78918,16.07728],[75.78096,16.06642],[75.77236,16.06511],[75.7674,16.0685],[75.76458,16.08419],[75.75781,16.08553],[75.73534,16.08472],[75.73236,16.09558],[75.73195,16.111],[75.71195,16.1123],[75.68781,16.10909],[75.67882,16.11173],[75.6786,16.12683],[75.64337,16.13004],[75.64162,16.14496],[75.63063,16.14463],[75.60555,16.14818],[75.59539,16.15251],[75.59304,16.1447],[75.58316,16.15159],[75.57255,16.15102],[75.56899,16.14641],[75.56022,16.14375],[75.55553,16.13336],[75.53541,16.1372],[75.50941,16.13531],[75.50826,16.13956],[75.50227,16.14508],[75.48262,16.15123],[75.44818,16.15614],[75.43507,16.1562],[75.43492,16.15919],[75.43791,16.1602],[75.44107,16.16809],[75.44512,16.17083],[75.44479,16.1814],[75.44794,16.18345],[75.44625,16.21824],[75.44346,16.2341],[75.44387,16.24897],[75.45204,16.24603],[75.45821,16.23866],[75.4678,16.23581],[75.48258,16.24313],[75.48689,16.2291],[75.49075,16.22688],[75.49111,16.22888],[75.49344,16.22928],[75.4935,16.2252],[75.49666,16.22377],[75.51234,16.22124],[75.51975,16.22639],[75.5235,16.23781],[75.52746,16.24234],[75.54061,16.23887],[75.5438,16.23104],[75.54662,16.22893],[75.5566,16.23613],[75.56725,16.23931],[75.57921,16.23757],[75.59858,16.22913],[75.61784,16.23207],[75.61983,16.23028],[75.61716,16.22351],[75.6176,16.21436],[75.62496,16.21495],[75.63077,16.22037],[75.62733,16.22191],[75.63147,16.24787],[75.65121,16.24457],[75.65599,16.24875],[75.65376,16.24356],[75.67065,16.23234],[75.68208,16.23064],[75.69837,16.22347],[75.70053,16.23124],[75.70593,16.24038],[75.71903,16.24391],[75.72045,16.24764],[75.7223,16.24658],[75.72182,16.26011],[75.73293,16.26557],[75.73737,16.27337],[75.73335,16.28944],[75.75222,16.2957],[75.75348,16.29902]]]},"properties":{"taluk":"Bagalkot","district":"Bagalkot","region_id":"subdistrict_5447","level":"taluk"}},{"type":"Feature","geometry":{"type":"Polygon","coordinates":[[[75.60139,16.44749],[75.63575,16.44365],[75.67126,16.42366],[75.6727,16.42522],[75.67701,16.42382],[75.68091,16.41979],[75.67908,16.41743],[75.69015,16.41078],[75.70629,16.40541],[75.70856,16.40026],[75.71901,16.38961],[75.76332,16.38362],[75.79577,16.37173],[75.81324,16.37042],[75.82768,16.36138],[75.83742,16.34991],[75.82922,16.34843],[75.81944,16.33896],[75.81183,16.33618],[75.80635,16.33105],[75.79288,16.33003],[75.78383,16.33417],[75.77843,16.33377],[75.77834,16.32466],[75.78715,16.31481],[75.78442,16.30649],[75.77269,16.30919],[75.763,16.31706],[75.75,16.31764],[75.74835,16.31194],[75.75185,16.30567],[75.75291,16.29668],[75.74904,16.29363],[75.73793,16.29219],[75.73335,16.28944],[75.73737,16.27337],[75.73594,16.26937],[75.73293,16.26557],[75.72182,16.26011],[75.7223,16.24658],[75.72045,16.24764],[75.71903,16.24391],[75.70593,16.24038],[75.70053,16.23124],[75.69837,16.22347],[75.68208,16.23064],[75.67065,16.23234],[75.65376,16.24356],[75.65599,16.24875],[75.65121,16.24457],[75.63147,16.24787],[75.62733,16.22191],[75.63077,16.22037],[75.62496,16.21495],[75.61692,16.21486],[75.61716,16.22351],[75.61983,16.23028],[75.61784,16.23207],[75.59858,16.22913],[75.57921,16.23757],[75.56725,16.23931],[75.5566,16.23613],[75.54662,16.22893],[75.5438,16.23104],[75.54061,16.23887],[75.52827,16.2424],[75.5235,16.23781],[75.51922,16.22567],[75.51234,16.22124],[75.49666,16.22377],[75.4935,16.2252],[75.49344,16.22928],[75.49111,16.22888],[75.49075,16.22688],[75.48689,16.2291],[75.48258,16.24313],[75.4678,16.23581],[75.45821,16.23866],[75.45063,16.24686],[75.43372,16.25337],[75.43309,16.26179],[75.42826,16.26959],[75.42989,16.27667],[75.42984,16.30399],[75.47714,16.2802],[75.48448,16.31068],[75.49416,16.33911],[75.49183,16.34569],[75.49566,16.34771],[75.49665,16.35284],[75.49326,16.35207],[75.46949,16.35976],[75.45929,16.36568],[75.42506,16.37194],[75.41309,16.37695],[75.40396,16.37481],[75.3951,16.3852],[75.3902,16.40132],[75.40844,16.40586],[75.40834,16.42679],[75.40694,16.42805],[75.40809,16.42951],[75.40482,16.43066],[75.40533,16.43455],[75.40055,16.43509],[75.39993,16.44316],[75.39392,16.46256],[75.41288,16.4668],[75.40875,16.47917],[75.40725,16.49282],[75.4147,16.49447],[75.41917,16.51354],[75.42557,16.5301],[75.43683,16.52754],[75.4482,16.51831],[75.4573,16.50357],[75.46061,16.48628],[75.46513,16.47822],[75.46403,16.47015],[75.43278,16.43876],[75.43403,16.42873],[75.44997,16.41405],[75.45797,16.41364],[75.46514,16.41803],[75.48379,16.41659],[75.49127,16.42046],[75.49446,16.42313],[75.49875,16.43186],[75.49636,16.4469],[75.49937,16.45403],[75.53055,16.46615],[75.54229,16.46511],[75.55053,16.45796],[75.55401,16.44944],[75.55246,16.44376],[75.5553,16.42651],[75.55678,16.42666],[75.56091,16.41806],[75.5663,16.41273],[75.57315,16.41174],[75.57553,16.41306],[75.58517,16.43417],[75.60139,16.44749]]]},"properties":{"taluk":"Bilgi","district":"Bagalkot","region_id":"subdistrict_5444","level":"taluk"}},{"type":"Feature","geometry":{"type":"Polygon","coordinates":[[[75.84689,16.08909],[75.85979,16.0773],[75.85176,16.06424],[75.85694,16.0528],[75.85644,16.04969],[75.85298,16.04551],[75.84802,16.0441],[75.85316,16.03852],[75.84282,16.03129],[75.85162,16.02231],[75.86532,16.02039],[75.87926,16.01306],[75.87683,16.00834],[75.87877,16.00549],[75.87388,15.99937],[75.87412,15.99282],[75.86996,15.98946],[75.84896,15.98498],[75.84865,15.98149],[75.85116,15.97861],[75.85646,15.9786],[75.85429,15.97639],[75.86048,15.96451],[75.85595,15.95878],[75.85887,15.95496],[75.85281,15.95256],[75.85456,15.94844],[75.8507,15.94186],[75.85545,15.9343],[75.84051,15.93088],[75.83654,15.92766],[75.83641,15.92469],[75.83025,15.9246],[75.8277,15.9271],[75.81014,15.92503],[75.80511,15.92773],[75.80276,15.93995],[75.81597,15.94283],[75.81801,15.94622],[75.8161,15.95218],[75.80916,15.95786],[75.81429,15.96359],[75.81871,15.96512],[75.8183,15.98123],[75.81314,15.98122],[75.80714,15.97867],[75.80818,15.97684],[75.80682,15.97563],[75.8032,15.97496],[75.80152,15.97668],[75.80667,15.97922],[75.80635,15.98187],[75.8011,15.97962],[75.79923,15.98391],[75.78988,15.98373],[75.79181,15.98017],[75.78542,15.97647],[75.76606,15.97494],[75.76423,15.97274],[75.73943,15.97798],[75.73688,15.98675],[75.71213,15.98559],[75.71142,15.99563],[75.69856,16.00347],[75.6984,16.01575],[75.69208,16.03303],[75.68962,16.03248],[75.68836,16.0419],[75.68221,16.04058],[75.677,16.0297],[75.66804,16.02499],[75.66734,16.02707],[75.65337,16.03022],[75.64019,16.02946],[75.62972,16.04597],[75.61308,16.0368],[75.61089,16.04898],[75.59698,16.05013],[75.58941,16.05481],[75.58497,16.05503],[75.58598,16.07538],[75.606,16.07947],[75.6141,16.08355],[75.61073,16.10466],[75.62273,16.10573],[75.62818,16.12606],[75.63065,16.14463],[75.64162,16.14496],[75.64337,16.13003],[75.64318,16.12802],[75.64059,16.12784],[75.64533,16.10922],[75.67429,16.10472],[75.67854,16.11227],[75.68781,16.10909],[75.71195,16.1123],[75.73195,16.111],[75.73236,16.09558],[75.73534,16.08472],[75.75781,16.08553],[75.76458,16.08419],[75.7674,16.0685],[75.77236,16.06511],[75.78104,16.06645],[75.78918,16.07728],[75.79136,16.07634],[75.79257,16.08136],[75.79686,16.08425],[75.78846,16.08812],[75.7997,16.09216],[75.82179,16.09334],[75.8333,16.09095],[75.83952,16.09231],[75.84689,16.08909]]]},"properties":{"taluk":"Guledgudda","district":"Bagalkot","region_id":"subdistrict_7061","level":"taluk"}},{"type":"Feature","geometry":{"type":"Polygon","coordinates":[[[76.05983,16.22653],[76.06249,16.21583],[76.06549,16.21336],[76.07119,16.20915],[76.09513,16.19983],[76.10674,16.18947],[76.12584,16.18792],[76.13365,16.18222],[76.14079,16.18032],[76.15603,16.18475],[76.17545,16.18294],[76.21891,16.17192],[76.21228,16.15324],[76.21427,16.13831],[76.20871,16.12152],[76.19234,16.12245],[76.18619,16.10858],[76.17296,16.10456],[76.17223,16.0971],[76.16968,16.09664],[76.16957,16.09451],[76.16704,16.09445],[76.16695,16.09266],[76.15825,16.09405],[76.1566,16.08643],[76.14306,16.08703],[76.13829,16.07099],[76.13188,16.06029],[76.1268,16.04634],[76.12106,16.04255],[76.11892,16.04335],[76.11727,16.03803],[76.11438,16.03691],[76.10605,16.03483],[76.09905,16.03735],[76.09569,16.01098],[76.07497,16.00959],[76.05643,16.01146],[76.0565,16.00557],[76.05202,16.00603],[76.05162,16.00338],[76.02317,16.00876],[76.02017,16.0077],[76.01658,16.00201],[76.01138,16.00125],[75.98949,16.00481],[75.98937,15.99875],[75.98673,15.99469],[75.97959,15.99182],[75.97347,15.99272],[75.97229,16.01635],[75.95154,16.01305],[75.95168,16.01071],[75.93606,16.01587],[75.93612,16.01728],[75.92854,16.01669],[75.91946,16.01918],[75.92011,16.0221],[75.9311,16.03045],[75.93274,16.04033],[75.92292,16.04521],[75.9107,16.04821],[75.91004,16.02718],[75.8903,16.01729],[75.88728,16.01158],[75.88176,16.01374],[75.88287,16.00963],[75.88067,16.00875],[75.88504,16.00305],[75.87705,16.00783],[75.87926,16.01306],[75.86532,16.02039],[75.85162,16.02231],[75.8439,16.02967],[75.84321,16.03253],[75.84876,16.03433],[75.85316,16.03852],[75.84802,16.0441],[75.85298,16.04551],[75.85644,16.04969],[75.85694,16.0528],[75.85176,16.06424],[75.85979,16.0773],[75.84689,16.08909],[75.83952,16.09231],[75.83043,16.09148],[75.83844,16.10581],[75.84137,16.1198],[75.84118,16.1292],[75.8457,16.13589],[75.83768,16.13998],[75.84229,16.15714],[75.85915,16.15592],[75.85885,16.15315],[75.86458,16.1526],[75.86372,16.14367],[75.8703,16.14186],[75.86809,16.12329],[75.87811,16.11752],[75.87657,16.11227],[75.88734,16.11078],[75.89037,16.11894],[75.87776,16.13226],[75.87644,16.1374],[75.87079,16.14196],[75.86982,16.14739],[75.87245,16.15153],[75.86756,16.15351],[75.87191,16.17386],[75.87525,16.17306],[75.87482,16.17045],[75.88315,16.16747],[75.88583,16.15729],[75.88915,16.15707],[75.90494,16.157],[75.90476,16.16218],[75.90814,16.16723],[75.91046,16.16972],[75.91815,16.16964],[75.91946,16.17293],[75.93961,16.17088],[75.94424,16.19645],[75.95163,16.22045],[75.99608,16.21595],[75.99644,16.22008],[75.9984,16.22045],[76.00772,16.2399],[76.01879,16.24097],[76.05564,16.2719],[76.0703,16.25434],[76.06878,16.24465],[76.06161,16.23603],[76.05983,16.22653]]]},"properties":{"taluk":"Hungund","district":"Bagalkot","region_id":"subdistrict_5448","level":"taluk"}},{"type":"Feature","geometry":{"type":"MultiPolygon","coordinates":[[[[76.28538,15.90258],[76.27595,15.90374],[76.27744,15.90937],[76.27409,15.91045],[76.27175,15.90467],[76.26184,15.90671],[76.26107,15.91477],[76.2569,15.91528],[76.25687,15.92293],[76.23009,15.92331],[76.22653,15.94089],[76.20046,15.94399],[76.20048,15.93643],[76.19491,15.9324],[76.172,15.93166],[76.1719,15.92477],[76.15994,15.92108],[76.15393,15.91492],[76.14533,15.89505],[76.12533,15.89411],[76.11727,15.886],[76.10326,15.89385],[76.1016,15.90046],[76.07055,15.90252],[76.05848,15.906],[76.06382,15.91584],[76.06274,15.92152],[76.07118,15.94896],[76.07278,15.9654],[76.07865,15.97687],[76.08477,15.99597],[76.0801,16.01],[76.09569,16.01098],[76.09905,16.03735],[76.10605,16.03483],[76.11438,16.03691],[76.11727,16.03803],[76.11892,16.04335],[76.12106,16.04255],[76.1268,16.04634],[76.13188,16.06029],[76.13829,16.07099],[76.14306,16.08703],[76.1566,16.08643],[76.15825,16.09405],[76.16695,16.09266],[76.16704,16.09445],[76.16957,16.09451],[76.16968,16.09664],[76.17223,16.0971],[76.17296,16.10456],[76.18619,16.10858],[76.19234,16.12245],[76.20871,16.12152],[76.21427,16.13831],[76.21228,16.15324],[76.21891,16.17192],[76.23847,16.16519],[76.23428,16.13051],[76.24659,16.1281],[76.24772,16.12625],[76.24525,16.12207],[76.24462,16.11319],[76.25416,16.10949],[76.25307,16.10414],[76.25579,16.09736],[76.26204,16.09719],[76.26782,16.10971],[76.30416,16.10157],[76.32034,16.09367],[76.33251,16.0913],[76.32754,16.07747],[76.29923,16.08417],[76.29382,16.08878],[76.25883,16.09117],[76.26036,16.07395],[76.28389,16.07514],[76.30388,16.0735],[76.3032,16.06739],[76.30709,16.06595],[76.30329,16.03936],[76.30545,16.02556],[76.31109,16.01384],[76.31174,16.00039],[76.2979,15.99889],[76.29648,15.99226],[76.29991,15.97652],[76.30932,15.95699],[76.32247,15.95599],[76.3289,15.93461],[76.3286,15.93226],[76.31286,15.92894],[76.31273,15.9222],[76.30262,15.92382],[76.30184,15.93046],[76.28567,15.93032],[76.28538,15.90258]]],[[[75.98194,15.99172],[75.97611,15.9896],[75.97372,15.98615],[75.97572,15.96041],[75.97389,15.95422],[75.97433,15.95241],[75.97756,15.95184],[75.97691,15.9313],[75.9737,15.92278],[75.97529,15.9127],[75.97434,15.89787],[75.97714,15.89496],[75.97897,15.88287],[75.97887,15.87086],[75.97466,15.86183],[75.96549,15.85897],[75.96263,15.86552],[75.94447,15.86634],[75.94196,15.87421],[75.92843,15.87519],[75.92948,15.88102],[75.92795,15.88694],[75.92643,15.88607],[75.92722,15.89745],[75.90706,15.91866],[75.90195,15.92275],[75.90287,15.91864],[75.89176,15.91685],[75.88331,15.9239],[75.87907,15.93128],[75.86679,15.93153],[75.85485,15.93565],[75.85106,15.9402],[75.85456,15.94844],[75.85281,15.95256],[75.85887,15.95496],[75.85595,15.95878],[75.86052,15.96391],[75.85429,15.97639],[75.85646,15.9786],[75.85116,15.97861],[75.84865,15.98149],[75.84896,15.98498],[75.85123,15.98667],[75.86741,15.98835],[75.87342,15.99185],[75.87388,15.99937],[75.87805,16.00404],[75.87834,16.00692],[75.88504,16.00305],[75.88067,16.00875],[75.88287,16.00963],[75.88176,16.01374],[75.88728,16.01158],[75.8903,16.01729],[75.91004,16.02718],[75.9107,16.04821],[75.92292,16.04521],[75.93274,16.04033],[75.9311,16.03045],[75.92011,16.0221],[75.91946,16.01918],[75.92854,16.01669],[75.93612,16.01728],[75.93606,16.01587],[75.95168,16.01071],[75.95154,16.01305],[75.97229,16.01635],[75.97347,15.99272],[75.98194,15.99172]]]]},"properties":{"taluk":"Ilkal","district":"Bagalkot","region_id":"subdistrict_7062","level":"taluk"}},{"type":"Feature","geometry":{"type":"Polygon","coordinates":[[[75.24717,16.43491],[75.21268,16.43095],[75.2125,16.45924],[75.21032,16.47981],[75.20501,16.50385],[75.20432,16.51842],[75.20463,16.53173],[75.2106,16.53147],[75.2134,16.55054],[75.21377,16.57109],[75.17896,16.57446],[75.17726,16.57865],[75.15912,16.5873],[75.16674,16.59601],[75.17592,16.6023],[75.20137,16.60827],[75.21718,16.6149],[75.23254,16.61422],[75.25161,16.60477],[75.25976,16.60727],[75.25659,16.60958],[75.25849,16.61245],[75.25549,16.61859],[75.26183,16.61997],[75.26812,16.64094],[75.26282,16.68037],[75.26502,16.69276],[75.28923,16.71497],[75.31675,16.71854],[75.36251,16.71433],[75.36492,16.71736],[75.36359,16.72013],[75.36547,16.72251],[75.36241,16.73011],[75.3665,16.7434],[75.36694,16.76004],[75.37945,16.76232],[75.3917,16.76241],[75.39264,16.75992],[75.40681,16.76162],[75.40708,16.76363],[75.41278,16.7665],[75.424,16.76832],[75.43243,16.76577],[75.4346,16.76263],[75.43821,16.76239],[75.44241,16.75698],[75.44656,16.75536],[75.4663,16.75469],[75.47668,16.74782],[75.49253,16.74593],[75.48806,16.69454],[75.46302,16.69972],[75.44551,16.69976],[75.43757,16.69785],[75.44711,16.66527],[75.45476,16.66425],[75.45581,16.65346],[75.46216,16.62958],[75.46186,16.6222],[75.47437,16.6115],[75.48491,16.60626],[75.49117,16.59945],[75.49334,16.59178],[75.49177,16.58485],[75.48551,16.58052],[75.48413,16.57242],[75.4795,16.56836],[75.47314,16.56652],[75.47239,16.56365],[75.48112,16.56099],[75.47968,16.55728],[75.48453,16.55711],[75.4845,16.55499],[75.48816,16.55473],[75.49021,16.52019],[75.48539,16.50742],[75.45493,16.50556],[75.45421,16.5104],[75.44142,16.52468],[75.4336,16.5292],[75.425,16.52935],[75.4147,16.49447],[75.40725,16.49282],[75.40875,16.47917],[75.41288,16.4668],[75.39392,16.46256],[75.39993,16.44316],[75.40055,16.43509],[75.40533,16.43455],[75.40482,16.43066],[75.40817,16.42942],[75.40694,16.42805],[75.40834,16.42679],[75.40844,16.40586],[75.3902,16.40132],[75.38949,16.40733],[75.37896,16.40769],[75.35436,16.40317],[75.33849,16.40692],[75.33818,16.40227],[75.33634,16.4023],[75.33787,16.40684],[75.33415,16.40606],[75.33397,16.40966],[75.33089,16.40838],[75.3311,16.4106],[75.32938,16.40843],[75.32915,16.41066],[75.3265,16.41172],[75.32481,16.40917],[75.32388,16.41065],[75.3049,16.41317],[75.29732,16.41836],[75.29755,16.42064],[75.28997,16.42108],[75.24717,16.43491]]]},"properties":{"taluk":"Jamkhandi","district":"Bagalkot","region_id":"subdistrict_5443","level":"taluk"}},{"type":"Feature","geometry":{"type":"Polygon","coordinates":[[[75.32783,16.11572],[75.27574,16.12041],[75.27656,16.12434],[75.2874,16.15196],[75.29256,16.17248],[75.2847,16.17677],[75.28619,16.18886],[75.28871,16.19167],[75.28671,16.20022],[75.28567,16.20211],[75.28072,16.19993],[75.27032,16.20751],[75.24928,16.20433],[75.23238,16.20964],[75.23308,16.21873],[75.23023,16.22464],[75.22977,16.23148],[75.23931,16.25113],[75.23229,16.25022],[75.23413,16.25963],[75.22456,16.26241],[75.21765,16.2686],[75.20494,16.27245],[75.18418,16.27564],[75.1783,16.27491],[75.17444,16.27597],[75.17002,16.2803],[75.15597,16.28054],[75.1296,16.28696],[75.12911,16.2962],[75.1319,16.30089],[75.13842,16.32596],[75.13045,16.3317],[75.13497,16.35578],[75.12042,16.35814],[75.11632,16.37148],[75.12096,16.40937],[75.12443,16.4139],[75.15114,16.41818],[75.15227,16.42072],[75.16319,16.42423],[75.18146,16.42021],[75.21027,16.43007],[75.24717,16.43491],[75.27391,16.42531],[75.29755,16.42064],[75.29732,16.41836],[75.3049,16.41317],[75.32388,16.41065],[75.32481,16.40917],[75.3265,16.41172],[75.32915,16.41066],[75.32938,16.40843],[75.3311,16.4106],[75.33089,16.40838],[75.33397,16.40966],[75.33415,16.40606],[75.33787,16.40684],[75.33634,16.4023],[75.33818,16.40227],[75.33849,16.40692],[75.35436,16.40317],[75.37896,16.40769],[75.38949,16.40733],[75.3951,16.3852],[75.40396,16.37481],[75.41309,16.37695],[75.42506,16.37194],[75.45929,16.36568],[75.46949,16.35976],[75.49326,16.35207],[75.49665,16.35284],[75.49566,16.34771],[75.49183,16.34569],[75.49416,16.33911],[75.48448,16.31068],[75.47714,16.2802],[75.42984,16.30399],[75.42989,16.27667],[75.42826,16.26959],[75.43309,16.26179],[75.43372,16.25337],[75.44387,16.24897],[75.44346,16.2341],[75.44625,16.21824],[75.44794,16.18345],[75.44479,16.1814],[75.44512,16.17083],[75.44107,16.16809],[75.43791,16.1602],[75.43492,16.15919],[75.43507,16.1562],[75.42931,16.15092],[75.42366,16.14077],[75.41791,16.13479],[75.41283,16.13377],[75.41213,16.13027],[75.40684,16.12581],[75.4043,16.11372],[75.35553,16.11513],[75.35363,16.11631],[75.35378,16.12807],[75.34636,16.1232],[75.34161,16.12446],[75.33874,16.12072],[75.32783,16.11572]]]},"properties":{"taluk":"Mudhol","district":"Bagalkot","region_id":"subdistrict_5445","level":"taluk"}},{"type":"Feature","geometry":{"type":"MultiPolygon","coordinates":[[[[77.56126,12.70868],[77.55759,12.73095],[77.56245,12.73216],[77.57098,12.7302],[77.57279,12.73249],[77.56799,12.73544],[77.57603,12.75081],[77.59413,12.75049],[77.59843,12.75824],[77.59213,12.77983],[77.57972,12.78779],[77.57141,12.77888],[77.57074,12.76226],[77.56641,12.75923],[77.56314,12.76079],[77.55858,12.76535],[77.55618,12.77731],[77.55635,12.78106],[77.56122,12.78326],[77.56333,12.78853],[77.55291,12.78969],[77.556,12.79961],[77.5475,12.8014],[77.54213,12.79855],[77.54233,12.79473],[77.53925,12.79873],[77.54039,12.81386],[77.54452,12.82241],[77.54753,12.83557],[77.54534,12.83805],[77.54876,12.83982],[77.55149,12.84801],[77.55488,12.84785],[77.55741,12.84184],[77.56256,12.83897],[77.57904,12.83826],[77.58702,12.83349],[77.59056,12.83559],[77.59471,12.83306],[77.6005,12.83385],[77.6035,12.83199],[77.60523,12.83523],[77.61449,12.83907],[77.62131,12.83476],[77.63908,12.84002],[77.64899,12.83943],[77.66118,12.83445],[77.66489,12.83661],[77.66381,12.84111],[77.67659,12.84261],[77.68182,12.84541],[77.68786,12.86811],[77.67967,12.86905],[77.67532,12.87258],[77.67138,12.88027],[77.67397,12.87985],[77.67402,12.88428],[77.65657,12.88503],[77.65489,12.88059],[77.64361,12.88764],[77.6439,12.89138],[77.64903,12.89092],[77.65261,12.89473],[77.67735,12.89426],[77.68909,12.8866],[77.68756,12.88236],[77.69051,12.88071],[77.68985,12.8793],[77.71592,12.87679],[77.71654,12.87846],[77.7213,12.87801],[77.73406,12.8736],[77.73983,12.89428],[77.73999,12.90648],[77.74446,12.90901],[77.74579,12.91977],[77.75134,12.92201],[77.75227,12.9253],[77.76484,12.92878],[77.76641,12.93496],[77.76528,12.9423],[77.775,12.93954],[77.778,12.93578],[77.77687,12.93224],[77.78253,12.92811],[77.79838,12.92562],[77.79769,12.91864],[77.80322,12.91943],[77.8097,12.93429],[77.81632,12.92569],[77.82035,12.92494],[77.82232,12.92872],[77.83184,12.92562],[77.83277,12.92337],[77.82966,12.91965],[77.8168,12.9217],[77.81655,12.91487],[77.82103,12.91195],[77.82248,12.90684],[77.82118,12.9024],[77.83003,12.88945],[77.83231,12.88238],[77.83187,12.87421],[77.83696,12.87036],[77.83259,12.86756],[77.83308,12.86202],[77.82569,12.8604],[77.82292,12.85599],[77.81524,12.85593],[77.8079,12.84768],[77.799,12.85195],[77.7968,12.84496],[77.79259,12.84341],[77.79559,12.8348],[77.81006,12.83102],[77.80795,12.82326],[77.80978,12.81582],[77.80224,12.81714],[77.79998,12.80543],[77.80396,12.80479],[77.80534,12.80031],[77.80903,12.79683],[77.80661,12.79413],[77.79942,12.79577],[77.79471,12.7917],[77.79082,12.78343],[77.7789,12.76796],[77.78532,12.76211],[77.79501,12.75823],[77.792,12.74675],[77.78401,12.74113],[77.76959,12.74026],[77.763,12.7364],[77.76106,12.72726],[77.77441,12.72451],[77.7697,12.71321],[77.76613,12.71297],[77.76507,12.70264],[77.76257,12.69696],[77.74104,12.7008],[77.73756,12.69839],[77.73568,12.69321],[77.74099,12.68544],[77.741,12.67373],[77.73872,12.67205],[77.73007,12.67289],[77.72478,12.6708],[77.72321,12.67938],[77.71196,12.68339],[77.71086,12.66639],[77.7027,12.6608],[77.69189,12.66054],[77.68965,12.65849],[77.6787,12.66024],[77.67615,12.66345],[77.67734,12.67216],[77.6755,12.67357],[77.67707,12.67933],[77.66325,12.68327],[77.59793,12.66809],[77.59633,12.66416],[77.59464,12.6668],[77.59999,12.67752],[77.6037,12.69246],[77.61285,12.70332],[77.61424,12.71195],[77.59469,12.72092],[77.57868,12.70823],[77.57571,12.70386],[77.56807,12.7012],[77.56126,12.70868]]],[[[77.55148,12.7939],[77.54931,12.79419],[77.55093,12.79791],[77.55268,12.79727],[77.55148,12.7939]]]]},"properties":{"taluk":"Anekal","district":"Bengaluru Urban","region_id":"subdistrict_5545","level":"taluk"}},{"type":"Feature","geometry":{"type":"Polygon","coordinates":[[[77.64278,12.97193],[77.63675,12.97443],[77.64383,12.97757],[77.64501,12.98848],[77.63193,12.98993],[77.64212,13.02105],[77.63736,13.02265],[77.63672,13.02853],[77.64376,13.03796],[77.64106,13.03965],[77.64128,13.04265],[77.63794,13.04328],[77.63584,13.04073],[77.63137,13.04299],[77.62857,13.04231],[77.62582,13.04669],[77.61837,13.04897],[77.60738,13.04621],[77.60662,13.05254],[77.59877,13.05511],[77.60836,13.06418],[77.60901,13.06694],[77.61576,13.0626],[77.61871,13.06287],[77.62246,13.06445],[77.62797,13.07228],[77.63257,13.07179],[77.63376,13.07716],[77.63835,13.07526],[77.64214,13.07796],[77.64662,13.08507],[77.6427,13.08689],[77.65032,13.10466],[77.63702,13.10627],[77.6386,13.11327],[77.64376,13.11442],[77.65055,13.11299],[77.66081,13.11042],[77.66018,13.10844],[77.67012,13.10953],[77.67855,13.10019],[77.7005,13.10289],[77.70183,13.10033],[77.71147,13.09573],[77.71389,13.09098],[77.71625,13.09091],[77.72195,13.093],[77.72263,13.11199],[77.74787,13.11607],[77.76198,13.11272],[77.7665,13.10763],[77.76414,13.10255],[77.76692,13.08809],[77.76555,13.08147],[77.76016,13.08142],[77.7609,13.07775],[77.75894,13.07741],[77.75835,13.07374],[77.76725,13.06463],[77.76799,13.05697],[77.77052,13.05422],[77.77007,13.04838],[77.77678,13.04747],[77.77474,13.04552],[77.779,13.03458],[77.78155,13.03333],[77.77788,13.03009],[77.77632,13.02234],[77.77172,13.01524],[77.77414,13.01316],[77.77335,13.0064],[77.77584,13.00576],[77.77557,13.00355],[77.77256,13.00253],[77.77475,13.00112],[77.77412,12.99189],[77.77561,12.99151],[77.77691,12.98519],[77.77467,12.98046],[77.77838,12.97796],[77.7762,12.97514],[77.77863,12.97058],[77.7832,12.9709],[77.78406,12.96673],[77.77763,12.96816],[77.77209,12.96593],[77.76688,12.95958],[77.77273,12.95151],[77.76549,12.94543],[77.76641,12.93496],[77.76484,12.92878],[77.75227,12.9253],[77.75134,12.92201],[77.74579,12.91977],[77.74446,12.90901],[77.73999,12.90648],[77.73983,12.89428],[77.73406,12.8736],[77.7213,12.87801],[77.71654,12.87846],[77.71592,12.87679],[77.68985,12.8793],[77.69051,12.88071],[77.68756,12.88236],[77.68909,12.8866],[77.67735,12.89426],[77.65391,12.8945],[77.65698,12.89868],[77.6548,12.90178],[77.65655,12.90919],[77.65995,12.9099],[77.66004,12.91515],[77.66887,12.92323],[77.66849,12.93878],[77.66206,12.94217],[77.65977,12.94573],[77.65901,12.94409],[77.66206,12.93944],[77.65909,12.93726],[77.63992,12.95119],[77.64384,12.95615],[77.64185,12.96246],[77.64278,12.97193]]]},"properties":{"taluk":"Bengaluru East","district":"Bengaluru Urban","region_id":"subdistrict_5544","level":"taluk"}},{"type":"Feature","geometry":{"type":"MultiPolygon","coordinates":[[[[77.64278,12.97193],[77.64185,12.96246],[77.64384,12.95615],[77.63974,12.95144],[77.65909,12.93726],[77.65403,12.9343],[77.64054,12.93024],[77.63309,12.93742],[77.62639,12.94998],[77.61863,12.95287],[77.61733,12.95062],[77.60974,12.94956],[77.59455,12.95705],[77.59333,12.95464],[77.59985,12.95023],[77.59686,12.93948],[77.58064,12.93653],[77.57195,12.93644],[77.56761,12.93828],[77.56469,12.93248],[77.55588,12.93557],[77.55335,12.9329],[77.55126,12.93455],[77.54799,12.93379],[77.54687,12.93803],[77.54757,12.94093],[77.55,12.94205],[77.54996,12.95146],[77.54908,12.95008],[77.54596,12.95078],[77.54645,12.94947],[77.5419,12.9482],[77.54011,12.94532],[77.53928,12.94691],[77.53767,12.94594],[77.53723,12.95343],[77.52924,12.95506],[77.52796,12.94895],[77.51915,12.94989],[77.50389,12.94574],[77.49046,12.94743],[77.48868,12.94917],[77.48508,12.94402],[77.47703,12.94841],[77.46201,12.95053],[77.46124,12.95561],[77.45589,12.95856],[77.44733,12.96056],[77.43921,12.95998],[77.44192,12.981],[77.43132,12.98235],[77.42312,12.98701],[77.41178,12.98907],[77.41175,12.99266],[77.40325,12.9963],[77.3924,12.9964],[77.39063,12.99292],[77.38152,12.99558],[77.37202,12.99217],[77.37031,12.9997],[77.37295,13.00428],[77.36997,13.00868],[77.37079,13.01634],[77.37693,13.01665],[77.37693,13.02994],[77.37852,13.02733],[77.39081,13.02583],[77.39383,13.05323],[77.39177,13.05533],[77.38222,13.05583],[77.3841,13.06678],[77.39686,13.06983],[77.39726,13.07162],[77.4122,13.07253],[77.41472,13.07241],[77.41677,13.06886],[77.42478,13.06769],[77.43019,13.08339],[77.42596,13.08511],[77.42214,13.08391],[77.42204,13.08904],[77.41695,13.09115],[77.4201,13.0967],[77.41631,13.09813],[77.41792,13.1028],[77.40128,13.10944],[77.40145,13.11504],[77.39736,13.11618],[77.3996,13.12758],[77.40382,13.12794],[77.40335,13.12101],[77.4091,13.12261],[77.41272,13.12626],[77.43338,13.1658],[77.44299,13.16689],[77.4571,13.1627],[77.46099,13.16039],[77.45277,13.14508],[77.45479,13.14252],[77.45472,13.13611],[77.46584,13.13434],[77.46381,13.12702],[77.45594,13.1292],[77.46761,13.1183],[77.47497,13.12104],[77.47622,13.11913],[77.47695,13.11267],[77.47202,13.10382],[77.47285,13.09418],[77.46836,13.08844],[77.4696,13.08665],[77.47913,13.08385],[77.49102,13.08421],[77.49401,13.09453],[77.50328,13.09388],[77.5049,13.09905],[77.51598,13.09352],[77.53439,13.09214],[77.53545,13.09017],[77.5408,13.08993],[77.53697,13.08378],[77.53001,13.08226],[77.53083,13.06991],[77.53393,13.06738],[77.53503,13.06304],[77.53337,13.05782],[77.52951,13.05493],[77.53107,13.05258],[77.52787,13.04959],[77.52407,13.04909],[77.52252,13.04642],[77.53204,13.04397],[77.53172,13.04213],[77.5362,13.0408],[77.53437,13.0344],[77.53925,13.03307],[77.53908,13.04457],[77.53472,13.05027],[77.53565,13.05158],[77.54926,13.05011],[77.55081,13.05367],[77.5559,13.04827],[77.5601,13.04756],[77.5613,13.05396],[77.57226,13.05119],[77.57343,13.04894],[77.57654,13.05021],[77.58413,13.04527],[77.58885,13.04882],[77.59222,13.05756],[77.59886,13.05524],[77.59617,13.04569],[77.5991,13.0472],[77.60738,13.04621],[77.61596,13.0492],[77.62582,13.04669],[77.62857,13.04231],[77.63137,13.04299],[77.63584,13.04073],[77.63794,13.04328],[77.64128,13.04265],[77.64106,13.03965],[77.64401,13.03662],[77.64083,13.03604],[77.63651,13.02694],[77.63736,13.02265],[77.64212,13.02105],[77.63193,12.98993],[77.64501,12.98848],[77.64383,12.97757],[77.63675,12.97443],[77.64278,12.97193]],[[77.5343,13.03199],[77.527,13.02152],[77.52852,13.01548],[77.5322,13.01422],[77.5328,13.01078],[77.54064,13.00454],[77.54371,13.01208],[77.5468,13.0133],[77.54495,13.02428],[77.5343,13.03199]]],[[[77.47523,13.10626],[77.47618,13.10972],[77.47968,13.11081],[77.47709,13.10599],[77.47523,13.10626]]]]},"properties":{"taluk":"Bengaluru North","district":"Bengaluru Urban","region_id":"subdistrict_5542","level":"taluk"}},{"type":"Feature","geometry":{"type":"Polygon","coordinates":[[[77.33599,12.93237],[77.33429,12.94946],[77.33247,12.94906],[77.33006,12.96578],[77.32618,12.96836],[77.32553,12.976],[77.33489,12.97867],[77.33762,12.97837],[77.33887,12.97242],[77.3499,12.97434],[77.35366,12.97819],[77.35524,12.98557],[77.35962,12.98857],[77.36533,12.98788],[77.36745,12.99089],[77.38152,12.99558],[77.39088,12.99296],[77.39262,12.99643],[77.40509,12.99597],[77.41175,12.99266],[77.41178,12.98907],[77.42312,12.98701],[77.43132,12.98235],[77.44192,12.981],[77.43921,12.95998],[77.44733,12.96056],[77.45589,12.95856],[77.46124,12.95561],[77.46201,12.95053],[77.47703,12.94841],[77.48508,12.94402],[77.48868,12.94917],[77.49046,12.94743],[77.50389,12.94574],[77.51915,12.94989],[77.52796,12.94895],[77.52924,12.95506],[77.53723,12.95343],[77.53767,12.94594],[77.53928,12.94691],[77.54011,12.94532],[77.5419,12.9482],[77.54645,12.94947],[77.54596,12.95078],[77.55009,12.95141],[77.55,12.94205],[77.54757,12.94093],[77.54687,12.93803],[77.54799,12.93379],[77.55126,12.93455],[77.55335,12.9329],[77.55445,12.93375],[77.55521,12.93511],[77.55588,12.93557],[77.56469,12.93248],[77.56761,12.93828],[77.57195,12.93644],[77.58064,12.93653],[77.59686,12.93948],[77.59985,12.95023],[77.59333,12.95464],[77.59455,12.95705],[77.60974,12.94956],[77.61733,12.95062],[77.61863,12.95287],[77.62639,12.94998],[77.63309,12.93742],[77.64054,12.93024],[77.65403,12.9343],[77.66195,12.93887],[77.65863,12.94529],[77.65977,12.94573],[77.66206,12.94217],[77.66849,12.93878],[77.66887,12.92323],[77.66004,12.91515],[77.65995,12.9099],[77.65655,12.90919],[77.6548,12.90178],[77.65668,12.89748],[77.64903,12.89092],[77.6439,12.89138],[77.64361,12.88764],[77.65501,12.88057],[77.65657,12.88503],[77.67402,12.88428],[77.67397,12.87985],[77.67138,12.88027],[77.67532,12.87258],[77.67967,12.86905],[77.68786,12.86811],[77.68678,12.86338],[77.68182,12.84541],[77.67659,12.84261],[77.66381,12.84111],[77.66489,12.83661],[77.66118,12.83445],[77.64899,12.83943],[77.63908,12.84002],[77.62131,12.83476],[77.61449,12.83907],[77.60523,12.83523],[77.6035,12.83199],[77.6005,12.83385],[77.59471,12.83306],[77.59056,12.83559],[77.58702,12.83349],[77.57904,12.83826],[77.56256,12.83897],[77.55741,12.84184],[77.55488,12.84785],[77.55149,12.84801],[77.54876,12.83982],[77.54534,12.83805],[77.54753,12.83557],[77.53872,12.80495],[77.53925,12.79873],[77.54763,12.78989],[77.54944,12.7853],[77.54385,12.77584],[77.55168,12.77243],[77.5461,12.76955],[77.54095,12.74812],[77.5347,12.75592],[77.52181,12.73168],[77.51711,12.73574],[77.51955,12.74194],[77.51277,12.7468],[77.50794,12.7376],[77.50285,12.73565],[77.50268,12.73719],[77.4931,12.74005],[77.4927,12.74157],[77.48643,12.74281],[77.48446,12.74778],[77.476,12.75256],[77.47397,12.75661],[77.47632,12.76066],[77.47408,12.76458],[77.47852,12.78053],[77.47663,12.7849],[77.47188,12.78858],[77.47,12.79394],[77.47134,12.79804],[77.47961,12.79903],[77.48312,12.8023],[77.47776,12.80644],[77.47878,12.81145],[77.47635,12.80983],[77.47629,12.81194],[77.47108,12.81153],[77.46111,12.80733],[77.45466,12.81666],[77.44924,12.81873],[77.44401,12.80665],[77.44026,12.80987],[77.43622,12.80968],[77.4335,12.82342],[77.41991,12.82624],[77.42249,12.83556],[77.42996,12.83968],[77.43468,12.83869],[77.43398,12.84451],[77.4377,12.84974],[77.42749,12.85101],[77.42924,12.85678],[77.42553,12.85918],[77.41877,12.86935],[77.43059,12.87019],[77.4313,12.87491],[77.42813,12.87555],[77.41855,12.87139],[77.41529,12.87174],[77.41596,12.87523],[77.40819,12.87557],[77.40259,12.87099],[77.40208,12.86564],[77.39492,12.86973],[77.39515,12.86675],[77.39199,12.86526],[77.38983,12.86041],[77.37998,12.85733],[77.37943,12.85525],[77.36984,12.85685],[77.36615,12.87025],[77.34523,12.86996],[77.34498,12.87645],[77.33661,12.87689],[77.33667,12.88318],[77.33211,12.88714],[77.34355,12.88877],[77.33885,12.91065],[77.34029,12.93358],[77.33599,12.93237]]]},"properties":{"taluk":"Bengaluru South","district":"Bengaluru Urban","region_id":"subdistrict_5543","level":"taluk"}},{"type":"Feature","geometry":{"type":"MultiPolygon","coordinates":[[[[77.67093,13.10838],[77.66018,13.10844],[77.66081,13.11042],[77.64376,13.11442],[77.63933,13.11367],[77.63702,13.10627],[77.65032,13.10466],[77.6427,13.08689],[77.64662,13.08507],[77.64153,13.07732],[77.63835,13.07526],[77.63376,13.07716],[77.63257,13.07179],[77.62797,13.07228],[77.62246,13.06445],[77.61871,13.06287],[77.61576,13.0626],[77.60901,13.06694],[77.60836,13.06418],[77.59886,13.05524],[77.59154,13.0575],[77.58885,13.04882],[77.58413,13.04527],[77.57654,13.05021],[77.57343,13.04894],[77.57226,13.05119],[77.5613,13.05396],[77.5601,13.04756],[77.5559,13.04827],[77.55081,13.05367],[77.54926,13.05011],[77.53565,13.05158],[77.53472,13.05027],[77.53908,13.04457],[77.53925,13.03307],[77.53437,13.0344],[77.5362,13.0408],[77.53172,13.04213],[77.53204,13.04397],[77.52252,13.04642],[77.52407,13.04909],[77.52787,13.04959],[77.53107,13.05258],[77.52951,13.05493],[77.53337,13.05782],[77.53503,13.06304],[77.53393,13.06738],[77.53083,13.06991],[77.53001,13.08226],[77.53697,13.08378],[77.5408,13.08993],[77.53545,13.09017],[77.53439,13.09214],[77.51598,13.09352],[77.5049,13.09905],[77.50328,13.09388],[77.49401,13.09453],[77.49102,13.08421],[77.47913,13.08385],[77.46993,13.08649],[77.46836,13.08844],[77.47285,13.09418],[77.47202,13.10382],[77.47695,13.11267],[77.47622,13.11913],[77.47497,13.12104],[77.46761,13.1183],[77.45594,13.1292],[77.46381,13.12702],[77.46584,13.13434],[77.45477,13.13596],[77.45479,13.14252],[77.45277,13.14508],[77.46168,13.16169],[77.46899,13.1623],[77.46866,13.17372],[77.47502,13.1833],[77.47824,13.19544],[77.47891,13.2069],[77.47348,13.20707],[77.47438,13.2151],[77.47788,13.22216],[77.47921,13.22421],[77.48321,13.22278],[77.49971,13.22711],[77.50687,13.22406],[77.50793,13.22712],[77.51204,13.22605],[77.51151,13.22287],[77.51847,13.2206],[77.51838,13.21426],[77.52009,13.21414],[77.51816,13.20945],[77.52138,13.21085],[77.52133,13.20686],[77.52229,13.21367],[77.52647,13.22166],[77.53725,13.21907],[77.53869,13.22564],[77.54169,13.2263],[77.54332,13.23308],[77.54936,13.23163],[77.55171,13.23468],[77.55955,13.23199],[77.55738,13.21988],[77.56954,13.21599],[77.57151,13.20732],[77.56975,13.20749],[77.56766,13.20156],[77.57505,13.19833],[77.59959,13.19409],[77.60372,13.20261],[77.61619,13.20321],[77.61394,13.20559],[77.62318,13.20681],[77.63782,13.20485],[77.63703,13.20276],[77.64321,13.20059],[77.65722,13.1993],[77.65314,13.19142],[77.65051,13.19023],[77.66139,13.18447],[77.671,13.1853],[77.67124,13.19175],[77.67436,13.19021],[77.67981,13.19086],[77.6869,13.19376],[77.68701,13.20306],[77.69049,13.20288],[77.6948,13.19427],[77.69998,13.19027],[77.70896,13.19024],[77.71355,13.1963],[77.72724,13.19253],[77.72934,13.18582],[77.72662,13.17609],[77.73026,13.17351],[77.72728,13.16912],[77.73075,13.1652],[77.72908,13.16185],[77.73342,13.1601],[77.73005,13.15555],[77.7284,13.14578],[77.73298,13.14482],[77.73377,13.14288],[77.72906,13.13329],[77.73003,13.13132],[77.7241,13.12541],[77.72675,13.12605],[77.73358,13.1233],[77.73211,13.11432],[77.72256,13.11192],[77.72195,13.093],[77.71389,13.09098],[77.71147,13.09573],[77.70183,13.10033],[77.7005,13.10289],[77.67855,13.10019],[77.67093,13.10838]],[[77.47548,13.10684],[77.47709,13.10599],[77.47968,13.11081],[77.47618,13.10972],[77.47548,13.10684]]],[[[77.527,13.02152],[77.5343,13.03199],[77.54495,13.02428],[77.5468,13.0133],[77.54371,13.01208],[77.54064,13.00454],[77.5328,13.01078],[77.5322,13.01422],[77.52852,13.01548],[77.527,13.02152]]],[[[77.59667,13.04558],[77.59631,13.04893],[77.59679,13.0491],[77.5979,13.05365],[77.59869,13.05508],[77.59878,13.05513],[77.60747,13.05128],[77.60686,13.04629],[77.5991,13.0472],[77.59667,13.04558]]]]},"properties":{"taluk":"Yelahanka","district":"Bengaluru Urban","region_id":"subdistrict_7103","level":"taluk"}},{"type":"Feature","geometry":{"type":"Polygon","coordinates":[[[77.70907,13.36558],[77.71765,13.36332],[77.71773,13.35286],[77.71587,13.35108],[77.72805,13.35101],[77.72977,13.36078],[77.72627,13.36144],[77.7276,13.36155],[77.72623,13.36238],[77.72616,13.36288],[77.73602,13.35897],[77.73699,13.36076],[77.74466,13.35358],[77.7439,13.3572],[77.74088,13.3595],[77.74192,13.36099],[77.7485,13.35876],[77.75088,13.36045],[77.7513,13.36364],[77.75451,13.36457],[77.77223,13.35734],[77.77283,13.35499],[77.77992,13.35228],[77.79114,13.35209],[77.79105,13.34579],[77.7945,13.34198],[77.79847,13.33915],[77.80992,13.33612],[77.80901,13.33326],[77.82729,13.3248],[77.82394,13.31872],[77.8254,13.31578],[77.82216,13.31273],[77.81891,13.31393],[77.81745,13.31033],[77.81463,13.30988],[77.81217,13.3123],[77.81363,13.31578],[77.81103,13.31675],[77.80455,13.31123],[77.81513,13.30925],[77.81454,13.30377],[77.8286,13.30376],[77.8283,13.2999],[77.83013,13.29873],[77.82914,13.28949],[77.82221,13.29101],[77.82282,13.29575],[77.81703,13.29611],[77.80929,13.26205],[77.82184,13.2573],[77.81901,13.25467],[77.8172,13.25537],[77.81133,13.24677],[77.80788,13.24694],[77.80626,13.24154],[77.81401,13.23863],[77.81975,13.25166],[77.83394,13.24466],[77.83275,13.23801],[77.8269,13.2271],[77.82395,13.22738],[77.82503,13.2255],[77.82269,13.22785],[77.81881,13.22543],[77.81588,13.22627],[77.81212,13.20618],[77.78771,13.21063],[77.78552,13.1987],[77.78791,13.19392],[77.78465,13.18714],[77.78108,13.1856],[77.78337,13.18355],[77.78124,13.18112],[77.78278,13.17688],[77.78076,13.17434],[77.78371,13.17118],[77.7801,13.16801],[77.77847,13.16084],[77.77682,13.16119],[77.77415,13.15521],[77.76669,13.1482],[77.76796,13.14338],[77.76574,13.139],[77.76751,13.13408],[77.76334,13.13135],[77.76382,13.1274],[77.75906,13.12198],[77.76179,13.12186],[77.76179,13.1128],[77.74787,13.11607],[77.73211,13.11432],[77.73358,13.1233],[77.72675,13.12605],[77.7241,13.12541],[77.73003,13.13132],[77.72906,13.13329],[77.73377,13.14288],[77.73298,13.14482],[77.7284,13.14578],[77.73005,13.15555],[77.73342,13.1601],[77.72908,13.16185],[77.73075,13.1652],[77.72728,13.16912],[77.73026,13.17351],[77.72662,13.17609],[77.72934,13.18582],[77.72724,13.19253],[77.71355,13.1963],[77.70896,13.19024],[77.69998,13.19027],[77.6948,13.19427],[77.69049,13.20288],[77.68701,13.20306],[77.6869,13.19376],[77.67981,13.19086],[77.67436,13.19021],[77.67124,13.19175],[77.671,13.1853],[77.66139,13.18447],[77.65051,13.19023],[77.65314,13.19142],[77.65722,13.1993],[77.64321,13.20059],[77.63703,13.20276],[77.63782,13.20485],[77.62318,13.20681],[77.61394,13.20559],[77.61619,13.20321],[77.6126,13.20209],[77.60372,13.20261],[77.59959,13.19409],[77.59209,13.19601],[77.59051,13.19491],[77.56766,13.20156],[77.56975,13.20749],[77.57151,13.20732],[77.56954,13.21599],[77.55738,13.21988],[77.56109,13.23875],[77.56798,13.2345],[77.57005,13.23815],[77.57155,13.24458],[77.56382,13.24586],[77.56397,13.24766],[77.57167,13.24804],[77.57245,13.25836],[77.575,13.2601],[77.57511,13.27045],[77.58032,13.27163],[77.58189,13.2751],[77.58988,13.27707],[77.59411,13.27567],[77.60463,13.28305],[77.60125,13.29005],[77.60194,13.29677],[77.61125,13.29976],[77.61108,13.31264],[77.61474,13.31275],[77.62195,13.30879],[77.62711,13.31527],[77.62971,13.31547],[77.6297,13.32955],[77.64243,13.32845],[77.64427,13.32623],[77.65648,13.32371],[77.66206,13.33019],[77.66238,13.33966],[77.66739,13.34733],[77.68017,13.34498],[77.68297,13.35276],[77.68806,13.34956],[77.68894,13.34489],[77.69281,13.34314],[77.69664,13.33641],[77.69891,13.33602],[77.70367,13.34305],[77.70357,13.34572],[77.69914,13.34734],[77.69877,13.35879],[77.70548,13.36197],[77.70777,13.36129],[77.70862,13.36365],[77.71037,13.36345],[77.70907,13.36558]]]},"properties":{"taluk":"Devanahalli","district":"Bengaluru Rural","region_id":"subdistrict_5603","level":"taluk"}},{"type":"Feature","geometry":{"type":"Polygon","coordinates":[[[77.34912,13.4452],[77.34891,13.4572],[77.35615,13.46197],[77.36556,13.46208],[77.36704,13.46966],[77.3736,13.47085],[77.3708,13.47792],[77.37296,13.48322],[77.37626,13.48434],[77.37857,13.49323],[77.38495,13.49923],[77.3996,13.493],[77.40778,13.49585],[77.41593,13.49101],[77.41674,13.4843],[77.42626,13.48218],[77.42291,13.47146],[77.4348,13.46852],[77.43417,13.46409],[77.43625,13.46302],[77.44358,13.46131],[77.44839,13.46236],[77.45118,13.4653],[77.45454,13.46577],[77.45504,13.46399],[77.45489,13.46856],[77.45693,13.46885],[77.46162,13.46283],[77.47183,13.46919],[77.47706,13.46631],[77.48356,13.4672],[77.48819,13.46156],[77.49369,13.45851],[77.50646,13.45629],[77.5044,13.4451],[77.5164,13.44347],[77.51609,13.4398],[77.52078,13.43188],[77.5356,13.43054],[77.53818,13.43595],[77.54464,13.4369],[77.55087,13.43465],[77.55081,13.41836],[77.58671,13.42162],[77.58857,13.41848],[77.59239,13.41855],[77.59289,13.42186],[77.59046,13.42147],[77.58925,13.43623],[77.59905,13.43631],[77.60235,13.44207],[77.60437,13.44061],[77.60794,13.42384],[77.61591,13.41911],[77.60888,13.41457],[77.60579,13.41604],[77.59987,13.41475],[77.59894,13.41106],[77.60138,13.41124],[77.59886,13.40642],[77.60117,13.40475],[77.60336,13.39747],[77.60668,13.39804],[77.60806,13.40028],[77.60756,13.40789],[77.61594,13.40091],[77.6204,13.40254],[77.61755,13.39371],[77.61241,13.3859],[77.62081,13.38262],[77.62091,13.37519],[77.6271,13.37699],[77.6328,13.37553],[77.63605,13.38593],[77.63756,13.3847],[77.63825,13.39393],[77.64735,13.39176],[77.64991,13.39267],[77.65331,13.39809],[77.65758,13.39775],[77.65751,13.39235],[77.65104,13.38643],[77.659,13.38235],[77.66118,13.37578],[77.65623,13.37135],[77.65683,13.3622],[77.65526,13.35706],[77.66695,13.35054],[77.66745,13.34649],[77.66238,13.33966],[77.66206,13.33019],[77.65415,13.32297],[77.64294,13.32683],[77.64243,13.32845],[77.6297,13.32955],[77.62971,13.31547],[77.62711,13.31527],[77.62195,13.30879],[77.61474,13.31275],[77.61108,13.31264],[77.61125,13.29976],[77.60194,13.29677],[77.60125,13.29005],[77.60463,13.28305],[77.59411,13.27567],[77.58988,13.27707],[77.58189,13.2751],[77.58032,13.27163],[77.57511,13.27045],[77.575,13.2601],[77.57245,13.25836],[77.57167,13.24804],[77.56401,13.24793],[77.56382,13.24586],[77.57171,13.24417],[77.56798,13.2345],[77.56109,13.23875],[77.55901,13.23218],[77.55171,13.23468],[77.54936,13.23163],[77.54332,13.23308],[77.54169,13.2263],[77.53869,13.22564],[77.53725,13.21907],[77.52647,13.22166],[77.52229,13.21367],[77.52202,13.20816],[77.52133,13.20686],[77.52138,13.21085],[77.51816,13.20945],[77.52009,13.21414],[77.51838,13.21426],[77.51847,13.2206],[77.51151,13.22287],[77.51204,13.22605],[77.50793,13.22712],[77.50687,13.22406],[77.49971,13.22711],[77.48321,13.22278],[77.47921,13.22421],[77.47438,13.2151],[77.47348,13.20707],[77.47891,13.2069],[77.47824,13.19544],[77.47502,13.1833],[77.46866,13.17372],[77.46899,13.1623],[77.46064,13.16038],[77.44299,13.16689],[77.42844,13.1656],[77.41575,13.1722],[77.39351,13.17769],[77.39306,13.18445],[77.3881,13.19196],[77.38982,13.20262],[77.37307,13.20762],[77.37427,13.21751],[77.37649,13.22147],[77.37607,13.22535],[77.3721,13.2298],[77.37384,13.25981],[77.36353,13.26311],[77.3568,13.25943],[77.35553,13.25672],[77.34243,13.25939],[77.33639,13.26754],[77.3356,13.2748],[77.33008,13.276],[77.31654,13.28444],[77.31662,13.28633],[77.32357,13.28725],[77.34369,13.27973],[77.3475,13.29202],[77.35041,13.29142],[77.35096,13.29356],[77.35064,13.30134],[77.34596,13.31228],[77.34666,13.31517],[77.34245,13.31683],[77.33851,13.32884],[77.33927,13.33425],[77.34379,13.33759],[77.34594,13.34928],[77.34246,13.35027],[77.34155,13.35503],[77.34255,13.3659],[77.34537,13.37326],[77.33916,13.37434],[77.34358,13.38523],[77.3419,13.40162],[77.34729,13.41802],[77.35632,13.41423],[77.3618,13.41513],[77.36509,13.42656],[77.36267,13.43604],[77.35424,13.43915],[77.34912,13.4452]]]},"properties":{"taluk":"Dodda Ballapur","district":"Bengaluru Rural","region_id":"subdistrict_5602","level":"taluk"}},{"type":"Feature","geometry":{"type":"Polygon","coordinates":[[[77.77474,13.04552],[77.77698,13.04649],[77.776,13.04834],[77.77007,13.04838],[77.77052,13.05422],[77.76799,13.05697],[77.76725,13.06463],[77.75835,13.07374],[77.75894,13.07741],[77.7609,13.07775],[77.76016,13.08142],[77.76555,13.08147],[77.76692,13.08809],[77.76414,13.10255],[77.7665,13.10763],[77.76179,13.1128],[77.76179,13.12186],[77.75906,13.12198],[77.76382,13.1274],[77.76334,13.13135],[77.76751,13.13408],[77.76574,13.139],[77.76796,13.14338],[77.76695,13.14874],[77.77415,13.15521],[77.78077,13.16557],[77.78061,13.16881],[77.78316,13.16941],[77.78367,13.17191],[77.78076,13.17434],[77.78278,13.17688],[77.78124,13.18112],[77.78337,13.18355],[77.78108,13.1856],[77.78465,13.18714],[77.78791,13.19392],[77.78552,13.1987],[77.78771,13.21063],[77.81212,13.20618],[77.81588,13.22627],[77.81881,13.22543],[77.82269,13.22785],[77.82503,13.2255],[77.82395,13.22738],[77.8269,13.2271],[77.83275,13.23801],[77.83401,13.24498],[77.85011,13.24132],[77.84854,13.22051],[77.84997,13.21871],[77.85956,13.21999],[77.85794,13.22145],[77.85776,13.22736],[77.86319,13.24075],[77.86509,13.23702],[77.87676,13.23424],[77.8799,13.23931],[77.87328,13.24446],[77.877,13.24625],[77.87977,13.25211],[77.88816,13.25004],[77.89133,13.25754],[77.90481,13.2546],[77.90619,13.25232],[77.9051,13.24546],[77.90235,13.24214],[77.89156,13.23567],[77.90667,13.2325],[77.9142,13.23162],[77.91501,13.23975],[77.9295,13.23894],[77.93543,13.24583],[77.94551,13.24379],[77.94807,13.2505],[77.95624,13.24907],[77.96558,13.24444],[77.9642,13.23218],[77.95598,13.22789],[77.9542,13.22236],[77.95112,13.22331],[77.94927,13.21978],[77.94629,13.2187],[77.94667,13.21432],[77.9495,13.21386],[77.952,13.21435],[77.95204,13.21846],[77.95773,13.21842],[77.95428,13.20519],[77.9563,13.20389],[77.95622,13.20073],[77.96134,13.19948],[77.9608,13.19581],[77.96356,13.19218],[77.96113,13.18286],[77.95868,13.18284],[77.9557,13.17633],[77.95529,13.16442],[77.95281,13.16034],[77.9589,13.15819],[77.95745,13.15288],[77.96055,13.15149],[77.95464,13.14229],[77.95749,13.12944],[77.9554,13.12563],[77.94832,13.12708],[77.94633,13.12342],[77.93795,13.12587],[77.9359,13.11412],[77.93942,13.10941],[77.93354,13.10825],[77.92589,13.11019],[77.92379,13.11665],[77.91512,13.11744],[77.91348,13.10989],[77.9082,13.10807],[77.90123,13.10196],[77.90564,13.09642],[77.91174,13.09428],[77.91518,13.08556],[77.912,13.07845],[77.918,13.07849],[77.92693,13.08198],[77.92622,13.07502],[77.93161,13.07416],[77.93843,13.0784],[77.93928,13.08393],[77.94149,13.07776],[77.9416,13.06912],[77.9381,13.06673],[77.92764,13.06875],[77.92193,13.06026],[77.91874,13.05109],[77.91486,13.0494],[77.9008,13.0511],[77.89827,13.05386],[77.89236,13.05474],[77.89005,13.04944],[77.89487,13.04591],[77.88914,13.04525],[77.88764,13.03717],[77.8937,13.03506],[77.89058,13.0235],[77.8874,13.01892],[77.88629,13.00986],[77.87893,13.006],[77.8725,12.99499],[77.87044,12.98576],[77.87136,12.9737],[77.86449,12.97323],[77.86486,12.96575],[77.87142,12.96067],[77.86701,12.95053],[77.8736,12.9456],[77.87217,12.94096],[77.86753,12.93377],[77.85761,12.93535],[77.85084,12.93127],[77.84782,12.92617],[77.84086,12.92537],[77.8422,12.91425],[77.84544,12.91646],[77.85652,12.91686],[77.86043,12.91578],[77.8594,12.9057],[77.85104,12.89155],[77.85395,12.88431],[77.85304,12.87672],[77.86537,12.87716],[77.8676,12.8677],[77.85716,12.869],[77.85719,12.86762],[77.85052,12.86587],[77.84766,12.86912],[77.83876,12.86941],[77.83187,12.87421],[77.83231,12.88238],[77.83003,12.88945],[77.82118,12.9024],[77.82248,12.90684],[77.82103,12.91195],[77.8165,12.916],[77.8168,12.9217],[77.82966,12.91965],[77.83277,12.92337],[77.83184,12.92562],[77.82232,12.92872],[77.82035,12.92494],[77.81632,12.92569],[77.8097,12.93429],[77.80322,12.91943],[77.79769,12.91864],[77.79838,12.92562],[77.78253,12.92811],[77.77687,12.93224],[77.778,12.93578],[77.775,12.93954],[77.76514,12.94239],[77.76549,12.94543],[77.77273,12.95151],[77.76688,12.95958],[77.77209,12.96593],[77.77763,12.96816],[77.78406,12.96673],[77.7832,12.9709],[77.77863,12.97058],[77.7762,12.97514],[77.77838,12.97796],[77.77467,12.98046],[77.77691,12.98519],[77.77561,12.99151],[77.77412,12.99189],[77.77475,13.00112],[77.77256,13.00253],[77.77557,13.00355],[77.77584,13.00576],[77.77335,13.0064],[77.77414,13.01316],[77.77172,13.01524],[77.77632,13.02234],[77.77788,13.03009],[77.78155,13.03333],[77.779,13.03458],[77.77474,13.04552]]]},"properties":{"taluk":"Hosakote","district":"Bengaluru Rural","region_id":"subdistrict_5604","level":"taluk"}},{"type":"Feature","geometry":{"type":"Polygon","coordinates":[[[77.28158,13.31083],[77.30908,13.31007],[77.31199,13.32063],[77.32033,13.32373],[77.32983,13.33021],[77.33853,13.32884],[77.34245,13.31683],[77.34666,13.31517],[77.34648,13.3102],[77.35064,13.30134],[77.35041,13.29142],[77.3475,13.29202],[77.34369,13.27973],[77.32357,13.28725],[77.31662,13.28633],[77.31654,13.28444],[77.33008,13.276],[77.3356,13.2748],[77.33639,13.26754],[77.34243,13.25939],[77.35553,13.25672],[77.3568,13.25943],[77.36353,13.26311],[77.37384,13.25981],[77.3721,13.2298],[77.37607,13.22535],[77.37649,13.22147],[77.37427,13.21751],[77.37307,13.20762],[77.38982,13.20262],[77.3881,13.19196],[77.39306,13.18445],[77.39267,13.17828],[77.41575,13.1722],[77.43248,13.16488],[77.41272,13.12626],[77.4091,13.12261],[77.40335,13.12101],[77.40382,13.12794],[77.3996,13.12758],[77.39736,13.11618],[77.40145,13.11504],[77.40128,13.10944],[77.41792,13.1028],[77.41631,13.09813],[77.4201,13.0967],[77.41695,13.09115],[77.42204,13.08904],[77.42157,13.08433],[77.43011,13.08358],[77.42478,13.06769],[77.41677,13.06886],[77.41472,13.07241],[77.4122,13.07253],[77.39726,13.07162],[77.39686,13.06983],[77.3841,13.06678],[77.38222,13.05583],[77.39177,13.05533],[77.39383,13.05323],[77.39081,13.02583],[77.37852,13.02733],[77.37693,13.02994],[77.37693,13.01665],[77.37079,13.01634],[77.36997,13.00868],[77.37295,13.00428],[77.37031,12.9997],[77.37201,12.99215],[77.36745,12.99089],[77.36533,12.98788],[77.35962,12.98857],[77.35524,12.98557],[77.35366,12.97819],[77.3499,12.97434],[77.33887,12.97242],[77.33762,12.97837],[77.3287,12.977],[77.32605,12.99337],[77.32113,13.00445],[77.32168,13.00877],[77.32813,13.00931],[77.32576,13.02186],[77.33053,13.02757],[77.32881,13.03107],[77.33059,13.04792],[77.32193,13.04903],[77.31067,13.04626],[77.30863,13.05689],[77.30953,13.08594],[77.31377,13.10681],[77.30317,13.11091],[77.29858,13.10869],[77.29199,13.11057],[77.291,13.12094],[77.28698,13.12045],[77.28496,13.13374],[77.28076,13.13501],[77.27891,13.13508],[77.27689,13.12047],[77.27385,13.11868],[77.26679,13.11981],[77.26491,13.13158],[77.26706,13.13473],[77.26732,13.14336],[77.27148,13.14382],[77.27254,13.14179],[77.27448,13.14289],[77.27418,13.15351],[77.2698,13.15405],[77.26543,13.1516],[77.24672,13.15321],[77.24041,13.14576],[77.2317,13.14726],[77.23068,13.14511],[77.22642,13.14562],[77.22153,13.14626],[77.22184,13.14841],[77.21548,13.14878],[77.213,13.15345],[77.21362,13.15717],[77.21653,13.1591],[77.21608,13.16529],[77.2075,13.17327],[77.20586,13.18099],[77.20272,13.18209],[77.20652,13.18833],[77.20697,13.19728],[77.2036,13.19703],[77.20246,13.19447],[77.19862,13.19524],[77.1993,13.20272],[77.19409,13.20937],[77.19338,13.22533],[77.18847,13.22517],[77.18361,13.23004],[77.18515,13.23824],[77.18966,13.23791],[77.19101,13.24146],[77.19063,13.24592],[77.18474,13.25658],[77.18837,13.27554],[77.19346,13.27357],[77.19319,13.26944],[77.19989,13.26839],[77.20498,13.263],[77.21528,13.26158],[77.21964,13.26284],[77.22215,13.26751],[77.21952,13.27355],[77.22272,13.29652],[77.22896,13.31414],[77.23201,13.31346],[77.23404,13.31025],[77.23723,13.31089],[77.24186,13.30588],[77.24228,13.30257],[77.24741,13.30183],[77.25299,13.30273],[77.25474,13.30875],[77.27025,13.31091],[77.26948,13.30614],[77.27541,13.29755],[77.28217,13.29704],[77.2807,13.3008],[77.28158,13.31083]]]},"properties":{"taluk":"Nelamangala","district":"Bengaluru Rural","region_id":"subdistrict_5601","level":"taluk"}},{"type":"Feature","geometry":{"type":"Polygon","coordinates":[[[75.3589,16.87114],[75.36921,16.86669],[75.37515,16.86709],[75.39503,16.863],[75.38143,16.83408],[75.37887,16.82317],[75.3788,16.79844],[75.38108,16.79856],[75.38597,16.7635],[75.38515,16.76144],[75.37945,16.76232],[75.3665,16.75982],[75.3665,16.7434],[75.36241,16.73011],[75.36547,16.72251],[75.36359,16.72013],[75.36492,16.71736],[75.36231,16.7143],[75.31675,16.71854],[75.28789,16.71436],[75.26461,16.69162],[75.26282,16.68037],[75.26812,16.64094],[75.26183,16.61997],[75.25549,16.61859],[75.25849,16.61245],[75.25659,16.60958],[75.25986,16.60735],[75.25161,16.60477],[75.23254,16.61422],[75.21718,16.6149],[75.20137,16.60827],[75.18005,16.6039],[75.16674,16.59601],[75.15912,16.5873],[75.15803,16.57187],[75.15902,16.56657],[75.1663,16.55426],[75.16712,16.54504],[75.1628,16.53326],[75.15825,16.52888],[75.132,16.52143],[75.12464,16.50996],[75.12023,16.50662],[75.11555,16.50517],[75.10927,16.50687],[75.10267,16.51408],[75.0993,16.5273],[75.08895,16.53942],[75.08626,16.55422],[75.08172,16.56065],[75.07164,16.56667],[75.06747,16.55011],[75.06731,16.53906],[75.00731,16.5382],[75.00871,16.54285],[75.00525,16.55126],[74.99552,16.56442],[74.99471,16.57468],[74.98521,16.57471],[74.96495,16.58516],[74.96219,16.58743],[74.96154,16.59742],[74.95826,16.60782],[74.95261,16.60919],[74.95287,16.61273],[74.9408,16.61831],[74.94934,16.64387],[74.95926,16.65799],[74.96388,16.66004],[74.96412,16.66567],[74.96035,16.67382],[74.96197,16.67803],[74.96542,16.67878],[74.96833,16.72902],[74.96232,16.74135],[74.96027,16.75082],[74.95621,16.7522],[74.95565,16.75583],[74.93917,16.75702],[74.92676,16.7556],[74.92754,16.76456],[74.92409,16.7678],[74.91989,16.76853],[74.9187,16.77487],[74.91032,16.78982],[74.91011,16.81567],[74.90822,16.82374],[74.90994,16.83644],[74.90731,16.85032],[74.90135,16.86263],[74.92599,16.86396],[74.92355,16.86718],[74.92526,16.86754],[74.9254,16.87222],[74.9352,16.87096],[74.93559,16.87893],[74.94445,16.88248],[74.94457,16.88114],[74.96028,16.88101],[74.96372,16.91077],[74.95851,16.90532],[74.95453,16.90509],[74.95503,16.90996],[74.94334,16.91112],[74.93818,16.91704],[74.93272,16.9186],[74.93386,16.92399],[74.92141,16.92968],[74.92318,16.93956],[74.93063,16.94216],[74.93131,16.94483],[74.93667,16.94479],[74.94297,16.94041],[74.94716,16.94011],[74.95,16.93393],[74.95928,16.92779],[74.96293,16.92813],[74.96502,16.929],[74.96468,16.93098],[74.9598,16.93371],[74.95888,16.9373],[74.96004,16.93986],[74.96704,16.94124],[74.96412,16.94754],[74.97349,16.95103],[74.99479,16.952],[75.00541,16.94665],[75.02688,16.94486],[75.02512,16.93931],[75.02577,16.92872],[75.02631,16.93224],[75.03583,16.9332],[75.03774,16.9359],[75.03999,16.93594],[75.04119,16.94065],[75.04519,16.94231],[75.06114,16.94163],[75.07271,16.94671],[75.07462,16.95048],[75.0782,16.94927],[75.09014,16.95202],[75.09238,16.94028],[75.09234,16.92593],[75.09611,16.91394],[75.11753,16.91352],[75.12004,16.90238],[75.13496,16.89467],[75.13266,16.88997],[75.13625,16.87442],[75.15554,16.86805],[75.16476,16.86703],[75.17646,16.86798],[75.18881,16.87499],[75.18189,16.84346],[75.21749,16.8419],[75.22799,16.84345],[75.23771,16.86769],[75.2655,16.86314],[75.273,16.86924],[75.28251,16.88101],[75.28981,16.9047],[75.28244,16.91208],[75.28003,16.92371],[75.27952,16.95686],[75.34159,16.95621],[75.34311,16.95286],[75.34201,16.946],[75.33446,16.91208],[75.33581,16.86887],[75.33969,16.87055],[75.3589,16.87114]]]},"properties":{"taluk":"Athni","district":"Belagavi","region_id":"subdistrict_5434","level":"taluk"}},{"type":"Feature","geometry":{"type":"Polygon","coordinates":[[[74.92955,15.62298],[74.91249,15.63049],[74.89107,15.63056],[74.88722,15.62982],[74.88195,15.62358],[74.87764,15.62218],[74.87803,15.61706],[74.85566,15.61222],[74.85055,15.63122],[74.84724,15.6285],[74.8377,15.62657],[74.83713,15.62948],[74.83445,15.62939],[74.83383,15.63691],[74.84548,15.64054],[74.85267,15.64829],[74.84978,15.665],[74.85324,15.66473],[74.85387,15.66767],[74.86039,15.66899],[74.86263,15.66374],[74.86978,15.66319],[74.87749,15.67508],[74.87005,15.67592],[74.86835,15.68242],[74.86287,15.68137],[74.85995,15.69359],[74.86173,15.69427],[74.86138,15.70867],[74.85328,15.72289],[74.84542,15.72176],[74.84587,15.7148],[74.84112,15.71423],[74.84317,15.70046],[74.83479,15.69758],[74.82883,15.70597],[74.81902,15.70557],[74.81681,15.70644],[74.81542,15.71062],[74.81343,15.71026],[74.81396,15.70818],[74.80848,15.7083],[74.81045,15.70345],[74.79375,15.69977],[74.79291,15.70275],[74.79766,15.70764],[74.79557,15.70899],[74.79363,15.71993],[74.79106,15.72347],[74.79192,15.72594],[74.79805,15.7282],[74.79363,15.73167],[74.79015,15.73117],[74.78619,15.72327],[74.77886,15.7219],[74.7729,15.71811],[74.76426,15.72177],[74.75882,15.71861],[74.75609,15.72327],[74.74723,15.72691],[74.7448,15.72354],[74.74642,15.71603],[74.74353,15.71058],[74.74615,15.70792],[74.7503,15.7109],[74.75066,15.70808],[74.74767,15.70455],[74.73863,15.70308],[74.73501,15.7065],[74.72884,15.70826],[74.72464,15.71419],[74.72074,15.71537],[74.71996,15.71846],[74.71794,15.71823],[74.71164,15.743],[74.71481,15.74832],[74.70407,15.74668],[74.69716,15.74816],[74.69659,15.7518],[74.68214,15.74778],[74.68159,15.74602],[74.68002,15.75321],[74.67393,15.75194],[74.67526,15.75368],[74.66988,15.75574],[74.6711,15.7711],[74.66812,15.78061],[74.66612,15.78023],[74.66523,15.79096],[74.66952,15.79255],[74.66716,15.80337],[74.63912,15.80564],[74.63225,15.80304],[74.63087,15.81359],[74.63708,15.81638],[74.63722,15.8192],[74.63902,15.81927],[74.63871,15.82184],[74.64157,15.8244],[74.63787,15.83643],[74.65113,15.84571],[74.658,15.84775],[74.65921,15.85031],[74.66188,15.84751],[74.66906,15.84636],[74.67756,15.84766],[74.67949,15.84902],[74.67941,15.85186],[74.68335,15.85229],[74.68947,15.85876],[74.69029,15.86259],[74.69824,15.86802],[74.6995,15.87452],[74.69775,15.8838],[74.6918,15.90141],[74.68888,15.90142],[74.68041,15.9108],[74.68254,15.91842],[74.69019,15.92226],[74.69265,15.92584],[74.69181,15.92931],[74.68421,15.93445],[74.68709,15.94349],[74.69502,15.94492],[74.6973,15.94854],[74.69334,15.95018],[74.69738,15.95519],[74.7194,15.96638],[74.72888,15.96795],[74.73913,15.9787],[74.75029,15.97679],[74.75753,15.98012],[74.7661,15.98961],[74.80103,15.99186],[74.8445,15.98956],[74.84362,15.97238],[74.84105,15.96258],[74.83116,15.95188],[74.83015,15.94373],[74.83435,15.92127],[74.84127,15.90275],[74.82984,15.89658],[74.8114,15.89019],[74.80172,15.88321],[74.81031,15.84853],[74.81418,15.84776],[74.82104,15.83905],[74.83248,15.83633],[74.86404,15.84154],[74.86476,15.8307],[74.86826,15.83099],[74.86997,15.82798],[74.87708,15.82683],[74.87752,15.82227],[74.88288,15.82223],[74.88291,15.81965],[74.8919,15.80882],[74.89848,15.81019],[74.90118,15.7914],[74.93472,15.78938],[74.94137,15.77295],[74.94325,15.78351],[74.95187,15.78319],[74.95331,15.78035],[74.95208,15.77456],[74.95905,15.76165],[74.96212,15.72666],[74.98533,15.73146],[75.00133,15.73104],[75.00136,15.72354],[75.00379,15.72118],[75.00408,15.71629],[75.00972,15.71477],[75.01002,15.71169],[75.01299,15.71153],[75.01035,15.68873],[74.99495,15.68641],[74.99162,15.65096],[74.97866,15.64829],[74.96694,15.65308],[74.96424,15.64541],[74.9652,15.62641],[74.94488,15.62245],[74.92955,15.62298]]]},"properties":{"taluk":"Bailahongala","district":"Belagavi","region_id":"subdistrict_5440","level":"taluk"}},{"type":"Feature","geometry":{"type":"MultiPolygon","coordinates":[[[[74.5296,15.73344],[74.51874,15.73232],[74.51594,15.72077],[74.51176,15.71729],[74.49738,15.71892],[74.49423,15.72148],[74.49087,15.7209],[74.4906,15.72327],[74.47252,15.72343],[74.46971,15.71662],[74.46203,15.71497],[74.46091,15.71887],[74.45635,15.71974],[74.45153,15.72471],[74.45021,15.73519],[74.44166,15.74604],[74.42558,15.74033],[74.40496,15.74549],[74.38861,15.75158],[74.38824,15.75467],[74.39164,15.76051],[74.3746,15.7666],[74.36244,15.76587],[74.35988,15.76269],[74.36016,15.75663],[74.35259,15.75325],[74.34381,15.74366],[74.33315,15.74288],[74.34181,15.75555],[74.34045,15.76466],[74.34627,15.7645],[74.3509,15.77078],[74.35319,15.77048],[74.35875,15.77497],[74.36217,15.78241],[74.36824,15.78583],[74.37218,15.79791],[74.37033,15.7988],[74.37192,15.79947],[74.37142,15.80318],[74.36872,15.80651],[74.37012,15.80676],[74.37003,15.81186],[74.36139,15.81517],[74.36022,15.81763],[74.36549,15.81903],[74.36607,15.82564],[74.37075,15.83028],[74.37211,15.82974],[74.37271,15.83212],[74.37645,15.83133],[74.37884,15.83704],[74.38049,15.83826],[74.37982,15.83638],[74.38099,15.83534],[74.38403,15.84054],[74.3826,15.84142],[74.38316,15.84941],[74.37032,15.85104],[74.34477,15.85032],[74.33792,15.85495],[74.34324,15.85717],[74.34642,15.86031],[74.34517,15.863],[74.35073,15.86572],[74.35797,15.87347],[74.36325,15.87509],[74.36527,15.88227],[74.36453,15.89359],[74.36865,15.89386],[74.36602,15.89091],[74.37378,15.88605],[74.37861,15.88019],[74.38253,15.86036],[74.38672,15.86],[74.38767,15.85411],[74.39114,15.85482],[74.39762,15.85057],[74.40233,15.85233],[74.40225,15.85462],[74.40599,15.85522],[74.4064,15.86455],[74.39749,15.86989],[74.39283,15.87854],[74.39685,15.88072],[74.39397,15.90002],[74.39074,15.89982],[74.3846,15.90335],[74.40865,15.93165],[74.41689,15.93827],[74.43083,15.95673],[74.43933,15.97679],[74.43749,15.98024],[74.44388,15.98637],[74.44269,15.99159],[74.445,15.99261],[74.44646,15.99687],[74.44438,16.00332],[74.44707,16.00364],[74.45031,16.01256],[74.4553,16.01903],[74.46328,16.04053],[74.46234,16.05015],[74.4686,16.05654],[74.47298,16.05717],[74.48881,16.04683],[74.49391,16.05578],[74.50831,16.06327],[74.51256,16.06953],[74.51659,16.07109],[74.51391,16.05161],[74.51896,16.05042],[74.53802,16.03909],[74.54276,16.03931],[74.54734,16.02811],[74.56232,16.00834],[74.56227,15.99751],[74.56468,15.99634],[74.56833,15.98582],[74.56978,15.98385],[74.57792,15.98213],[74.57718,15.9785],[74.58296,15.97074],[74.58326,15.96748],[74.58634,15.96567],[74.58989,15.96643],[74.58722,15.97144],[74.58966,15.97629],[74.5884,15.97866],[74.59522,15.98232],[74.59275,15.98864],[74.59638,15.98948],[74.59722,15.9991],[74.59364,16.00937],[74.59423,16.01687],[74.60816,16.01587],[74.62282,16.01959],[74.63603,16.01155],[74.64466,16.01539],[74.64668,16.0096],[74.6629,16.0131],[74.66369,15.99899],[74.66939,15.99775],[74.67057,15.99102],[74.67591,15.9915],[74.67586,15.97587],[74.67249,15.96357],[74.67527,15.95585],[74.67184,15.95521],[74.67572,15.95394],[74.67629,15.94731],[74.68709,15.94349],[74.68421,15.93445],[74.69181,15.92931],[74.69265,15.92584],[74.69019,15.92226],[74.68254,15.91842],[74.68041,15.9108],[74.68888,15.90142],[74.6918,15.90141],[74.6995,15.87452],[74.69824,15.86802],[74.69029,15.86259],[74.68947,15.85876],[74.68335,15.85229],[74.67941,15.85186],[74.67949,15.84902],[74.67756,15.84766],[74.66906,15.84636],[74.66188,15.84751],[74.65921,15.85031],[74.658,15.84775],[74.65113,15.84571],[74.63787,15.83643],[74.64157,15.8244],[74.63871,15.82184],[74.63902,15.81927],[74.63722,15.8192],[74.63708,15.81638],[74.63087,15.81359],[74.63225,15.80304],[74.63912,15.80564],[74.66716,15.80337],[74.66952,15.79255],[74.66523,15.79096],[74.66612,15.78023],[74.66812,15.78061],[74.67145,15.76733],[74.66889,15.75765],[74.67252,15.75359],[74.67526,15.75368],[74.67393,15.75194],[74.68002,15.75321],[74.68159,15.74602],[74.67559,15.74186],[74.67571,15.73818],[74.67776,15.73656],[74.67595,15.73087],[74.67827,15.7246],[74.67719,15.72011],[74.67155,15.71997],[74.6687,15.72244],[74.66815,15.71411],[74.65805,15.71235],[74.65023,15.70843],[74.6373,15.70689],[74.63298,15.70116],[74.63163,15.69346],[74.62838,15.69299],[74.62023,15.69539],[74.59505,15.69661],[74.59509,15.70022],[74.58749,15.70199],[74.58397,15.70857],[74.56874,15.70374],[74.56559,15.70639],[74.56643,15.70778],[74.5627,15.70981],[74.56288,15.71165],[74.55784,15.71345],[74.5553,15.71088],[74.54114,15.7157],[74.54025,15.72028],[74.53516,15.72056],[74.5296,15.73344]]],[[[74.28952,15.78708],[74.2812,15.78991],[74.27489,15.79528],[74.27085,15.79508],[74.26649,15.79755],[74.268,15.79996],[74.26652,15.80766],[74.26898,15.81605],[74.26289,15.82942],[74.2926,15.83221],[74.30523,15.80572],[74.31399,15.79988],[74.31313,15.79454],[74.30613,15.78908],[74.30176,15.78767],[74.29387,15.79587],[74.28952,15.78708]]],[[[74.41476,16.05517],[74.40399,16.05091],[74.40108,16.04536],[74.38135,16.03567],[74.37065,16.03858],[74.37794,16.05276],[74.38633,16.05578],[74.3896,16.06211],[74.39476,16.06161],[74.39974,16.05702],[74.4076,16.06402],[74.41083,16.05689],[74.41476,16.05517]]],[[[74.65232,16.04781],[74.6543,16.05138],[74.65905,16.05173],[74.66471,16.03753],[74.66077,16.03032],[74.65011,16.02748],[74.64419,16.02007],[74.64411,16.0306],[74.64623,16.03432],[74.64492,16.04],[74.6493,16.04277],[74.6491,16.04662],[74.65232,16.04781]]],[[[74.63533,15.68535],[74.64061,15.68331],[74.63544,15.68311],[74.63533,15.68535]]]]},"properties":{"taluk":"Belagavi","district":"Belagavi","region_id":"subdistrict_5438","level":"taluk"}},{"type":"Feature","geometry":{"type":"Polygon","coordinates":[[[74.62193,16.31147],[74.62013,16.3381],[74.6227,16.34505],[74.61442,16.34551],[74.61057,16.33718],[74.59127,16.33491],[74.59299,16.32364],[74.58379,16.31336],[74.58359,16.30993],[74.55189,16.32335],[74.55012,16.33378],[74.54122,16.33369],[74.54075,16.33924],[74.52842,16.33643],[74.51799,16.33812],[74.50041,16.33723],[74.49871,16.33178],[74.49864,16.31686],[74.4893,16.31463],[74.48666,16.32319],[74.47832,16.32877],[74.47174,16.33825],[74.47209,16.35417],[74.47064,16.35268],[74.46913,16.35589],[74.4669,16.35412],[74.46516,16.35543],[74.46568,16.35969],[74.46173,16.3627],[74.46385,16.36743],[74.45982,16.36486],[74.46203,16.35245],[74.45616,16.35164],[74.46086,16.34918],[74.45672,16.34762],[74.45948,16.34288],[74.45621,16.34472],[74.4556,16.34267],[74.4514,16.34822],[74.44911,16.34753],[74.44626,16.35053],[74.4428,16.35125],[74.43857,16.34924],[74.43582,16.35711],[74.43347,16.3582],[74.43416,16.36357],[74.42867,16.36028],[74.43018,16.35799],[74.42796,16.35773],[74.41861,16.34749],[74.41722,16.35136],[74.41963,16.35645],[74.41541,16.36855],[74.41673,16.37486],[74.41231,16.38153],[74.41457,16.3833],[74.41428,16.38906],[74.4072,16.39921],[74.40599,16.4125],[74.40191,16.41888],[74.40209,16.42281],[74.40362,16.42309],[74.40293,16.42852],[74.4146,16.4298],[74.41736,16.43341],[74.41735,16.44433],[74.41992,16.45544],[74.43626,16.45704],[74.43467,16.46665],[74.43685,16.46795],[74.44561,16.46878],[74.4504,16.47305],[74.4659,16.46951],[74.48638,16.47392],[74.48847,16.47645],[74.49147,16.47401],[74.49547,16.47434],[74.49752,16.48635],[74.50136,16.49253],[74.48198,16.50254],[74.47502,16.50869],[74.4992,16.51978],[74.49798,16.52808],[74.49548,16.5277],[74.49122,16.54016],[74.48888,16.55903],[74.49498,16.55633],[74.49905,16.55736],[74.49698,16.5746],[74.50227,16.58223],[74.51029,16.57849],[74.51769,16.58185],[74.52469,16.57721],[74.52522,16.58089],[74.52793,16.57935],[74.52211,16.58492],[74.52184,16.58777],[74.53116,16.59316],[74.53496,16.5984],[74.54734,16.59491],[74.55911,16.59511],[74.56694,16.58501],[74.56507,16.58017],[74.55616,16.57325],[74.55533,16.56391],[74.56001,16.56355],[74.5676,16.5555],[74.57232,16.55484],[74.57486,16.56023],[74.58021,16.56029],[74.5842,16.55798],[74.5855,16.55903],[74.58446,16.56259],[74.58758,16.56632],[74.60013,16.56473],[74.60444,16.56972],[74.60881,16.56981],[74.61422,16.57419],[74.61451,16.57902],[74.61838,16.5845],[74.62258,16.58016],[74.6296,16.57841],[74.63303,16.58395],[74.63427,16.58352],[74.63523,16.58366],[74.63278,16.59191],[74.63136,16.59195],[74.63274,16.60547],[74.64006,16.61246],[74.64641,16.61185],[74.66019,16.60516],[74.67219,16.61053],[74.68187,16.60661],[74.68636,16.60746],[74.68763,16.6042],[74.69216,16.60357],[74.69209,16.59418],[74.70518,16.59465],[74.70738,16.59742],[74.72562,16.5987],[74.72557,16.60827],[74.75217,16.60887],[74.77097,16.60583],[74.77706,16.57161],[74.76053,16.56791],[74.74814,16.56833],[74.74214,16.57177],[74.73795,16.57923],[74.73293,16.58116],[74.72695,16.58072],[74.71396,16.57408],[74.69828,16.55727],[74.68977,16.55407],[74.68791,16.55144],[74.68349,16.55232],[74.67943,16.54548],[74.67715,16.53631],[74.67911,16.53129],[74.68348,16.52921],[74.68489,16.51577],[74.68168,16.51529],[74.68008,16.51051],[74.68106,16.49872],[74.67563,16.4844],[74.67641,16.47898],[74.67889,16.48105],[74.67879,16.47336],[74.67277,16.45641],[74.68306,16.45321],[74.68743,16.44672],[74.69787,16.44213],[74.69422,16.41588],[74.70014,16.41608],[74.70396,16.40624],[74.70236,16.4022],[74.7054,16.39743],[74.70119,16.39087],[74.72374,16.40071],[74.72879,16.38107],[74.7427,16.3787],[74.74764,16.37937],[74.75299,16.38436],[74.75433,16.38862],[74.76113,16.39323],[74.76291,16.40051],[74.77293,16.39537],[74.77121,16.39224],[74.77588,16.38675],[74.7771,16.36347],[74.77095,16.3401],[74.76826,16.33721],[74.76927,16.33084],[74.78388,16.33252],[74.79967,16.33933],[74.80118,16.32864],[74.80328,16.32872],[74.80325,16.32078],[74.78678,16.3155],[74.77992,16.30579],[74.77522,16.29222],[74.75366,16.284],[74.75368,16.29143],[74.74578,16.29381],[74.74582,16.29635],[74.73336,16.29652],[74.73415,16.30637],[74.7309,16.30793],[74.72427,16.3071],[74.72314,16.31183],[74.72089,16.31174],[74.71884,16.31518],[74.69659,16.31634],[74.69267,16.31456],[74.67627,16.32279],[74.65548,16.31993],[74.64369,16.31587],[74.64552,16.30295],[74.62808,16.31099],[74.62193,16.31147]]]},"properties":{"taluk":"Chikodi","district":"Belagavi","region_id":"subdistrict_5433","level":"taluk"}},{"type":"Feature","geometry":{"type":"Polygon","coordinates":[[[74.67677,15.94696],[74.67572,15.95394],[74.67175,15.95552],[74.67527,15.95585],[74.67249,15.96357],[74.67586,15.97587],[74.67591,15.9915],[74.67057,15.99102],[74.66939,15.99775],[74.66369,15.99899],[74.6629,16.0131],[74.64668,16.0096],[74.64393,16.01563],[74.64443,16.0202],[74.65011,16.02748],[74.66077,16.03032],[74.66471,16.03753],[74.65889,16.05338],[74.66137,16.05448],[74.66321,16.0525],[74.67027,16.06005],[74.67643,16.06117],[74.67494,16.06679],[74.67635,16.06814],[74.66864,16.07104],[74.66799,16.07753],[74.67239,16.07818],[74.67251,16.08505],[74.67525,16.08746],[74.67384,16.09321],[74.67825,16.09436],[74.68642,16.091],[74.69454,16.09126],[74.69778,16.09636],[74.71003,16.09776],[74.7143,16.10976],[74.71909,16.11279],[74.72289,16.11093],[74.72555,16.10142],[74.73537,16.08854],[74.76592,16.09873],[74.76403,16.10286],[74.76865,16.11136],[74.76016,16.12681],[74.74591,16.12226],[74.74503,16.12747],[74.74112,16.12989],[74.7239,16.12879],[74.7147,16.13849],[74.7082,16.15191],[74.71472,16.15248],[74.70181,16.18414],[74.70133,16.19508],[74.69909,16.19633],[74.69969,16.20924],[74.6969,16.21464],[74.68814,16.22159],[74.68747,16.22496],[74.6911,16.22611],[74.68998,16.23084],[74.69376,16.23895],[74.70659,16.24246],[74.72204,16.24123],[74.73468,16.22992],[74.74362,16.22925],[74.7497,16.24346],[74.74306,16.26004],[74.73809,16.25761],[74.73893,16.26656],[74.75423,16.28447],[74.77522,16.29222],[74.78159,16.30902],[74.78678,16.3155],[74.80325,16.32078],[74.80328,16.32872],[74.8286,16.32322],[74.82845,16.32008],[74.83197,16.32038],[74.83374,16.31649],[74.83369,16.31092],[74.82763,16.2997],[74.8174,16.29923],[74.81714,16.29548],[74.81719,16.29215],[74.8264,16.28839],[74.83094,16.26885],[74.83253,16.24811],[74.81782,16.25259],[74.80434,16.25026],[74.8055,16.24865],[74.79209,16.24329],[74.80298,16.20599],[74.80851,16.2044],[74.80867,16.19945],[74.81072,16.19696],[74.82712,16.1966],[74.84246,16.20613],[74.84374,16.21143],[74.84652,16.21408],[74.84479,16.23472],[74.86922,16.24029],[74.88889,16.24767],[74.89422,16.23605],[74.89701,16.22405],[74.89921,16.22042],[74.90525,16.21702],[74.90651,16.21205],[74.90278,16.20939],[74.90723,16.20522],[74.91181,16.20616],[74.9184,16.21717],[74.92051,16.2166],[74.9193,16.22043],[74.92059,16.22174],[74.93255,16.22401],[74.9409,16.23253],[74.94825,16.23626],[74.956,16.23672],[74.95845,16.24087],[74.95799,16.23645],[74.95962,16.23703],[74.95909,16.23453],[74.96126,16.23156],[74.96483,16.22812],[74.97288,16.22578],[74.97526,16.21951],[74.98104,16.21446],[75.00491,16.20535],[75.00951,16.20682],[75.01334,16.20358],[75.01948,16.20427],[75.0212,16.20722],[75.02259,16.22844],[75.04137,16.2284],[75.04425,16.23055],[75.0533,16.23119],[75.05579,16.23337],[75.05838,16.23197],[75.11831,16.23974],[75.11762,16.23092],[75.12346,16.20161],[75.12171,16.19113],[75.12347,16.18926],[75.12365,16.17735],[75.11588,16.17486],[75.11607,16.17012],[75.09646,16.16711],[75.09554,16.14602],[75.0694,16.14728],[75.05307,16.15721],[75.04811,16.15608],[75.04219,16.14634],[75.03724,16.14223],[75.03668,16.12458],[75.02516,16.12299],[75.0256,16.12064],[75.01634,16.12072],[74.99922,16.12966],[74.97557,16.12493],[74.97469,16.12294],[74.97742,16.11948],[74.97639,16.11247],[74.97795,16.11241],[74.97746,16.10752],[74.98009,16.1032],[74.9768,16.10126],[74.97565,16.09493],[74.97998,16.08768],[74.97875,16.07481],[74.96544,16.07589],[74.9655,16.06563],[74.96185,16.05055],[74.94999,16.04611],[74.94811,16.04105],[74.94269,16.03948],[74.93561,16.03414],[74.92551,16.0341],[74.93027,16.02592],[74.93027,16.02259],[74.91806,16.01385],[74.91571,16.00542],[74.91308,16.0036],[74.90536,16.00086],[74.90492,16.0043],[74.87254,16.00424],[74.86895,15.99884],[74.86818,15.99353],[74.85735,15.98754],[74.84423,15.98668],[74.8445,15.98956],[74.80103,15.99186],[74.7661,15.98961],[74.75753,15.98012],[74.75029,15.97679],[74.73913,15.9787],[74.72888,15.96795],[74.7194,15.96638],[74.69738,15.95519],[74.69334,15.95018],[74.6973,15.94854],[74.69502,15.94492],[74.68716,15.94346],[74.67677,15.94696]]]},"properties":{"taluk":"Gokak","district":"Belagavi","region_id":"subdistrict_5436","level":"taluk"}},{"type":"Feature","geometry":{"type":"Polygon","coordinates":[[[74.33371,16.3074],[74.33151,16.31377],[74.32414,16.31192],[74.32314,16.31556],[74.33342,16.32017],[74.33638,16.31844],[74.33806,16.31973],[74.34172,16.31793],[74.34599,16.31886],[74.34536,16.32378],[74.34064,16.3303],[74.34569,16.3289],[74.34644,16.33082],[74.34992,16.33085],[74.34875,16.32785],[74.35201,16.32381],[74.3558,16.32603],[74.35534,16.32946],[74.35688,16.3303],[74.36856,16.33154],[74.36495,16.3396],[74.36405,16.35318],[74.36715,16.35204],[74.37038,16.35983],[74.37655,16.36083],[74.37982,16.35199],[74.38404,16.352],[74.3884,16.34844],[74.40125,16.35298],[74.40204,16.34237],[74.40788,16.34146],[74.40754,16.34711],[74.41861,16.34749],[74.42796,16.35773],[74.43018,16.35799],[74.42867,16.36028],[74.43416,16.36357],[74.43347,16.3582],[74.43582,16.35711],[74.43857,16.34924],[74.4428,16.35125],[74.44626,16.35053],[74.44911,16.34753],[74.4514,16.34822],[74.4556,16.34267],[74.45621,16.34472],[74.45948,16.34288],[74.45672,16.34762],[74.46086,16.34918],[74.45616,16.35164],[74.46203,16.35245],[74.45982,16.36486],[74.46385,16.36743],[74.46173,16.3627],[74.46568,16.35969],[74.46516,16.35543],[74.4669,16.35412],[74.46913,16.35589],[74.47064,16.35268],[74.47209,16.35417],[74.47174,16.33825],[74.47832,16.32877],[74.48666,16.32319],[74.4893,16.31463],[74.49864,16.31686],[74.49871,16.33178],[74.50041,16.33723],[74.51799,16.33812],[74.52842,16.33643],[74.54075,16.33924],[74.54122,16.33369],[74.55012,16.33378],[74.55189,16.32335],[74.58436,16.30998],[74.58379,16.31336],[74.59299,16.32364],[74.59127,16.33491],[74.61057,16.33718],[74.61442,16.34551],[74.6227,16.34505],[74.62013,16.3381],[74.62193,16.31147],[74.62808,16.31099],[74.64552,16.30295],[74.64369,16.31587],[74.65548,16.31993],[74.67627,16.32279],[74.69267,16.31456],[74.69659,16.31634],[74.71884,16.31518],[74.72089,16.31174],[74.72314,16.31183],[74.72427,16.3071],[74.7309,16.30793],[74.73415,16.30637],[74.73336,16.29652],[74.74582,16.29635],[74.74578,16.29381],[74.75368,16.29143],[74.75293,16.28257],[74.73893,16.26656],[74.73741,16.26211],[74.73809,16.25761],[74.74306,16.26004],[74.74981,16.24193],[74.74774,16.24172],[74.74501,16.23063],[74.7429,16.22917],[74.73468,16.22992],[74.72204,16.24123],[74.70659,16.24246],[74.69831,16.24111],[74.69376,16.23895],[74.68998,16.23084],[74.6911,16.22611],[74.68779,16.2254],[74.68744,16.22317],[74.6969,16.21464],[74.69969,16.20924],[74.69909,16.19633],[74.70133,16.19508],[74.70181,16.18414],[74.71472,16.15248],[74.7082,16.15191],[74.7147,16.13849],[74.7239,16.12879],[74.74112,16.12989],[74.74503,16.12747],[74.74591,16.12226],[74.76016,16.12681],[74.76804,16.11485],[74.7682,16.10935],[74.76403,16.10286],[74.76592,16.09873],[74.73537,16.08854],[74.72555,16.10142],[74.72289,16.11093],[74.71909,16.11279],[74.7143,16.10976],[74.71003,16.09776],[74.69778,16.09636],[74.69454,16.09126],[74.68642,16.091],[74.68369,16.0934],[74.6746,16.09402],[74.67525,16.08746],[74.67251,16.08505],[74.67239,16.07818],[74.66799,16.07753],[74.66864,16.07104],[74.67635,16.06814],[74.67494,16.06679],[74.67643,16.06117],[74.67034,16.0601],[74.6647,16.05327],[74.663,16.0525],[74.66069,16.05458],[74.6491,16.04662],[74.6493,16.04277],[74.64469,16.03914],[74.64623,16.03432],[74.64411,16.0306],[74.6447,16.01775],[74.64318,16.01416],[74.63603,16.01155],[74.62282,16.01959],[74.60816,16.01587],[74.59423,16.01687],[74.59364,16.00937],[74.59722,15.9991],[74.59638,15.98948],[74.59275,15.98864],[74.59522,15.98232],[74.5884,15.97866],[74.58966,15.97629],[74.58722,15.97144],[74.58989,15.96643],[74.58766,15.96565],[74.58326,15.96748],[74.58296,15.97074],[74.57718,15.9785],[74.57792,15.98213],[74.56978,15.98385],[74.56833,15.98582],[74.56468,15.99634],[74.56227,15.99751],[74.56232,16.00834],[74.54734,16.02811],[74.54276,16.03931],[74.53802,16.03909],[74.51896,16.05042],[74.51391,16.05161],[74.51405,16.06042],[74.51683,16.06449],[74.517,16.07101],[74.51256,16.06953],[74.50831,16.06327],[74.49391,16.05578],[74.48881,16.04683],[74.47298,16.05717],[74.4686,16.05654],[74.45936,16.04736],[74.44902,16.05392],[74.44312,16.05235],[74.43007,16.05927],[74.42254,16.05541],[74.41553,16.05488],[74.41083,16.05689],[74.4076,16.06402],[74.4012,16.05727],[74.39818,16.0572],[74.39476,16.06161],[74.3901,16.06227],[74.38633,16.05578],[74.38295,16.05391],[74.37184,16.05511],[74.36231,16.05217],[74.36013,16.05333],[74.36123,16.05549],[74.37167,16.06745],[74.37237,16.0785],[74.38204,16.07966],[74.38369,16.08341],[74.39142,16.08046],[74.38982,16.08958],[74.40723,16.09407],[74.4102,16.10274],[74.42745,16.11253],[74.44317,16.10565],[74.45888,16.10485],[74.45925,16.1004],[74.47285,16.0929],[74.4731,16.09079],[74.48223,16.08954],[74.48466,16.0912],[74.48593,16.10035],[74.49089,16.1032],[74.49104,16.11211],[74.48482,16.14226],[74.47981,16.14516],[74.47973,16.14776],[74.48814,16.15682],[74.48971,16.16314],[74.48932,16.17728],[74.49391,16.18665],[74.50558,16.18945],[74.50741,16.19471],[74.50606,16.20071],[74.50805,16.20219],[74.50071,16.20442],[74.49579,16.21249],[74.49578,16.21717],[74.50235,16.22179],[74.50157,16.22632],[74.49492,16.23479],[74.49043,16.23445],[74.48006,16.24987],[74.47778,16.25025],[74.46889,16.23961],[74.45593,16.24398],[74.45482,16.25325],[74.4368,16.25125],[74.43644,16.25764],[74.41761,16.25808],[74.415,16.27756],[74.41612,16.28014],[74.41355,16.28358],[74.40759,16.28344],[74.38563,16.27689],[74.38331,16.2917],[74.37503,16.29582],[74.37244,16.29679],[74.3695,16.29235],[74.36483,16.29376],[74.36182,16.29156],[74.3452,16.29353],[74.34291,16.29057],[74.35355,16.28328],[74.34902,16.27564],[74.34341,16.2784],[74.34368,16.27363],[74.3384,16.27124],[74.33355,16.27555],[74.33499,16.26874],[74.32804,16.26823],[74.32486,16.27143],[74.32109,16.28435],[74.3264,16.28525],[74.32499,16.28805],[74.32826,16.29307],[74.3351,16.28952],[74.33854,16.29003],[74.3395,16.29264],[74.34259,16.29088],[74.34181,16.2939],[74.34371,16.29596],[74.34267,16.29828],[74.34047,16.29769],[74.34009,16.30263],[74.33597,16.30735],[74.33176,16.30478],[74.33371,16.3074]]]},"properties":{"taluk":"Hukeri","district":"Belagavi","region_id":"subdistrict_5437","level":"taluk"}},{"type":"Feature","geometry":{"type":"Polygon","coordinates":[[[74.6791,16.67315],[74.68935,16.67687],[74.68866,16.6816],[74.68147,16.68108],[74.68135,16.68673],[74.68925,16.68636],[74.68927,16.70798],[74.68757,16.70849],[74.6886,16.7123],[74.68642,16.71326],[74.69094,16.71847],[74.69342,16.71617],[74.70282,16.71546],[74.72742,16.71692],[74.72752,16.7198],[74.73026,16.72053],[74.73207,16.71855],[74.73702,16.72367],[74.75305,16.73136],[74.75252,16.733],[74.76,16.74142],[74.7696,16.74537],[74.77181,16.75089],[74.78422,16.75083],[74.79542,16.74734],[74.79824,16.75376],[74.8443,16.76203],[74.84978,16.77257],[74.86543,16.76398],[74.8686,16.77419],[74.89099,16.77134],[74.91944,16.77275],[74.91989,16.76853],[74.92409,16.7678],[74.92754,16.76456],[74.92676,16.7556],[74.93917,16.75702],[74.95565,16.75583],[74.95621,16.7522],[74.96027,16.75082],[74.96232,16.74135],[74.96833,16.72902],[74.96542,16.67878],[74.96197,16.67803],[74.96035,16.67382],[74.96412,16.66567],[74.96388,16.66004],[74.95926,16.65799],[74.94934,16.64387],[74.94423,16.62498],[74.93749,16.61199],[74.93167,16.61116],[74.9236,16.6135],[74.91485,16.62453],[74.9122,16.63591],[74.90708,16.644],[74.89664,16.65265],[74.88678,16.65661],[74.87661,16.65689],[74.87188,16.65517],[74.85854,16.64297],[74.84345,16.63466],[74.82479,16.63711],[74.81699,16.64339],[74.81271,16.64428],[74.8094,16.6433],[74.80778,16.64045],[74.80359,16.58838],[74.79373,16.57706],[74.77706,16.57161],[74.77097,16.60583],[74.75217,16.60887],[74.72557,16.60827],[74.72562,16.5987],[74.70738,16.59742],[74.70518,16.59465],[74.69209,16.59418],[74.69182,16.60422],[74.68763,16.6042],[74.68636,16.60746],[74.68187,16.60661],[74.6721,16.60957],[74.67215,16.61188],[74.67574,16.60998],[74.6782,16.6119],[74.68375,16.60933],[74.68423,16.60744],[74.68651,16.60839],[74.68453,16.60993],[74.68712,16.60934],[74.68725,16.61609],[74.68332,16.61959],[74.67205,16.62412],[74.66682,16.62982],[74.65816,16.63054],[74.65165,16.63794],[74.65637,16.64128],[74.65851,16.64556],[74.66518,16.66539],[74.67965,16.66616],[74.6791,16.67315]]]},"properties":{"taluk":"Kagwad","district":"Belagavi","region_id":"subdistrict_7100","level":"taluk"}},{"type":"Feature","geometry":{"type":"Polygon","coordinates":[[[74.51874,15.73232],[74.5296,15.73344],[74.53516,15.72056],[74.54025,15.72028],[74.54114,15.7157],[74.5553,15.71088],[74.55784,15.71345],[74.56288,15.71165],[74.5627,15.70981],[74.56902,15.70365],[74.58397,15.70857],[74.58749,15.70199],[74.59509,15.70022],[74.59505,15.69661],[74.63098,15.69332],[74.63298,15.70116],[74.6373,15.70689],[74.65031,15.70841],[74.65721,15.69506],[74.66131,15.69562],[74.66284,15.69155],[74.66894,15.69184],[74.67123,15.68395],[74.68437,15.68162],[74.68458,15.67796],[74.68837,15.67551],[74.69114,15.67027],[74.68954,15.6652],[74.69108,15.65447],[74.70276,15.65401],[74.70296,15.65084],[74.71682,15.65015],[74.72309,15.6478],[74.72011,15.64631],[74.7196,15.63612],[74.71641,15.63577],[74.71731,15.62669],[74.70953,15.62888],[74.70752,15.63157],[74.7047,15.6312],[74.704,15.61249],[74.70539,15.60678],[74.70749,15.60701],[74.70864,15.59861],[74.70343,15.59682],[74.70531,15.59176],[74.70925,15.58821],[74.71471,15.58841],[74.71406,15.58219],[74.70561,15.5791],[74.7043,15.57345],[74.70544,15.56938],[74.71063,15.56878],[74.71317,15.56253],[74.71606,15.56224],[74.71822,15.55933],[74.73395,15.5581],[74.73155,15.51327],[74.74265,15.4939],[74.7379,15.49043],[74.72698,15.48831],[74.72669,15.48607],[74.72805,15.48636],[74.7279,15.48313],[74.7301,15.48201],[74.72933,15.47915],[74.73094,15.47679],[74.72877,15.47574],[74.73212,15.46933],[74.73615,15.46591],[74.74346,15.46606],[74.74391,15.46312],[74.74182,15.46177],[74.74339,15.46056],[74.74243,15.45179],[74.73832,15.44897],[74.74008,15.4479],[74.73916,15.44529],[74.73547,15.44417],[74.73644,15.44043],[74.72993,15.4357],[74.73166,15.43372],[74.72939,15.43123],[74.73338,15.42262],[74.73811,15.42189],[74.74088,15.41925],[74.74105,15.41101],[74.73189,15.40798],[74.7267,15.41033],[74.71665,15.41115],[74.70626,15.40727],[74.69865,15.40985],[74.68892,15.39867],[74.64992,15.39122],[74.64027,15.38159],[74.63409,15.36825],[74.61377,15.35928],[74.60118,15.36941],[74.59566,15.37775],[74.58768,15.38049],[74.57407,15.39223],[74.56758,15.40345],[74.55367,15.40957],[74.54737,15.41481],[74.5385,15.41588],[74.53383,15.41878],[74.51648,15.40201],[74.50994,15.40294],[74.50613,15.41249],[74.50928,15.42773],[74.50811,15.43064],[74.50607,15.43363],[74.49462,15.43841],[74.49127,15.43543],[74.49004,15.43702],[74.49182,15.44375],[74.48795,15.43821],[74.48439,15.43731],[74.48147,15.4301],[74.4774,15.42871],[74.47237,15.43266],[74.46298,15.43287],[74.46223,15.43011],[74.45643,15.42551],[74.46038,15.42061],[74.45118,15.42137],[74.44566,15.41964],[74.45205,15.40801],[74.45023,15.40909],[74.44969,15.40571],[74.43858,15.40553],[74.43749,15.40251],[74.43456,15.40162],[74.43289,15.39688],[74.42846,15.398],[74.42308,15.42034],[74.42208,15.46342],[74.41922,15.46471],[74.41793,15.46937],[74.41213,15.47418],[74.40429,15.47337],[74.39425,15.48078],[74.3906,15.48006],[74.38639,15.48362],[74.37361,15.47956],[74.35311,15.50669],[74.34227,15.51772],[74.32711,15.51637],[74.29077,15.52351],[74.27847,15.52146],[74.28135,15.52459],[74.28231,15.53124],[74.27765,15.54603],[74.26428,15.55787],[74.26266,15.56398],[74.25878,15.5597],[74.24931,15.56656],[74.24562,15.56642],[74.25065,15.57587],[74.24869,15.57881],[74.25849,15.5924],[74.25752,15.59802],[74.25975,15.60765],[74.26444,15.61512],[74.25586,15.62439],[74.24695,15.62092],[74.24493,15.62506],[74.252,15.65347],[74.24244,15.66148],[74.23834,15.66246],[74.23587,15.66871],[74.2297,15.66705],[74.22855,15.66468],[74.22273,15.66841],[74.21758,15.66231],[74.21557,15.66267],[74.22082,15.65721],[74.22327,15.65724],[74.22277,15.65586],[74.21777,15.65228],[74.20552,15.65039],[74.20357,15.65623],[74.20463,15.66313],[74.18889,15.66584],[74.18634,15.67404],[74.19069,15.67492],[74.18909,15.67875],[74.19044,15.6821],[74.18814,15.68027],[74.1815,15.68201],[74.17246,15.67357],[74.16658,15.67188],[74.16431,15.667],[74.16329,15.65324],[74.15601,15.65386],[74.15261,15.64933],[74.14846,15.65118],[74.13912,15.65048],[74.13516,15.64835],[74.11839,15.65243],[74.11198,15.65656],[74.10081,15.65734],[74.09209,15.66232],[74.08634,15.67067],[74.09017,15.67382],[74.10061,15.67122],[74.1084,15.67217],[74.12364,15.67987],[74.13241,15.69326],[74.13091,15.70135],[74.13343,15.70317],[74.1329,15.70567],[74.12674,15.70818],[74.12701,15.71893],[74.12222,15.72086],[74.12636,15.72513],[74.13124,15.72333],[74.13335,15.72518],[74.13403,15.73025],[74.13871,15.73096],[74.1418,15.73446],[74.14407,15.7336],[74.15052,15.73596],[74.15049,15.74086],[74.15936,15.74945],[74.18967,15.75267],[74.20264,15.75829],[74.20461,15.76208],[74.2054,15.77288],[74.20968,15.78199],[74.21375,15.78056],[74.21602,15.78448],[74.22889,15.78915],[74.23243,15.78729],[74.23475,15.77911],[74.23069,15.77468],[74.22809,15.76739],[74.22801,15.75617],[74.23149,15.75375],[74.23372,15.74843],[74.23657,15.74819],[74.23592,15.74546],[74.2412,15.74313],[74.25374,15.74496],[74.26879,15.7545],[74.2853,15.74105],[74.29493,15.74383],[74.30177,15.74845],[74.30912,15.74987],[74.30983,15.75526],[74.31809,15.75723],[74.3189,15.76597],[74.32386,15.77242],[74.33694,15.76758],[74.34059,15.76438],[74.34181,15.75555],[74.33315,15.74288],[74.34381,15.74366],[74.35259,15.75325],[74.36016,15.75663],[74.35988,15.76269],[74.36244,15.76587],[74.3746,15.7666],[74.39164,15.76051],[74.38824,15.75467],[74.38861,15.75158],[74.40496,15.74549],[74.42558,15.74033],[74.44166,15.74604],[74.45021,15.73519],[74.45153,15.72471],[74.45635,15.71974],[74.46091,15.71887],[74.46203,15.71497],[74.46971,15.71662],[74.47252,15.72343],[74.4906,15.72327],[74.49087,15.7209],[74.49423,15.72148],[74.49738,15.71892],[74.51176,15.71729],[74.51594,15.72077],[74.51874,15.73232]],[[74.64061,15.68331],[74.63533,15.68535],[74.63544,15.68311],[74.64061,15.68331]]]},"properties":{"taluk":"Khanapur","district":"Belagavi","region_id":"subdistrict_5439","level":"taluk"}},{"type":"Feature","geometry":{"type":"Polygon","coordinates":[[[74.84091,15.57459],[74.82002,15.56562],[74.82031,15.56204],[74.80797,15.55346],[74.80748,15.5507],[74.79706,15.54759],[74.81075,15.52033],[74.80921,15.51077],[74.81437,15.50397],[74.80196,15.50151],[74.80547,15.49741],[74.80361,15.49649],[74.7996,15.49899],[74.79929,15.49738],[74.79724,15.49759],[74.79865,15.49353],[74.79273,15.48604],[74.78597,15.48598],[74.78686,15.47836],[74.78536,15.47138],[74.77826,15.45853],[74.76877,15.47069],[74.76433,15.47339],[74.76132,15.4701],[74.76006,15.47098],[74.75563,15.47672],[74.75629,15.47953],[74.75318,15.48511],[74.75439,15.48807],[74.74987,15.49071],[74.74837,15.49537],[74.74245,15.4941],[74.73211,15.51093],[74.73159,15.53603],[74.73395,15.5581],[74.71822,15.55933],[74.71606,15.56224],[74.71317,15.56253],[74.71063,15.56878],[74.7051,15.56983],[74.70517,15.5787],[74.71406,15.58219],[74.71471,15.58841],[74.70925,15.58821],[74.70531,15.59176],[74.70343,15.59682],[74.70864,15.59861],[74.70749,15.60701],[74.70539,15.60678],[74.704,15.61249],[74.7047,15.6312],[74.70752,15.63157],[74.70953,15.62888],[74.71731,15.62669],[74.71641,15.63577],[74.7196,15.63612],[74.72011,15.64631],[74.72309,15.6478],[74.71682,15.65015],[74.70296,15.65084],[74.70276,15.65401],[74.69108,15.65447],[74.68954,15.6652],[74.69114,15.67027],[74.68837,15.67551],[74.68458,15.67796],[74.68437,15.68162],[74.67123,15.68395],[74.66894,15.69184],[74.66284,15.69155],[74.66131,15.69562],[74.65721,15.69506],[74.65023,15.70843],[74.65805,15.71235],[74.66815,15.71411],[74.6687,15.72244],[74.67155,15.71997],[74.67719,15.72011],[74.67827,15.7246],[74.67595,15.73087],[74.67776,15.73656],[74.67571,15.73818],[74.67559,15.74186],[74.68214,15.74778],[74.69659,15.7518],[74.69716,15.74816],[74.70407,15.74668],[74.71481,15.74832],[74.71164,15.743],[74.71794,15.71823],[74.71996,15.71846],[74.72074,15.71537],[74.72464,15.71419],[74.72884,15.70826],[74.73501,15.7065],[74.73966,15.70277],[74.74767,15.70455],[74.75066,15.70808],[74.7503,15.7109],[74.74615,15.70792],[74.74353,15.71058],[74.74642,15.71603],[74.7448,15.72354],[74.74723,15.72691],[74.75609,15.72327],[74.75882,15.71861],[74.76426,15.72177],[74.7729,15.71811],[74.77886,15.7219],[74.78619,15.72327],[74.79015,15.73117],[74.79363,15.73167],[74.79805,15.7282],[74.79192,15.72594],[74.79106,15.72347],[74.79363,15.71993],[74.79557,15.70899],[74.79766,15.70764],[74.79291,15.70275],[74.79375,15.69977],[74.81045,15.70345],[74.80848,15.7083],[74.81396,15.70818],[74.81343,15.71026],[74.81542,15.71062],[74.81681,15.70644],[74.81902,15.70557],[74.82883,15.70597],[74.83479,15.69758],[74.84317,15.70046],[74.84112,15.71423],[74.84587,15.7148],[74.84542,15.72176],[74.85328,15.72289],[74.86138,15.70867],[74.86173,15.69427],[74.85995,15.69359],[74.86287,15.68137],[74.86835,15.68242],[74.87005,15.67592],[74.87749,15.67508],[74.86978,15.66319],[74.86263,15.66374],[74.86039,15.66899],[74.85387,15.66767],[74.85324,15.66473],[74.84978,15.665],[74.85267,15.64829],[74.84548,15.64054],[74.83383,15.63691],[74.83445,15.62939],[74.83713,15.62948],[74.8377,15.62657],[74.84724,15.6285],[74.85055,15.63122],[74.85567,15.61104],[74.84311,15.60785],[74.8402,15.60829],[74.83848,15.61202],[74.82852,15.60848],[74.82999,15.59008],[74.83218,15.59087],[74.8358,15.58537],[74.83792,15.57708],[74.84091,15.57459]]]},"properties":{"taluk":"Kittur","district":"Belagavi","region_id":"subdistrict_7043","level":"taluk"}},{"type":"Feature","geometry":{"type":"MultiPolygon","coordinates":[[[[74.96064,16.39386],[74.98408,16.39543],[74.99285,16.38367],[74.99454,16.38505],[75.00597,16.38481],[75.00715,16.38043],[75.0107,16.37834],[75.02332,16.3757],[75.02192,16.36765],[75.03351,16.36737],[75.03406,16.33901],[75.04366,16.31959],[75.05779,16.33149],[75.06399,16.32633],[75.07755,16.33196],[75.08816,16.32982],[75.09561,16.32489],[75.10944,16.32853],[75.11603,16.3262],[75.12404,16.33075],[75.13113,16.331],[75.13842,16.32596],[75.1319,16.30089],[75.12911,16.2962],[75.1296,16.28696],[75.15597,16.28054],[75.17002,16.2803],[75.17444,16.27597],[75.1783,16.27491],[75.18418,16.27564],[75.20494,16.27245],[75.21765,16.2686],[75.22456,16.26241],[75.23413,16.25963],[75.23229,16.25022],[75.23931,16.25113],[75.23421,16.24282],[75.23363,16.23785],[75.23059,16.23514],[75.23023,16.22464],[75.23363,16.21237],[75.22811,16.20254],[75.21122,16.19462],[75.2075,16.1842],[75.17611,16.18773],[75.15681,16.18206],[75.14904,16.18696],[75.12256,16.18926],[75.12346,16.20161],[75.12067,16.21015],[75.1177,16.24013],[75.05838,16.23197],[75.05579,16.23337],[75.0533,16.23119],[75.04425,16.23055],[75.04137,16.2284],[75.02259,16.22844],[75.0212,16.20722],[75.01948,16.20427],[75.01334,16.20358],[75.00951,16.20682],[75.00491,16.20535],[74.98104,16.21446],[74.97526,16.21951],[74.97288,16.22578],[74.96483,16.22812],[74.96126,16.23156],[74.95909,16.23453],[74.95962,16.23703],[74.95799,16.23645],[74.95845,16.24087],[74.956,16.23672],[74.94825,16.23626],[74.9409,16.23253],[74.93255,16.22401],[74.92059,16.22174],[74.9193,16.22043],[74.92051,16.2166],[74.9184,16.21717],[74.91181,16.20616],[74.90723,16.20522],[74.90278,16.20939],[74.90651,16.21205],[74.90525,16.21702],[74.89921,16.22042],[74.89701,16.22405],[74.89422,16.23605],[74.88889,16.24767],[74.86922,16.24029],[74.84479,16.23472],[74.84652,16.21408],[74.84374,16.21143],[74.84246,16.20613],[74.82712,16.1966],[74.81036,16.19708],[74.80851,16.2044],[74.80298,16.20599],[74.79209,16.24329],[74.8055,16.24865],[74.80434,16.25026],[74.81782,16.25259],[74.83253,16.24811],[74.83094,16.26885],[74.8264,16.28839],[74.81719,16.29215],[74.8174,16.29923],[74.82763,16.2997],[74.83369,16.31092],[74.83391,16.31669],[74.84234,16.31423],[74.86479,16.31954],[74.86494,16.32206],[74.87663,16.32121],[74.88255,16.32812],[74.89539,16.32874],[74.8995,16.32711],[74.89953,16.32362],[74.90324,16.32374],[74.90558,16.32061],[74.90753,16.32028],[74.90868,16.32342],[74.91226,16.32088],[74.91492,16.32525],[74.915,16.32999],[74.91707,16.33127],[74.91768,16.34025],[74.91619,16.34334],[74.91752,16.34606],[74.91438,16.34982],[74.92637,16.34967],[74.92808,16.36605],[74.93388,16.36842],[74.94431,16.36923],[74.94484,16.37237],[74.95864,16.37909],[74.96087,16.38195],[74.96064,16.39386]]],[[[75.02748,16.39651],[75.03141,16.39549],[75.02737,16.39122],[75.02748,16.39651]]]]},"properties":{"taluk":"Mudalgi","district":"Belagavi","region_id":"subdistrict_7099","level":"taluk"}},{"type":"Feature","geometry":{"type":"Polygon","coordinates":[[[74.35529,16.32875],[74.3558,16.32603],[74.35201,16.32381],[74.34875,16.32785],[74.34992,16.33085],[74.34644,16.33082],[74.34569,16.3289],[74.34064,16.3303],[74.34536,16.32378],[74.34599,16.31886],[74.34358,16.31789],[74.34044,16.31954],[74.33544,16.31871],[74.33169,16.32152],[74.33014,16.32601],[74.32643,16.3231],[74.32124,16.32291],[74.3147,16.32651],[74.32201,16.33396],[74.31471,16.34042],[74.32024,16.3433],[74.3273,16.34223],[74.31564,16.35585],[74.31838,16.35398],[74.32514,16.3584],[74.31984,16.36804],[74.32006,16.37597],[74.31701,16.3791],[74.32515,16.37869],[74.32823,16.38504],[74.32724,16.39181],[74.33623,16.39448],[74.34046,16.39021],[74.34148,16.38293],[74.3459,16.37765],[74.34537,16.3733],[74.34775,16.36713],[74.35352,16.36599],[74.35453,16.37054],[74.35259,16.38178],[74.35693,16.38332],[74.35838,16.39121],[74.363,16.39545],[74.36205,16.40165],[74.3635,16.40485],[74.35161,16.40644],[74.33559,16.40124],[74.33255,16.41228],[74.32784,16.41901],[74.33156,16.42486],[74.33704,16.42881],[74.33236,16.43605],[74.33582,16.44543],[74.32923,16.4472],[74.33211,16.45523],[74.32499,16.45577],[74.31987,16.4534],[74.31185,16.45318],[74.30603,16.45522],[74.2969,16.46396],[74.2917,16.46139],[74.28949,16.46284],[74.28822,16.47661],[74.29196,16.48537],[74.29135,16.50467],[74.27918,16.50474],[74.27415,16.49354],[74.27476,16.48536],[74.26055,16.47978],[74.25701,16.48884],[74.24766,16.4961],[74.24986,16.49941],[74.25451,16.5008],[74.26468,16.50056],[74.27808,16.50459],[74.27853,16.51174],[74.2758,16.52107],[74.2696,16.52214],[74.26391,16.53974],[74.27049,16.54834],[74.27202,16.54817],[74.28111,16.54153],[74.28075,16.53259],[74.28349,16.52496],[74.28806,16.52826],[74.29114,16.5339],[74.30122,16.52998],[74.30242,16.526],[74.301,16.52366],[74.30656,16.50404],[74.31116,16.5036],[74.31564,16.50428],[74.31629,16.55548],[74.31789,16.55457],[74.32396,16.5575],[74.33495,16.54876],[74.33928,16.5488],[74.34665,16.55622],[74.35443,16.55569],[74.35347,16.55933],[74.35621,16.56003],[74.36026,16.5556],[74.3582,16.55416],[74.35765,16.55547],[74.35664,16.55241],[74.35826,16.53898],[74.37277,16.53512],[74.37725,16.52874],[74.381,16.52919],[74.38729,16.53596],[74.38888,16.55238],[74.38713,16.55999],[74.3935,16.5653],[74.39116,16.56537],[74.39052,16.56787],[74.39561,16.57306],[74.39669,16.58286],[74.40839,16.58334],[74.41795,16.58614],[74.42215,16.58471],[74.42632,16.59606],[74.43517,16.60092],[74.46634,16.60529],[74.46414,16.61589],[74.46557,16.61635],[74.4658,16.62423],[74.45901,16.63371],[74.45537,16.64714],[74.45873,16.64898],[74.45611,16.65575],[74.46335,16.65839],[74.46834,16.66421],[74.47287,16.66471],[74.4752,16.64753],[74.48268,16.63694],[74.49002,16.63029],[74.4957,16.63001],[74.50117,16.63353],[74.54472,16.63567],[74.54506,16.62918],[74.54289,16.62675],[74.54498,16.59538],[74.53585,16.59876],[74.53085,16.59292],[74.52244,16.58863],[74.52188,16.58528],[74.52805,16.57984],[74.52522,16.58089],[74.52497,16.57727],[74.51769,16.58185],[74.51029,16.57849],[74.50227,16.58223],[74.49698,16.5746],[74.49905,16.55736],[74.49498,16.55633],[74.48888,16.55903],[74.49122,16.54016],[74.49548,16.5277],[74.49798,16.52808],[74.4992,16.51978],[74.47502,16.50869],[74.48198,16.50254],[74.50136,16.49253],[74.49752,16.48635],[74.49547,16.47434],[74.49147,16.47401],[74.48847,16.47645],[74.48638,16.47392],[74.4659,16.46951],[74.4504,16.47305],[74.44561,16.46878],[74.43685,16.46795],[74.43467,16.46665],[74.43626,16.45704],[74.41992,16.45544],[74.41735,16.44433],[74.41736,16.43341],[74.4146,16.4298],[74.40293,16.42852],[74.40362,16.42309],[74.40209,16.42281],[74.40191,16.41888],[74.40599,16.4125],[74.4072,16.39921],[74.41428,16.38906],[74.41457,16.3833],[74.41231,16.38153],[74.41673,16.37486],[74.41541,16.36855],[74.41963,16.35645],[74.41722,16.35136],[74.41861,16.34749],[74.40754,16.34711],[74.4082,16.34154],[74.40207,16.34235],[74.40125,16.35298],[74.3884,16.34844],[74.38404,16.352],[74.37982,16.35199],[74.37655,16.36083],[74.37038,16.35983],[74.36715,16.35204],[74.36405,16.35318],[74.36495,16.3396],[74.36856,16.33154],[74.35529,16.32875]]]},"properties":{"taluk":"Nippani","district":"Belagavi","region_id":"subdistrict_7105","level":"taluk"}},{"type":"Feature","geometry":{"type":"Polygon","coordinates":[[[75.18295,15.89132],[75.18932,15.89291],[75.19702,15.89123],[75.19282,15.9113],[75.19454,15.92221],[75.16477,15.92415],[75.15476,15.92268],[75.15428,15.92122],[75.14465,15.92341],[75.14388,15.91877],[75.13194,15.9184],[75.11422,15.90855],[75.10393,15.91008],[75.08759,15.90625],[75.09011,15.92847],[75.07365,15.93241],[75.07049,15.95312],[75.0785,15.99141],[75.09108,15.99097],[75.08803,15.99968],[75.08914,16.00916],[75.09856,16.01681],[75.10833,16.0213],[75.10845,16.02262],[75.09709,16.02738],[75.0976,16.03057],[75.09007,16.03096],[75.08754,16.03726],[75.08767,16.03939],[75.09086,16.04072],[75.09036,16.04929],[75.0876,16.04999],[75.0872,16.057],[75.0895,16.05695],[75.09432,16.06669],[75.1003,16.0719],[75.09954,16.0917],[75.07625,16.091],[75.0716,16.11371],[75.07754,16.11804],[75.08613,16.11896],[75.08632,16.12269],[75.09183,16.1225],[75.09601,16.14006],[75.09646,16.16711],[75.11607,16.17012],[75.11588,16.17486],[75.12365,16.17735],[75.12346,16.18928],[75.14904,16.18696],[75.15681,16.18206],[75.17611,16.18773],[75.2075,16.1842],[75.21122,16.19462],[75.22811,16.20254],[75.23196,16.20976],[75.24928,16.20433],[75.27032,16.20751],[75.28072,16.19993],[75.28643,16.20104],[75.28871,16.19167],[75.28619,16.18886],[75.2847,16.17677],[75.29256,16.17248],[75.2874,16.15196],[75.27574,16.12041],[75.32783,16.11572],[75.33874,16.12072],[75.34161,16.12446],[75.34636,16.1232],[75.35378,16.12807],[75.35363,16.11631],[75.35553,16.11513],[75.40019,16.11336],[75.4043,16.11372],[75.40684,16.12581],[75.41213,16.13027],[75.419,16.10003],[75.42954,16.09678],[75.42769,16.09373],[75.4305,16.08043],[75.42736,16.05786],[75.41847,16.05647],[75.41603,16.05317],[75.41602,16.03253],[75.42311,16.03259],[75.42677,16.00771],[75.43356,16.00717],[75.43894,16.00413],[75.43077,15.97075],[75.43979,15.96612],[75.433,15.9451],[75.42846,15.93748],[75.43052,15.93486],[75.42481,15.92194],[75.44068,15.91825],[75.43698,15.8936],[75.44427,15.89383],[75.44701,15.89222],[75.44626,15.88999],[75.44304,15.88905],[75.44715,15.88638],[75.44935,15.88718],[75.44924,15.88459],[75.45303,15.88166],[75.45113,15.86183],[75.45763,15.86142],[75.45787,15.81793],[75.45526,15.81814],[75.45307,15.81062],[75.45118,15.81105],[75.44738,15.7936],[75.4395,15.79505],[75.43621,15.77812],[75.41383,15.78419],[75.42404,15.82551],[75.42487,15.84235],[75.41156,15.84115],[75.40816,15.83896],[75.40301,15.84186],[75.39876,15.8396],[75.38521,15.83855],[75.38195,15.8403],[75.38241,15.84353],[75.37538,15.84605],[75.3657,15.81403],[75.36469,15.80447],[75.34101,15.80473],[75.339,15.82768],[75.32999,15.82453],[75.33302,15.81663],[75.32679,15.81296],[75.32074,15.81054],[75.32007,15.81283],[75.303,15.81242],[75.30286,15.8157],[75.28504,15.83998],[75.28231,15.87277],[75.27089,15.899],[75.25602,15.90273],[75.24646,15.90038],[75.24486,15.89543],[75.23045,15.88459],[75.22872,15.87516],[75.22052,15.87668],[75.21466,15.87372],[75.21424,15.87021],[75.20973,15.87089],[75.19672,15.86582],[75.19415,15.86136],[75.18756,15.86505],[75.18107,15.87546],[75.17959,15.89248],[75.18295,15.89132]]]},"properties":{"taluk":"Ramdurg","district":"Belagavi","region_id":"subdistrict_5442","level":"taluk"}},{"type":"Feature","geometry":{"type":"MultiPolygon","coordinates":[[[[74.7054,16.39743],[74.70236,16.4022],[74.70396,16.40624],[74.70014,16.41608],[74.69422,16.41588],[74.69787,16.44213],[74.68743,16.44672],[74.68306,16.45321],[74.67277,16.45641],[74.67879,16.47336],[74.67889,16.48105],[74.67641,16.47898],[74.67563,16.4844],[74.68106,16.49872],[74.68008,16.51051],[74.68168,16.51529],[74.68489,16.51577],[74.68348,16.52921],[74.67911,16.53129],[74.67715,16.53631],[74.67943,16.54548],[74.68349,16.55232],[74.68791,16.55144],[74.68977,16.55407],[74.69828,16.55727],[74.71396,16.57408],[74.72695,16.58072],[74.73607,16.58014],[74.74463,16.56972],[74.75604,16.56768],[74.77079,16.56998],[74.79373,16.57706],[74.80165,16.58539],[74.80459,16.5913],[74.8076,16.63855],[74.8094,16.6433],[74.81579,16.64392],[74.82845,16.63599],[74.84345,16.63466],[74.85528,16.64067],[74.86779,16.65236],[74.87661,16.65689],[74.88961,16.65573],[74.90509,16.64619],[74.9122,16.63591],[74.91485,16.62453],[74.9236,16.6135],[74.93463,16.61114],[74.9388,16.61343],[74.9408,16.61831],[74.9512,16.61374],[74.95287,16.61273],[74.95261,16.60919],[74.95826,16.60782],[74.96154,16.59742],[74.96219,16.58743],[74.98521,16.57471],[74.99471,16.57468],[74.99552,16.56442],[75.00525,16.55126],[75.00871,16.54285],[75.00642,16.53376],[75.00419,16.53393],[75.00387,16.53133],[75.00077,16.53017],[74.99777,16.51749],[74.99485,16.51673],[74.98826,16.50038],[74.98897,16.4782],[74.98597,16.46625],[74.98629,16.46282],[74.99093,16.46252],[74.99152,16.45903],[74.98848,16.45334],[74.99903,16.45461],[75.00228,16.45798],[75.01573,16.45857],[75.01472,16.4529],[75.01752,16.43939],[75.02313,16.43987],[75.0232,16.43528],[75.02821,16.433],[75.07718,16.4377],[75.07183,16.40402],[75.05004,16.39978],[75.04819,16.39576],[75.04053,16.39568],[75.04048,16.39769],[75.03885,16.39744],[75.03384,16.38177],[75.03354,16.36736],[75.02192,16.36765],[75.02332,16.3757],[75.0107,16.37834],[75.00715,16.38043],[75.00597,16.38481],[74.99454,16.38505],[74.99285,16.38367],[74.98408,16.39543],[74.96064,16.39386],[74.96087,16.38195],[74.95864,16.37909],[74.94484,16.37237],[74.94431,16.36923],[74.93388,16.36842],[74.92808,16.36605],[74.92637,16.34967],[74.91438,16.34982],[74.91752,16.34606],[74.91619,16.34334],[74.91768,16.34025],[74.91702,16.33093],[74.915,16.32999],[74.91492,16.32525],[74.91226,16.32088],[74.90868,16.32342],[74.9068,16.32018],[74.90324,16.32374],[74.89953,16.32362],[74.8995,16.32711],[74.89539,16.32874],[74.88255,16.32812],[74.87688,16.32128],[74.86494,16.32206],[74.86479,16.31954],[74.84234,16.31423],[74.83374,16.31649],[74.83197,16.32038],[74.82845,16.32008],[74.8286,16.32322],[74.80118,16.32864],[74.79967,16.33933],[74.78388,16.33252],[74.76927,16.33084],[74.76826,16.33721],[74.77095,16.3401],[74.7771,16.36347],[74.77588,16.38675],[74.77121,16.39224],[74.77293,16.39537],[74.76291,16.40051],[74.76113,16.39323],[74.75433,16.38862],[74.75299,16.38436],[74.74764,16.37937],[74.74097,16.37868],[74.72879,16.38107],[74.72374,16.40071],[74.70119,16.39087],[74.7054,16.39743]],[[75.02737,16.39542],[75.02754,16.39145],[75.02737,16.39122],[75.03141,16.39549],[75.02737,16.39542]]],[[[75.04121,16.43896],[75.03741,16.43927],[75.03905,16.45303],[75.04187,16.45413],[75.04121,16.43896]]]]},"properties":{"taluk":"Raybag","district":"Belagavi","region_id":"subdistrict_5435","level":"taluk"}},{"type":"Feature","geometry":{"type":"Polygon","coordinates":[[[75.07854,15.99143],[75.07311,15.96941],[75.07063,15.9461],[75.07365,15.93241],[75.09011,15.92847],[75.08759,15.90625],[75.09494,15.89548],[75.09761,15.88581],[75.08767,15.88459],[75.08568,15.87202],[75.07949,15.87372],[75.07774,15.86819],[75.06064,15.86171],[75.05521,15.8577],[75.0501,15.86243],[75.02855,15.86426],[75.01704,15.86978],[74.99834,15.87155],[74.99791,15.86825],[74.98287,15.8682],[74.96507,15.87326],[74.96463,15.87463],[74.96998,15.87498],[74.97176,15.87686],[74.97351,15.88156],[74.97212,15.88267],[74.98114,15.88473],[74.98176,15.89702],[74.98438,15.895],[74.992,15.90511],[74.99329,15.9102],[74.9785,15.91024],[74.97571,15.91372],[74.97126,15.91145],[74.96367,15.91661],[74.96106,15.92172],[74.9512,15.92666],[74.9476,15.93899],[74.94225,15.93928],[74.92919,15.94449],[74.92885,15.95168],[74.93288,15.95225],[74.92954,15.97181],[74.92238,15.97906],[74.90512,15.97899],[74.90715,15.98584],[74.90536,16.00086],[74.91571,16.00542],[74.91806,16.01385],[74.93027,16.02259],[74.93027,16.02592],[74.92551,16.0341],[74.93561,16.03414],[74.94269,16.03948],[74.94811,16.04105],[74.94999,16.04611],[74.96266,16.05126],[74.9655,16.06563],[74.96544,16.07589],[74.97875,16.07481],[74.97998,16.08768],[74.97565,16.09493],[74.9768,16.10126],[74.98009,16.1032],[74.97746,16.10752],[74.97795,16.11241],[74.97639,16.11247],[74.97742,16.11948],[74.97469,16.12294],[74.97557,16.12493],[74.99922,16.12966],[75.01689,16.1206],[75.0256,16.12064],[75.02516,16.12299],[75.03668,16.12458],[75.03724,16.14223],[75.04219,16.14634],[75.04811,16.15608],[75.05221,16.15742],[75.0694,16.14728],[75.09617,16.14489],[75.09183,16.1225],[75.08632,16.12269],[75.08613,16.11896],[75.07754,16.11804],[75.0716,16.11371],[75.07625,16.091],[75.09954,16.0917],[75.1003,16.0719],[75.09432,16.06669],[75.0895,16.05695],[75.0872,16.057],[75.0876,16.04999],[75.09036,16.04929],[75.09086,16.04072],[75.08767,16.03939],[75.08754,16.03726],[75.09007,16.03096],[75.0976,16.03057],[75.09709,16.02738],[75.10845,16.02262],[75.10833,16.0213],[75.09856,16.01681],[75.08914,16.00916],[75.08803,15.99968],[75.09143,15.99136],[75.07854,15.99143]]]},"properties":{"taluk":"Savadatti","district":"Belagavi","region_id":"subdistrict_5441","level":"taluk"}},{"type":"Feature","geometry":{"type":"Polygon","coordinates":[[[76.86598,15.05692],[76.86617,15.05979],[76.86448,15.05841],[76.86208,15.05956],[76.86169,15.06239],[76.84985,15.06892],[76.83612,15.07995],[76.82393,15.08064],[76.81226,15.0866],[76.79505,15.10362],[76.78877,15.10493],[76.78737,15.10837],[76.7845,15.10649],[76.78147,15.11002],[76.76357,15.11903],[76.7473,15.13763],[76.74835,15.1419],[76.74352,15.14696],[76.74292,15.15055],[76.74541,15.15741],[76.73556,15.16294],[76.73629,15.16551],[76.73155,15.16928],[76.72329,15.16943],[76.71198,15.18039],[76.71424,15.18756],[76.70928,15.19974],[76.71182,15.20425],[76.71429,15.204],[76.71494,15.20733],[76.72486,15.2068],[76.72813,15.21504],[76.73015,15.21411],[76.73205,15.21574],[76.73105,15.21975],[76.72849,15.22105],[76.73035,15.22516],[76.7301,15.22791],[76.72731,15.22964],[76.7276,15.2372],[76.73188,15.23655],[76.73214,15.24007],[76.73562,15.23978],[76.73584,15.24137],[76.74632,15.2415],[76.74729,15.25259],[76.77502,15.24794],[76.77561,15.25351],[76.7775,15.25338],[76.78393,15.25255],[76.78689,15.24531],[76.80951,15.24633],[76.80841,15.24075],[76.81068,15.24049],[76.80847,15.23085],[76.80676,15.23109],[76.80603,15.22826],[76.80107,15.22475],[76.8007,15.2217],[76.79754,15.22182],[76.79239,15.19283],[76.78616,15.17434],[76.78789,15.17418],[76.78783,15.17165],[76.80049,15.16533],[76.80338,15.16541],[76.80399,15.16736],[76.80928,15.1666],[76.8156,15.16847],[76.8229,15.16737],[76.82743,15.1767],[76.83033,15.19845],[76.82232,15.19977],[76.8252,15.20753],[76.82889,15.23261],[76.83616,15.24281],[76.87422,15.23419],[76.87172,15.22355],[76.88109,15.22006],[76.89483,15.22047],[76.90089,15.2225],[76.90855,15.22131],[76.90787,15.22702],[76.91642,15.22797],[76.91709,15.23164],[76.92012,15.23265],[76.92133,15.23845],[76.92323,15.23848],[76.92468,15.24162],[76.93083,15.24214],[76.93269,15.24707],[76.95017,15.24796],[76.94679,15.25529],[76.94676,15.25977],[76.94393,15.25969],[76.94186,15.27109],[76.94386,15.27855],[76.94849,15.2797],[76.94891,15.28524],[76.95715,15.28589],[76.95725,15.28801],[76.97264,15.29365],[76.98008,15.29391],[76.98127,15.29789],[76.97928,15.29825],[76.97964,15.29967],[76.98246,15.3028],[76.98018,15.30494],[76.98187,15.31204],[76.97813,15.31539],[76.97859,15.31719],[76.98403,15.31609],[76.98478,15.31926],[76.98085,15.32016],[76.98201,15.32293],[76.975,15.32433],[76.97516,15.32708],[76.96635,15.32671],[76.96666,15.32315],[76.96124,15.32293],[76.96117,15.32069],[76.9408,15.31754],[76.94076,15.33858],[76.93811,15.35721],[76.96555,15.35749],[76.96831,15.3649],[76.97535,15.37244],[76.97963,15.37632],[76.98759,15.37933],[76.9911,15.37915],[76.99202,15.37346],[77.00112,15.37375],[77.00657,15.3711],[77.03111,15.37751],[77.04188,15.37824],[77.04427,15.37743],[77.04417,15.35785],[77.06253,15.34672],[77.06494,15.34302],[77.0662,15.33477],[77.06413,15.32754],[77.07496,15.32564],[77.10125,15.33335],[77.11353,15.33364],[77.11304,15.32692],[77.11714,15.32539],[77.11719,15.31342],[77.11871,15.31332],[77.11789,15.29438],[77.15177,15.29196],[77.152,15.27543],[77.14761,15.27487],[77.14745,15.27227],[77.15389,15.27349],[77.15424,15.27113],[77.15997,15.26721],[77.1679,15.2679],[77.16802,15.25774],[77.144,15.25676],[77.14295,15.25098],[77.14049,15.25147],[77.1357,15.24158],[77.12622,15.24034],[77.12478,15.22725],[77.14738,15.22472],[77.1469,15.22139],[77.15157,15.21886],[77.15137,15.21549],[77.15476,15.21544],[77.15912,15.20169],[77.16188,15.20185],[77.16927,15.17186],[77.16755,15.1717],[77.16693,15.16898],[77.16462,15.16899],[77.16258,15.15782],[77.14104,15.15899],[77.13451,15.14846],[77.13687,15.14806],[77.13749,15.14376],[77.15088,15.13977],[77.15693,15.1406],[77.15673,15.12523],[77.14959,15.1113],[77.14239,15.10516],[77.12977,15.10102],[77.12676,15.06815],[77.12015,15.05237],[77.1193,15.04489],[77.11516,15.04597],[77.11301,15.03337],[77.09382,15.03565],[77.09065,15.02905],[77.08518,15.03086],[77.08275,15.0056],[77.06083,15.00577],[77.04424,15.00922],[77.04981,15.0225],[77.04935,15.03301],[77.04178,15.03321],[77.03477,15.03107],[77.004,15.03419],[77.0026,15.03114],[76.98624,15.02644],[76.9855,15.01551],[76.97247,15.0166],[76.96589,15.01813],[76.95036,15.03099],[76.92364,15.0315],[76.91804,15.03618],[76.90635,15.03333],[76.8945,15.03766],[76.87728,15.03117],[76.87769,15.03626],[76.86598,15.05692]]]},"properties":{"taluk":"Ballari","district":"Ballari","region_id":"subdistrict_5500","level":"taluk"}},{"type":"Feature","geometry":{"type":"MultiPolygon","coordinates":[[[[76.75829,15.41651],[76.75164,15.41691],[76.74933,15.39834],[76.75191,15.39698],[76.75168,15.39181],[76.7493,15.39186],[76.74924,15.3733],[76.74727,15.36577],[76.73979,15.36566],[76.73648,15.36367],[76.71425,15.36378],[76.71424,15.3615],[76.70794,15.36153],[76.70523,15.35934],[76.70408,15.35052],[76.69699,15.35],[76.69629,15.34033],[76.70115,15.33901],[76.7013,15.32445],[76.72134,15.32494],[76.71862,15.31896],[76.72021,15.31209],[76.71894,15.30994],[76.75575,15.31083],[76.75682,15.28995],[76.71646,15.29049],[76.71808,15.2716],[76.71225,15.27225],[76.70973,15.25534],[76.71084,15.24615],[76.70815,15.24618],[76.70508,15.2515],[76.70264,15.26191],[76.68905,15.26144],[76.68797,15.26519],[76.6913,15.27107],[76.68953,15.27597],[76.68556,15.27639],[76.68141,15.27301],[76.67251,15.27222],[76.66416,15.27572],[76.63498,15.27329],[76.63414,15.27775],[76.62691,15.28409],[76.61519,15.28022],[76.61517,15.28346],[76.61813,15.28403],[76.61343,15.28357],[76.61183,15.28005],[76.61002,15.28001],[76.60699,15.27176],[76.59076,15.25871],[76.58646,15.2593],[76.58278,15.25688],[76.59869,15.27862],[76.60096,15.27941],[76.60067,15.28452],[76.58529,15.28802],[76.58221,15.29129],[76.58258,15.2939],[76.58684,15.29662],[76.58776,15.30108],[76.60724,15.30106],[76.60852,15.30469],[76.60587,15.30642],[76.61005,15.30647],[76.61386,15.30304],[76.61793,15.30289],[76.61852,15.31118],[76.61658,15.31664],[76.6141,15.3175],[76.61088,15.31491],[76.5944,15.30977],[76.59067,15.31211],[76.59104,15.30956],[76.58587,15.31143],[76.58302,15.3095],[76.58076,15.31108],[76.5921,15.3192],[76.59379,15.32286],[76.58226,15.33375],[76.58609,15.33299],[76.58444,15.33616],[76.5792,15.33804],[76.58039,15.3423],[76.57732,15.34453],[76.57834,15.34578],[76.57571,15.34781],[76.57524,15.34516],[76.57253,15.34778],[76.56852,15.34567],[76.56236,15.34655],[76.56219,15.34867],[76.55216,15.34935],[76.55144,15.35173],[76.55794,15.36703],[76.55319,15.37327],[76.5468,15.37546],[76.5406,15.3813],[76.54832,15.38606],[76.55743,15.39876],[76.57113,15.40205],[76.59104,15.41219],[76.59451,15.41638],[76.59641,15.42635],[76.61146,15.44327],[76.64173,15.44411],[76.6583,15.44898],[76.66173,15.44906],[76.66288,15.44729],[76.67647,15.45493],[76.68401,15.46832],[76.6949,15.47674],[76.69329,15.47013],[76.69472,15.46714],[76.70769,15.45376],[76.71299,15.44221],[76.75655,15.44236],[76.75829,15.41651]]],[[[76.56869,15.33292],[76.5681,15.3299],[76.56619,15.33014],[76.56614,15.33071],[76.56869,15.33292]]],[[[76.56282,15.331],[76.56433,15.33312],[76.56418,15.33044],[76.56282,15.331]]],[[[76.57215,15.3353],[76.56949,15.33454],[76.56938,15.33478],[76.57109,15.33588],[76.57215,15.3353]]]]},"properties":{"taluk":"Kampli","district":"Ballari","region_id":"subdistrict_7107","level":"taluk"}},{"type":"Feature","geometry":{"type":"Polygon","coordinates":[[[76.74928,15.39174],[76.75168,15.39181],[76.75191,15.39698],[76.74933,15.39737],[76.75085,15.41281],[76.75164,15.41691],[76.75408,15.41686],[76.79909,15.41247],[76.8006,15.40343],[76.80507,15.40347],[76.80829,15.41393],[76.82071,15.41405],[76.83065,15.41025],[76.83027,15.40256],[76.84761,15.40211],[76.8496,15.38852],[76.85823,15.38916],[76.87608,15.38511],[76.87999,15.38765],[76.89285,15.37484],[76.90136,15.37814],[76.90969,15.38575],[76.93066,15.38638],[76.93318,15.38041],[76.93508,15.36099],[76.93919,15.35299],[76.9408,15.31754],[76.96117,15.32069],[76.96124,15.32293],[76.96666,15.32315],[76.96635,15.32671],[76.97516,15.32708],[76.975,15.32433],[76.98201,15.32293],[76.98085,15.32016],[76.98478,15.31926],[76.98403,15.31609],[76.97859,15.31719],[76.97813,15.31539],[76.98187,15.31204],[76.98018,15.30494],[76.98246,15.3028],[76.97964,15.29967],[76.97928,15.29825],[76.98127,15.29789],[76.98008,15.29391],[76.97264,15.29365],[76.95725,15.28801],[76.95715,15.28589],[76.94891,15.28524],[76.94849,15.2797],[76.94386,15.27855],[76.94186,15.27109],[76.94393,15.25969],[76.94676,15.25977],[76.94679,15.25529],[76.95017,15.24796],[76.93269,15.24707],[76.93083,15.24214],[76.92468,15.24162],[76.92323,15.23848],[76.92133,15.23845],[76.92012,15.23265],[76.91709,15.23164],[76.91642,15.22797],[76.90787,15.22702],[76.90855,15.22131],[76.90089,15.2225],[76.89483,15.22047],[76.88109,15.22006],[76.87172,15.22355],[76.87422,15.23419],[76.83616,15.24281],[76.82889,15.23261],[76.8252,15.20753],[76.82232,15.19977],[76.83033,15.19845],[76.82743,15.1767],[76.8229,15.16737],[76.8156,15.16847],[76.80928,15.1666],[76.80399,15.16736],[76.80338,15.16541],[76.80049,15.16533],[76.78783,15.17165],[76.78789,15.17418],[76.78616,15.17434],[76.79239,15.19283],[76.79754,15.22182],[76.8007,15.2217],[76.80107,15.22475],[76.80603,15.22826],[76.80676,15.23109],[76.80847,15.23085],[76.81068,15.24049],[76.80841,15.24075],[76.80951,15.24633],[76.78689,15.24531],[76.78393,15.25255],[76.7775,15.25338],[76.77561,15.25351],[76.77502,15.24794],[76.74729,15.25259],[76.74632,15.2415],[76.73584,15.24137],[76.73562,15.23978],[76.73214,15.24007],[76.73188,15.23655],[76.72705,15.23623],[76.72731,15.22964],[76.7301,15.22791],[76.72849,15.22105],[76.73105,15.21975],[76.73205,15.21574],[76.73015,15.21411],[76.72813,15.21504],[76.72486,15.2068],[76.71494,15.20733],[76.71429,15.204],[76.71182,15.20425],[76.70929,15.19974],[76.7006,15.2055],[76.69145,15.21826],[76.69589,15.23407],[76.6974,15.23368],[76.69939,15.23941],[76.71084,15.24615],[76.70973,15.25534],[76.71225,15.27225],[76.71808,15.2716],[76.71646,15.29049],[76.75682,15.28995],[76.75575,15.31083],[76.71894,15.30994],[76.72021,15.31209],[76.71862,15.31896],[76.72134,15.32494],[76.7013,15.32445],[76.70115,15.33901],[76.69629,15.34033],[76.69699,15.35],[76.70408,15.35052],[76.70523,15.35934],[76.70794,15.36153],[76.71424,15.3615],[76.71425,15.36378],[76.73648,15.36367],[76.73979,15.36566],[76.74727,15.36577],[76.74924,15.3733],[76.74928,15.39174]]]},"properties":{"taluk":"Kurugodu","district":"Ballari","region_id":"subdistrict_7109","level":"taluk"}},{"type":"Feature","geometry":{"type":"Polygon","coordinates":[[[76.40765,15.23443],[76.41564,15.23099],[76.42256,15.22472],[76.4275,15.22663],[76.43268,15.23224],[76.44907,15.21936],[76.45846,15.21683],[76.45777,15.20823],[76.45335,15.20228],[76.47701,15.18697],[76.49425,15.16909],[76.51724,15.18253],[76.52435,15.18082],[76.52573,15.18291],[76.52933,15.18294],[76.53356,15.18872],[76.53896,15.18666],[76.54364,15.19178],[76.55605,15.18754],[76.56301,15.19269],[76.56371,15.18697],[76.57672,15.18588],[76.57404,15.1874],[76.57346,15.19287],[76.60351,15.19509],[76.60487,15.19895],[76.61508,15.20019],[76.62852,15.22995],[76.63887,15.23469],[76.64196,15.23912],[76.64196,15.24675],[76.6349,15.25261],[76.63226,15.25177],[76.63162,15.26035],[76.64114,15.26323],[76.6431,15.26135],[76.65115,15.26033],[76.65661,15.26284],[76.65472,15.27408],[76.66416,15.27572],[76.67251,15.27222],[76.68141,15.27301],[76.68556,15.27639],[76.68953,15.27597],[76.6913,15.27107],[76.68797,15.26519],[76.68905,15.26144],[76.70264,15.26191],[76.70508,15.2515],[76.70917,15.24531],[76.69939,15.23941],[76.6974,15.23368],[76.69605,15.23447],[76.69145,15.21826],[76.7006,15.2055],[76.70985,15.19881],[76.71424,15.18756],[76.71176,15.1807],[76.72329,15.16943],[76.73155,15.16928],[76.73629,15.16551],[76.73556,15.16294],[76.74541,15.15741],[76.74292,15.15055],[76.74352,15.14696],[76.74835,15.1419],[76.7473,15.13763],[76.76357,15.11903],[76.78147,15.11002],[76.7845,15.10649],[76.78737,15.10837],[76.78877,15.10493],[76.79505,15.10362],[76.80138,15.09757],[76.80159,15.09548],[76.79491,15.0913],[76.79269,15.08647],[76.78715,15.08739],[76.78335,15.07665],[76.7789,15.07891],[76.7775,15.07708],[76.78065,15.07488],[76.77508,15.07041],[76.77361,15.06395],[76.77348,15.05912],[76.78057,15.04261],[76.78372,15.04237],[76.78604,15.03718],[76.78597,15.02751],[76.7905,15.02074],[76.7876,15.00854],[76.78364,15.00414],[76.77852,15.00671],[76.77523,14.99384],[76.77216,14.99057],[76.76097,14.99007],[76.7539,14.98417],[76.74269,14.98736],[76.73423,14.98537],[76.72803,14.99749],[76.72854,15.00007],[76.7272,15.00007],[76.72799,15.00959],[76.73597,15.02253],[76.73289,15.03194],[76.71945,15.03425],[76.71762,15.03621],[76.71258,15.03324],[76.70359,15.03308],[76.70249,15.02938],[76.70433,15.02099],[76.70166,15.01662],[76.69308,15.01914],[76.68584,15.01843],[76.6861,15.02197],[76.6891,15.02315],[76.68747,15.02505],[76.67743,15.02465],[76.67575,15.02137],[76.67152,15.01932],[76.67432,15.01601],[76.6736,15.01219],[76.67998,15.00546],[76.68193,14.99611],[76.67813,14.99551],[76.68148,14.99078],[76.68479,14.9898],[76.68961,14.97816],[76.70502,14.97728],[76.71603,14.97284],[76.71754,14.95307],[76.71319,14.93924],[76.70611,14.94264],[76.70679,14.93109],[76.70391,14.93157],[76.69592,14.92679],[76.67921,14.93834],[76.65944,14.94211],[76.66616,14.91656],[76.67753,14.91143],[76.67758,14.89468],[76.67234,14.89655],[76.66653,14.89454],[76.66599,14.89625],[76.65139,14.89686],[76.64622,14.89444],[76.63755,14.89502],[76.63287,14.8919],[76.63257,14.88313],[76.61907,14.88482],[76.60829,14.88128],[76.59433,14.88163],[76.5923,14.86517],[76.58603,14.85923],[76.578,14.86132],[76.56981,14.86762],[76.56544,14.88016],[76.54196,14.8813],[76.53874,14.87614],[76.52977,14.87466],[76.53376,14.87094],[76.52192,14.8691],[76.51702,14.87185],[76.49832,14.86882],[76.49828,14.8621],[76.49495,14.86168],[76.49479,14.85978],[76.48745,14.86101],[76.48105,14.85924],[76.47477,14.87161],[76.47793,14.88248],[76.47262,14.88274],[76.46565,14.87561],[76.46376,14.88197],[76.45788,14.88318],[76.46038,14.8924],[76.45251,14.91226],[76.45501,14.91739],[76.47062,14.92741],[76.46277,14.9249],[76.45321,14.92687],[76.44204,14.93115],[76.4352,14.93709],[76.43202,14.93702],[76.42697,14.93108],[76.41251,14.93204],[76.40755,14.9346],[76.39819,14.93292],[76.40255,14.93492],[76.40361,14.94431],[76.40593,14.94557],[76.40703,14.95207],[76.40054,14.95254],[76.39994,14.95445],[76.39636,14.95552],[76.39426,14.95473],[76.39407,14.95745],[76.39194,14.95578],[76.38069,14.95839],[76.37517,14.95714],[76.37674,14.98366],[76.36127,14.98602],[76.36466,14.99105],[76.36117,14.99558],[76.37207,14.99668],[76.37546,15.00538],[76.37764,15.00592],[76.37953,15.01889],[76.37723,15.0216],[76.37928,15.02314],[76.39319,15.02182],[76.406,15.02972],[76.40441,15.03822],[76.4022,15.03803],[76.39937,15.04761],[76.39372,15.05287],[76.39359,15.06352],[76.41105,15.06079],[76.42302,15.04493],[76.43938,15.03998],[76.45207,15.03834],[76.46167,15.04222],[76.46439,15.04803],[76.47469,15.04204],[76.47134,15.04828],[76.47422,15.04963],[76.47106,15.05165],[76.47284,15.05749],[76.44928,15.08675],[76.44969,15.09337],[76.44425,15.10109],[76.44688,15.10668],[76.44287,15.11092],[76.44283,15.10793],[76.43926,15.10733],[76.4393,15.10515],[76.43524,15.10771],[76.43989,15.11132],[76.4418,15.11619],[76.44104,15.12233],[76.4361,15.1245],[76.42011,15.11822],[76.41733,15.12117],[76.41209,15.12057],[76.39755,15.12596],[76.39814,15.12755],[76.41375,15.1324],[76.41574,15.13553],[76.42067,15.1345],[76.42328,15.13784],[76.4198,15.14184],[76.41787,15.14025],[76.41207,15.14243],[76.40911,15.15095],[76.41164,15.1535],[76.40724,15.15491],[76.40498,15.15992],[76.40735,15.16362],[76.41766,15.16587],[76.41331,15.17416],[76.40163,15.18342],[76.39617,15.1936],[76.40937,15.19414],[76.42432,15.2099],[76.41857,15.21539],[76.42044,15.21819],[76.41395,15.21754],[76.41097,15.22284],[76.40878,15.22166],[76.40703,15.22325],[76.40875,15.22687],[76.40621,15.22389],[76.40071,15.22855],[76.40765,15.23443]]]},"properties":{"taluk":"Sandur","district":"Ballari","region_id":"subdistrict_5501","level":"taluk"}},{"type":"Feature","geometry":{"type":"Polygon","coordinates":[[[76.92317,15.72809],[76.92755,15.73517],[76.9297,15.74351],[76.94039,15.76175],[76.95249,15.76625],[76.96315,15.77399],[76.96698,15.78044],[76.99574,15.80752],[77.01784,15.82444],[77.02442,15.83764],[77.03588,15.82905],[77.04013,15.83269],[77.04118,15.82991],[77.04715,15.83054],[77.0482,15.82793],[77.05135,15.82971],[77.05443,15.8288],[77.0539,15.83018],[77.06363,15.83],[77.06631,15.82647],[77.06389,15.80223],[77.06688,15.80202],[77.06743,15.79221],[77.06624,15.78482],[77.06024,15.78632],[77.05685,15.76846],[77.05218,15.76974],[77.05075,15.76401],[77.05616,15.76215],[77.0541,15.75577],[77.04782,15.75624],[77.04921,15.72997],[77.0801,15.72747],[77.07902,15.71605],[77.08795,15.71473],[77.08261,15.69873],[77.07869,15.6951],[77.09404,15.69074],[77.09386,15.68905],[77.10857,15.68182],[77.10921,15.67937],[77.11388,15.67746],[77.11369,15.67539],[77.12174,15.67116],[77.12018,15.66709],[77.12834,15.66587],[77.12143,15.63095],[77.107,15.63768],[77.10686,15.64113],[77.10272,15.64303],[77.10234,15.64555],[77.09518,15.65207],[77.09011,15.65288],[77.08296,15.65891],[77.07121,15.64548],[77.03146,15.6351],[77.03053,15.62119],[77.0327,15.62084],[77.03132,15.61113],[77.03331,15.60523],[77.02607,15.58077],[77.03105,15.54569],[77.03008,15.50274],[77.02852,15.50016],[77.02469,15.50254],[77.01493,15.50248],[77.01056,15.50492],[76.99135,15.50646],[76.97447,15.51072],[76.97373,15.50709],[76.97657,15.49071],[76.99815,15.47758],[77.01003,15.44984],[77.0267,15.44123],[77.03461,15.43168],[77.03446,15.42111],[77.02884,15.40548],[77.03308,15.40014],[77.04497,15.39365],[77.04826,15.38525],[77.04427,15.37743],[77.03111,15.37751],[77.00657,15.3711],[77.00112,15.37375],[76.99202,15.37346],[76.9911,15.37915],[76.98759,15.37933],[76.9788,15.37582],[76.96862,15.36528],[76.96555,15.35749],[76.96358,15.35693],[76.93789,15.35735],[76.93508,15.36099],[76.93318,15.38041],[76.93066,15.38638],[76.90969,15.38575],[76.90136,15.37814],[76.89285,15.37484],[76.87999,15.38765],[76.87608,15.38511],[76.85823,15.38916],[76.8496,15.38852],[76.84761,15.40211],[76.83027,15.40256],[76.83065,15.41025],[76.82071,15.41405],[76.80829,15.41393],[76.80507,15.40347],[76.8006,15.40343],[76.79909,15.41247],[76.75829,15.41651],[76.75655,15.44236],[76.71299,15.44221],[76.70769,15.45376],[76.69792,15.46257],[76.69329,15.47013],[76.69491,15.47683],[76.69376,15.47864],[76.70986,15.48871],[76.72391,15.49284],[76.74251,15.49108],[76.78126,15.49301],[76.81048,15.51447],[76.81064,15.51842],[76.80682,15.52634],[76.80772,15.53439],[76.81439,15.54989],[76.82701,15.55857],[76.83387,15.58143],[76.83167,15.59767],[76.83575,15.60204],[76.83259,15.61431],[76.82904,15.61937],[76.83199,15.62403],[76.84126,15.63041],[76.84585,15.63593],[76.85909,15.64477],[76.85945,15.65131],[76.88768,15.685],[76.90858,15.69324],[76.91569,15.70301],[76.92317,15.72809]]]},"properties":{"taluk":"Siruguppa","district":"Ballari","region_id":"subdistrict_5499","level":"taluk"}},{"type":"Feature","geometry":{"type":"Polygon","coordinates":[[[77.35224,18.10901],[77.34633,18.13118],[77.34909,18.14179],[77.3422,18.14449],[77.34228,18.14692],[77.34454,18.14927],[77.35607,18.148],[77.35909,18.15325],[77.36133,18.17167],[77.36413,18.17805],[77.36077,18.18138],[77.3599,18.18558],[77.36474,18.19509],[77.36301,18.20143],[77.36959,18.21393],[77.36483,18.21611],[77.34932,18.20313],[77.33503,18.2075],[77.33937,18.22255],[77.33621,18.23439],[77.33834,18.25239],[77.349,18.26166],[77.34358,18.26471],[77.33705,18.25298],[77.3349,18.25549],[77.32543,18.25162],[77.31771,18.2522],[77.31651,18.25517],[77.31306,18.25632],[77.31303,18.25939],[77.3105,18.26047],[77.31116,18.26265],[77.30629,18.26352],[77.30757,18.26679],[77.30647,18.27461],[77.30983,18.2754],[77.31445,18.2829],[77.31532,18.29345],[77.31316,18.29457],[77.31944,18.31795],[77.31627,18.32047],[77.31374,18.31996],[77.30431,18.34008],[77.30306,18.34738],[77.30526,18.34882],[77.30502,18.36645],[77.30632,18.37301],[77.30799,18.37377],[77.30763,18.37923],[77.30422,18.38303],[77.3034,18.391],[77.3074,18.39241],[77.30537,18.40591],[77.31037,18.40712],[77.31083,18.41404],[77.31616,18.42206],[77.32289,18.42116],[77.32619,18.41657],[77.33643,18.42171],[77.34013,18.42507],[77.34009,18.43815],[77.34364,18.4429],[77.34705,18.44233],[77.35345,18.44993],[77.36561,18.451],[77.3692,18.4475],[77.3632,18.43639],[77.36499,18.4354],[77.36345,18.43099],[77.36701,18.42866],[77.36715,18.41896],[77.37003,18.41839],[77.36803,18.41314],[77.37264,18.40094],[77.37909,18.40221],[77.38436,18.39999],[77.40095,18.40229],[77.40151,18.40003],[77.40437,18.39974],[77.41415,18.39219],[77.40983,18.37661],[77.40294,18.37351],[77.40169,18.37085],[77.39494,18.36947],[77.39969,18.3599],[77.40058,18.34753],[77.39508,18.34784],[77.39541,18.3434],[77.38936,18.34208],[77.38884,18.3405],[77.38261,18.3405],[77.38149,18.33146],[77.3761,18.33237],[77.36985,18.32471],[77.3563,18.32089],[77.36577,18.30894],[77.38548,18.30886],[77.39355,18.30411],[77.40049,18.305],[77.40294,18.30268],[77.41235,18.30213],[77.41689,18.30648],[77.42564,18.308],[77.42868,18.31292],[77.43768,18.31029],[77.43892,18.30801],[77.43691,18.29206],[77.44117,18.28213],[77.44622,18.28345],[77.4477,18.26987],[77.45168,18.26986],[77.45086,18.26794],[77.4643,18.26284],[77.47526,18.26512],[77.48066,18.27207],[77.4888,18.26827],[77.49387,18.26919],[77.49648,18.2744],[77.50238,18.27815],[77.50516,18.28427],[77.50803,18.28451],[77.51067,18.29786],[77.50866,18.30467],[77.51317,18.31015],[77.52356,18.30842],[77.53536,18.2976],[77.54827,18.29472],[77.5487,18.29244],[77.56089,18.28427],[77.56633,18.28672],[77.57244,18.2948],[77.57363,18.29026],[77.57849,18.28634],[77.59864,18.28262],[77.60343,18.27934],[77.59137,18.2616],[77.58161,18.25897],[77.5728,18.24298],[77.5724,18.23966],[77.58067,18.2316],[77.58014,18.22919],[77.5864,18.2176],[77.581,18.21622],[77.57619,18.20169],[77.5649,18.20357],[77.56307,18.19546],[77.56337,18.19364],[77.57021,18.19283],[77.57446,18.17448],[77.58343,18.16105],[77.59094,18.15622],[77.59723,18.15655],[77.59408,18.13643],[77.60219,18.10515],[77.59769,18.09735],[77.59592,18.0856],[77.56491,18.0758],[77.56071,18.07175],[77.55787,18.06375],[77.54844,18.06438],[77.54803,18.05322],[77.55141,18.0506],[77.54649,18.03609],[77.54008,18.04009],[77.53158,18.0416],[77.52054,18.04655],[77.51323,18.0572],[77.4986,18.06033],[77.49678,18.05838],[77.49715,18.05438],[77.50071,18.0436],[77.49208,18.03714],[77.48605,18.02412],[77.48243,18.02228],[77.47533,18.02685],[77.4701,18.03592],[77.45152,18.04191],[77.44917,18.04768],[77.44179,18.05631],[77.44159,18.06169],[77.44541,18.06766],[77.44433,18.07178],[77.44137,18.0782],[77.43418,18.08574],[77.42861,18.08473],[77.42299,18.07921],[77.42064,18.06349],[77.40464,18.05151],[77.39578,18.05082],[77.39254,18.05239],[77.3852,18.07403],[77.39885,18.09032],[77.40082,18.10405],[77.3971,18.10559],[77.38308,18.10398],[77.36981,18.1057],[77.36749,18.09916],[77.35224,18.10901]]]},"properties":{"taluk":"Aurad","district":"Bidar","region_id":"subdistrict_5456","level":"taluk"}},{"type":"Feature","geometry":{"type":"Polygon","coordinates":[[[76.7148,17.63913],[76.69894,17.642],[76.69834,17.64505],[76.71187,17.65581],[76.71094,17.66085],[76.70709,17.66282],[76.69532,17.6624],[76.69522,17.67701],[76.68988,17.68412],[76.69351,17.69597],[76.70341,17.69329],[76.71235,17.69565],[76.71111,17.69977],[76.70051,17.70616],[76.70543,17.72315],[76.69926,17.72835],[76.72829,17.73756],[76.72418,17.75011],[76.71839,17.75189],[76.72156,17.76975],[76.71268,17.77415],[76.71427,17.78132],[76.72143,17.78821],[76.72997,17.78295],[76.7407,17.77977],[76.74388,17.78011],[76.74251,17.7841],[76.75116,17.7851],[76.75129,17.78718],[76.76191,17.7874],[76.76575,17.79187],[76.76631,17.79885],[76.77926,17.79821],[76.77879,17.80217],[76.78255,17.80685],[76.7812,17.81499],[76.78389,17.82009],[76.78772,17.82131],[76.78879,17.82527],[76.7907,17.8251],[76.78691,17.83318],[76.78174,17.83497],[76.77501,17.84132],[76.77402,17.84621],[76.76835,17.8517],[76.76551,17.85125],[76.75388,17.8577],[76.73845,17.85604],[76.73869,17.88276],[76.74119,17.89487],[76.73996,17.89954],[76.75876,17.89962],[76.76825,17.90241],[76.77345,17.89138],[76.7738,17.87847],[76.78834,17.87609],[76.79602,17.87231],[76.80808,17.8714],[76.80755,17.87787],[76.81006,17.88741],[76.81762,17.88678],[76.81948,17.88387],[76.82586,17.88603],[76.82615,17.88421],[76.83264,17.88259],[76.83252,17.89334],[76.83959,17.89979],[76.84542,17.8996],[76.84708,17.90131],[76.87167,17.89897],[76.87994,17.89456],[76.88131,17.89598],[76.88417,17.89426],[76.88365,17.89943],[76.88846,17.8984],[76.89364,17.89994],[76.89367,17.90633],[76.89619,17.90603],[76.89634,17.91084],[76.89881,17.90933],[76.90151,17.91452],[76.90041,17.91755],[76.91471,17.91478],[76.91887,17.91642],[76.91965,17.94292],[76.91689,17.95615],[76.92957,17.95562],[76.94578,17.95354],[76.94708,17.93706],[76.95557,17.93469],[76.9562,17.93233],[76.99551,17.92363],[77.00612,17.93119],[77.01383,17.92723],[77.0233,17.9138],[77.03415,17.90947],[77.03416,17.90727],[77.0431,17.90612],[77.0462,17.90058],[77.04607,17.89532],[77.04274,17.89357],[77.04281,17.88988],[77.04821,17.87665],[77.05213,17.87774],[77.0694,17.87504],[77.06792,17.85593],[77.07019,17.84472],[77.07392,17.84334],[77.07351,17.83696],[77.0709,17.83232],[77.0726,17.82477],[77.06993,17.82281],[77.07492,17.81609],[77.08058,17.81209],[77.07727,17.80557],[77.08019,17.79404],[77.07745,17.78523],[77.06874,17.78568],[77.06763,17.78106],[77.0628,17.77854],[77.06082,17.77235],[77.06172,17.76562],[77.07087,17.75041],[77.07298,17.7513],[77.07388,17.74651],[77.07119,17.74134],[77.06652,17.74221],[77.06682,17.74037],[77.06416,17.74025],[77.05508,17.73062],[77.05107,17.70693],[77.06116,17.70442],[77.06068,17.69793],[77.0633,17.69112],[77.06073,17.68513],[77.06139,17.67874],[77.05958,17.67247],[77.04809,17.67129],[77.04387,17.66758],[77.04099,17.66764],[77.03932,17.67165],[77.03489,17.67184],[77.03489,17.6813],[77.03332,17.68231],[77.01815,17.67937],[77.01376,17.68497],[77.00662,17.6877],[77.0006,17.69548],[76.99678,17.69506],[76.99403,17.6974],[76.99259,17.69571],[76.99004,17.69625],[76.9861,17.69868],[76.98085,17.69814],[76.98245,17.69614],[76.98023,17.68741],[76.97616,17.68061],[76.9775,17.66555],[76.98306,17.66286],[76.98476,17.65602],[76.98375,17.65297],[76.97726,17.64774],[76.97063,17.64606],[76.96588,17.64048],[76.96057,17.63863],[76.9604,17.63643],[76.95722,17.63443],[76.95732,17.62056],[76.95195,17.62423],[76.95134,17.62055],[76.94127,17.60978],[76.94125,17.60665],[76.92943,17.60599],[76.92192,17.60991],[76.92225,17.61811],[76.91948,17.62184],[76.92467,17.6247],[76.92934,17.63725],[76.91418,17.63903],[76.90763,17.63487],[76.89887,17.64488],[76.8831,17.64282],[76.86701,17.64705],[76.85541,17.64361],[76.84999,17.64586],[76.84183,17.65379],[76.83771,17.65245],[76.83535,17.64938],[76.82234,17.65145],[76.80686,17.64853],[76.80715,17.65026],[76.79201,17.65275],[76.78754,17.64748],[76.78895,17.64275],[76.78444,17.63927],[76.78515,17.63694],[76.7769,17.63634],[76.77348,17.63879],[76.77141,17.64606],[76.77311,17.65731],[76.77199,17.66605],[76.74867,17.66712],[76.7418,17.66483],[76.73284,17.66557],[76.73222,17.65895],[76.72071,17.65401],[76.7148,17.63913]]]},"properties":{"taluk":"Basavakalyan","district":"Bidar","region_id":"subdistrict_5454","level":"taluk"}},{"type":"Feature","geometry":{"type":"Polygon","coordinates":[[[77.0757,17.97649],[77.05881,17.97499],[77.06271,17.98034],[77.05606,17.98452],[77.05667,17.99538],[77.05756,18.00006],[77.06012,18.00014],[77.06225,18.00487],[77.06435,18.01964],[77.05845,18.0209],[77.05806,18.0224],[77.04415,18.02102],[77.04373,18.02513],[77.04934,18.02622],[77.05246,18.04264],[77.04814,18.0462],[77.0317,18.04934],[77.03184,18.05218],[77.01767,18.0631],[77.01224,18.06165],[76.99936,18.06681],[76.99189,18.06441],[76.99082,18.04717],[76.98462,18.04558],[76.98113,18.02599],[76.96022,18.03285],[76.95659,18.03803],[76.95468,18.03669],[76.95275,18.04108],[76.95387,18.0427],[76.94358,18.04632],[76.94375,18.04962],[76.95118,18.0604],[76.95081,18.06275],[76.94862,18.06301],[76.95052,18.06549],[76.94402,18.08338],[76.96235,18.09058],[76.96507,18.09506],[76.96521,18.09958],[76.95758,18.10517],[76.95431,18.11046],[76.93748,18.11457],[76.93439,18.11251],[76.93055,18.11308],[76.92172,18.11767],[76.91795,18.12411],[76.92342,18.12995],[76.93247,18.1336],[76.92928,18.13878],[76.92146,18.1441],[76.929,18.15402],[76.93029,18.15937],[76.93707,18.1598],[76.94251,18.15662],[76.94842,18.16939],[76.95133,18.18831],[76.96241,18.19036],[76.97734,18.18945],[76.97891,18.19263],[76.99141,18.1907],[76.99059,18.18583],[76.99464,18.1827],[76.99451,18.17519],[76.99814,18.16498],[77.00262,18.16255],[77.00199,18.1614],[77.02375,18.15854],[77.02347,18.16214],[77.02609,18.16673],[77.02359,18.17538],[77.03208,18.17746],[77.03357,18.18218],[77.05219,18.17385],[77.05305,18.16072],[77.06427,18.15181],[77.08265,18.15157],[77.08765,18.15301],[77.08982,18.15595],[77.09994,18.15895],[77.10527,18.15619],[77.11204,18.15692],[77.11626,18.16937],[77.09697,18.19407],[77.09694,18.19655],[77.10938,18.20431],[77.12373,18.20676],[77.12385,18.20895],[77.12659,18.20932],[77.13383,18.20603],[77.13859,18.2013],[77.13367,18.19266],[77.13306,18.18395],[77.13373,18.18179],[77.13638,18.18193],[77.13695,18.18585],[77.14006,18.18664],[77.14074,18.18185],[77.14334,18.18162],[77.14259,18.17503],[77.14613,18.17553],[77.1481,18.17388],[77.14675,18.16398],[77.14617,18.1656],[77.14468,18.16423],[77.1504,18.1536],[77.15296,18.15317],[77.16039,18.15774],[77.16948,18.16858],[77.17806,18.1711],[77.18154,18.16765],[77.18487,18.14176],[77.18641,18.13972],[77.19696,18.13942],[77.2047,18.14516],[77.21208,18.16636],[77.21566,18.16769],[77.22146,18.16342],[77.22033,18.15524],[77.22777,18.14717],[77.23534,18.15104],[77.23782,18.16043],[77.2484,18.15972],[77.26174,18.15432],[77.26205,18.14956],[77.27271,18.13186],[77.29469,18.13508],[77.30189,18.12749],[77.31727,18.1202],[77.33054,18.12425],[77.34633,18.12069],[77.34919,18.11892],[77.35334,18.10765],[77.36749,18.09916],[77.36981,18.1057],[77.38308,18.10398],[77.3971,18.10559],[77.40139,18.10304],[77.39885,18.09032],[77.38588,18.07556],[77.38553,18.07015],[77.39173,18.05812],[77.39254,18.05239],[77.39578,18.05082],[77.40666,18.05211],[77.41271,18.04646],[77.4133,18.04294],[77.41021,18.04025],[77.40906,18.03491],[77.3985,18.03243],[77.3953,18.01534],[77.39071,18.00749],[77.37994,18.00721],[77.37757,17.98926],[77.38076,17.9752],[77.3849,17.97604],[77.38216,17.97018],[77.38284,17.96642],[77.39913,17.97017],[77.39754,17.95853],[77.40025,17.94834],[77.39025,17.94661],[77.38171,17.94737],[77.38216,17.94207],[77.39822,17.92744],[77.38826,17.91491],[77.38012,17.91018],[77.36552,17.91073],[77.36117,17.89964],[77.36624,17.89987],[77.36502,17.89671],[77.36784,17.89334],[77.3699,17.89719],[77.37211,17.89697],[77.37637,17.89502],[77.37525,17.89269],[77.37964,17.89103],[77.37089,17.87498],[77.35884,17.86966],[77.34601,17.87049],[77.34013,17.86535],[77.33285,17.86644],[77.33056,17.86238],[77.33234,17.85869],[77.3297,17.85284],[77.31476,17.85465],[77.31731,17.85584],[77.31747,17.85915],[77.31964,17.85922],[77.32023,17.86434],[77.31843,17.86494],[77.32268,17.87131],[77.31777,17.88015],[77.3134,17.87944],[77.31326,17.88824],[77.28993,17.8778],[77.27952,17.88451],[77.27713,17.87948],[77.26751,17.87756],[77.2579,17.87988],[77.25338,17.8853],[77.24202,17.88434],[77.23064,17.88669],[77.22974,17.87948],[77.22148,17.88456],[77.22326,17.8887],[77.22198,17.88928],[77.20383,17.8819],[77.20476,17.88052],[77.19561,17.8835],[77.19706,17.88976],[77.19561,17.89625],[77.18318,17.8956],[77.18232,17.89798],[77.18499,17.90365],[77.17919,17.90431],[77.17884,17.90599],[77.18282,17.91452],[77.18866,17.91226],[77.18946,17.91534],[77.19384,17.91756],[77.19166,17.92042],[77.19564,17.92131],[77.19609,17.92351],[77.18974,17.92309],[77.18076,17.91602],[77.16703,17.92028],[77.16908,17.93884],[77.14435,17.94413],[77.1402,17.94289],[77.13661,17.93013],[77.12901,17.92639],[77.12399,17.92926],[77.11142,17.93002],[77.10694,17.94002],[77.09424,17.94298],[77.09471,17.95216],[77.09009,17.95479],[77.08677,17.97248],[77.0757,17.97649]],[[77.2071,17.93101],[77.20776,17.92665],[77.20809,17.93106],[77.2071,17.93101]],[[77.20408,17.91899],[77.20303,17.92119],[77.20195,17.92117],[77.20244,17.91896],[77.20408,17.91899]],[[77.19309,17.90506],[77.19242,17.90869],[77.19212,17.90355],[77.19309,17.90506]],[[77.2274,17.89304],[77.23166,17.89802],[77.22788,17.8989],[77.2274,17.89304]],[[77.20501,17.89636],[77.20704,17.89722],[77.20518,17.89754],[77.20501,17.89636]],[[77.20153,17.89232],[77.1999,17.88825],[77.20295,17.88844],[77.20153,17.89232]],[[77.20696,17.89077],[77.20466,17.89034],[77.20606,17.88899],[77.20696,17.89077]]]},"properties":{"taluk":"Bhalki","district":"Bidar","region_id":"subdistrict_5455","level":"taluk"}},{"type":"Feature","geometry":{"type":"MultiPolygon","coordinates":[[[[77.51405,17.80364],[77.50651,17.78535],[77.52231,17.78046],[77.52711,17.78152],[77.53397,17.77826],[77.53827,17.77974],[77.54007,17.77802],[77.53974,17.77442],[77.54468,17.77262],[77.54794,17.76728],[77.55526,17.76359],[77.56887,17.76643],[77.56685,17.75908],[77.57032,17.74181],[77.5664,17.7396],[77.56568,17.74127],[77.56233,17.74011],[77.56272,17.7424],[77.56031,17.7401],[77.56014,17.74187],[77.5578,17.74065],[77.55648,17.73668],[77.55033,17.73676],[77.54664,17.73201],[77.5223,17.72701],[77.50642,17.71594],[77.49656,17.71632],[77.49532,17.7109],[77.49227,17.70798],[77.4865,17.70835],[77.48116,17.70467],[77.47549,17.70522],[77.46294,17.70111],[77.45893,17.69871],[77.45875,17.6964],[77.45294,17.69484],[77.45257,17.69137],[77.45535,17.68949],[77.45458,17.68383],[77.44762,17.68336],[77.42568,17.6878],[77.40582,17.68843],[77.39211,17.69623],[77.39166,17.7066],[77.38868,17.71268],[77.38215,17.71716],[77.37433,17.71887],[77.37532,17.72383],[77.3821,17.7309],[77.38133,17.73378],[77.38827,17.74466],[77.38637,17.74692],[77.37444,17.73668],[77.35375,17.73443],[77.34682,17.7358],[77.34267,17.73086],[77.34173,17.72574],[77.33894,17.72674],[77.33656,17.72249],[77.33108,17.72291],[77.32925,17.72651],[77.33009,17.73349],[77.32773,17.73717],[77.32371,17.73811],[77.32283,17.74848],[77.31649,17.76189],[77.31434,17.75921],[77.29637,17.76296],[77.28847,17.76261],[77.29299,17.77555],[77.29511,17.77712],[77.29481,17.77935],[77.28725,17.78009],[77.28719,17.78499],[77.2927,17.80492],[77.29605,17.80412],[77.29756,17.8076],[77.29801,17.81103],[77.29475,17.81505],[77.30298,17.81487],[77.30311,17.81794],[77.31023,17.8168],[77.31738,17.81965],[77.31852,17.82525],[77.31677,17.82596],[77.31656,17.83322],[77.31892,17.83296],[77.32176,17.84129],[77.32835,17.83906],[77.33023,17.84182],[77.3306,17.8432],[77.32672,17.84516],[77.32731,17.84824],[77.33123,17.84705],[77.32996,17.85311],[77.33234,17.85869],[77.33056,17.86238],[77.33285,17.86644],[77.34013,17.86535],[77.34601,17.87049],[77.35884,17.86966],[77.37089,17.87498],[77.37964,17.89103],[77.37525,17.89269],[77.37637,17.89502],[77.37211,17.89697],[77.3699,17.89719],[77.36784,17.89334],[77.36502,17.89671],[77.36624,17.89987],[77.36117,17.89964],[77.36552,17.91073],[77.38012,17.91018],[77.38826,17.91491],[77.39822,17.92744],[77.38216,17.94207],[77.38182,17.94745],[77.39025,17.94661],[77.40025,17.94834],[77.39754,17.95853],[77.39913,17.97017],[77.38239,17.96737],[77.3849,17.97604],[77.38076,17.9752],[77.37775,17.98388],[77.37994,18.00721],[77.39071,18.00749],[77.3953,18.01534],[77.3985,18.03243],[77.40906,18.03491],[77.41021,18.04025],[77.4131,18.04228],[77.41305,18.04582],[77.40597,18.05263],[77.42131,18.0642],[77.42145,18.07601],[77.42375,18.08039],[77.43053,18.08572],[77.43418,18.08574],[77.44249,18.07589],[77.44541,18.06766],[77.44159,18.06169],[77.44179,18.05631],[77.44917,18.04768],[77.45152,18.04191],[77.4701,18.03592],[77.47533,18.02685],[77.48243,18.02228],[77.48605,18.02412],[77.49208,18.03714],[77.50071,18.0436],[77.49678,18.05838],[77.4986,18.06033],[77.50518,18.05997],[77.51323,18.0572],[77.52155,18.04593],[77.54008,18.04009],[77.54408,18.03689],[77.56093,18.03673],[77.58005,18.03255],[77.58427,18.02794],[77.58636,18.01539],[77.59032,18.01269],[77.59612,18.01378],[77.60002,18.01824],[77.60025,18.02122],[77.60285,18.02098],[77.60667,18.01779],[77.60771,18.01055],[77.61952,18.00683],[77.62639,17.99675],[77.62868,17.99869],[77.63933,17.99728],[77.64742,18.00018],[77.65271,17.99526],[77.65157,17.9858],[77.6484,17.98168],[77.65127,17.97543],[77.65621,17.97055],[77.65139,17.9614],[77.65026,17.95009],[77.64097,17.95387],[77.64067,17.95197],[77.63701,17.9525],[77.63552,17.95947],[77.63334,17.96054],[77.63346,17.96795],[77.62454,17.95949],[77.63318,17.95648],[77.63304,17.94947],[77.63263,17.94651],[77.62215,17.9449],[77.61827,17.93834],[77.62219,17.92889],[77.61893,17.90369],[77.60429,17.90732],[77.60001,17.90404],[77.58623,17.90828],[77.58481,17.9005],[77.58642,17.8934],[77.59582,17.88212],[77.6009,17.88092],[77.59835,17.87328],[77.59003,17.87174],[77.58986,17.87497],[77.58342,17.87744],[77.57956,17.87396],[77.57637,17.87544],[77.57322,17.86935],[77.56959,17.86725],[77.56961,17.85158],[77.5648,17.85124],[77.56729,17.84523],[77.56051,17.83793],[77.55362,17.82011],[77.54864,17.81953],[77.547,17.82843],[77.5289,17.83005],[77.52729,17.82724],[77.52879,17.81308],[77.51746,17.80735],[77.51405,17.80364]]],[[[77.52252,17.78222],[77.52395,17.78581],[77.5268,17.78495],[77.52563,17.78246],[77.52252,17.78222]]]]},"properties":{"taluk":"Bidar","district":"Bidar","region_id":"subdistrict_5457","level":"taluk"}},{"type":"Feature","geometry":{"type":"Polygon","coordinates":[[[77.37433,17.71887],[77.38215,17.71716],[77.38868,17.71268],[77.39166,17.7066],[77.39162,17.69674],[77.3994,17.69105],[77.41041,17.68777],[77.42568,17.6878],[77.44762,17.68336],[77.45425,17.68383],[77.45508,17.6746],[77.44849,17.65333],[77.45054,17.65054],[77.45025,17.64479],[77.45345,17.63603],[77.45648,17.63448],[77.45628,17.63213],[77.45224,17.62419],[77.44925,17.60918],[77.44477,17.60911],[77.44654,17.59957],[77.44393,17.59269],[77.44452,17.5835],[77.4283,17.5873],[77.42831,17.58602],[77.40833,17.58297],[77.39114,17.58471],[77.37861,17.58349],[77.37709,17.59425],[77.35773,17.60105],[77.34967,17.59922],[77.34322,17.58797],[77.3132,17.59416],[77.30449,17.59843],[77.3003,17.59795],[77.29761,17.60324],[77.29895,17.60645],[77.29436,17.60851],[77.29596,17.61412],[77.2944,17.61477],[77.29122,17.61102],[77.28998,17.61337],[77.28515,17.61493],[77.28682,17.61696],[77.28404,17.619],[77.28206,17.61696],[77.27946,17.61773],[77.27489,17.62718],[77.25843,17.6231],[77.24433,17.62958],[77.2333,17.62998],[77.23105,17.63195],[77.22784,17.6312],[77.22816,17.62989],[77.22169,17.6315],[77.21999,17.62885],[77.21013,17.62909],[77.20643,17.62637],[77.20377,17.62976],[77.19856,17.63189],[77.19559,17.62868],[77.19411,17.61525],[77.18926,17.61563],[77.1872,17.61851],[77.18246,17.61835],[77.17304,17.62418],[77.17024,17.62182],[77.17128,17.62715],[77.15301,17.62942],[77.15024,17.6325],[77.15049,17.64141],[77.14342,17.64676],[77.14485,17.65562],[77.13745,17.65765],[77.13626,17.66084],[77.13193,17.66113],[77.13269,17.68141],[77.13644,17.68263],[77.14486,17.69865],[77.15414,17.70066],[77.15583,17.70885],[77.16404,17.7075],[77.16405,17.71055],[77.17772,17.71108],[77.18075,17.71875],[77.18764,17.72726],[77.19618,17.72681],[77.20227,17.73077],[77.20743,17.7372],[77.21929,17.74022],[77.22314,17.73881],[77.22719,17.74666],[77.22522,17.75679],[77.22606,17.76504],[77.22036,17.77595],[77.22372,17.78137],[77.23153,17.78792],[77.23792,17.78822],[77.24183,17.79157],[77.24458,17.79199],[77.24975,17.77302],[77.25757,17.7732],[77.25902,17.77659],[77.26578,17.77627],[77.26617,17.77897],[77.27285,17.78129],[77.28091,17.77924],[77.29481,17.77935],[77.28847,17.76261],[77.29637,17.76296],[77.31434,17.75921],[77.31649,17.76189],[77.32283,17.74848],[77.32371,17.73811],[77.32773,17.73717],[77.33009,17.73349],[77.32925,17.72651],[77.33108,17.72291],[77.33656,17.72249],[77.33894,17.72674],[77.34173,17.72574],[77.34267,17.73086],[77.34682,17.7358],[77.35375,17.73443],[77.37444,17.73668],[77.38637,17.74692],[77.38827,17.74466],[77.38133,17.73378],[77.3821,17.7309],[77.37532,17.72383],[77.37433,17.71887]]]},"properties":{"taluk":"Chitaguppa","district":"Bidar","region_id":"subdistrict_7084","level":"taluk"}},{"type":"Feature","geometry":{"type":"MultiPolygon","coordinates":[[[[77.31431,17.8796],[77.31834,17.87963],[77.32268,17.87131],[77.31843,17.86494],[77.32023,17.86434],[77.31964,17.85922],[77.31747,17.85915],[77.31731,17.85584],[77.31476,17.85465],[77.32996,17.85311],[77.33123,17.84705],[77.32731,17.84824],[77.32672,17.84516],[77.3306,17.8432],[77.33023,17.84182],[77.32835,17.83906],[77.32176,17.84129],[77.31892,17.83296],[77.31656,17.83322],[77.31677,17.82596],[77.31852,17.82525],[77.31738,17.81965],[77.31023,17.8168],[77.30311,17.81794],[77.30298,17.81487],[77.29475,17.81505],[77.29801,17.81103],[77.29756,17.8076],[77.29605,17.80412],[77.2927,17.80492],[77.28738,17.78654],[77.28717,17.77996],[77.26889,17.78073],[77.26533,17.77787],[77.26578,17.77627],[77.25902,17.77659],[77.25757,17.7732],[77.24975,17.77302],[77.24458,17.79199],[77.23862,17.79006],[77.23792,17.78822],[77.23153,17.78792],[77.22372,17.78137],[77.22036,17.77595],[77.22606,17.76504],[77.22522,17.75679],[77.22719,17.74666],[77.22314,17.73881],[77.21929,17.74022],[77.20743,17.7372],[77.20227,17.73077],[77.19618,17.72681],[77.18764,17.72726],[77.18075,17.71875],[77.17772,17.71108],[77.16405,17.71055],[77.16404,17.7075],[77.15583,17.70885],[77.15414,17.70066],[77.14486,17.69865],[77.13644,17.68263],[77.12818,17.68176],[77.12695,17.68631],[77.11768,17.68603],[77.11459,17.67793],[77.1063,17.67335],[77.10434,17.66864],[77.0894,17.66867],[77.0852,17.65891],[77.08084,17.66216],[77.07343,17.66177],[77.05958,17.67248],[77.06139,17.67874],[77.06073,17.68513],[77.0633,17.69112],[77.06068,17.69793],[77.06116,17.70442],[77.05153,17.70579],[77.05119,17.70847],[77.05531,17.7315],[77.06416,17.74025],[77.06682,17.74037],[77.06652,17.74221],[77.07119,17.74134],[77.07357,17.74538],[77.07298,17.7513],[77.07087,17.75041],[77.06172,17.76562],[77.06082,17.77235],[77.0628,17.77854],[77.06763,17.78106],[77.06874,17.78568],[77.07749,17.78529],[77.08019,17.79404],[77.07727,17.80557],[77.08058,17.81209],[77.07492,17.81609],[77.06993,17.82281],[77.0726,17.82477],[77.0709,17.83232],[77.07351,17.83696],[77.07392,17.84334],[77.07019,17.84472],[77.06792,17.85593],[77.0694,17.87504],[77.05213,17.87774],[77.04821,17.87665],[77.04281,17.88988],[77.04274,17.89357],[77.04607,17.89532],[77.0462,17.90058],[77.0431,17.90612],[77.05354,17.917],[77.07406,17.92044],[77.0795,17.91906],[77.08262,17.93186],[77.08664,17.93357],[77.08693,17.93766],[77.08988,17.93705],[77.09423,17.94013],[77.09481,17.94266],[77.10694,17.94002],[77.11142,17.93002],[77.12399,17.92926],[77.12901,17.92639],[77.13661,17.93013],[77.1402,17.94289],[77.14979,17.94347],[77.16908,17.93884],[77.16703,17.92028],[77.18076,17.91602],[77.18974,17.92309],[77.19609,17.92351],[77.19564,17.92131],[77.19166,17.92042],[77.19384,17.91756],[77.18946,17.91534],[77.18866,17.91226],[77.18282,17.91452],[77.17884,17.90599],[77.17919,17.90431],[77.18499,17.90365],[77.18232,17.89798],[77.18318,17.8956],[77.19561,17.89625],[77.19706,17.88976],[77.19561,17.8835],[77.20476,17.88052],[77.20383,17.8819],[77.22198,17.88928],[77.22326,17.8887],[77.22148,17.88456],[77.22974,17.87948],[77.23064,17.88669],[77.24202,17.88434],[77.25338,17.8853],[77.2579,17.87988],[77.26751,17.87756],[77.27713,17.87948],[77.27952,17.88451],[77.28993,17.8778],[77.31326,17.88824],[77.31431,17.8796]]],[[[77.23166,17.89802],[77.2274,17.89304],[77.22788,17.8989],[77.23166,17.89802]]],[[[77.1999,17.88825],[77.20153,17.89232],[77.20295,17.88844],[77.1999,17.88825]]],[[[77.20535,17.89175],[77.20696,17.89077],[77.20606,17.88899],[77.20466,17.89034],[77.20535,17.89175]]],[[[77.20776,17.92665],[77.2071,17.93101],[77.20809,17.93106],[77.20776,17.92665]]],[[[77.20413,17.91893],[77.20195,17.92117],[77.20303,17.92119],[77.20413,17.91893]]],[[[77.19242,17.90869],[77.19309,17.90506],[77.19212,17.90355],[77.19242,17.90869]]],[[[77.20704,17.89722],[77.20501,17.89636],[77.20518,17.89754],[77.20704,17.89722]]]]},"properties":{"taluk":"Homnabad","district":"Bidar","region_id":"subdistrict_5458","level":"taluk"}},{"type":"Feature","geometry":{"type":"Polygon","coordinates":[[[77.07614,17.97606],[77.08677,17.97248],[77.09009,17.95479],[77.09471,17.95216],[77.09423,17.94013],[77.08988,17.93705],[77.08693,17.93766],[77.08664,17.93357],[77.08262,17.93186],[77.0795,17.91906],[77.07406,17.92044],[77.05607,17.91794],[77.04286,17.90592],[77.03416,17.90727],[77.03415,17.90947],[77.0233,17.9138],[77.01459,17.92675],[77.00612,17.93119],[76.99551,17.92363],[76.9562,17.93233],[76.95557,17.93469],[76.94708,17.93706],[76.94578,17.95354],[76.91491,17.95726],[76.91243,17.97498],[76.91337,17.9932],[76.91254,17.99668],[76.90651,17.99671],[76.90804,17.9988],[76.90569,18.00274],[76.90569,18.00986],[76.90781,18.01445],[76.91094,18.01335],[76.91148,18.01472],[76.91447,18.03556],[76.91854,18.03652],[76.94667,18.03895],[76.953,18.04172],[76.95468,18.03669],[76.95659,18.03803],[76.96022,18.03285],[76.98113,18.02599],[76.98462,18.04558],[76.99082,18.04717],[76.99189,18.06441],[76.99936,18.06681],[77.01224,18.06165],[77.01767,18.0631],[77.03184,18.05218],[77.0317,18.04934],[77.04814,18.0462],[77.05246,18.04264],[77.04934,18.02622],[77.04373,18.02513],[77.04415,18.02102],[77.05806,18.0224],[77.05845,18.0209],[77.06435,18.01964],[77.06225,18.00487],[77.06012,18.00014],[77.05756,18.00006],[77.05667,17.99538],[77.05606,17.98452],[77.06271,17.98034],[77.05881,17.97499],[77.07614,17.97606]]]},"properties":{"taluk":"Hulsoor","district":"Bidar","region_id":"subdistrict_7086","level":"taluk"}},{"type":"Feature","geometry":{"type":"MultiPolygon","coordinates":[[[[77.26174,18.15432],[77.23951,18.16103],[77.23615,18.1568],[77.23534,18.15104],[77.22777,18.14717],[77.22033,18.15524],[77.22146,18.16342],[77.2187,18.16657],[77.21388,18.16769],[77.20397,18.14426],[77.19696,18.13942],[77.18641,18.13972],[77.18339,18.14629],[77.18107,18.1693],[77.17642,18.17112],[77.16948,18.16858],[77.15977,18.1573],[77.15296,18.15317],[77.1504,18.1536],[77.14468,18.16423],[77.14617,18.1656],[77.14675,18.16398],[77.1481,18.17388],[77.14613,18.17553],[77.14259,18.17503],[77.14334,18.18162],[77.14074,18.18185],[77.14006,18.18664],[77.13695,18.18585],[77.13638,18.18193],[77.13373,18.18179],[77.13324,18.19114],[77.13868,18.19951],[77.13394,18.20595],[77.14028,18.20758],[77.14266,18.21693],[77.15172,18.21752],[77.15104,18.22119],[77.14887,18.2214],[77.14876,18.23936],[77.15192,18.23876],[77.15985,18.25708],[77.16966,18.26089],[77.17097,18.27733],[77.17475,18.28476],[77.18742,18.28487],[77.19792,18.27679],[77.20314,18.27958],[77.21358,18.2808],[77.20946,18.28842],[77.21019,18.2947],[77.2055,18.29407],[77.2037,18.29676],[77.20229,18.30936],[77.19876,18.31455],[77.20211,18.32177],[77.21155,18.31623],[77.21486,18.32341],[77.21875,18.32564],[77.22249,18.33925],[77.22944,18.34764],[77.21965,18.34888],[77.2243,18.35656],[77.2254,18.36514],[77.23304,18.36942],[77.24629,18.37014],[77.24855,18.37444],[77.24769,18.37603],[77.2398,18.3772],[77.23338,18.38805],[77.23497,18.40072],[77.23998,18.40893],[77.2402,18.41333],[77.24414,18.41528],[77.25969,18.41357],[77.26637,18.42285],[77.27277,18.42264],[77.27493,18.42614],[77.28244,18.43077],[77.28914,18.43139],[77.30401,18.44015],[77.315,18.44126],[77.31098,18.43723],[77.31616,18.42206],[77.31083,18.41404],[77.31037,18.40712],[77.30537,18.40591],[77.3074,18.39241],[77.3034,18.391],[77.30422,18.38303],[77.30763,18.37923],[77.30799,18.37377],[77.30632,18.37301],[77.30502,18.36645],[77.30525,18.34874],[77.30306,18.34738],[77.30503,18.33801],[77.31103,18.32478],[77.31374,18.31996],[77.31627,18.32047],[77.31944,18.31795],[77.31934,18.3156],[77.31316,18.29457],[77.31532,18.29345],[77.31445,18.2829],[77.30983,18.2754],[77.30647,18.27461],[77.30757,18.26679],[77.30629,18.26352],[77.31116,18.26265],[77.3105,18.26047],[77.31303,18.25939],[77.31306,18.25632],[77.31651,18.25517],[77.31771,18.2522],[77.32543,18.25162],[77.3349,18.25549],[77.33705,18.25298],[77.34358,18.26471],[77.349,18.26166],[77.33834,18.25239],[77.33621,18.23439],[77.33937,18.22255],[77.33503,18.2075],[77.34932,18.20313],[77.36483,18.21611],[77.36959,18.21393],[77.36301,18.20143],[77.36474,18.19509],[77.3599,18.18558],[77.36077,18.18138],[77.36413,18.17805],[77.36133,18.17167],[77.35987,18.15575],[77.35607,18.148],[77.34454,18.14927],[77.34228,18.14692],[77.3422,18.14449],[77.34909,18.14179],[77.34631,18.1301],[77.34919,18.11892],[77.33054,18.12425],[77.32058,18.12029],[77.31633,18.12048],[77.30189,18.12749],[77.29469,18.13508],[77.27271,18.13186],[77.26205,18.14956],[77.26174,18.15432]]],[[[77.27821,18.45341],[77.26735,18.45426],[77.27512,18.47762],[77.2869,18.47434],[77.29227,18.47698],[77.29988,18.47605],[77.29932,18.46527],[77.29534,18.45896],[77.29032,18.45519],[77.28496,18.45572],[77.27821,18.45341]]]]},"properties":{"taluk":"Kamalnagar","district":"Bidar","region_id":"subdistrict_7085","level":"taluk"}},{"type":"Feature","geometry":{"type":"Polygon","coordinates":[[[76.16613,17.15166],[76.16953,17.15801],[76.17425,17.16203],[76.17423,17.16398],[76.17074,17.16449],[76.17284,17.17043],[76.17733,17.17126],[76.18534,17.17869],[76.19153,17.17612],[76.19564,17.17662],[76.19506,17.18401],[76.20638,17.18352],[76.21654,17.18689],[76.22071,17.18589],[76.221,17.17636],[76.2335,17.16715],[76.24065,17.15195],[76.25726,17.14918],[76.26155,17.15071],[76.26916,17.15963],[76.27909,17.16651],[76.28408,17.16727],[76.2841,17.16458],[76.28547,17.16472],[76.30976,17.17054],[76.32691,17.16904],[76.3423,17.17694],[76.35432,17.18655],[76.36294,17.18329],[76.36643,17.1754],[76.36815,17.16372],[76.36715,17.1576],[76.36013,17.1477],[76.35994,17.14089],[76.36254,17.13851],[76.3676,17.13844],[76.37941,17.14446],[76.38847,17.14633],[76.3948,17.1406],[76.39045,17.13125],[76.3683,17.12373],[76.3647,17.12025],[76.36256,17.11391],[76.36659,17.10757],[76.3834,17.10279],[76.38857,17.09793],[76.39046,17.09176],[76.38818,17.07833],[76.38897,17.07241],[76.39815,17.07129],[76.40179,17.07423],[76.40814,17.08619],[76.42768,17.10012],[76.42969,17.09888],[76.43178,17.05829],[76.43095,17.05313],[76.42719,17.05344],[76.43118,17.02962],[76.43775,17.02689],[76.43329,17.02448],[76.44107,16.99911],[76.4368,16.98182],[76.42451,16.97839],[76.40063,16.97733],[76.40227,16.94165],[76.3986,16.93347],[76.39576,16.91137],[76.38807,16.91111],[76.38272,16.91557],[76.37716,16.93657],[76.36586,16.95645],[76.34033,16.95145],[76.33797,16.9638],[76.3328,16.96373],[76.31889,16.97066],[76.31935,16.97276],[76.30574,16.97169],[76.30454,16.96956],[76.28129,16.95958],[76.26878,16.9578],[76.26715,16.96149],[76.26869,16.99766],[76.26264,17.01655],[76.25088,17.0143],[76.24883,17.01215],[76.24957,17.00973],[76.24009,17.00637],[76.23792,17.0049],[76.23824,17.00188],[76.23192,17.00009],[76.22882,17.00735],[76.20803,17.00489],[76.20669,17.00918],[76.19108,17.01108],[76.1886,17.01745],[76.17641,17.01719],[76.17441,17.00812],[76.16313,16.99267],[76.16238,16.98695],[76.09328,16.98314],[76.09264,16.99221],[76.09691,17.02127],[76.09963,17.02078],[76.10344,17.03385],[76.11232,17.04659],[76.11286,17.0543],[76.12317,17.0616],[76.1335,17.06273],[76.14745,17.05982],[76.15298,17.06876],[76.15979,17.07289],[76.15955,17.08275],[76.16296,17.08278],[76.16839,17.08824],[76.16971,17.09259],[76.16797,17.09826],[76.17199,17.10065],[76.17063,17.10873],[76.17586,17.10942],[76.1719,17.11332],[76.17195,17.11729],[76.17437,17.11899],[76.19461,17.12147],[76.19313,17.13068],[76.19492,17.14402],[76.16736,17.14991],[76.16613,17.15166]]]},"properties":{"taluk":"Almel","district":"Vijayapura","region_id":"subdistrict_7123","level":"taluk"}},{"type":"Feature","geometry":{"type":"Polygon","coordinates":[[[75.63125,16.5006],[75.62943,16.49387],[75.64229,16.49474],[75.65283,16.48076],[75.64271,16.44047],[75.63098,16.44502],[75.60139,16.44749],[75.58517,16.43417],[75.57901,16.42323],[75.57689,16.4151],[75.57315,16.41174],[75.56351,16.41426],[75.55678,16.42666],[75.55549,16.42612],[75.55246,16.44376],[75.55401,16.44944],[75.55208,16.45545],[75.54791,16.46147],[75.53894,16.4662],[75.52653,16.46503],[75.49937,16.45403],[75.49636,16.4469],[75.49875,16.43186],[75.49446,16.42313],[75.48379,16.41659],[75.46514,16.41803],[75.45797,16.41364],[75.45205,16.41353],[75.44579,16.41681],[75.43403,16.42873],[75.43278,16.43876],[75.44309,16.44746],[75.46517,16.47259],[75.46513,16.47822],[75.46061,16.48628],[75.45615,16.5057],[75.48539,16.50742],[75.49021,16.52019],[75.48816,16.55473],[75.4845,16.55499],[75.48453,16.55711],[75.47968,16.55728],[75.48112,16.56099],[75.47239,16.56365],[75.47314,16.56652],[75.4795,16.56836],[75.48413,16.57242],[75.48551,16.58052],[75.49177,16.58485],[75.49334,16.59178],[75.49117,16.59945],[75.48491,16.60626],[75.47437,16.6115],[75.46186,16.6222],[75.46216,16.62958],[75.45581,16.65346],[75.45476,16.66425],[75.44711,16.66527],[75.43757,16.69785],[75.44551,16.69976],[75.46302,16.69972],[75.48806,16.69454],[75.49205,16.72744],[75.49198,16.74545],[75.51048,16.74693],[75.51069,16.75639],[75.51576,16.77173],[75.52197,16.76901],[75.53075,16.77031],[75.53374,16.76837],[75.53453,16.7646],[75.53848,16.76569],[75.54163,16.76212],[75.54451,16.76593],[75.55244,16.75997],[75.5543,16.76932],[75.56169,16.77348],[75.57454,16.7782],[75.5992,16.78352],[75.60227,16.77336],[75.60509,16.77091],[75.6052,16.76631],[75.60972,16.76026],[75.61083,16.75152],[75.61382,16.74804],[75.66453,16.75368],[75.6694,16.75144],[75.6663,16.74397],[75.67502,16.74137],[75.6759,16.74476],[75.68207,16.74431],[75.68122,16.74027],[75.69374,16.73897],[75.68868,16.71759],[75.69294,16.69786],[75.71209,16.70115],[75.71206,16.70342],[75.72386,16.7073],[75.76636,16.70565],[75.76285,16.70382],[75.76429,16.70317],[75.76177,16.70036],[75.76215,16.69616],[75.75195,16.68643],[75.75168,16.6827],[75.74278,16.68072],[75.74467,16.67887],[75.74019,16.67702],[75.73658,16.67083],[75.73254,16.67046],[75.73252,16.66861],[75.72208,16.67049],[75.71703,16.66912],[75.71309,16.62661],[75.7176,16.59665],[75.71559,16.56359],[75.70858,16.55171],[75.69103,16.53794],[75.66722,16.54908],[75.66258,16.55723],[75.66019,16.55801],[75.64259,16.55259],[75.64705,16.55212],[75.63986,16.52982],[75.64569,16.52858],[75.64606,16.51885],[75.64517,16.51727],[75.64065,16.51771],[75.63125,16.5006]]]},"properties":{"taluk":"Babaleshwar","district":"Vijayapura","region_id":"subdistrict_7069","level":"taluk"}},{"type":"Feature","geometry":{"type":"Polygon","coordinates":[[[76.17252,16.63512],[76.17277,16.62841],[76.16719,16.62901],[76.16608,16.62429],[76.16173,16.62437],[76.1615,16.62155],[76.15849,16.62128],[76.15579,16.61173],[76.15696,16.61012],[76.16676,16.60376],[76.1893,16.61083],[76.20112,16.59536],[76.20327,16.58601],[76.21411,16.58439],[76.21147,16.57266],[76.20062,16.54833],[76.16726,16.55207],[76.15244,16.55875],[76.13673,16.56026],[76.13543,16.5468],[76.13743,16.5452],[76.12933,16.51675],[76.12149,16.49782],[76.10363,16.48038],[76.08283,16.48241],[76.08064,16.47541],[76.0777,16.47621],[76.06546,16.4721],[76.05505,16.47324],[76.05391,16.47],[76.04992,16.46968],[76.04199,16.45921],[76.03318,16.44121],[76.01382,16.45362],[76.01574,16.4723],[75.99573,16.47459],[75.99268,16.48183],[75.99189,16.49081],[75.98368,16.49543],[75.96605,16.49813],[75.96333,16.47675],[75.95575,16.48228],[75.95218,16.47216],[75.94493,16.46353],[75.93079,16.45552],[75.91979,16.45396],[75.91663,16.47866],[75.90862,16.48122],[75.91314,16.49777],[75.90039,16.4989],[75.88042,16.50513],[75.85787,16.5021],[75.85335,16.50699],[75.85434,16.51343],[75.85182,16.51366],[75.85418,16.52066],[75.8509,16.53648],[75.84858,16.5376],[75.849,16.53912],[75.8513,16.53835],[75.85077,16.54458],[75.85333,16.54517],[75.85363,16.54944],[75.85548,16.54981],[75.85416,16.56948],[75.85024,16.56946],[75.85279,16.58694],[75.82572,16.58364],[75.8259,16.59139],[75.81875,16.58921],[75.79796,16.59061],[75.76719,16.59984],[75.76895,16.62946],[75.76661,16.64221],[75.75567,16.65046],[75.75262,16.64983],[75.74948,16.65673],[75.74231,16.66047],[75.73915,16.67067],[75.7407,16.67337],[75.73869,16.67524],[75.74401,16.6779],[75.74278,16.68072],[75.75168,16.6827],[75.75195,16.68643],[75.76041,16.69381],[75.76254,16.69756],[75.76177,16.70036],[75.76418,16.70259],[75.76285,16.70382],[75.76633,16.70514],[75.76385,16.7085],[75.76754,16.71282],[75.79237,16.71411],[75.80703,16.7117],[75.84989,16.71079],[75.84979,16.72972],[75.8525,16.73768],[75.84927,16.74719],[75.84535,16.7484],[75.851,16.75667],[75.85426,16.76597],[75.87456,16.76665],[75.87492,16.77057],[75.87813,16.76951],[75.8787,16.77206],[75.88144,16.77229],[75.89179,16.76807],[75.8981,16.76177],[75.90944,16.75743],[75.91385,16.75812],[75.91667,16.77148],[75.92479,16.76968],[75.9472,16.76929],[75.96202,16.77227],[75.96493,16.76367],[75.96348,16.76343],[75.96663,16.7579],[75.98259,16.75722],[75.98229,16.74464],[75.98924,16.74277],[75.99476,16.74204],[75.99517,16.76237],[76.00709,16.75916],[76.02581,16.76022],[76.02657,16.73152],[76.01411,16.73248],[76.01332,16.72493],[76.02143,16.72434],[76.02527,16.72011],[76.04097,16.71585],[76.04299,16.70984],[76.0454,16.70985],[76.04522,16.69763],[76.04891,16.6973],[76.04866,16.69577],[76.06969,16.69427],[76.08312,16.6961],[76.08908,16.69471],[76.08593,16.65563],[76.09569,16.65495],[76.10013,16.65387],[76.09988,16.65233],[76.13533,16.64497],[76.13565,16.64223],[76.13935,16.64296],[76.13887,16.63795],[76.14567,16.63637],[76.14737,16.63791],[76.15095,16.6373],[76.15652,16.644],[76.16019,16.64467],[76.16152,16.65318],[76.16579,16.65883],[76.17011,16.66092],[76.17848,16.65549],[76.21093,16.6625],[76.22442,16.65023],[76.22417,16.64696],[76.20721,16.6411],[76.19178,16.63715],[76.17252,16.63512]]]},"properties":{"taluk":"Basavana Bagevadi","district":"Vijayapura","region_id":"subdistrict_5452","level":"taluk"}},{"type":"Feature","geometry":{"type":"Polygon","coordinates":[[[75.79268,17.19352],[75.7853,17.17322],[75.77445,17.17411],[75.74137,17.19168],[75.73193,17.18886],[75.73261,17.18083],[75.72487,17.16579],[75.73087,17.16443],[75.7317,17.14511],[75.72269,17.12902],[75.72438,17.11941],[75.72291,17.11218],[75.72394,17.09025],[75.71802,17.08996],[75.7193,17.08433],[75.71104,17.08289],[75.69352,17.07409],[75.67923,17.06981],[75.67781,17.07087],[75.67954,17.07409],[75.6746,17.09012],[75.67612,17.09509],[75.67345,17.1013],[75.67243,17.11569],[75.65042,17.11554],[75.65022,17.13474],[75.64749,17.13471],[75.64542,17.14351],[75.62837,17.16214],[75.62535,17.17387],[75.62843,17.18865],[75.64026,17.18919],[75.64028,17.19391],[75.64492,17.19936],[75.65615,17.20598],[75.66222,17.21453],[75.65768,17.26275],[75.65485,17.27239],[75.62744,17.27378],[75.62936,17.28079],[75.62521,17.2848],[75.622,17.2951],[75.60327,17.30466],[75.61238,17.32697],[75.6102,17.34461],[75.5953,17.34586],[75.58166,17.35085],[75.57542,17.38398],[75.58983,17.38611],[75.60114,17.39073],[75.60503,17.39418],[75.61339,17.39154],[75.61207,17.40664],[75.60661,17.42014],[75.60993,17.42361],[75.61372,17.42429],[75.61556,17.43914],[75.62135,17.45871],[75.62731,17.46234],[75.63411,17.47946],[75.65079,17.47152],[75.66147,17.45993],[75.67335,17.46044],[75.67658,17.45833],[75.67963,17.45106],[75.67911,17.43511],[75.68512,17.4179],[75.68823,17.41372],[75.70109,17.4096],[75.71616,17.41085],[75.72685,17.42229],[75.73298,17.42248],[75.75081,17.40993],[75.76573,17.40805],[75.76853,17.40457],[75.77264,17.38737],[75.78368,17.37597],[75.79349,17.37189],[75.80502,17.36994],[75.81336,17.3759],[75.81269,17.39655],[75.81762,17.40761],[75.81597,17.40888],[75.81613,17.41462],[75.81966,17.42142],[75.82236,17.42297],[75.83559,17.42191],[75.85101,17.4133],[75.85584,17.40608],[75.85738,17.38897],[75.86073,17.3862],[75.87434,17.39929],[75.87335,17.41099],[75.87676,17.41852],[75.88174,17.41973],[75.88638,17.41824],[75.89267,17.40972],[75.89532,17.40276],[75.8982,17.37707],[75.89169,17.35928],[75.89462,17.35348],[75.89814,17.35111],[75.89611,17.34862],[75.8913,17.35018],[75.88659,17.34108],[75.88171,17.33768],[75.88843,17.32308],[75.8876,17.30304],[75.91397,17.29812],[75.91519,17.28896],[75.91213,17.2779],[75.88377,17.28362],[75.87935,17.28647],[75.86053,17.28809],[75.86072,17.29161],[75.85171,17.29778],[75.84714,17.30367],[75.83752,17.30733],[75.82253,17.30604],[75.81398,17.3029],[75.81726,17.29904],[75.80656,17.28172],[75.80076,17.27655],[75.79199,17.27399],[75.78303,17.27701],[75.78365,17.28349],[75.7781,17.2846],[75.76338,17.28259],[75.75902,17.2626],[75.75809,17.23524],[75.75994,17.23456],[75.75684,17.22904],[75.77902,17.21985],[75.78708,17.21826],[75.78992,17.22065],[75.79268,17.19352]]]},"properties":{"taluk":"Chadachan","district":"Vijayapura","region_id":"subdistrict_7070","level":"taluk"}},{"type":"Feature","geometry":{"type":"Polygon","coordinates":[[[76.17038,16.6606],[76.16579,16.65883],[76.16152,16.65318],[76.16019,16.64467],[76.15652,16.644],[76.15095,16.6373],[76.14737,16.63791],[76.14567,16.63637],[76.13887,16.63795],[76.13935,16.64296],[76.13565,16.64223],[76.13533,16.64497],[76.09988,16.65233],[76.10013,16.65387],[76.09569,16.65495],[76.08593,16.65563],[76.08908,16.69471],[76.08312,16.6961],[76.06969,16.69427],[76.04866,16.69577],[76.04891,16.6973],[76.04522,16.69763],[76.0454,16.70985],[76.04299,16.70984],[76.04097,16.71585],[76.02527,16.72011],[76.02143,16.72434],[76.01332,16.72493],[76.01411,16.73248],[76.02657,16.73152],[76.02581,16.76022],[76.00709,16.75916],[75.99517,16.76237],[75.99884,16.79105],[75.99856,16.80205],[76.00087,16.80902],[76.01937,16.82491],[76.01931,16.84923],[76.02505,16.85175],[76.02597,16.85438],[76.00116,16.86899],[75.99865,16.86883],[75.99482,16.87309],[75.99872,16.8827],[76.00257,16.90611],[75.99586,16.92173],[75.98188,16.92333],[75.95533,16.91878],[75.95288,16.93371],[75.95365,16.94124],[75.96343,16.96327],[75.97772,16.96275],[75.97937,16.96119],[75.98442,16.96213],[75.98451,16.95895],[75.99632,16.96113],[76.00044,16.96007],[75.99906,16.96879],[76.00702,16.97062],[76.00717,16.97311],[76.01268,16.97569],[76.02326,16.97396],[76.03121,16.98257],[76.03061,16.98714],[76.0573,16.98436],[76.05778,16.97158],[76.06099,16.96888],[76.05909,16.96702],[76.06133,16.9562],[76.05652,16.9381],[76.05614,16.90533],[76.06467,16.90297],[76.06439,16.89853],[76.07164,16.89915],[76.07101,16.89375],[76.07527,16.89237],[76.07666,16.89304],[76.07729,16.90139],[76.08893,16.90051],[76.10298,16.90233],[76.11311,16.90134],[76.11426,16.89864],[76.1158,16.87828],[76.10288,16.87557],[76.09961,16.86692],[76.09537,16.86618],[76.08503,16.85201],[76.09251,16.85239],[76.09242,16.8499],[76.09876,16.84601],[76.09817,16.83318],[76.10684,16.83705],[76.14088,16.83882],[76.15267,16.83729],[76.16299,16.83142],[76.1673,16.82518],[76.16798,16.81527],[76.16604,16.80467],[76.17403,16.80302],[76.18125,16.79371],[76.21624,16.79276],[76.22097,16.78797],[76.23481,16.78425],[76.24356,16.78754],[76.24355,16.7841],[76.26015,16.78163],[76.26098,16.77858],[76.26803,16.77658],[76.24551,16.76886],[76.23778,16.76359],[76.23765,16.74135],[76.22604,16.72139],[76.22079,16.70184],[76.2421,16.69936],[76.24307,16.70356],[76.25655,16.70808],[76.25679,16.71286],[76.26352,16.72402],[76.26962,16.7286],[76.27052,16.73229],[76.27419,16.73325],[76.27728,16.74456],[76.29377,16.74604],[76.29974,16.75841],[76.29957,16.76234],[76.30252,16.76274],[76.30117,16.76716],[76.31022,16.76861],[76.33914,16.75741],[76.36868,16.76706],[76.36925,16.75818],[76.37441,16.74339],[76.38519,16.7425],[76.38121,16.72547],[76.39073,16.72134],[76.40146,16.72234],[76.41218,16.72855],[76.42295,16.73007],[76.42267,16.71764],[76.44256,16.7138],[76.44661,16.72344],[76.45945,16.72331],[76.46163,16.7087],[76.45842,16.70902],[76.45274,16.71453],[76.44712,16.71068],[76.44081,16.70941],[76.43755,16.70297],[76.43149,16.70101],[76.43037,16.69637],[76.42554,16.69594],[76.42676,16.68867],[76.39749,16.68992],[76.3965,16.67294],[76.37083,16.67626],[76.35065,16.67328],[76.3479,16.68104],[76.34373,16.68019],[76.34201,16.69043],[76.32788,16.69258],[76.32736,16.70796],[76.32561,16.71235],[76.32576,16.71585],[76.32758,16.71699],[76.32884,16.72061],[76.32811,16.72088],[76.32803,16.71955],[76.32294,16.71942],[76.31885,16.71625],[76.31849,16.71351],[76.30757,16.70505],[76.30146,16.70236],[76.28714,16.70142],[76.27979,16.6796],[76.27493,16.64503],[76.2721,16.64152],[76.2698,16.62652],[76.27182,16.62269],[76.28246,16.62368],[76.28221,16.62556],[76.28704,16.62619],[76.28964,16.62054],[76.29007,16.61332],[76.26553,16.61483],[76.26248,16.61042],[76.25314,16.62058],[76.25048,16.6222],[76.24021,16.62177],[76.23937,16.62531],[76.23617,16.62499],[76.23307,16.63043],[76.23092,16.62859],[76.22994,16.63152],[76.22939,16.62988],[76.22733,16.63152],[76.22559,16.62976],[76.22227,16.63248],[76.22091,16.63046],[76.21886,16.63131],[76.21647,16.62745],[76.21371,16.63003],[76.20744,16.62555],[76.19693,16.62518],[76.19315,16.63009],[76.19178,16.63715],[76.22417,16.64696],[76.22416,16.65082],[76.21093,16.6625],[76.17848,16.65549],[76.17038,16.6606]]]},"properties":{"taluk":"Devara Hipparagi","district":"Vijayapura","region_id":"subdistrict_7071","level":"taluk"}},{"type":"Feature","geometry":{"type":"Polygon","coordinates":[[[76.1716,17.11647],[76.1719,17.11332],[76.17586,17.10942],[76.17063,17.10873],[76.17199,17.10065],[76.16797,17.09826],[76.16971,17.09259],[76.16839,17.08824],[76.16296,17.08278],[76.15955,17.08275],[76.15979,17.07289],[76.15298,17.06876],[76.14745,17.05982],[76.1335,17.06273],[76.12317,17.0616],[76.11719,17.0582],[76.11286,17.0543],[76.11232,17.04659],[76.10344,17.03385],[76.10053,17.02263],[76.09958,17.02074],[76.09691,17.02127],[76.09615,17.01695],[76.0873,17.01914],[76.07414,17.02788],[76.07017,17.02864],[76.06728,17.02376],[76.06031,16.99937],[76.09264,16.99221],[76.09346,16.98029],[76.08044,16.97894],[76.06099,16.96888],[76.05778,16.97158],[76.0573,16.98436],[76.03061,16.98714],[76.03121,16.98257],[76.02326,16.97396],[76.01268,16.97569],[76.00717,16.97311],[76.00702,16.97062],[75.99906,16.96879],[76.00044,16.96007],[75.99632,16.96113],[75.98451,16.95895],[75.98442,16.96213],[75.97937,16.96119],[75.97772,16.96275],[75.96343,16.96327],[75.95497,16.94711],[75.95288,16.93384],[75.93099,16.93259],[75.93117,16.94284],[75.92218,16.96077],[75.92487,16.96656],[75.92862,16.96867],[75.92496,16.97251],[75.91887,16.974],[75.91582,16.97729],[75.91111,16.97643],[75.90691,16.97957],[75.90244,16.97928],[75.9084,16.95678],[75.90563,16.95363],[75.90136,16.95477],[75.89676,16.94954],[75.88727,16.94649],[75.88309,16.95834],[75.87452,16.95644],[75.85992,16.95939],[75.8593,16.9694],[75.86271,16.97278],[75.86003,16.97506],[75.86024,16.97737],[75.85671,16.97714],[75.8435,16.96977],[75.83363,16.97626],[75.83508,16.99641],[75.83225,17.00264],[75.80933,17.0037],[75.7983,17.00109],[75.79604,17.01415],[75.77949,17.02302],[75.7658,17.02537],[75.76581,17.06959],[75.75853,17.07191],[75.75257,17.06916],[75.75068,17.07035],[75.7492,17.06781],[75.74309,17.06836],[75.73538,17.0803],[75.72687,17.08957],[75.72394,17.09025],[75.72291,17.11218],[75.72438,17.11941],[75.72269,17.12902],[75.7317,17.14511],[75.73087,17.16443],[75.72487,17.16579],[75.73261,17.18083],[75.73193,17.18886],[75.74137,17.19168],[75.77445,17.17411],[75.7853,17.17322],[75.79179,17.19],[75.79332,17.19596],[75.78992,17.22065],[75.78708,17.21826],[75.77902,17.21985],[75.75684,17.22904],[75.75994,17.23456],[75.75809,17.23524],[75.75902,17.2626],[75.76338,17.28259],[75.7781,17.2846],[75.78365,17.28349],[75.78303,17.27701],[75.79199,17.27399],[75.80076,17.27655],[75.80656,17.28172],[75.81726,17.29904],[75.81398,17.3029],[75.82253,17.30604],[75.83752,17.30733],[75.84714,17.30367],[75.85171,17.29778],[75.86072,17.29161],[75.86053,17.28809],[75.87935,17.28647],[75.88377,17.28362],[75.91213,17.2779],[75.91519,17.28896],[75.91397,17.29812],[75.8876,17.30304],[75.88843,17.32308],[75.88171,17.33768],[75.88659,17.34108],[75.8913,17.35018],[75.89611,17.34862],[75.89814,17.35111],[75.90984,17.34661],[75.92178,17.33068],[75.9317,17.32364],[75.96358,17.3363],[75.99765,17.33947],[76.00828,17.35256],[76.0122,17.35427],[76.03393,17.35308],[76.05152,17.35834],[76.0564,17.35811],[76.06021,17.35754],[76.06439,17.35389],[76.07429,17.33587],[76.06425,17.31528],[76.0665,17.30911],[76.07333,17.30421],[76.09368,17.29746],[76.09898,17.28971],[76.0978,17.28345],[76.08935,17.27446],[76.08659,17.26679],[76.08601,17.26186],[76.08792,17.25688],[76.11072,17.25272],[76.12233,17.24843],[76.16733,17.20907],[76.1778,17.1922],[76.19026,17.18513],[76.19502,17.18429],[76.19564,17.17662],[76.19153,17.17612],[76.18534,17.17869],[76.17733,17.17126],[76.17284,17.17043],[76.17074,17.16449],[76.17423,17.16398],[76.17425,17.16203],[76.16953,17.15801],[76.16613,17.15166],[76.16736,17.14991],[76.19492,17.14402],[76.19313,17.13068],[76.19461,17.12147],[76.17437,17.11899],[76.1716,17.11647]]]},"properties":{"taluk":"Indi","district":"Vijayapura","region_id":"subdistrict_5450","level":"taluk"}},{"type":"Feature","geometry":{"type":"Polygon","coordinates":[[[75.62943,16.49387],[75.64065,16.51771],[75.64517,16.51727],[75.64606,16.51885],[75.64569,16.52858],[75.63986,16.52982],[75.64705,16.55212],[75.64229,16.55237],[75.66019,16.55801],[75.66258,16.55723],[75.66722,16.54908],[75.69103,16.53794],[75.70858,16.55171],[75.71372,16.55965],[75.71559,16.56359],[75.7176,16.59665],[75.71309,16.62634],[75.71703,16.66912],[75.72208,16.67049],[75.73252,16.66861],[75.73254,16.67046],[75.73469,16.6698],[75.73873,16.67377],[75.7407,16.67337],[75.73915,16.67067],[75.74231,16.66047],[75.74948,16.65673],[75.75262,16.64983],[75.75567,16.65046],[75.76661,16.64221],[75.76895,16.62946],[75.76719,16.59984],[75.79796,16.59061],[75.81875,16.58921],[75.8259,16.59139],[75.82572,16.58364],[75.85279,16.58694],[75.85024,16.56946],[75.85416,16.56948],[75.85548,16.54981],[75.85363,16.54944],[75.85333,16.54517],[75.85077,16.54458],[75.8513,16.53835],[75.849,16.53912],[75.84858,16.5376],[75.8509,16.53648],[75.85073,16.53149],[75.85285,16.52867],[75.85435,16.5193],[75.85182,16.51366],[75.85434,16.51343],[75.85461,16.50837],[75.85335,16.50699],[75.85066,16.50846],[75.83473,16.49934],[75.84404,16.47585],[75.84198,16.47588],[75.83494,16.46086],[75.83615,16.4393],[75.82993,16.4385],[75.8222,16.4141],[75.79804,16.41453],[75.79666,16.40886],[75.78924,16.39772],[75.78713,16.38845],[75.78497,16.38893],[75.78482,16.38385],[75.78063,16.37815],[75.76332,16.38362],[75.71901,16.38961],[75.70856,16.40026],[75.70629,16.40541],[75.69015,16.41078],[75.67908,16.41743],[75.68091,16.41979],[75.67701,16.42382],[75.6727,16.42522],[75.67126,16.42366],[75.64271,16.44047],[75.65283,16.48076],[75.64229,16.49474],[75.62943,16.49387]],[[75.76826,16.43233],[75.786,16.43015],[75.78879,16.42515],[75.79771,16.41784],[75.80129,16.42424],[75.80322,16.43467],[75.78689,16.43875],[75.78867,16.44149],[75.77255,16.44415],[75.76826,16.43233]]]},"properties":{"taluk":"Kolhar","district":"Vijayapura","region_id":"subdistrict_7072","level":"taluk"}},{"type":"Feature","geometry":{"type":"Polygon","coordinates":[[[76.03155,16.43546],[76.04199,16.45921],[76.04992,16.46968],[76.05391,16.47],[76.05505,16.47324],[76.06546,16.4721],[76.0777,16.47621],[76.08064,16.47541],[76.08283,16.48241],[76.10363,16.48038],[76.12095,16.49758],[76.12584,16.49449],[76.12788,16.49595],[76.1301,16.49256],[76.1398,16.48839],[76.14208,16.48452],[76.15374,16.47993],[76.16019,16.49433],[76.16489,16.51164],[76.17364,16.50696],[76.17957,16.50081],[76.19227,16.49854],[76.19343,16.48924],[76.18593,16.47677],[76.18601,16.46505],[76.20974,16.46016],[76.2111,16.45697],[76.21491,16.45902],[76.21909,16.45851],[76.2102,16.43516],[76.21961,16.43457],[76.22885,16.42176],[76.25837,16.42254],[76.25802,16.41184],[76.2511,16.3928],[76.25872,16.36312],[76.26193,16.36254],[76.26287,16.35934],[76.27121,16.35731],[76.27908,16.36124],[76.27815,16.36581],[76.28221,16.37992],[76.30453,16.37887],[76.30972,16.3616],[76.31127,16.36181],[76.31373,16.35534],[76.3143,16.34825],[76.31416,16.34589],[76.30517,16.34555],[76.3058,16.34324],[76.30373,16.34101],[76.29194,16.33504],[76.29229,16.32548],[76.29507,16.32443],[76.29515,16.32037],[76.30279,16.31888],[76.29863,16.29909],[76.29973,16.28328],[76.31836,16.28705],[76.32057,16.28667],[76.32063,16.28254],[76.33944,16.27952],[76.34176,16.2785],[76.34116,16.27728],[76.34789,16.27763],[76.34853,16.25946],[76.34534,16.24964],[76.34752,16.24779],[76.34967,16.23711],[76.35256,16.23461],[76.35077,16.22665],[76.34696,16.2229],[76.34619,16.21412],[76.34176,16.20641],[76.33009,16.19351],[76.30562,16.18557],[76.30343,16.18817],[76.29712,16.18537],[76.29371,16.18061],[76.29011,16.16853],[76.27885,16.15253],[76.26983,16.15212],[76.24344,16.1642],[76.17545,16.18294],[76.15603,16.18475],[76.14079,16.18032],[76.13365,16.18222],[76.12584,16.18792],[76.10674,16.18947],[76.09513,16.19983],[76.07119,16.20915],[76.06549,16.21336],[76.06249,16.21583],[76.05983,16.22653],[76.06161,16.23603],[76.06878,16.24465],[76.0703,16.25434],[76.06877,16.25792],[76.05388,16.27343],[76.03562,16.28519],[76.02679,16.29992],[76.00735,16.30391],[75.99895,16.3021],[76.00052,16.33741],[75.98898,16.33786],[75.99104,16.34771],[75.99583,16.35404],[75.9964,16.36578],[76.00111,16.37587],[76.00283,16.37856],[76.0132,16.38335],[76.011,16.38843],[76.01925,16.40409],[76.01857,16.41149],[76.0219,16.41666],[76.01974,16.41773],[76.02465,16.42963],[76.03155,16.43546]]]},"properties":{"taluk":"Muddebihal","district":"Vijayapura","region_id":"subdistrict_5453","level":"taluk"}},{"type":"Feature","geometry":{"type":"MultiPolygon","coordinates":[[[[76.01152,16.38914],[76.0132,16.38335],[76.00283,16.37856],[75.9964,16.36578],[75.99583,16.35404],[75.99104,16.34771],[75.98898,16.33786],[76.00052,16.33741],[75.99895,16.3021],[75.99039,16.29945],[75.97361,16.30009],[75.95753,16.29692],[75.95192,16.2986],[75.94087,16.30825],[75.9254,16.31548],[75.92408,16.31777],[75.91266,16.32194],[75.89404,16.3248],[75.8856,16.33111],[75.87891,16.34036],[75.8699,16.34587],[75.83742,16.34991],[75.82768,16.36138],[75.81324,16.37042],[75.79577,16.37173],[75.78044,16.37849],[75.78482,16.38385],[75.78497,16.38893],[75.78713,16.38845],[75.78924,16.39772],[75.79666,16.40886],[75.79804,16.41453],[75.8222,16.4141],[75.82993,16.4385],[75.83615,16.4393],[75.83494,16.46086],[75.84198,16.47588],[75.84404,16.47585],[75.83473,16.49934],[75.85066,16.50846],[75.85787,16.5021],[75.88042,16.50513],[75.90039,16.4989],[75.91314,16.49777],[75.90862,16.48122],[75.91663,16.47866],[75.91979,16.45396],[75.93079,16.45552],[75.94493,16.46353],[75.95218,16.47216],[75.95575,16.48228],[75.96333,16.47675],[75.96605,16.49813],[75.98368,16.49543],[75.98988,16.49249],[75.99189,16.49081],[75.99429,16.47585],[76.00018,16.47296],[76.01574,16.4723],[76.01382,16.45362],[76.03318,16.44121],[76.03218,16.43642],[76.02465,16.42963],[76.02204,16.42372],[76.01971,16.41753],[76.02183,16.41569],[76.01857,16.41149],[76.01925,16.40409],[76.01152,16.38914]]],[[[75.786,16.43015],[75.76826,16.43233],[75.77255,16.44415],[75.78867,16.44149],[75.78689,16.43875],[75.80322,16.43467],[75.80129,16.42424],[75.79771,16.41784],[75.78879,16.42515],[75.786,16.43015]]]]},"properties":{"taluk":"Nidagundi","district":"Vijayapura","region_id":"subdistrict_7075","level":"taluk"}},{"type":"Feature","geometry":{"type":"MultiPolygon","coordinates":[[[[76.38359,16.74279],[76.37441,16.74339],[76.36925,16.75818],[76.36868,16.76706],[76.33914,16.75741],[76.31022,16.76861],[76.30117,16.76716],[76.30252,16.76274],[76.29957,16.76234],[76.29974,16.75841],[76.29377,16.74604],[76.27728,16.74456],[76.27419,16.73325],[76.27052,16.73229],[76.26962,16.7286],[76.26352,16.72402],[76.25679,16.71286],[76.25655,16.70808],[76.24307,16.70356],[76.2421,16.69936],[76.22079,16.70184],[76.22604,16.72139],[76.23765,16.74135],[76.23778,16.76359],[76.24551,16.76886],[76.26803,16.77658],[76.26098,16.77858],[76.26015,16.78163],[76.24355,16.7841],[76.24356,16.78754],[76.23481,16.78425],[76.22097,16.78797],[76.21624,16.79276],[76.18125,16.79371],[76.17403,16.80302],[76.16604,16.80467],[76.16798,16.81527],[76.1673,16.82518],[76.16299,16.83142],[76.15267,16.83729],[76.14088,16.83882],[76.10684,16.83705],[76.09817,16.83318],[76.09876,16.84601],[76.09242,16.8499],[76.09251,16.85239],[76.08503,16.85201],[76.09537,16.86618],[76.09961,16.86692],[76.10288,16.87557],[76.1158,16.87828],[76.11426,16.89864],[76.11311,16.90134],[76.10298,16.90233],[76.08893,16.90051],[76.07729,16.90139],[76.07666,16.89304],[76.07527,16.89237],[76.07101,16.89375],[76.07164,16.89915],[76.06439,16.89853],[76.06467,16.90297],[76.05614,16.90533],[76.05652,16.9381],[76.06133,16.9562],[76.05909,16.96702],[76.08011,16.97883],[76.09346,16.98029],[76.09333,16.98313],[76.16238,16.98695],[76.16313,16.99267],[76.17441,17.00812],[76.17641,17.01719],[76.1886,17.01745],[76.19108,17.01108],[76.20669,17.00918],[76.20803,17.00489],[76.22882,17.00735],[76.23192,17.00009],[76.23824,17.00188],[76.23792,17.0049],[76.24009,17.00637],[76.24957,17.00973],[76.24883,17.01215],[76.25088,17.0143],[76.26264,17.01655],[76.26869,16.99766],[76.26715,16.96149],[76.26878,16.9578],[76.28129,16.95958],[76.30454,16.96956],[76.30574,16.97169],[76.31935,16.97276],[76.31889,16.97066],[76.3328,16.96373],[76.33797,16.9638],[76.34033,16.95145],[76.36586,16.95645],[76.37716,16.93657],[76.38272,16.91557],[76.38807,16.91111],[76.39576,16.91137],[76.39929,16.9353],[76.41808,16.92795],[76.42801,16.92723],[76.4342,16.94038],[76.43404,16.94352],[76.44747,16.94064],[76.45185,16.92754],[76.45872,16.92769],[76.46314,16.91904],[76.46581,16.90229],[76.44322,16.89762],[76.43381,16.89776],[76.4334,16.88222],[76.43681,16.88187],[76.43801,16.86832],[76.45881,16.86725],[76.45878,16.8601],[76.46179,16.8593],[76.46226,16.84926],[76.46737,16.84953],[76.47076,16.84691],[76.4709,16.8391],[76.4637,16.83869],[76.45968,16.83293],[76.42958,16.83715],[76.42913,16.85086],[76.40436,16.85382],[76.40456,16.85864],[76.38655,16.85631],[76.37424,16.85844],[76.36612,16.84764],[76.35875,16.84251],[76.3533,16.8295],[76.3512,16.81934],[76.41387,16.81348],[76.4103,16.79868],[76.40105,16.8009],[76.39622,16.80571],[76.39053,16.80224],[76.3778,16.80112],[76.37061,16.76752],[76.38359,16.76928],[76.41136,16.76807],[76.41125,16.76455],[76.41848,16.76464],[76.41844,16.76885],[76.43546,16.76457],[76.44275,16.75715],[76.43856,16.75242],[76.44012,16.74245],[76.42872,16.73817],[76.42898,16.73403],[76.42295,16.73007],[76.41218,16.72855],[76.40146,16.72234],[76.39229,16.72097],[76.38121,16.72547],[76.38503,16.74092],[76.38359,16.74279]]],[[[76.09615,17.01695],[76.09264,16.99221],[76.06031,16.99937],[76.06323,17.01386],[76.07017,17.02864],[76.08245,17.02367],[76.0873,17.01914],[76.09615,17.01695]]]]},"properties":{"taluk":"Sindgi","district":"Vijayapura","region_id":"subdistrict_5451","level":"taluk"}},{"type":"Feature","geometry":{"type":"Polygon","coordinates":[[[76.41619,16.58998],[76.42322,16.5735],[76.4225,16.56807],[76.42416,16.56764],[76.42172,16.55965],[76.42269,16.55084],[76.43412,16.51874],[76.43292,16.50562],[76.42979,16.49839],[76.43255,16.44862],[76.43496,16.43575],[76.40414,16.43272],[76.39005,16.43779],[76.3848,16.42574],[76.3583,16.42236],[76.35455,16.42225],[76.3503,16.42704],[76.33196,16.42716],[76.33336,16.41667],[76.3305,16.40968],[76.33702,16.40561],[76.33199,16.39691],[76.3228,16.39601],[76.3202,16.39769],[76.31698,16.39454],[76.3148,16.39679],[76.30959,16.39716],[76.30453,16.37887],[76.28221,16.37992],[76.27815,16.36581],[76.27908,16.36124],[76.27121,16.35731],[76.26287,16.35934],[76.26193,16.36254],[76.25823,16.36377],[76.25134,16.39046],[76.25259,16.39913],[76.25802,16.41184],[76.25837,16.42254],[76.22668,16.42279],[76.21961,16.43457],[76.2102,16.43516],[76.21909,16.45851],[76.21491,16.45902],[76.2111,16.45697],[76.20974,16.46016],[76.18601,16.46505],[76.18593,16.47677],[76.19343,16.48924],[76.19227,16.49854],[76.17957,16.50081],[76.17364,16.50696],[76.16489,16.51164],[76.16019,16.49433],[76.15374,16.47993],[76.14208,16.48452],[76.1398,16.48839],[76.1301,16.49256],[76.12788,16.49595],[76.12584,16.49449],[76.12116,16.49727],[76.12933,16.51675],[76.13743,16.5452],[76.13543,16.5468],[76.13673,16.56026],[76.15244,16.55875],[76.16726,16.55207],[76.19948,16.54809],[76.21147,16.57266],[76.21411,16.58439],[76.20327,16.58601],[76.20112,16.59536],[76.1893,16.61083],[76.16676,16.60376],[76.15585,16.61157],[76.15849,16.62128],[76.1615,16.62155],[76.16173,16.62437],[76.16608,16.62429],[76.16719,16.62901],[76.17277,16.62841],[76.17252,16.63512],[76.19178,16.63715],[76.19315,16.63009],[76.19868,16.62471],[76.20267,16.62651],[76.20744,16.62555],[76.21371,16.63003],[76.21647,16.62745],[76.21886,16.63131],[76.22091,16.63046],[76.22227,16.63248],[76.22559,16.62976],[76.22733,16.63152],[76.22939,16.62988],[76.22994,16.63152],[76.23092,16.62859],[76.23307,16.63043],[76.23598,16.62515],[76.24002,16.62461],[76.24021,16.62177],[76.25048,16.6222],[76.26248,16.61042],[76.26553,16.61483],[76.29007,16.61332],[76.28964,16.62054],[76.28704,16.62619],[76.28221,16.62556],[76.28246,16.62368],[76.27182,16.62269],[76.2698,16.62652],[76.2721,16.64152],[76.27493,16.64503],[76.28028,16.68145],[76.28714,16.70142],[76.30146,16.70236],[76.30757,16.70505],[76.31849,16.71351],[76.31885,16.71625],[76.32596,16.72042],[76.32884,16.72061],[76.32561,16.71235],[76.32736,16.70796],[76.32801,16.69233],[76.34201,16.69043],[76.34373,16.68019],[76.3479,16.68104],[76.35065,16.67328],[76.37083,16.67626],[76.3965,16.67294],[76.39749,16.68992],[76.42676,16.68867],[76.42031,16.67234],[76.41576,16.66907],[76.41411,16.66381],[76.4103,16.66231],[76.40623,16.65535],[76.40278,16.64003],[76.40427,16.62735],[76.40882,16.62153],[76.41009,16.61366],[76.41606,16.60265],[76.41327,16.58982],[76.41619,16.58998]]]},"properties":{"taluk":"Talikoti","district":"Vijayapura","region_id":"subdistrict_7073","level":"taluk"}},{"type":"Feature","geometry":{"type":"Polygon","coordinates":[[[75.35947,16.87103],[75.33581,16.86887],[75.33524,16.87166],[75.33446,16.91208],[75.34201,16.946],[75.34311,16.95286],[75.34164,16.95646],[75.35492,16.96022],[75.36863,16.97222],[75.39217,16.9804],[75.41212,16.97444],[75.42802,16.96673],[75.44215,16.98261],[75.46564,16.9885],[75.46651,16.98181],[75.46864,16.97978],[75.483,16.97698],[75.48829,16.96215],[75.48903,16.94464],[75.50691,16.95128],[75.50944,16.95071],[75.52857,16.9695],[75.53864,16.96579],[75.56366,16.96795],[75.56729,16.96607],[75.5655,16.98422],[75.56706,17.009],[75.60688,17.00496],[75.60783,16.9714],[75.63257,16.9704],[75.63663,16.96871],[75.6383,16.95788],[75.64285,16.95444],[75.64669,16.95386],[75.6487,16.95927],[75.65619,16.96158],[75.67038,16.96203],[75.67658,16.96896],[75.68,16.97017],[75.69067,16.97006],[75.70733,16.95519],[75.70914,16.95076],[75.73832,16.94636],[75.73533,16.94242],[75.73328,16.9325],[75.75347,16.93228],[75.77434,16.9406],[75.78605,16.93867],[75.78128,16.92657],[75.78332,16.90177],[75.76739,16.88775],[75.757,16.87573],[75.7477,16.85469],[75.74004,16.85323],[75.7261,16.85577],[75.72591,16.86566],[75.72434,16.86879],[75.72067,16.8701],[75.73938,16.89301],[75.74272,16.90051],[75.74359,16.91108],[75.73194,16.91131],[75.73189,16.90935],[75.72838,16.90843],[75.71625,16.91039],[75.71541,16.90412],[75.70876,16.90442],[75.70311,16.89973],[75.69453,16.8998],[75.69382,16.89398],[75.69138,16.89388],[75.68695,16.88522],[75.69007,16.86998],[75.68808,16.86405],[75.68232,16.85881],[75.67459,16.86019],[75.67078,16.85315],[75.67136,16.8503],[75.66928,16.84982],[75.67214,16.84381],[75.67099,16.84169],[75.67238,16.83507],[75.67002,16.82227],[75.6661,16.82124],[75.66438,16.81189],[75.66282,16.81192],[75.66437,16.8081],[75.66275,16.79476],[75.67171,16.771],[75.66333,16.76823],[75.66351,16.76425],[75.66642,16.76437],[75.66738,16.76083],[75.66433,16.75367],[75.61382,16.74804],[75.61083,16.75152],[75.60972,16.76026],[75.6052,16.76631],[75.60509,16.77091],[75.60227,16.77336],[75.5992,16.78352],[75.57454,16.7782],[75.56169,16.77348],[75.5543,16.76932],[75.55244,16.75997],[75.54451,16.76593],[75.54163,16.76212],[75.53848,16.76569],[75.53453,16.7646],[75.53374,16.76837],[75.53075,16.77031],[75.52197,16.76901],[75.51576,16.77173],[75.51069,16.75639],[75.51048,16.74693],[75.49188,16.74598],[75.47668,16.74782],[75.46712,16.7545],[75.44656,16.75536],[75.44241,16.75698],[75.43821,16.76239],[75.4346,16.76263],[75.43243,16.76577],[75.424,16.76832],[75.41278,16.7665],[75.40708,16.76363],[75.40681,16.76162],[75.39264,16.75992],[75.39124,16.76143],[75.39271,16.76218],[75.38643,16.76176],[75.38108,16.79856],[75.3788,16.79844],[75.37887,16.82317],[75.38143,16.83408],[75.39503,16.863],[75.37515,16.86709],[75.36921,16.86669],[75.35947,16.87103]]]},"properties":{"taluk":"Tikota","district":"Vijayapura","region_id":"subdistrict_7074","level":"taluk"}},{"type":"Feature","geometry":{"type":"Polygon","coordinates":[[[75.8683,16.9568],[75.88309,16.95834],[75.88727,16.94649],[75.88933,16.94597],[75.89062,16.9484],[75.89761,16.95009],[75.90136,16.95477],[75.90563,16.95363],[75.9084,16.95678],[75.90244,16.97928],[75.90691,16.97957],[75.91111,16.97643],[75.91582,16.97729],[75.92864,16.96906],[75.92487,16.96656],[75.92218,16.96077],[75.93117,16.94284],[75.93099,16.93259],[75.95288,16.93384],[75.95533,16.91878],[75.98188,16.92333],[75.99675,16.92072],[76.00257,16.90611],[75.99872,16.8827],[75.99482,16.87309],[75.99865,16.86883],[76.00116,16.86899],[76.02597,16.85438],[76.02505,16.85175],[76.01931,16.84923],[76.01937,16.82491],[76.00087,16.80902],[75.99856,16.80205],[75.99476,16.74204],[75.98229,16.74464],[75.98259,16.75722],[75.96663,16.7579],[75.96348,16.76343],[75.96493,16.76367],[75.96202,16.77227],[75.9472,16.76929],[75.92479,16.76968],[75.91667,16.77148],[75.91385,16.75812],[75.90944,16.75743],[75.8981,16.76177],[75.89179,16.76807],[75.8787,16.77206],[75.87813,16.76951],[75.87492,16.77057],[75.87456,16.76665],[75.85426,16.76597],[75.851,16.75667],[75.84705,16.75292],[75.84535,16.7484],[75.84927,16.74719],[75.8525,16.73768],[75.84979,16.72972],[75.84989,16.71079],[75.80703,16.7117],[75.79237,16.71411],[75.77179,16.71339],[75.76645,16.71228],[75.76385,16.7085],[75.76561,16.70656],[75.72386,16.7073],[75.71206,16.70342],[75.71209,16.70115],[75.69294,16.69786],[75.68868,16.71759],[75.69374,16.73897],[75.68122,16.74027],[75.68207,16.74431],[75.6759,16.74476],[75.67502,16.74137],[75.6663,16.74397],[75.6694,16.75144],[75.66433,16.75367],[75.66738,16.76083],[75.66642,16.76437],[75.66351,16.76425],[75.66333,16.76823],[75.67171,16.771],[75.66275,16.79476],[75.66437,16.8081],[75.66282,16.81192],[75.66438,16.81189],[75.6661,16.82124],[75.67002,16.82227],[75.67238,16.83507],[75.67099,16.84169],[75.67214,16.84381],[75.66928,16.84982],[75.67136,16.8503],[75.67078,16.85315],[75.67459,16.86019],[75.68232,16.85881],[75.68808,16.86405],[75.69007,16.86998],[75.68695,16.88522],[75.69138,16.89388],[75.69382,16.89398],[75.69453,16.8998],[75.70311,16.89973],[75.70876,16.90442],[75.71541,16.90412],[75.71625,16.91039],[75.72838,16.90843],[75.73189,16.90935],[75.73194,16.91131],[75.74081,16.91192],[75.74358,16.91083],[75.74272,16.90051],[75.73938,16.89301],[75.72067,16.8701],[75.72434,16.86879],[75.72591,16.86566],[75.7261,16.85577],[75.74004,16.85323],[75.7477,16.85469],[75.757,16.87573],[75.76739,16.88775],[75.78332,16.90177],[75.78128,16.92657],[75.78605,16.93867],[75.77434,16.9406],[75.75347,16.93228],[75.73328,16.9325],[75.73533,16.94242],[75.73832,16.94636],[75.70914,16.95076],[75.70733,16.95519],[75.69121,16.96998],[75.67628,16.96889],[75.67267,16.97085],[75.67182,16.97626],[75.66874,16.97946],[75.6657,16.97966],[75.66536,16.99224],[75.66873,17.00992],[75.66975,17.038],[75.65181,17.03312],[75.64032,17.03761],[75.6501,17.05738],[75.65898,17.06383],[75.67641,17.06532],[75.67781,17.07087],[75.67923,17.06981],[75.69352,17.07409],[75.71104,17.08289],[75.7193,17.08433],[75.71802,17.08996],[75.72687,17.08957],[75.74309,17.06836],[75.7492,17.06781],[75.75068,17.07035],[75.75257,17.06916],[75.75853,17.07191],[75.76581,17.06959],[75.7658,17.02537],[75.77949,17.02302],[75.79604,17.01415],[75.7983,17.00109],[75.80933,17.0037],[75.83225,17.00264],[75.83508,16.99641],[75.83363,16.97626],[75.8435,16.96977],[75.85671,16.97714],[75.86024,16.97737],[75.86003,16.97506],[75.86271,16.97278],[75.8593,16.9694],[75.85992,16.95939],[75.8683,16.9568]]]},"properties":{"taluk":"Vijayapura","district":"Vijayapura","region_id":"subdistrict_5449","level":"taluk"}},{"type":"Feature","geometry":{"type":"Polygon","coordinates":[[[76.84088,12.15679],[76.8521,12.15896],[76.8509,12.16336],[76.84631,12.16401],[76.84549,12.16868],[76.85337,12.17084],[76.85126,12.17916],[76.85604,12.18096],[76.86247,12.18024],[76.86548,12.17429],[76.8713,12.17399],[76.86939,12.1621],[76.86766,12.16169],[76.87109,12.1513],[76.86987,12.14806],[76.87125,12.14088],[76.87473,12.13899],[76.88182,12.12973],[76.8906,12.13114],[76.89043,12.12169],[76.903,12.12322],[76.90303,12.11679],[76.90677,12.11349],[76.9238,12.11468],[76.92602,12.10972],[76.93027,12.10951],[76.93028,12.10725],[76.93326,12.10725],[76.93667,12.10198],[76.94864,12.09785],[76.97755,12.11678],[76.98175,12.10939],[76.98493,12.1098],[76.98463,12.1066],[76.9874,12.10407],[76.98509,12.08679],[76.985,12.06358],[76.99106,12.05826],[76.99378,12.04802],[76.99855,12.04603],[76.99684,12.03785],[77.00043,12.03756],[77.00006,12.03137],[77.00584,12.0307],[77.006,12.02198],[77.00261,12.01925],[77.00624,12.01443],[77.005,12.01234],[77.00888,12.00855],[77.00818,12.00695],[77.01025,12.00806],[77.023,12.0025],[77.02389,12.00859],[77.0262,12.00852],[77.02651,12.01071],[77.03188,12.01321],[77.03573,12.01803],[77.03384,12.02562],[77.03534,12.02601],[77.03604,12.0328],[77.04295,12.03212],[77.04586,12.01557],[77.05582,12.01636],[77.05596,12.00197],[77.0582,12.00102],[77.06117,12.006],[77.0636,12.0056],[77.06466,12.0029],[77.07165,12.00244],[77.0719,11.99922],[77.09837,11.99184],[77.1087,11.98313],[77.10336,11.95493],[77.1141,11.94174],[77.13746,11.92938],[77.1328,11.90027],[77.14226,11.88779],[77.15731,11.88422],[77.17395,11.87591],[77.17514,11.8622],[77.17237,11.85916],[77.17656,11.84727],[77.18652,11.83163],[77.19277,11.81724],[77.18931,11.79897],[77.18254,11.79303],[77.16116,11.79253],[77.15102,11.78745],[77.13686,11.78967],[77.13444,11.78577],[77.11876,11.78223],[77.11992,11.7728],[77.11051,11.77353],[77.11306,11.76536],[77.11147,11.76395],[77.11253,11.75653],[77.10866,11.75321],[77.11158,11.75072],[77.1122,11.72376],[77.10523,11.73292],[77.08028,11.73585],[77.08196,11.74017],[77.05627,11.76965],[77.06073,11.77725],[77.07022,11.78171],[77.06542,11.78984],[77.04391,11.7865],[77.04543,11.78437],[77.03937,11.78003],[77.03541,11.76996],[77.02901,11.77458],[77.03584,11.7831],[77.0389,11.79403],[77.0326,11.79557],[77.03414,11.80003],[77.02923,11.8053],[77.01666,11.81166],[77.01571,11.80839],[77.01341,11.80783],[77.01243,11.81516],[76.99392,11.80817],[76.98348,11.81153],[76.98462,11.80927],[76.98254,11.80475],[76.98494,11.80269],[76.98031,11.79823],[76.98117,11.79634],[76.97833,11.79129],[76.97479,11.78933],[76.96944,11.77765],[76.96097,11.78164],[76.95648,11.79038],[76.95373,11.79161],[76.95041,11.79185],[76.94891,11.78965],[76.94177,11.78778],[76.93136,11.79178],[76.92215,11.79182],[76.90729,11.79587],[76.89618,11.77794],[76.89733,11.76952],[76.89514,11.75762],[76.88777,11.74171],[76.88814,11.73585],[76.87636,11.72497],[76.85803,11.69986],[76.85338,11.69733],[76.84325,11.67533],[76.84142,11.71018],[76.85055,11.72094],[76.84987,11.7358],[76.84596,11.73667],[76.84323,11.73349],[76.83998,11.73426],[76.84072,11.7373],[76.83741,11.7394],[76.82611,11.74331],[76.82008,11.73997],[76.81394,11.74247],[76.80642,11.74035],[76.79422,11.7459],[76.79232,11.75269],[76.80822,11.75432],[76.80892,11.75846],[76.81698,11.75746],[76.81787,11.76534],[76.80743,11.76912],[76.81279,11.77374],[76.81289,11.78134],[76.82436,11.77683],[76.82349,11.77207],[76.83027,11.76862],[76.83927,11.78047],[76.82797,11.78391],[76.82908,11.78932],[76.82745,11.79154],[76.82351,11.79135],[76.81615,11.78606],[76.80962,11.79199],[76.81506,11.80368],[76.81527,11.80549],[76.81237,11.80637],[76.81601,11.82621],[76.82547,11.82752],[76.8264,11.83072],[76.83416,11.83607],[76.8295,11.84068],[76.83007,11.84259],[76.82491,11.84171],[76.82244,11.84469],[76.818,11.84548],[76.81648,11.85026],[76.80733,11.85137],[76.80766,11.85336],[76.80439,11.85479],[76.80783,11.86308],[76.81326,11.86376],[76.80757,11.86856],[76.7933,11.8695],[76.79392,11.8655],[76.78862,11.86574],[76.78033,11.86763],[76.77948,11.87315],[76.75858,11.87795],[76.7593,11.89224],[76.74822,11.89546],[76.74881,11.89949],[76.74321,11.90198],[76.74013,11.91531],[76.74796,11.91576],[76.74405,11.91932],[76.74254,11.92909],[76.74315,11.93461],[76.74816,11.93725],[76.74385,11.93819],[76.74317,11.94314],[76.7275,11.94567],[76.72334,11.95421],[76.72405,11.96027],[76.73387,11.96004],[76.73809,11.96253],[76.7364,11.96089],[76.73843,11.96111],[76.73874,11.95833],[76.74046,11.9583],[76.74477,11.97172],[76.74017,11.98215],[76.74019,11.98664],[76.73799,11.98669],[76.74027,11.98904],[76.73646,11.99041],[76.73786,11.99463],[76.73613,12.00537],[76.73953,12.00543],[76.74092,12.00979],[76.74261,12.00988],[76.74272,12.00848],[76.7463,12.00825],[76.74593,12.00195],[76.74926,12.00125],[76.74936,11.99955],[76.76423,11.9991],[76.76773,11.9923],[76.78741,11.9855],[76.79631,11.98926],[76.79572,12.0037],[76.79147,12.00573],[76.79356,12.01267],[76.7993,12.01734],[76.80575,12.01827],[76.80555,12.02068],[76.81112,12.02183],[76.81141,12.02731],[76.82048,12.02811],[76.82258,12.01762],[76.82155,12.01006],[76.83324,12.00574],[76.83332,12.00381],[76.83743,12.00351],[76.83705,11.9997],[76.84583,11.99861],[76.85629,11.99958],[76.85836,12.00739],[76.87282,12.00555],[76.87385,12.00842],[76.876,12.00845],[76.88315,12.0156],[76.88653,11.99952],[76.90565,11.99879],[76.91851,12.00732],[76.92257,12.01251],[76.93586,12.01298],[76.93906,12.02305],[76.93788,12.0268],[76.9153,12.02584],[76.91334,12.03551],[76.91035,12.03664],[76.91033,12.0417],[76.90475,12.04246],[76.90289,12.04511],[76.89906,12.04337],[76.9007,12.04692],[76.89004,12.04974],[76.88891,12.05227],[76.89074,12.05879],[76.87055,12.056],[76.86738,12.06007],[76.85318,12.06028],[76.85421,12.06274],[76.87028,12.06335],[76.87386,12.07484],[76.88388,12.08318],[76.88087,12.09811],[76.87848,12.0999],[76.87968,12.10426],[76.87733,12.10495],[76.87671,12.11537],[76.86808,12.11788],[76.86059,12.11598],[76.84767,12.11772],[76.84523,12.11326],[76.84463,12.12026],[76.83829,12.12335],[76.83312,12.12915],[76.83109,12.13555],[76.84093,12.14516],[76.84088,12.15679]],[[76.74629,11.94351],[76.74486,11.94721],[76.74349,11.94792],[76.74315,11.94384],[76.74629,11.94351]],[[76.74894,11.93232],[76.74984,11.93102],[76.75041,11.93105],[76.75062,11.93241],[76.74894,11.93232]]]},"properties":{"taluk":"Chamarajanagar","district":"Chamarajanagar","region_id":"subdistrict_5577","level":"taluk"}},{"type":"Feature","geometry":{"type":"MultiPolygon","coordinates":[[[[76.57096,11.92743],[76.57149,11.93941],[76.56023,11.94433],[76.55785,11.94782],[76.57274,11.96474],[76.57927,11.98757],[76.58564,11.98556],[76.59257,11.98652],[76.59708,11.98437],[76.60924,11.99249],[76.62059,11.98986],[76.63573,11.98182],[76.64203,11.98178],[76.65062,12.00736],[76.65342,12.0062],[76.65975,12.00777],[76.67157,12.00607],[76.67417,12.00149],[76.6948,12.00061],[76.6997,11.9982],[76.70247,11.99124],[76.70413,11.99099],[76.70309,11.98525],[76.71602,11.98402],[76.71677,11.98815],[76.72482,11.98784],[76.72986,11.99052],[76.73319,12.00274],[76.73675,12.00318],[76.73789,11.99328],[76.73646,11.99041],[76.74027,11.98904],[76.73799,11.98669],[76.74019,11.98664],[76.74017,11.98215],[76.74477,11.97172],[76.74046,11.9583],[76.73874,11.95833],[76.73843,11.96111],[76.7364,11.96089],[76.73809,11.96253],[76.73387,11.96004],[76.72405,11.96027],[76.72334,11.95421],[76.7275,11.94567],[76.74317,11.94314],[76.74385,11.93819],[76.74816,11.93725],[76.74315,11.93461],[76.74254,11.92909],[76.74405,11.91932],[76.74796,11.91576],[76.74013,11.91531],[76.74321,11.90198],[76.74881,11.89949],[76.74822,11.89546],[76.7593,11.89224],[76.75858,11.87795],[76.77948,11.87315],[76.78033,11.86763],[76.78862,11.86574],[76.79392,11.8655],[76.7933,11.8695],[76.80757,11.86856],[76.81326,11.86376],[76.80783,11.86308],[76.80439,11.85479],[76.80766,11.85336],[76.80733,11.85137],[76.81648,11.85026],[76.818,11.84548],[76.82244,11.84469],[76.82491,11.84171],[76.83007,11.84259],[76.8295,11.84068],[76.83416,11.83607],[76.8264,11.83072],[76.82547,11.82752],[76.81601,11.82621],[76.81237,11.80637],[76.81527,11.80549],[76.81506,11.80368],[76.80962,11.79199],[76.81615,11.78606],[76.82351,11.79135],[76.82745,11.79154],[76.82908,11.78932],[76.82797,11.78391],[76.83927,11.78047],[76.83027,11.76862],[76.82349,11.77207],[76.82436,11.77683],[76.81289,11.78134],[76.81279,11.77374],[76.80743,11.76912],[76.81787,11.76534],[76.81698,11.75746],[76.80892,11.75846],[76.80822,11.75432],[76.79222,11.75245],[76.79422,11.7459],[76.80642,11.74035],[76.81394,11.74247],[76.82008,11.73997],[76.82611,11.74331],[76.84072,11.7373],[76.83998,11.73426],[76.84323,11.73349],[76.84596,11.73667],[76.84987,11.7358],[76.85055,11.72094],[76.84142,11.71018],[76.84334,11.66787],[76.84143,11.66591],[76.84116,11.66107],[76.83856,11.66059],[76.83795,11.65723],[76.83483,11.65567],[76.83587,11.65424],[76.83381,11.64832],[76.83773,11.64254],[76.83478,11.63992],[76.83579,11.6379],[76.84385,11.63288],[76.84526,11.6341],[76.84485,11.6285],[76.8428,11.62716],[76.84947,11.62479],[76.84935,11.62157],[76.85207,11.62191],[76.84871,11.61893],[76.85041,11.61625],[76.85772,11.6147],[76.85745,11.61012],[76.85557,11.60836],[76.85716,11.60534],[76.8562,11.59947],[76.85469,11.59802],[76.84678,11.59496],[76.83231,11.60084],[76.82408,11.60805],[76.81738,11.6049],[76.81013,11.6085],[76.79606,11.60877],[76.79147,11.61313],[76.77495,11.61254],[76.7709,11.61568],[76.76231,11.61492],[76.75768,11.61811],[76.74259,11.6139],[76.73737,11.61541],[76.70601,11.61383],[76.70184,11.61526],[76.68927,11.61503],[76.68371,11.61293],[76.6699,11.61545],[76.6496,11.61277],[76.6368,11.61351],[76.6161,11.60792],[76.61325,11.61222],[76.59772,11.60966],[76.59728,11.61524],[76.59041,11.61859],[76.58395,11.61414],[76.57916,11.61621],[76.57696,11.61481],[76.57547,11.61947],[76.56768,11.61894],[76.56296,11.62337],[76.55996,11.62359],[76.56153,11.63304],[76.55973,11.63369],[76.55403,11.64648],[76.55518,11.65296],[76.55031,11.66213],[76.55175,11.67246],[76.54999,11.6752],[76.52701,11.69352],[76.50649,11.70123],[76.50286,11.69429],[76.49586,11.6923],[76.49546,11.68999],[76.48837,11.68697],[76.48024,11.6885],[76.47923,11.68068],[76.47291,11.67919],[76.45948,11.66699],[76.45568,11.65845],[76.44481,11.66037],[76.43972,11.66476],[76.43492,11.66407],[76.4341,11.66625],[76.42928,11.66627],[76.42588,11.67098],[76.41926,11.67032],[76.41543,11.67203],[76.41233,11.68534],[76.40865,11.68945],[76.40975,11.69493],[76.41141,11.69556],[76.40917,11.69818],[76.4084,11.70539],[76.40589,11.70467],[76.40288,11.70664],[76.40267,11.71085],[76.4056,11.7113],[76.41029,11.71628],[76.41322,11.71501],[76.41301,11.71213],[76.41457,11.71269],[76.41644,11.71875],[76.42568,11.72658],[76.41779,11.74221],[76.41323,11.7393],[76.40969,11.74073],[76.4128,11.74602],[76.41244,11.75281],[76.41579,11.75415],[76.41252,11.7585],[76.41236,11.76219],[76.42143,11.77111],[76.42301,11.7763],[76.41294,11.77935],[76.41266,11.78151],[76.41666,11.78404],[76.4111,11.78826],[76.41502,11.79036],[76.42,11.79019],[76.42232,11.79216],[76.42118,11.79614],[76.42593,11.79349],[76.42822,11.79553],[76.42523,11.80063],[76.42566,11.80411],[76.42119,11.80336],[76.41196,11.80831],[76.40971,11.81046],[76.40938,11.81536],[76.41322,11.81677],[76.41392,11.81306],[76.42174,11.80669],[76.42582,11.80665],[76.43979,11.80038],[76.45281,11.79969],[76.45547,11.79659],[76.45983,11.82013],[76.48587,11.82263],[76.4821,11.84286],[76.48497,11.85575],[76.48904,11.8634],[76.50054,11.86323],[76.5317,11.87485],[76.55432,11.85831],[76.55728,11.89339],[76.56434,11.89149],[76.56409,11.89313],[76.56552,11.89274],[76.5714,11.89989],[76.56851,11.89968],[76.57145,11.90402],[76.57699,11.92269],[76.57096,11.92743]]],[[[76.74349,11.94792],[76.74629,11.94351],[76.74315,11.94384],[76.74349,11.94792]]],[[[76.75062,11.93241],[76.74984,11.93102],[76.74878,11.93221],[76.75062,11.93241]]]]},"properties":{"taluk":"Gundlupet","district":"Chamarajanagar","region_id":"subdistrict_5576","level":"taluk"}},{"type":"Feature","geometry":{"type":"MultiPolygon","coordinates":[[[[77.31928,12.3047],[77.31978,12.30219],[77.32614,12.30273],[77.33534,12.28784],[77.34455,12.27758],[77.35502,12.2757],[77.3581,12.27736],[77.40597,12.27584],[77.41835,12.28634],[77.42991,12.28666],[77.4468,12.25799],[77.44814,12.25189],[77.4524,12.24748],[77.46057,12.24657],[77.4728,12.24066],[77.47423,12.24263],[77.47881,12.23958],[77.4822,12.23344],[77.48241,12.22858],[77.47181,12.2081],[77.48625,12.20376],[77.49292,12.19762],[77.51878,12.19459],[77.52872,12.19921],[77.53586,12.19859],[77.54652,12.20486],[77.56527,12.19639],[77.56937,12.19995],[77.57411,12.20111],[77.5802,12.19841],[77.59579,12.19897],[77.60554,12.20582],[77.61139,12.20638],[77.62021,12.20035],[77.62998,12.20244],[77.63876,12.19682],[77.6558,12.19967],[77.66518,12.19837],[77.69703,12.18534],[77.73085,12.18063],[77.73426,12.17696],[77.73604,12.16896],[77.7459,12.1582],[77.74744,12.15324],[77.74657,12.1451],[77.75128,12.13619],[77.76004,12.1287],[77.7724,12.1219],[77.7767,12.11579],[77.77524,12.11024],[77.76726,12.10609],[77.75498,12.0786],[77.72786,12.06274],[77.71732,12.04623],[77.70871,12.03833],[77.706,12.03033],[77.69548,12.01406],[77.67591,11.96912],[77.67397,11.96244],[77.67507,11.95193],[77.66867,11.94936],[77.65824,11.94993],[77.65583,11.95403],[77.65121,11.95485],[77.64696,11.95068],[77.63934,11.94831],[77.62362,11.94751],[77.60692,11.94227],[77.60332,11.93797],[77.59198,11.94045],[77.58587,11.93712],[77.57546,11.93672],[77.56047,11.94216],[77.54262,11.93845],[77.53797,11.93267],[77.52868,11.93393],[77.51853,11.93833],[77.51235,11.93804],[77.50422,11.94152],[77.50015,11.94024],[77.49629,11.9439],[77.49405,11.94365],[77.49174,11.92144],[77.48843,11.91225],[77.49039,11.90856],[77.48321,11.90006],[77.48566,11.88788],[77.48119,11.89362],[77.47644,11.89144],[77.4733,11.89988],[77.46154,11.90021],[77.46388,11.89339],[77.46221,11.88942],[77.46315,11.88498],[77.46052,11.88044],[77.46595,11.87447],[77.46289,11.86479],[77.46007,11.86372],[77.46298,11.85964],[77.46152,11.85398],[77.46698,11.84996],[77.46707,11.84667],[77.46259,11.84054],[77.46056,11.83211],[77.45616,11.8271],[77.45194,11.8127],[77.45357,11.80762],[77.44828,11.7901],[77.44171,11.78854],[77.44047,11.78634],[77.4433,11.78315],[77.44258,11.78184],[77.43786,11.78138],[77.43384,11.77823],[77.42852,11.7672],[77.42777,11.76111],[77.42265,11.76229],[77.42218,11.77253],[77.41354,11.775],[77.39443,11.78786],[77.38886,11.78865],[77.3698,11.78688],[77.36887,11.78979],[77.36469,11.7904],[77.35987,11.77992],[77.33469,11.7716],[77.32752,11.77575],[77.31249,11.79382],[77.29334,11.80943],[77.28748,11.80058],[77.2746,11.80304],[77.27303,11.80543],[77.26138,11.81061],[77.2503,11.81293],[77.24961,11.80442],[77.23823,11.79429],[77.22465,11.79592],[77.18949,11.79268],[77.19277,11.81724],[77.18652,11.83163],[77.17656,11.84727],[77.17237,11.85916],[77.17514,11.8622],[77.17395,11.87591],[77.18155,11.91515],[77.18377,11.94467],[77.17975,11.95651],[77.18422,11.9683],[77.18235,11.97978],[77.18512,11.98948],[77.17618,12.00373],[77.17721,12.01473],[77.16441,12.01697],[77.15553,12.02709],[77.15726,12.02874],[77.1568,12.04336],[77.16007,12.05044],[77.15961,12.05456],[77.168,12.06735],[77.16335,12.07872],[77.1497,12.07853],[77.14613,12.07564],[77.13471,12.08128],[77.13297,12.08828],[77.13584,12.09331],[77.1392,12.09307],[77.1364,12.09555],[77.13734,12.09908],[77.144,12.09738],[77.1562,12.09771],[77.15614,12.10115],[77.14204,12.1116],[77.15038,12.11924],[77.14937,12.13011],[77.15173,12.13684],[77.16118,12.13856],[77.16393,12.12798],[77.1649,12.13092],[77.16988,12.13109],[77.16664,12.13901],[77.1698,12.14648],[77.18176,12.11532],[77.19425,12.11667],[77.19489,12.11344],[77.19849,12.11375],[77.19968,12.12216],[77.19708,12.12681],[77.19707,12.13425],[77.20398,12.13465],[77.2048,12.13712],[77.20954,12.13403],[77.21055,12.1311],[77.21728,12.12793],[77.21431,12.11593],[77.22514,12.11615],[77.23211,12.13042],[77.23699,12.12929],[77.23832,12.13232],[77.24007,12.13224],[77.24158,12.14607],[77.23254,12.14689],[77.24053,12.16667],[77.2397,12.16987],[77.23562,12.17131],[77.2362,12.17688],[77.23945,12.17653],[77.2401,12.17959],[77.25614,12.18468],[77.26459,12.19368],[77.30064,12.19935],[77.30597,12.20748],[77.30945,12.21099],[77.31255,12.20995],[77.31975,12.21953],[77.31792,12.22408],[77.31374,12.22676],[77.31301,12.23222],[77.31079,12.2303],[77.30399,12.23224],[77.30385,12.23609],[77.29933,12.23667],[77.29734,12.24349],[77.29512,12.24343],[77.29595,12.24568],[77.29393,12.25015],[77.28912,12.25355],[77.28561,12.25996],[77.26027,12.248],[77.25349,12.22948],[77.24849,12.24276],[77.2476,12.25173],[77.24025,12.25717],[77.2515,12.2833],[77.2493,12.28614],[77.24421,12.30733],[77.24939,12.30594],[77.26399,12.31277],[77.26974,12.31253],[77.2895,12.30203],[77.30604,12.29671],[77.31189,12.2986],[77.31504,12.30366],[77.31928,12.3047]]],[[[77.20458,12.21604],[77.21915,12.22596],[77.21954,12.23688],[77.23103,12.24388],[77.22944,12.24023],[77.23032,12.23314],[77.22783,12.21252],[77.22135,12.20326],[77.21488,12.20341],[77.21349,12.19239],[77.2113,12.19291],[77.20682,12.18898],[77.20303,12.19647],[77.20458,12.21604]]]]},"properties":{"taluk":"Hanur","district":"Chamarajanagar","region_id":"subdistrict_7077","level":"taluk"}},{"type":"Feature","geometry":{"type":"Polygon","coordinates":[[[77.24421,12.30733],[77.2515,12.2833],[77.24025,12.25717],[77.2476,12.25173],[77.24849,12.24276],[77.25349,12.22948],[77.26027,12.248],[77.28561,12.25996],[77.28912,12.25355],[77.29393,12.25015],[77.29595,12.24568],[77.29512,12.24343],[77.29734,12.24349],[77.29933,12.23667],[77.30385,12.23609],[77.30399,12.23224],[77.31079,12.2303],[77.31301,12.23222],[77.31374,12.22676],[77.31792,12.22408],[77.31975,12.21953],[77.31255,12.20995],[77.30945,12.21099],[77.30597,12.20748],[77.30064,12.19935],[77.26459,12.19368],[77.25614,12.18468],[77.2401,12.17959],[77.23945,12.17653],[77.2362,12.17688],[77.23562,12.17131],[77.2397,12.16987],[77.24053,12.16667],[77.23254,12.14689],[77.24158,12.14607],[77.24007,12.13224],[77.23832,12.13232],[77.23699,12.12929],[77.23211,12.13042],[77.22514,12.11615],[77.21431,12.11593],[77.21728,12.12793],[77.21055,12.1311],[77.20611,12.13684],[77.2044,12.13703],[77.20398,12.13465],[77.19707,12.13425],[77.19708,12.12681],[77.19968,12.12216],[77.19849,12.11375],[77.19659,12.11329],[77.19489,12.11344],[77.19425,12.11667],[77.18176,12.11532],[77.1698,12.14648],[77.16664,12.13901],[77.16988,12.13109],[77.1649,12.13092],[77.16452,12.12796],[77.16118,12.13856],[77.15173,12.13684],[77.14937,12.13011],[77.15038,12.11924],[77.14204,12.1116],[77.15614,12.10115],[77.1562,12.09771],[77.144,12.09738],[77.13734,12.09908],[77.1364,12.09555],[77.1392,12.09307],[77.13584,12.09331],[77.13289,12.08598],[77.13471,12.08128],[77.14613,12.07564],[77.1497,12.07853],[77.16335,12.07872],[77.168,12.06735],[77.15961,12.05456],[77.15703,12.03999],[77.15607,12.04123],[77.1516,12.03963],[77.14752,12.04867],[77.15009,12.05556],[77.14831,12.06307],[77.13333,12.06949],[77.11174,12.0685],[77.10342,12.07361],[77.09782,12.08551],[77.09928,12.09584],[77.09313,12.10216],[77.08651,12.10324],[77.087,12.10492],[77.08141,12.10956],[77.08093,12.11471],[77.07904,12.11427],[77.07944,12.11801],[77.0766,12.11775],[77.07881,12.12353],[77.08349,12.12657],[77.08283,12.13617],[77.07989,12.13539],[77.07981,12.13256],[77.065,12.1315],[77.05384,12.11825],[77.04813,12.11754],[77.04808,12.11915],[77.04631,12.11906],[77.04317,12.11476],[77.02963,12.11224],[77.02304,12.11508],[77.02243,12.11191],[77.01886,12.11028],[76.99429,12.10827],[76.99475,12.08149],[76.98513,12.08057],[76.9874,12.10407],[76.98463,12.1066],[76.98493,12.1098],[76.98175,12.10939],[76.97755,12.11678],[76.9723,12.11283],[76.97066,12.11278],[76.97073,12.11689],[76.96862,12.1169],[76.96889,12.12229],[76.97618,12.12309],[76.97637,12.13431],[76.97957,12.13422],[76.98233,12.13836],[76.98662,12.1382],[76.98684,12.14111],[76.98888,12.14067],[76.98813,12.16202],[76.99074,12.16238],[76.99169,12.17016],[76.99028,12.17356],[76.99222,12.17619],[76.99861,12.17715],[76.99722,12.1666],[77.00278,12.16589],[77.00291,12.16054],[77.01398,12.16252],[77.01415,12.15658],[77.01132,12.15368],[77.01329,12.15128],[77.01224,12.13704],[77.01558,12.13642],[77.0158,12.13327],[77.02232,12.13479],[77.02421,12.13732],[77.03693,12.1387],[77.03864,12.13641],[77.03875,12.12925],[77.04077,12.12847],[77.04422,12.13578],[77.04602,12.13549],[77.04439,12.14182],[77.04025,12.13896],[77.03932,12.14388],[77.04029,12.152],[77.04551,12.15923],[77.0457,12.1618],[77.04383,12.16212],[77.04408,12.1699],[77.06361,12.1713],[77.08418,12.18978],[77.10599,12.18928],[77.10613,12.18723],[77.11398,12.19239],[77.12289,12.1944],[77.12707,12.20205],[77.12552,12.20287],[77.13182,12.20638],[77.13155,12.21938],[77.13469,12.22426],[77.13455,12.22987],[77.12719,12.23588],[77.12626,12.24304],[77.13235,12.24738],[77.14375,12.24732],[77.15728,12.25558],[77.167,12.25554],[77.17008,12.26498],[77.16658,12.27414],[77.16651,12.28086],[77.16973,12.2859],[77.16844,12.29408],[77.16982,12.29997],[77.16643,12.31006],[77.19212,12.3058],[77.20123,12.30768],[77.21633,12.30715],[77.22403,12.30204],[77.2385,12.30871],[77.24421,12.30733]],[[77.21915,12.22596],[77.20442,12.2159],[77.20306,12.20063],[77.20573,12.18896],[77.2113,12.19291],[77.21349,12.19239],[77.21488,12.20341],[77.22135,12.20326],[77.22783,12.21252],[77.23032,12.23314],[77.22944,12.24023],[77.23103,12.24388],[77.21954,12.23688],[77.21915,12.22596]]]},"properties":{"taluk":"Kollegal","district":"Chamarajanagar","region_id":"subdistrict_5579","level":"taluk"}},{"type":"Feature","geometry":{"type":"Polygon","coordinates":[[[77.03604,12.0328],[77.03534,12.02601],[77.03384,12.02562],[77.03542,12.01731],[77.02651,12.01071],[77.0262,12.00852],[77.02389,12.00859],[77.023,12.0025],[77.01025,12.00806],[77.00818,12.00695],[77.00888,12.00855],[77.005,12.01234],[77.00624,12.01443],[77.00261,12.01925],[77.006,12.02198],[77.00584,12.0307],[77.00006,12.03137],[77.00043,12.03756],[76.99684,12.03785],[76.99855,12.04603],[76.99378,12.04802],[76.99106,12.05826],[76.98479,12.06513],[76.98535,12.08059],[76.99475,12.08149],[76.99429,12.10827],[77.01886,12.11028],[77.02243,12.11191],[77.02304,12.11508],[77.02963,12.11224],[77.04317,12.11476],[77.04631,12.11906],[77.04808,12.11915],[77.04813,12.11754],[77.05384,12.11825],[77.065,12.1315],[77.07981,12.13256],[77.07989,12.13539],[77.08283,12.13617],[77.08349,12.12657],[77.07881,12.12353],[77.0766,12.11775],[77.07944,12.11801],[77.07904,12.11427],[77.08093,12.11471],[77.08141,12.10956],[77.087,12.10492],[77.08651,12.10324],[77.09313,12.10216],[77.09928,12.09584],[77.09782,12.08551],[77.10342,12.07361],[77.11174,12.0685],[77.13333,12.06949],[77.14831,12.06307],[77.15009,12.05556],[77.14752,12.04867],[77.1516,12.03963],[77.15607,12.04123],[77.15714,12.04],[77.15726,12.02874],[77.15553,12.02709],[77.16441,12.01697],[77.17721,12.01473],[77.17618,12.00373],[77.18512,11.98948],[77.18235,11.97978],[77.18422,11.9683],[77.17975,11.95651],[77.18377,11.94467],[77.18155,11.91515],[77.17395,11.87591],[77.15731,11.88422],[77.14226,11.88779],[77.1328,11.90027],[77.13746,11.92938],[77.1141,11.94174],[77.10336,11.95493],[77.1087,11.98313],[77.09837,11.99184],[77.0719,11.99922],[77.07165,12.00244],[77.06466,12.0029],[77.0636,12.0056],[77.06117,12.006],[77.0582,12.00102],[77.05596,12.00197],[77.05582,12.01636],[77.04586,12.01557],[77.04295,12.03212],[77.03604,12.0328]]]},"properties":{"taluk":"Yelandur","district":"Chamarajanagar","region_id":"subdistrict_5578","level":"taluk"}},{"type":"Feature","geometry":{"type":"Polygon","coordinates":[[[75.92655,13.81367],[75.9443,13.81334],[75.94716,13.81715],[75.95267,13.81618],[75.95303,13.81795],[75.94947,13.82008],[75.95035,13.82488],[75.94784,13.83069],[75.9558,13.83999],[75.95838,13.84028],[75.95846,13.84297],[75.96383,13.84558],[75.96907,13.85499],[75.96923,13.85348],[75.97507,13.85261],[75.97711,13.84878],[75.9884,13.84782],[75.9939,13.85036],[76.00601,13.86688],[76.01007,13.86517],[76.016,13.8706],[76.0179,13.864],[76.02089,13.86225],[76.02344,13.86327],[76.02645,13.86804],[76.03128,13.86859],[76.02753,13.87188],[76.02736,13.87498],[76.02995,13.87498],[76.03317,13.88142],[76.0347,13.89752],[76.0511,13.89764],[76.04916,13.8959],[76.05386,13.89243],[76.05368,13.87951],[76.07635,13.87935],[76.08737,13.87401],[76.09109,13.86704],[76.09958,13.8643],[76.10388,13.83791],[76.11567,13.81243],[76.12421,13.81233],[76.12946,13.81456],[76.13346,13.78526],[76.14783,13.75111],[76.14901,13.73253],[76.16966,13.72805],[76.17162,13.71973],[76.17978,13.71637],[76.19454,13.71198],[76.20727,13.71247],[76.21956,13.71032],[76.22098,13.68164],[76.21741,13.66836],[76.20701,13.66822],[76.20141,13.66212],[76.18363,13.65048],[76.1817,13.63886],[76.1843,13.63345],[76.18092,13.62801],[76.17452,13.62596],[76.17025,13.63942],[76.17068,13.64569],[76.16563,13.64778],[76.16085,13.66278],[76.1533,13.66376],[76.14888,13.66205],[76.14246,13.65908],[76.13928,13.65496],[76.13886,13.65091],[76.1316,13.65068],[76.12844,13.64836],[76.12285,13.65294],[76.11521,13.64876],[76.10905,13.64884],[76.10837,13.65171],[76.10298,13.65285],[76.10304,13.67441],[76.09,13.67602],[76.09222,13.68],[76.09073,13.68176],[76.09181,13.68573],[76.08687,13.68752],[76.08583,13.68135],[76.06799,13.68338],[76.07689,13.7001],[76.07048,13.70228],[76.07125,13.7153],[76.05816,13.71618],[76.03781,13.7119],[76.03281,13.7009],[76.01483,13.70298],[76.00617,13.67132],[75.99854,13.67105],[75.99477,13.6664],[75.99565,13.66384],[75.99257,13.65443],[75.99554,13.65362],[75.99616,13.64727],[75.97005,13.64929],[75.96943,13.64455],[75.96363,13.64005],[75.94453,13.63789],[75.93392,13.64367],[75.95258,13.64954],[75.9524,13.65117],[75.95876,13.65129],[75.95831,13.6589],[75.96105,13.65902],[75.96026,13.66104],[75.96228,13.66444],[75.96066,13.665],[75.96135,13.67285],[75.94732,13.68132],[75.94173,13.6802],[75.9412,13.6694],[75.93897,13.66961],[75.93835,13.66704],[75.92937,13.67004],[75.93075,13.6788],[75.92489,13.68549],[75.92267,13.68537],[75.92119,13.68915],[75.92427,13.70252],[75.92081,13.70232],[75.92007,13.70581],[75.92186,13.70695],[75.92361,13.71734],[75.91937,13.71939],[75.92298,13.72815],[75.94092,13.72315],[75.94837,13.71766],[75.95118,13.72832],[75.94348,13.73696],[75.94338,13.73985],[75.92898,13.73937],[75.92507,13.73592],[75.92696,13.74627],[75.93147,13.75498],[75.93104,13.76087],[75.94282,13.75721],[75.95668,13.75715],[75.95754,13.76537],[75.96325,13.76809],[75.95851,13.77601],[75.93777,13.78908],[75.93136,13.79155],[75.91791,13.79132],[75.90884,13.80195],[75.90696,13.80692],[75.91938,13.80736],[75.92655,13.81367]]]},"properties":{"taluk":"Ajjampura","district":"Chikkamagaluru","region_id":"subdistrict_7078","level":"taluk"}},{"type":"Feature","geometry":{"type":"Polygon","coordinates":[[[75.71127,13.19271],[75.70282,13.19624],[75.69736,13.19537],[75.69035,13.19022],[75.69374,13.17976],[75.6782,13.1748],[75.66923,13.16836],[75.66033,13.16944],[75.6554,13.17368],[75.65524,13.16898],[75.64128,13.16427],[75.63118,13.16729],[75.62847,13.17707],[75.62651,13.1802],[75.62459,13.17998],[75.62268,13.19066],[75.62654,13.19765],[75.62373,13.20195],[75.60642,13.20223],[75.60617,13.20697],[75.60031,13.21286],[75.60427,13.22618],[75.59085,13.23587],[75.57293,13.26176],[75.57646,13.25134],[75.57507,13.24822],[75.56586,13.23964],[75.55675,13.23785],[75.55352,13.2354],[75.54912,13.23704],[75.54479,13.2334],[75.53872,13.21739],[75.51792,13.22311],[75.52509,13.25179],[75.51985,13.2554],[75.51752,13.25467],[75.51305,13.26031],[75.50494,13.2637],[75.50633,13.26748],[75.50394,13.26657],[75.49661,13.26955],[75.48921,13.27858],[75.48916,13.28356],[75.49191,13.28672],[75.49169,13.29289],[75.49427,13.29962],[75.49158,13.30564],[75.4914,13.31706],[75.49606,13.32632],[75.50266,13.33027],[75.4994,13.33625],[75.4991,13.34915],[75.48732,13.35091],[75.48625,13.34575],[75.48301,13.34412],[75.47779,13.34812],[75.49185,13.3527],[75.49387,13.35497],[75.49625,13.35385],[75.49652,13.35555],[75.4876,13.36234],[75.49077,13.3645],[75.49388,13.37159],[75.49379,13.38088],[75.50322,13.38005],[75.51525,13.37591],[75.51874,13.37862],[75.51621,13.38459],[75.52088,13.38484],[75.51819,13.40168],[75.51241,13.40899],[75.51163,13.41316],[75.50546,13.41276],[75.5039,13.41715],[75.49798,13.42053],[75.4982,13.42328],[75.50213,13.42423],[75.50397,13.42733],[75.49935,13.43339],[75.51086,13.43689],[75.51006,13.44685],[75.51304,13.45143],[75.52368,13.45375],[75.52463,13.459],[75.52288,13.46372],[75.5317,13.47157],[75.52741,13.47704],[75.52791,13.4881],[75.53077,13.49026],[75.53458,13.49905],[75.53969,13.50173],[75.53833,13.507],[75.54195,13.50917],[75.54352,13.51461],[75.5494,13.51845],[75.55912,13.50577],[75.56898,13.51064],[75.58124,13.50645],[75.58731,13.50208],[75.59034,13.51199],[75.57942,13.51522],[75.59629,13.53411],[75.59524,13.53695],[75.60368,13.54442],[75.64426,13.55925],[75.66077,13.56365],[75.66342,13.56004],[75.68541,13.56725],[75.69637,13.56549],[75.6972,13.56386],[75.70802,13.56648],[75.72231,13.567],[75.7274,13.56491],[75.7257,13.56306],[75.73053,13.55908],[75.73202,13.5607],[75.73734,13.55687],[75.7433,13.54933],[75.75056,13.53332],[75.7617,13.53274],[75.77031,13.52458],[75.77194,13.51694],[75.80082,13.50727],[75.81348,13.50532],[75.82984,13.51032],[75.838,13.50061],[75.84224,13.49125],[75.83961,13.48645],[75.8413,13.48614],[75.8405,13.48314],[75.843,13.48346],[75.84311,13.47706],[75.85901,13.47415],[75.86033,13.46844],[75.88933,13.4736],[75.89026,13.46429],[75.8789,13.45443],[75.8763,13.4481],[75.87974,13.44555],[75.8788,13.4494],[75.88156,13.44955],[75.88322,13.45187],[75.88756,13.44962],[75.88773,13.44361],[75.88468,13.43691],[75.88767,13.43802],[75.88823,13.43159],[75.89588,13.43069],[75.90486,13.42382],[75.90589,13.42121],[75.90388,13.41733],[75.90857,13.41807],[75.9089,13.42029],[75.907,13.42153],[75.90688,13.4248],[75.90485,13.42492],[75.90567,13.42745],[75.90092,13.42754],[75.9003,13.42966],[75.89636,13.43095],[75.89809,13.43411],[75.9013,13.43265],[75.90336,13.43407],[75.9048,13.42987],[75.91092,13.42746],[75.90967,13.4257],[75.91071,13.42043],[75.90885,13.4179],[75.90723,13.41648],[75.9103,13.41606],[75.9077,13.40309],[75.91005,13.40065],[75.91927,13.39767],[75.91726,13.3948],[75.91949,13.39232],[75.91652,13.38796],[75.91919,13.38291],[75.92701,13.38257],[75.92488,13.37128],[75.93252,13.37215],[75.9339,13.37476],[75.94216,13.37496],[75.94522,13.37768],[75.94777,13.37701],[75.95204,13.37109],[75.95611,13.34792],[75.96592,13.34266],[75.9847,13.34852],[75.98369,13.34253],[75.99149,13.33662],[75.99004,13.3292],[75.99723,13.31965],[76.00959,13.3212],[76.01362,13.31542],[76.02008,13.31563],[76.02687,13.3213],[76.02865,13.33391],[76.03188,13.3336],[76.0314,13.33796],[76.03448,13.33729],[76.03292,13.33658],[76.03435,13.33298],[76.03187,13.322],[76.03672,13.32013],[76.03368,13.31349],[76.03323,13.30168],[76.03734,13.30033],[76.03714,13.29482],[76.03946,13.29388],[76.04008,13.28328],[76.04313,13.27563],[76.04055,13.26774],[76.04213,13.26608],[76.03883,13.26645],[76.04062,13.26404],[76.03669,13.24952],[76.02116,13.25179],[76.01787,13.25003],[76.01754,13.25771],[76.01478,13.26156],[75.99014,13.25991],[75.98857,13.26447],[75.98449,13.26381],[75.98448,13.26664],[75.97172,13.26212],[75.94118,13.25859],[75.93742,13.25621],[75.91959,13.25699],[75.91532,13.26176],[75.91017,13.26115],[75.90482,13.25788],[75.90017,13.26612],[75.88184,13.25994],[75.87744,13.26065],[75.87523,13.25253],[75.87105,13.2465],[75.86162,13.2402],[75.86303,13.24271],[75.85988,13.24423],[75.86032,13.25361],[75.8556,13.25385],[75.85695,13.25837],[75.85167,13.25855],[75.84027,13.25135],[75.83581,13.2522],[75.83082,13.25744],[75.82431,13.25307],[75.81845,13.25933],[75.81363,13.25846],[75.81322,13.26082],[75.80735,13.25885],[75.80943,13.25474],[75.80764,13.2469],[75.81299,13.23074],[75.80962,13.23075],[75.80991,13.22179],[75.80559,13.21563],[75.78955,13.21435],[75.7792,13.20995],[75.7753,13.2166],[75.7729,13.21295],[75.77008,13.214],[75.76643,13.21199],[75.76182,13.21756],[75.75855,13.21807],[75.75248,13.21231],[75.75021,13.20621],[75.7432,13.20741],[75.73489,13.19492],[75.73261,13.18666],[75.72814,13.18246],[75.7145,13.18398],[75.71184,13.18736],[75.71127,13.19271]],[[75.90813,13.41744],[75.90639,13.41765],[75.90623,13.41661],[75.90813,13.41744]]]},"properties":{"taluk":"Chikkamagaluru","district":"Chikkamagaluru","region_id":"subdistrict_5530","level":"taluk"}},{"type":"Feature","geometry":{"type":"MultiPolygon","coordinates":[[[[76.36423,13.54737],[76.36641,13.54829],[76.36411,13.54539],[76.36249,13.53035],[76.3491,13.52537],[76.34813,13.51813],[76.34507,13.51374],[76.34305,13.51342],[76.33035,13.52143],[76.32343,13.53069],[76.32131,13.53721],[76.31824,13.53639],[76.31758,13.53921],[76.31588,13.53193],[76.31095,13.52932],[76.31205,13.52545],[76.30679,13.5258],[76.30071,13.52174],[76.29553,13.52758],[76.29372,13.52718],[76.29118,13.5074],[76.29253,13.50468],[76.26879,13.5065],[76.26232,13.50532],[76.26097,13.51156],[76.23355,13.50702],[76.23815,13.49543],[76.22953,13.4847],[76.23439,13.48041],[76.23208,13.46888],[76.22661,13.46747],[76.19811,13.46933],[76.19955,13.4508],[76.19335,13.45022],[76.19349,13.45176],[76.18709,13.45239],[76.19244,13.4608],[76.19403,13.46876],[76.16203,13.46959],[76.15837,13.45982],[76.15141,13.45796],[76.14683,13.44822],[76.13826,13.44298],[76.13617,13.44427],[76.14008,13.43603],[76.13905,13.427],[76.14116,13.42052],[76.13875,13.41635],[76.13858,13.41266],[76.14081,13.40954],[76.1394,13.40657],[76.12954,13.40401],[76.12953,13.40011],[76.12358,13.40154],[76.11118,13.40055],[76.1106,13.39619],[76.0985,13.39152],[76.09851,13.39377],[76.0891,13.39244],[76.08714,13.37593],[76.08909,13.37167],[76.08181,13.37175],[76.05611,13.38161],[76.04166,13.3742],[76.03896,13.36775],[76.04195,13.36521],[76.03222,13.34597],[76.029,13.34545],[76.03451,13.33731],[76.0314,13.33796],[76.03188,13.3336],[76.02865,13.33391],[76.02687,13.3213],[76.02466,13.31831],[76.01625,13.31521],[76.01362,13.31542],[76.00959,13.3212],[75.99723,13.31965],[75.99004,13.3292],[75.99149,13.33662],[75.98369,13.34253],[75.9847,13.34852],[75.96592,13.34266],[75.95611,13.34792],[75.95204,13.37109],[75.94777,13.37701],[75.94522,13.37768],[75.94216,13.37496],[75.9339,13.37476],[75.93252,13.37215],[75.92488,13.37128],[75.92701,13.38257],[75.91919,13.38291],[75.91652,13.38796],[75.91949,13.39232],[75.91726,13.3948],[75.91927,13.39767],[75.91005,13.40065],[75.9077,13.40309],[75.9103,13.41606],[75.90723,13.41648],[75.90885,13.4179],[75.91071,13.42043],[75.90967,13.4257],[75.91092,13.42746],[75.9048,13.42987],[75.90336,13.43407],[75.9013,13.43265],[75.89809,13.43411],[75.89636,13.43095],[75.9003,13.42966],[75.90092,13.42754],[75.90567,13.42745],[75.90485,13.42492],[75.90688,13.4248],[75.907,13.42153],[75.9089,13.42029],[75.90857,13.41807],[75.90388,13.41733],[75.90589,13.42121],[75.90486,13.42382],[75.89588,13.43069],[75.88823,13.43159],[75.88767,13.43802],[75.88468,13.43691],[75.88773,13.44361],[75.88756,13.44962],[75.88322,13.45187],[75.88156,13.44955],[75.8788,13.4494],[75.87974,13.44555],[75.8763,13.4481],[75.8789,13.45443],[75.89026,13.46429],[75.88933,13.4736],[75.86033,13.46844],[75.85901,13.47415],[75.84311,13.47706],[75.843,13.48346],[75.8405,13.48314],[75.8413,13.48614],[75.83961,13.48645],[75.84224,13.49125],[75.838,13.50061],[75.82984,13.51032],[75.83762,13.51414],[75.83832,13.52288],[75.84751,13.52308],[75.85816,13.53047],[75.8584,13.54914],[75.86717,13.54945],[75.86179,13.56812],[75.8615,13.57855],[75.864,13.58903],[75.87611,13.60481],[75.868,13.61679],[75.87645,13.61805],[75.88531,13.62421],[75.89238,13.62139],[75.8979,13.61575],[75.91783,13.60983],[75.92135,13.62123],[75.91855,13.63195],[75.92069,13.64122],[75.93122,13.64432],[75.9358,13.64363],[75.94474,13.63779],[75.95514,13.63815],[75.96577,13.64102],[75.96943,13.64455],[75.97005,13.64929],[75.99616,13.64727],[75.99554,13.65362],[75.99257,13.65443],[75.99565,13.66384],[75.99477,13.6664],[75.99854,13.67105],[76.00617,13.67132],[76.01483,13.70298],[76.03281,13.7009],[76.03781,13.7119],[76.06039,13.71639],[76.07125,13.7153],[76.07048,13.70228],[76.07689,13.7001],[76.06799,13.68338],[76.08583,13.68135],[76.0866,13.68751],[76.09181,13.68573],[76.09073,13.68176],[76.09222,13.68],[76.09,13.67602],[76.10304,13.67441],[76.10298,13.65285],[76.10837,13.65171],[76.10905,13.64884],[76.11521,13.64876],[76.12285,13.65294],[76.12844,13.64836],[76.1316,13.65068],[76.13886,13.65091],[76.13928,13.65496],[76.14246,13.65908],[76.14888,13.66205],[76.1533,13.66376],[76.16085,13.66278],[76.16563,13.64778],[76.17068,13.64569],[76.17025,13.63942],[76.17452,13.62596],[76.18092,13.62801],[76.1843,13.63345],[76.1817,13.63886],[76.18363,13.65048],[76.20141,13.66212],[76.20701,13.66822],[76.21741,13.66836],[76.22101,13.68317],[76.22698,13.67988],[76.2313,13.68128],[76.23238,13.67816],[76.23478,13.67797],[76.2393,13.67337],[76.24183,13.66761],[76.25423,13.6626],[76.26282,13.65283],[76.26316,13.64903],[76.28207,13.6491],[76.28699,13.64739],[76.28323,13.63807],[76.27995,13.63619],[76.2812,13.63278],[76.27892,13.62856],[76.27953,13.62366],[76.27533,13.62175],[76.27644,13.6135],[76.27285,13.60731],[76.27379,13.60465],[76.27635,13.6037],[76.27727,13.6078],[76.28258,13.60605],[76.282,13.60129],[76.28678,13.59968],[76.28787,13.59498],[76.29061,13.59599],[76.29333,13.59381],[76.29243,13.59041],[76.29767,13.58909],[76.30429,13.5889],[76.30656,13.59129],[76.3332,13.59574],[76.34204,13.57625],[76.3471,13.57629],[76.35285,13.5797],[76.35929,13.55643],[76.36423,13.54737]]],[[[75.90639,13.41765],[75.90813,13.41744],[75.90623,13.41661],[75.90639,13.41765]]]]},"properties":{"taluk":"Kadur","district":"Chikkamagaluru","region_id":"subdistrict_5529","level":"taluk"}},{"type":"Feature","geometry":{"type":"MultiPolygon","coordinates":[[[[75.28328,13.47824],[75.28482,13.48075],[75.28408,13.48294],[75.27407,13.48615],[75.27121,13.48317],[75.26453,13.48219],[75.26235,13.47926],[75.26322,13.47356],[75.25984,13.46848],[75.25537,13.46934],[75.25243,13.47484],[75.237,13.47476],[75.23383,13.47688],[75.22921,13.48617],[75.23107,13.4983],[75.21985,13.50206],[75.21865,13.49908],[75.21425,13.49809],[75.21306,13.49329],[75.21136,13.49569],[75.21528,13.50508],[75.21194,13.50769],[75.20802,13.50632],[75.21138,13.50691],[75.21242,13.50488],[75.20988,13.50544],[75.21039,13.50144],[75.20776,13.50134],[75.20291,13.50873],[75.20558,13.51521],[75.21051,13.5163],[75.21082,13.51826],[75.20345,13.51751],[75.20697,13.5248],[75.21825,13.52647],[75.21991,13.525],[75.22309,13.52592],[75.22488,13.52896],[75.22075,13.53426],[75.22357,13.54829],[75.21797,13.55131],[75.21978,13.55547],[75.21553,13.55636],[75.21607,13.55837],[75.22098,13.55871],[75.22597,13.56826],[75.21258,13.57724],[75.21201,13.5808],[75.21191,13.58503],[75.22269,13.59627],[75.22094,13.6038],[75.22563,13.60585],[75.23062,13.60348],[75.23171,13.60001],[75.23593,13.59921],[75.23679,13.60206],[75.24469,13.60545],[75.24855,13.59636],[75.25455,13.59398],[75.25579,13.58347],[75.25899,13.58253],[75.26439,13.58537],[75.27084,13.56805],[75.27835,13.56407],[75.27924,13.57194],[75.28849,13.57575],[75.2949,13.58518],[75.29788,13.58325],[75.30825,13.58407],[75.3108,13.5878],[75.31464,13.58946],[75.32762,13.59124],[75.33158,13.58463],[75.34104,13.58584],[75.34387,13.58199],[75.35099,13.58587],[75.35362,13.5932],[75.37013,13.59615],[75.36478,13.60241],[75.36446,13.60687],[75.3677,13.61067],[75.36528,13.61926],[75.37447,13.6262],[75.3754,13.62194],[75.37976,13.61746],[75.37684,13.61375],[75.38513,13.6126],[75.38782,13.61423],[75.38725,13.6172],[75.38887,13.61832],[75.38715,13.62201],[75.3924,13.62444],[75.39313,13.62952],[75.40764,13.62537],[75.40255,13.61312],[75.40226,13.60511],[75.40608,13.59859],[75.40548,13.59566],[75.40058,13.59273],[75.39713,13.56794],[75.39417,13.56014],[75.40092,13.55637],[75.4064,13.55589],[75.40511,13.55501],[75.40794,13.55381],[75.40681,13.55237],[75.40893,13.55286],[75.41419,13.55726],[75.41982,13.55882],[75.41508,13.56517],[75.41598,13.5674],[75.4273,13.56209],[75.42467,13.55558],[75.43437,13.5495],[75.43313,13.546],[75.42515,13.54214],[75.42423,13.53368],[75.41944,13.52259],[75.42032,13.51752],[75.41273,13.49941],[75.41061,13.48073],[75.40939,13.48158],[75.40206,13.44976],[75.40041,13.4309],[75.40517,13.42971],[75.40477,13.43381],[75.41406,13.43531],[75.41483,13.42974],[75.42303,13.42151],[75.43675,13.42295],[75.43822,13.40871],[75.44642,13.40725],[75.45685,13.41481],[75.46563,13.41004],[75.46547,13.39779],[75.44655,13.38211],[75.43603,13.38361],[75.43489,13.38008],[75.43652,13.3795],[75.43395,13.37583],[75.43553,13.37546],[75.43611,13.37094],[75.43203,13.37191],[75.43433,13.35595],[75.44343,13.34618],[75.43751,13.33782],[75.4415,13.32706],[75.44294,13.32009],[75.44126,13.31843],[75.44289,13.31554],[75.43849,13.31558],[75.43683,13.32016],[75.42847,13.31892],[75.42476,13.31221],[75.41286,13.32463],[75.40599,13.31975],[75.40518,13.32136],[75.39635,13.3207],[75.39264,13.32214],[75.3975,13.31523],[75.39471,13.30514],[75.39741,13.30271],[75.3876,13.29868],[75.37851,13.29916],[75.3768,13.29241],[75.37135,13.28964],[75.36332,13.29075],[75.35124,13.29761],[75.34718,13.29722],[75.34353,13.29358],[75.33774,13.29528],[75.33242,13.28731],[75.31629,13.29443],[75.31353,13.29035],[75.30445,13.28551],[75.29653,13.2873],[75.28691,13.29675],[75.28407,13.29396],[75.2623,13.28861],[75.25644,13.30884],[75.26963,13.31684],[75.2744,13.33825],[75.28762,13.34543],[75.28863,13.35474],[75.28546,13.36349],[75.2952,13.36463],[75.31529,13.38477],[75.31419,13.40033],[75.31118,13.4093],[75.32062,13.41543],[75.32614,13.41511],[75.32675,13.41539],[75.3227,13.41725],[75.32309,13.42283],[75.31899,13.42031],[75.3166,13.41617],[75.30941,13.41387],[75.30597,13.42443],[75.30169,13.42988],[75.3108,13.43834],[75.31756,13.4397],[75.32064,13.44226],[75.31875,13.45261],[75.31494,13.45206],[75.31519,13.45611],[75.31177,13.45837],[75.31203,13.46603],[75.30851,13.46761],[75.30741,13.46585],[75.30608,13.46675],[75.30583,13.46617],[75.30823,13.46358],[75.30897,13.46326],[75.30897,13.46209],[75.30805,13.4637],[75.3067,13.46411],[75.30559,13.46215],[75.30312,13.46391],[75.2962,13.46149],[75.29431,13.46845],[75.2896,13.47081],[75.29127,13.47208],[75.28906,13.47259],[75.28776,13.47895],[75.28328,13.47824]]],[[[75.28339,13.47963],[75.28274,13.47799],[75.28214,13.48041],[75.28339,13.47963]]],[[[75.32099,13.41959],[75.32071,13.41858],[75.3192,13.41955],[75.32099,13.41959]]],[[[75.30917,13.46645],[75.3094,13.46595],[75.30891,13.46605],[75.30917,13.46645]]],[[[75.30785,13.46418],[75.30859,13.46422],[75.30878,13.46399],[75.30785,13.46418]]],[[[75.30726,13.46525],[75.30787,13.46495],[75.30736,13.46488],[75.30726,13.46525]]]]},"properties":{"taluk":"Koppa","district":"Chikkamagaluru","region_id":"subdistrict_5526","level":"taluk"}},{"type":"Feature","geometry":{"type":"Polygon","coordinates":[[[75.45622,13.25871],[75.46246,13.2513],[75.4653,13.2188],[75.4674,13.21342],[75.45687,13.20924],[75.45511,13.21119],[75.44297,13.21115],[75.43835,13.21579],[75.43552,13.21177],[75.43714,13.20938],[75.43741,13.20244],[75.43541,13.1983],[75.43647,13.19514],[75.41927,13.18965],[75.41547,13.19127],[75.4141,13.18389],[75.41773,13.17992],[75.42072,13.16747],[75.41504,13.16562],[75.40877,13.16735],[75.40351,13.17149],[75.38998,13.1736],[75.37822,13.18135],[75.36326,13.18199],[75.35582,13.1872],[75.35405,13.18474],[75.33563,13.17637],[75.32976,13.16821],[75.32904,13.16408],[75.3243,13.16592],[75.3177,13.15058],[75.31943,13.14384],[75.31836,13.13967],[75.31144,13.13795],[75.3106,13.12944],[75.3039,13.12571],[75.29459,13.12693],[75.29089,13.12952],[75.28835,13.12265],[75.28508,13.12276],[75.28335,13.12575],[75.28095,13.12456],[75.27777,13.13177],[75.27078,13.12472],[75.26351,13.12511],[75.26267,13.12369],[75.2551,13.12932],[75.24374,13.12938],[75.23743,13.13891],[75.2302,13.14047],[75.22672,13.14708],[75.22308,13.14615],[75.21593,13.15461],[75.212,13.1541],[75.20941,13.15127],[75.20557,13.15213],[75.20783,13.16902],[75.20395,13.17632],[75.18947,13.18095],[75.17945,13.1917],[75.16492,13.19859],[75.1643,13.20361],[75.16793,13.20761],[75.16438,13.21433],[75.15742,13.24087],[75.16175,13.24852],[75.17885,13.25968],[75.21277,13.27279],[75.21632,13.27063],[75.23259,13.26803],[75.2438,13.27609],[75.24892,13.27229],[75.2623,13.28861],[75.28407,13.29396],[75.28691,13.29675],[75.29653,13.2873],[75.30445,13.28551],[75.31353,13.29035],[75.31629,13.29443],[75.33242,13.28731],[75.33774,13.29528],[75.34353,13.29358],[75.34718,13.29722],[75.35124,13.29761],[75.36332,13.29075],[75.37135,13.28964],[75.3768,13.29241],[75.37851,13.29916],[75.3876,13.29868],[75.39741,13.30271],[75.39471,13.30514],[75.3975,13.31523],[75.39264,13.32214],[75.39635,13.3207],[75.40518,13.32136],[75.40599,13.31975],[75.41286,13.32463],[75.4424,13.29474],[75.45513,13.29034],[75.45762,13.2599],[75.45622,13.25871]]]},"properties":{"taluk":"Mudigere","district":"Chikkamagaluru","region_id":"subdistrict_5531","level":"taluk"}},{"type":"Feature","geometry":{"type":"Polygon","coordinates":[[[75.41057,13.48075],[75.41273,13.49941],[75.42032,13.51752],[75.41944,13.52259],[75.42423,13.53368],[75.42515,13.54214],[75.43313,13.546],[75.43437,13.5495],[75.42467,13.55558],[75.4273,13.56209],[75.41598,13.5674],[75.41508,13.56517],[75.41982,13.55882],[75.41419,13.55726],[75.40893,13.55286],[75.40681,13.55237],[75.40794,13.55381],[75.40511,13.55501],[75.4064,13.55589],[75.40092,13.55637],[75.39417,13.56014],[75.39713,13.56794],[75.40058,13.59273],[75.40548,13.59566],[75.40608,13.59859],[75.40226,13.60511],[75.40255,13.61312],[75.40764,13.62537],[75.40632,13.63298],[75.41095,13.63933],[75.41012,13.64758],[75.41399,13.65312],[75.40571,13.65886],[75.40587,13.6709],[75.39726,13.69154],[75.39345,13.69392],[75.39384,13.70063],[75.38732,13.70038],[75.38414,13.70448],[75.38033,13.70429],[75.38087,13.7085],[75.3845,13.71098],[75.39056,13.70968],[75.40376,13.70326],[75.40785,13.70643],[75.41603,13.7054],[75.42261,13.70779],[75.42835,13.71509],[75.43841,13.7174],[75.44665,13.72203],[75.45566,13.72343],[75.46061,13.73279],[75.4607,13.74009],[75.47199,13.75081],[75.48963,13.76053],[75.48604,13.76641],[75.48706,13.76845],[75.48902,13.76854],[75.49862,13.75684],[75.5029,13.7625],[75.50807,13.76464],[75.50757,13.76079],[75.51047,13.75534],[75.52172,13.75191],[75.52034,13.74328],[75.52528,13.73889],[75.52831,13.73118],[75.54186,13.72457],[75.5532,13.72897],[75.56066,13.72907],[75.57004,13.73464],[75.56698,13.74078],[75.56793,13.7536],[75.57121,13.75605],[75.58654,13.75943],[75.60782,13.76067],[75.60944,13.74606],[75.62682,13.73324],[75.61717,13.7224],[75.62039,13.71231],[75.61878,13.71004],[75.61262,13.7103],[75.61247,13.70873],[75.61517,13.69872],[75.62632,13.6926],[75.62876,13.69041],[75.62831,13.68778],[75.62209,13.68543],[75.61387,13.68858],[75.61159,13.68564],[75.60576,13.68473],[75.61102,13.67114],[75.60596,13.65914],[75.59803,13.64795],[75.58753,13.64494],[75.60414,13.62052],[75.6047,13.60522],[75.60273,13.60028],[75.60508,13.59185],[75.60312,13.5827],[75.61411,13.5802],[75.62577,13.58024],[75.64071,13.58285],[75.64757,13.58862],[75.66948,13.59089],[75.68322,13.59837],[75.69067,13.59671],[75.70157,13.59845],[75.70809,13.60141],[75.71781,13.61427],[75.72712,13.62106],[75.73747,13.62567],[75.74562,13.60953],[75.74157,13.60313],[75.73961,13.59445],[75.71674,13.59278],[75.70202,13.58625],[75.69751,13.57757],[75.68683,13.57321],[75.67267,13.57401],[75.67545,13.56285],[75.66342,13.56004],[75.66077,13.56365],[75.62003,13.55158],[75.60368,13.54442],[75.59524,13.53695],[75.59629,13.53411],[75.57942,13.51522],[75.59034,13.51199],[75.58731,13.50208],[75.58124,13.50645],[75.56898,13.51064],[75.55912,13.50577],[75.5494,13.51845],[75.54352,13.51461],[75.54195,13.50917],[75.53833,13.507],[75.53969,13.50173],[75.53458,13.49905],[75.53077,13.49026],[75.52791,13.4881],[75.52741,13.47704],[75.5317,13.47157],[75.52288,13.46372],[75.52463,13.459],[75.52368,13.45375],[75.51304,13.45143],[75.51006,13.44685],[75.51086,13.43689],[75.49935,13.43339],[75.50397,13.42733],[75.50213,13.42423],[75.4982,13.42328],[75.49798,13.42053],[75.5039,13.41715],[75.50546,13.41276],[75.51163,13.41316],[75.51241,13.40899],[75.51819,13.40168],[75.52088,13.38484],[75.51628,13.38529],[75.5191,13.38046],[75.51525,13.37591],[75.50322,13.38005],[75.49379,13.38088],[75.49388,13.37159],[75.49077,13.3645],[75.4876,13.36234],[75.49652,13.35555],[75.49625,13.35385],[75.49387,13.35497],[75.48308,13.34941],[75.478,13.34924],[75.48301,13.34412],[75.48625,13.34575],[75.48732,13.35091],[75.49213,13.34927],[75.49853,13.35003],[75.49824,13.34329],[75.50044,13.33964],[75.4994,13.33625],[75.50266,13.33027],[75.49606,13.32632],[75.49128,13.31636],[75.49158,13.30564],[75.49427,13.29962],[75.48903,13.28065],[75.49007,13.2757],[75.49393,13.27315],[75.49331,13.27157],[75.4803,13.27019],[75.47328,13.2745],[75.47416,13.26672],[75.47131,13.25717],[75.46772,13.25898],[75.46403,13.25542],[75.45742,13.25603],[75.45513,13.29034],[75.4424,13.29474],[75.42476,13.31213],[75.42847,13.31892],[75.43683,13.32016],[75.43849,13.31558],[75.44289,13.31554],[75.44126,13.31843],[75.44294,13.32009],[75.4415,13.32706],[75.43751,13.33782],[75.44343,13.34618],[75.43433,13.35595],[75.43203,13.37191],[75.43611,13.37094],[75.43553,13.37546],[75.43395,13.37583],[75.43652,13.3795],[75.43489,13.38008],[75.43603,13.38361],[75.44655,13.38211],[75.4501,13.38383],[75.45089,13.38652],[75.46547,13.39779],[75.46563,13.41004],[75.45685,13.41481],[75.44642,13.40725],[75.43822,13.40871],[75.43675,13.42295],[75.42303,13.42151],[75.41483,13.42974],[75.41406,13.43531],[75.40477,13.43381],[75.40517,13.42971],[75.40041,13.4309],[75.40206,13.44976],[75.40939,13.48158],[75.41057,13.48075]]]},"properties":{"taluk":"Narasimharajapura","district":"Chikkamagaluru","region_id":"subdistrict_5527","level":"taluk"}},{"type":"Feature","geometry":{"type":"Polygon","coordinates":[[[75.28328,13.47824],[75.28776,13.47895],[75.28906,13.47259],[75.29127,13.47208],[75.2896,13.47081],[75.29431,13.46845],[75.2962,13.46149],[75.30312,13.46391],[75.30559,13.46215],[75.3067,13.46411],[75.30897,13.46209],[75.30897,13.46326],[75.30823,13.46358],[75.30583,13.46617],[75.30608,13.46675],[75.30741,13.46585],[75.30851,13.46761],[75.31178,13.46628],[75.31177,13.45837],[75.31519,13.45611],[75.31494,13.45206],[75.31875,13.45261],[75.31973,13.4504],[75.32064,13.44226],[75.31756,13.4397],[75.3108,13.43834],[75.30169,13.42988],[75.30597,13.42443],[75.30941,13.41387],[75.3166,13.41617],[75.31899,13.42031],[75.32309,13.42283],[75.3227,13.41725],[75.32675,13.41539],[75.32062,13.41543],[75.31118,13.4093],[75.31419,13.40033],[75.31529,13.38477],[75.2952,13.36463],[75.28546,13.36349],[75.28863,13.35474],[75.28762,13.34543],[75.2744,13.33825],[75.26963,13.31684],[75.25644,13.30884],[75.2623,13.28861],[75.24892,13.27229],[75.2438,13.27609],[75.23259,13.26803],[75.21632,13.27063],[75.21277,13.27279],[75.17885,13.25968],[75.16175,13.24852],[75.15739,13.24301],[75.15243,13.26148],[75.14166,13.28498],[75.13854,13.28602],[75.13379,13.2816],[75.1304,13.2824],[75.12286,13.27765],[75.1174,13.27782],[75.1138,13.28553],[75.10748,13.28769],[75.09455,13.31321],[75.09554,13.31499],[75.07411,13.34242],[75.08509,13.3483],[75.08674,13.36137],[75.09641,13.35733],[75.10533,13.35911],[75.11383,13.35586],[75.12453,13.36471],[75.12495,13.37152],[75.1267,13.36948],[75.12767,13.37118],[75.12407,13.37359],[75.12346,13.37664],[75.12469,13.38083],[75.12775,13.38167],[75.12742,13.38428],[75.13492,13.38129],[75.13709,13.38295],[75.13833,13.38845],[75.14178,13.38957],[75.14115,13.4041],[75.13906,13.4088],[75.14146,13.409],[75.14452,13.41895],[75.14827,13.42184],[75.14764,13.42818],[75.15283,13.4314],[75.14781,13.43971],[75.15182,13.44231],[75.15591,13.45278],[75.14162,13.45861],[75.1375,13.46899],[75.13645,13.47793],[75.14791,13.47882],[75.16005,13.49316],[75.16075,13.49745],[75.17087,13.50663],[75.1767,13.49872],[75.17918,13.50349],[75.18677,13.50837],[75.19525,13.50923],[75.19805,13.50734],[75.19938,13.50997],[75.20284,13.50911],[75.20776,13.50134],[75.21039,13.50144],[75.20988,13.50544],[75.21242,13.50488],[75.21138,13.50691],[75.20802,13.50632],[75.21194,13.50769],[75.21528,13.50508],[75.21136,13.49569],[75.21306,13.49329],[75.21425,13.49809],[75.21865,13.49908],[75.21985,13.50206],[75.23107,13.4983],[75.22921,13.48617],[75.23383,13.47688],[75.237,13.47476],[75.25243,13.47484],[75.25537,13.46934],[75.25984,13.46848],[75.26322,13.47356],[75.26235,13.47926],[75.26453,13.48219],[75.27121,13.48317],[75.27407,13.48615],[75.28408,13.48294],[75.28482,13.48075],[75.28328,13.47824]],[[75.28274,13.47799],[75.28339,13.47963],[75.28214,13.48041],[75.28274,13.47799]],[[75.32071,13.41858],[75.32099,13.41959],[75.3192,13.41955],[75.32071,13.41858]],[[75.3094,13.46595],[75.30917,13.46645],[75.30891,13.46605],[75.3094,13.46595]],[[75.30859,13.46422],[75.30785,13.46418],[75.30878,13.46399],[75.30859,13.46422]],[[75.30787,13.46495],[75.30726,13.46525],[75.30736,13.46488],[75.30787,13.46495]]]},"properties":{"taluk":"Sringeri","district":"Chikkamagaluru","region_id":"subdistrict_5525","level":"taluk"}},{"type":"Feature","geometry":{"type":"Polygon","coordinates":[[[75.89415,13.81107],[75.90209,13.8126],[75.90196,13.80907],[75.90696,13.80692],[75.90884,13.80195],[75.91791,13.79132],[75.93136,13.79155],[75.93777,13.78908],[75.95851,13.77601],[75.96325,13.76809],[75.95754,13.76537],[75.95668,13.75715],[75.94282,13.75721],[75.93104,13.76087],[75.93147,13.75498],[75.92696,13.74627],[75.92507,13.73592],[75.92898,13.73937],[75.94338,13.73985],[75.94348,13.73696],[75.95118,13.72832],[75.94837,13.71766],[75.94092,13.72315],[75.92298,13.72815],[75.91937,13.71939],[75.92361,13.71734],[75.92186,13.70695],[75.92007,13.70581],[75.92081,13.70232],[75.92427,13.70252],[75.92119,13.68915],[75.92267,13.68537],[75.92489,13.68549],[75.93075,13.6788],[75.92937,13.67004],[75.93835,13.66704],[75.93897,13.66961],[75.9412,13.6694],[75.94173,13.6802],[75.94732,13.68132],[75.96135,13.67285],[75.96066,13.665],[75.96228,13.66444],[75.96026,13.66104],[75.96105,13.65902],[75.95831,13.6589],[75.95876,13.65129],[75.9524,13.65117],[75.95258,13.64954],[75.93595,13.64418],[75.92809,13.64398],[75.92067,13.6412],[75.91855,13.63195],[75.92135,13.62123],[75.91783,13.60983],[75.8979,13.61575],[75.89238,13.62139],[75.88531,13.62421],[75.87645,13.61805],[75.868,13.61679],[75.87611,13.60481],[75.864,13.58903],[75.8615,13.57855],[75.86179,13.56812],[75.86717,13.54945],[75.8584,13.54914],[75.85816,13.53047],[75.84751,13.52308],[75.83832,13.52288],[75.83748,13.51398],[75.82446,13.50751],[75.81348,13.50532],[75.80082,13.50727],[75.77194,13.51694],[75.77031,13.52458],[75.7617,13.53274],[75.75056,13.53332],[75.7433,13.54933],[75.73734,13.55687],[75.73202,13.5607],[75.73053,13.55908],[75.7257,13.56306],[75.7274,13.56491],[75.72231,13.567],[75.70802,13.56648],[75.6972,13.56386],[75.69637,13.56549],[75.68541,13.56725],[75.67545,13.56285],[75.67267,13.57401],[75.68683,13.57321],[75.69751,13.57757],[75.70202,13.58625],[75.71674,13.59278],[75.73983,13.5946],[75.74157,13.60313],[75.74562,13.60953],[75.73747,13.62567],[75.72712,13.62106],[75.71781,13.61427],[75.70809,13.60141],[75.70157,13.59845],[75.69067,13.59671],[75.68322,13.59837],[75.66948,13.59089],[75.64757,13.58862],[75.64071,13.58285],[75.62577,13.58024],[75.61411,13.5802],[75.60312,13.5827],[75.60508,13.59185],[75.60273,13.60028],[75.6047,13.60522],[75.60414,13.62052],[75.58753,13.64494],[75.59803,13.64795],[75.60596,13.65914],[75.61102,13.67114],[75.60576,13.68473],[75.61159,13.68564],[75.61387,13.68858],[75.62209,13.68543],[75.62831,13.68778],[75.62876,13.69041],[75.62632,13.6926],[75.61517,13.69872],[75.61262,13.7103],[75.61794,13.71074],[75.62162,13.70326],[75.6261,13.70145],[75.62908,13.704],[75.6333,13.7016],[75.63706,13.70212],[75.64366,13.70519],[75.64887,13.71058],[75.65148,13.71816],[75.66677,13.7195],[75.67403,13.72203],[75.67557,13.7279],[75.66758,13.73106],[75.66528,13.73852],[75.65959,13.7408],[75.65591,13.7462],[75.6571,13.74886],[75.66365,13.75042],[75.6631,13.75599],[75.67025,13.76552],[75.67476,13.76122],[75.67552,13.75188],[75.68467,13.74916],[75.68895,13.75256],[75.68218,13.76091],[75.68654,13.76729],[75.7052,13.76739],[75.70965,13.76575],[75.71221,13.76793],[75.71303,13.77209],[75.73211,13.76886],[75.74934,13.78095],[75.76481,13.78226],[75.76637,13.78938],[75.75986,13.79449],[75.76381,13.79638],[75.77692,13.7948],[75.77797,13.7909],[75.78944,13.79988],[75.78972,13.79534],[75.8044,13.79468],[75.82467,13.81709],[75.85141,13.81082],[75.88629,13.80921],[75.89327,13.80704],[75.89415,13.81107]]]},"properties":{"taluk":"Tarikere","district":"Chikkamagaluru","region_id":"subdistrict_5528","level":"taluk"}},{"type":"Feature","geometry":{"type":"Polygon","coordinates":[[[76.58138,14.20289],[76.58151,14.22054],[76.56321,14.22301],[76.56755,14.23193],[76.56744,14.24451],[76.54615,14.24482],[76.54569,14.25321],[76.54113,14.25426],[76.54367,14.26009],[76.54092,14.27244],[76.53782,14.27532],[76.53461,14.29067],[76.52588,14.28915],[76.52206,14.29973],[76.5184,14.29938],[76.51594,14.31168],[76.52595,14.31458],[76.52385,14.31751],[76.52614,14.31843],[76.52466,14.32358],[76.53652,14.32237],[76.5398,14.32419],[76.53583,14.34488],[76.53433,14.34985],[76.53204,14.35124],[76.53367,14.38253],[76.49767,14.38372],[76.49822,14.37911],[76.4925,14.37841],[76.47243,14.369],[76.46289,14.37083],[76.45526,14.38858],[76.47014,14.39531],[76.46991,14.397],[76.47569,14.39773],[76.48612,14.40303],[76.48869,14.4019],[76.48869,14.40538],[76.49545,14.41147],[76.49251,14.42334],[76.48736,14.43175],[76.46754,14.43434],[76.46329,14.4399],[76.45516,14.46987],[76.46115,14.50485],[76.47231,14.50217],[76.48442,14.50491],[76.49395,14.5116],[76.50825,14.51627],[76.51366,14.52308],[76.52211,14.52423],[76.53388,14.54002],[76.53307,14.54327],[76.5278,14.54612],[76.5241,14.55272],[76.51649,14.54952],[76.51035,14.56045],[76.51836,14.56246],[76.53504,14.56147],[76.53519,14.56559],[76.54146,14.56604],[76.54493,14.57187],[76.54967,14.57278],[76.55013,14.57834],[76.56709,14.5867],[76.57362,14.59813],[76.57683,14.6089],[76.58148,14.6119],[76.58571,14.61818],[76.60072,14.62088],[76.60013,14.62573],[76.60269,14.62546],[76.60461,14.62003],[76.62714,14.61509],[76.62622,14.58586],[76.63405,14.57833],[76.63378,14.5727],[76.65273,14.57448],[76.65902,14.5776],[76.67198,14.57709],[76.67372,14.57776],[76.67534,14.58332],[76.67978,14.58453],[76.69537,14.58095],[76.69874,14.58525],[76.70536,14.58504],[76.70845,14.58811],[76.7109,14.5868],[76.71128,14.5888],[76.71543,14.58832],[76.71911,14.59187],[76.72495,14.5931],[76.72911,14.60519],[76.753,14.59842],[76.75483,14.60558],[76.76207,14.60744],[76.76562,14.6063],[76.76523,14.60187],[76.77886,14.59357],[76.78019,14.59299],[76.78031,14.59719],[76.78152,14.59669],[76.78228,14.58364],[76.78476,14.57513],[76.78895,14.57013],[76.78779,14.56787],[76.79145,14.55424],[76.79829,14.54845],[76.80668,14.5319],[76.81872,14.5316],[76.82255,14.52662],[76.8315,14.52941],[76.83425,14.52609],[76.83325,14.52204],[76.84171,14.51921],[76.84948,14.51149],[76.85563,14.50922],[76.86091,14.49716],[76.86659,14.47563],[76.86878,14.47447],[76.88438,14.47721],[76.88626,14.48349],[76.9045,14.48968],[76.92429,14.49088],[76.94885,14.48889],[76.95007,14.48674],[76.97495,14.48523],[76.97432,14.4737],[76.96855,14.46519],[76.96872,14.46225],[76.96011,14.45091],[76.9526,14.45278],[76.9449,14.45147],[76.94775,14.41357],[76.94674,14.40576],[76.94273,14.39968],[76.93186,14.41077],[76.91278,14.42184],[76.90487,14.40674],[76.89722,14.39754],[76.88741,14.39554],[76.88871,14.36274],[76.88482,14.3475],[76.88759,14.34639],[76.90335,14.32284],[76.90725,14.32317],[76.92593,14.3149],[76.94508,14.31262],[76.95641,14.29446],[76.94664,14.28621],[76.93846,14.28332],[76.93675,14.28041],[76.92792,14.27941],[76.9247,14.27407],[76.93583,14.2591],[76.94004,14.24424],[76.95064,14.24296],[76.9609,14.2449],[76.97096,14.24278],[76.97517,14.24553],[76.98558,14.24743],[77.0056,14.23577],[77.00501,14.23072],[76.99892,14.22903],[77.00134,14.22468],[77.00066,14.22243],[77.00677,14.219],[77.00588,14.20744],[77.00244,14.19848],[77.01556,14.19367],[77.02414,14.18682],[77.02244,14.17728],[77.0049,14.18422],[76.99461,14.17863],[76.9813,14.17871],[76.96776,14.18312],[76.96256,14.18193],[76.95854,14.18384],[76.95749,14.18858],[76.94667,14.19805],[76.9428,14.19593],[76.94231,14.19064],[76.94475,14.18576],[76.94229,14.17877],[76.94253,14.17324],[76.92214,14.16945],[76.91963,14.16411],[76.91293,14.16715],[76.89478,14.16766],[76.8912,14.14308],[76.8866,14.13776],[76.88459,14.13876],[76.88226,14.14577],[76.87931,14.1476],[76.87853,14.1462],[76.87182,14.14708],[76.86124,14.15166],[76.86133,14.15322],[76.8561,14.15321],[76.85183,14.15031],[76.84339,14.14888],[76.833,14.15017],[76.82705,14.15282],[76.82218,14.16051],[76.81387,14.16085],[76.81049,14.16766],[76.80324,14.16621],[76.78825,14.15576],[76.78989,14.15028],[76.78555,14.14132],[76.78385,14.12939],[76.78409,14.1187],[76.78636,14.11252],[76.78094,14.10777],[76.77172,14.10836],[76.76472,14.09992],[76.76196,14.08769],[76.7574,14.08365],[76.7522,14.07117],[76.74029,14.0725],[76.73862,14.08311],[76.74112,14.08927],[76.73928,14.09268],[76.73823,14.11817],[76.73059,14.11415],[76.71698,14.11131],[76.70633,14.1168],[76.68781,14.11938],[76.68878,14.12956],[76.68679,14.14187],[76.66297,14.14499],[76.66122,14.14494],[76.66119,14.14167],[76.642,14.14187],[76.64155,14.1521],[76.63662,14.15704],[76.63648,14.15938],[76.64188,14.17884],[76.63998,14.18884],[76.61333,14.18117],[76.61046,14.18837],[76.61153,14.19359],[76.6044,14.20376],[76.59285,14.20149],[76.58138,14.20289]]]},"properties":{"taluk":"Challakere","district":"Chitradurga","region_id":"subdistrict_5504","level":"taluk"}},{"type":"Feature","geometry":{"type":"Polygon","coordinates":[[[76.5413,14.27071],[76.54367,14.26009],[76.54113,14.25426],[76.54569,14.25321],[76.54615,14.24482],[76.56744,14.24451],[76.56755,14.23193],[76.56321,14.22301],[76.58151,14.22054],[76.58042,14.1983],[76.58192,14.19894],[76.58245,14.19624],[76.57921,14.19265],[76.5768,14.17913],[76.57657,14.15935],[76.57153,14.15671],[76.56673,14.14825],[76.51469,14.14836],[76.50496,14.14536],[76.50366,14.16261],[76.4623,14.16202],[76.4505,14.15873],[76.44823,14.14048],[76.43939,14.12927],[76.43541,14.12899],[76.44346,14.09167],[76.43816,14.08794],[76.43957,14.06528],[76.44287,14.05772],[76.44525,14.05662],[76.43356,14.05719],[76.41696,14.052],[76.40595,14.07162],[76.40619,14.07742],[76.40431,14.07833],[76.39023,14.07009],[76.37479,14.06746],[76.37382,14.07004],[76.36503,14.07164],[76.35617,14.07612],[76.35257,14.07608],[76.35224,14.07763],[76.34625,14.07354],[76.336,14.08023],[76.33005,14.08884],[76.31528,14.09213],[76.3127,14.10357],[76.31317,14.11178],[76.31521,14.11165],[76.31544,14.11367],[76.3136,14.12241],[76.31191,14.1188],[76.30428,14.12228],[76.29032,14.1365],[76.28174,14.14842],[76.28011,14.1581],[76.27556,14.1646],[76.24085,14.15689],[76.23784,14.15889],[76.20537,14.15983],[76.20779,14.17012],[76.20663,14.1808],[76.2183,14.20089],[76.2213,14.20932],[76.21825,14.21318],[76.22034,14.21565],[76.20923,14.21972],[76.20635,14.21798],[76.19744,14.23093],[76.19504,14.23139],[76.18948,14.2292],[76.17359,14.23277],[76.16986,14.22505],[76.16757,14.224],[76.16688,14.22714],[76.16637,14.226],[76.16495,14.22669],[76.16338,14.23433],[76.16117,14.23528],[76.15655,14.25339],[76.15309,14.25896],[76.14997,14.25677],[76.13471,14.2559],[76.13489,14.26182],[76.13038,14.26883],[76.13004,14.28168],[76.12515,14.28242],[76.11684,14.27718],[76.12147,14.28954],[76.11518,14.30103],[76.1097,14.30187],[76.10594,14.30891],[76.10971,14.31737],[76.11673,14.32357],[76.1468,14.32126],[76.15373,14.31822],[76.15722,14.32107],[76.15893,14.32952],[76.15512,14.34974],[76.15562,14.35837],[76.15101,14.3666],[76.15068,14.37632],[76.15541,14.37742],[76.15349,14.397],[76.14862,14.40796],[76.14263,14.41144],[76.14162,14.41827],[76.13607,14.42697],[76.16427,14.44584],[76.17371,14.44795],[76.17273,14.46011],[76.17459,14.46242],[76.20677,14.45708],[76.21881,14.44195],[76.23839,14.45046],[76.24829,14.44382],[76.26009,14.44446],[76.26401,14.43697],[76.26418,14.42483],[76.27057,14.42041],[76.27372,14.4089],[76.28187,14.4046],[76.2926,14.40865],[76.33131,14.40848],[76.33845,14.41498],[76.33789,14.41933],[76.34915,14.41639],[76.35398,14.41932],[76.36987,14.42009],[76.37819,14.41771],[76.38431,14.41945],[76.38415,14.42758],[76.3935,14.4279],[76.39287,14.43056],[76.39533,14.43033],[76.39564,14.43625],[76.40724,14.43593],[76.41465,14.43929],[76.42405,14.43811],[76.42392,14.44947],[76.43707,14.44728],[76.46011,14.45026],[76.46329,14.4399],[76.46754,14.43434],[76.48736,14.43175],[76.49251,14.42334],[76.49545,14.41147],[76.48869,14.40538],[76.48869,14.4019],[76.48612,14.40303],[76.47569,14.39773],[76.46991,14.397],[76.47014,14.39531],[76.45526,14.38858],[76.46289,14.37083],[76.47243,14.369],[76.4925,14.37841],[76.49822,14.37911],[76.49767,14.38372],[76.53367,14.38253],[76.53204,14.35124],[76.53433,14.34985],[76.53583,14.34488],[76.5398,14.32419],[76.53652,14.32237],[76.5248,14.32373],[76.52614,14.31843],[76.52385,14.31751],[76.52595,14.31458],[76.51594,14.31168],[76.5184,14.29938],[76.52206,14.29973],[76.52588,14.28915],[76.53461,14.29067],[76.53782,14.27532],[76.5413,14.27071]]]},"properties":{"taluk":"Chitradurga","district":"Chitradurga","region_id":"subdistrict_5505","level":"taluk"}},{"type":"Feature","geometry":{"type":"Polygon","coordinates":[[[76.73862,14.08311],[76.74029,14.0725],[76.75261,14.07115],[76.7574,14.08365],[76.76196,14.08769],[76.76472,14.09992],[76.77374,14.10943],[76.78094,14.10777],[76.78519,14.11073],[76.78639,14.11424],[76.78409,14.1187],[76.78385,14.12939],[76.78555,14.14132],[76.78989,14.15028],[76.78825,14.15576],[76.80099,14.16514],[76.80891,14.16767],[76.81049,14.16766],[76.81387,14.16085],[76.82218,14.16051],[76.82705,14.15282],[76.833,14.15017],[76.84339,14.14888],[76.85183,14.15031],[76.8561,14.15321],[76.86133,14.15322],[76.86124,14.15166],[76.87182,14.14708],[76.87853,14.1462],[76.87931,14.1476],[76.88226,14.14577],[76.88459,14.13876],[76.88868,14.13591],[76.904,14.1338],[76.91512,14.12817],[76.92525,14.13642],[76.93575,14.12882],[76.93632,14.1243],[76.94424,14.12043],[76.94685,14.11219],[76.95269,14.10556],[76.95542,14.09916],[76.95076,14.09229],[76.94274,14.08917],[76.92785,14.07705],[76.92296,14.05662],[76.90966,14.0637],[76.89881,14.05737],[76.8868,14.04643],[76.88677,14.039],[76.87978,14.01854],[76.87605,14.0191],[76.87282,14.00976],[76.85687,14.016],[76.83666,14.01786],[76.83334,14.00317],[76.82206,14.00059],[76.82327,13.99377],[76.83931,13.98701],[76.84904,13.98074],[76.84939,13.96533],[76.82234,13.95048],[76.81953,13.93693],[76.81413,13.93637],[76.81482,13.91555],[76.80158,13.9161],[76.79142,13.92119],[76.77934,13.92436],[76.76418,13.92381],[76.76268,13.92146],[76.75202,13.91948],[76.74966,13.91598],[76.75274,13.90695],[76.72266,13.89864],[76.7211,13.89509],[76.72285,13.89041],[76.72882,13.88142],[76.73115,13.88131],[76.73654,13.86859],[76.76317,13.83457],[76.76748,13.83529],[76.76375,13.82164],[76.76893,13.80536],[76.76951,13.79629],[76.76463,13.78227],[76.75963,13.78148],[76.73054,13.78409],[76.72717,13.79219],[76.72795,13.79691],[76.72412,13.79976],[76.71768,13.79603],[76.71489,13.78574],[76.7074,13.78058],[76.70562,13.77528],[76.70056,13.77394],[76.69758,13.77008],[76.69711,13.76538],[76.69445,13.76328],[76.69781,13.76036],[76.69584,13.75485],[76.69085,13.75184],[76.68736,13.74563],[76.68425,13.7306],[76.68925,13.72881],[76.69148,13.73059],[76.69202,13.69684],[76.68409,13.70285],[76.67767,13.69994],[76.67233,13.70537],[76.67333,13.7181],[76.66336,13.72133],[76.63147,13.71354],[76.6249,13.72519],[76.62596,13.72877],[76.62447,13.7339],[76.62077,13.73437],[76.61339,13.72912],[76.61481,13.72719],[76.60874,13.72338],[76.59998,13.72499],[76.5965,13.72048],[76.58593,13.71877],[76.57708,13.71472],[76.57116,13.70825],[76.57729,13.69032],[76.57386,13.68691],[76.56901,13.68937],[76.56477,13.68447],[76.56111,13.68396],[76.56006,13.6881],[76.55314,13.69257],[76.5249,13.73803],[76.51373,13.76254],[76.5151,13.76626],[76.5133,13.79903],[76.51115,13.80057],[76.50658,13.81219],[76.50314,13.84393],[76.48923,13.87551],[76.4914,13.88619],[76.48695,13.89752],[76.48142,13.90417],[76.47733,13.91517],[76.46587,13.93374],[76.46656,13.94725],[76.48536,13.95101],[76.47809,13.95935],[76.47511,13.97743],[76.47008,13.98545],[76.46345,13.99482],[76.45497,13.99625],[76.46001,14.01933],[76.45958,14.02888],[76.46231,14.03185],[76.46766,14.02965],[76.47666,14.03409],[76.46125,14.05823],[76.44944,14.05309],[76.44287,14.05772],[76.43957,14.06528],[76.43816,14.08794],[76.44346,14.09167],[76.43541,14.12899],[76.43939,14.12927],[76.44823,14.14048],[76.4505,14.15873],[76.4623,14.16202],[76.50366,14.16261],[76.50496,14.14536],[76.51469,14.14836],[76.56673,14.14825],[76.57153,14.15671],[76.57657,14.15935],[76.57677,14.17894],[76.57921,14.19265],[76.58245,14.19624],[76.58192,14.19894],[76.58042,14.1983],[76.58133,14.20287],[76.59285,14.20149],[76.6044,14.20376],[76.61153,14.19359],[76.61046,14.18837],[76.61326,14.1812],[76.63998,14.18884],[76.64188,14.17884],[76.63648,14.15938],[76.63662,14.15704],[76.64155,14.1521],[76.642,14.14187],[76.66119,14.14167],[76.66122,14.14494],[76.66297,14.14499],[76.68679,14.14187],[76.68878,14.12956],[76.68781,14.11938],[76.70633,14.1168],[76.71698,14.11131],[76.73059,14.11415],[76.73823,14.11817],[76.73928,14.09268],[76.74112,14.08927],[76.73862,14.08311]]]},"properties":{"taluk":"Hiriyur","district":"Chitradurga","region_id":"subdistrict_5508","level":"taluk"}},{"type":"Feature","geometry":{"type":"Polygon","coordinates":[[[76.27207,13.95662],[76.26985,13.95642],[76.26844,13.96125],[76.26605,13.95588],[76.26206,13.95602],[76.25771,13.96384],[76.26473,13.97515],[76.26825,13.97587],[76.26953,13.97989],[76.26405,13.99563],[76.22858,13.98668],[76.23658,13.96218],[76.24483,13.95411],[76.23505,13.94797],[76.23561,13.93937],[76.24073,13.93144],[76.2338,13.93329],[76.2199,13.92591],[76.21318,13.92494],[76.21359,13.91533],[76.20875,13.91438],[76.20654,13.91081],[76.19662,13.91165],[76.18979,13.91614],[76.18996,13.91809],[76.18601,13.91878],[76.1805,13.91437],[76.18055,13.90852],[76.17818,13.90885],[76.17651,13.90189],[76.17293,13.89789],[76.17241,13.89439],[76.17538,13.88957],[76.17556,13.8766],[76.14882,13.87225],[76.1501,13.86505],[76.14372,13.86568],[76.13681,13.86356],[76.13602,13.86674],[76.13263,13.86258],[76.10156,13.85856],[76.09958,13.8643],[76.09109,13.86704],[76.08737,13.87401],[76.07635,13.87935],[76.05368,13.87951],[76.05386,13.89243],[76.04916,13.8959],[76.0511,13.89764],[76.02852,13.89878],[76.02926,13.9204],[76.03242,13.92178],[76.04482,13.94202],[76.04661,13.94074],[76.06597,13.94136],[76.0689,13.94789],[76.06919,13.96757],[76.07238,13.98214],[76.05112,13.97882],[76.0498,13.9835],[76.04724,13.98252],[76.04356,13.98726],[76.04592,14.01316],[76.04804,14.01263],[76.05112,14.03001],[76.05116,14.03779],[76.04831,14.03803],[76.04852,14.04489],[76.0498,14.05486],[76.05176,14.06053],[76.05409,14.06167],[76.0557,14.07261],[76.05358,14.08179],[76.05485,14.08924],[76.05227,14.09401],[76.04771,14.09721],[76.03693,14.09057],[76.03398,14.09081],[76.03269,14.09553],[76.03494,14.09985],[76.02543,14.10026],[76.02506,14.11309],[76.02792,14.11972],[76.03317,14.12023],[76.03266,14.13443],[76.03569,14.13557],[76.04024,14.14334],[76.0466,14.14522],[76.04569,14.15544],[76.06384,14.15996],[76.06345,14.16903],[76.06424,14.17143],[76.06572,14.1706],[76.06625,14.18149],[76.05732,14.18126],[76.05646,14.19146],[76.05801,14.20265],[76.06317,14.20375],[76.06427,14.20667],[76.06593,14.20638],[76.06417,14.21622],[76.0608,14.22226],[76.07251,14.22656],[76.07983,14.2471],[76.11697,14.25133],[76.13019,14.25545],[76.14997,14.25677],[76.15309,14.25896],[76.15655,14.25339],[76.16117,14.23528],[76.16338,14.23433],[76.16495,14.22669],[76.16688,14.22714],[76.16757,14.224],[76.16986,14.22505],[76.17359,14.23277],[76.18948,14.2292],[76.19504,14.23139],[76.19744,14.23093],[76.20635,14.21798],[76.20923,14.21972],[76.22034,14.21565],[76.21825,14.21318],[76.2213,14.20932],[76.2183,14.20089],[76.20663,14.1808],[76.20779,14.17012],[76.20537,14.15983],[76.23784,14.15889],[76.24085,14.15689],[76.27556,14.1646],[76.28011,14.1581],[76.28174,14.14842],[76.29032,14.1365],[76.30428,14.12228],[76.31191,14.1188],[76.3136,14.12241],[76.31544,14.11367],[76.31521,14.11165],[76.31317,14.11178],[76.3127,14.10357],[76.31528,14.09213],[76.33005,14.08884],[76.336,14.08023],[76.34625,14.07354],[76.35224,14.07763],[76.35257,14.07608],[76.35617,14.07612],[76.36503,14.07164],[76.37382,14.07004],[76.37479,14.06746],[76.39023,14.07009],[76.40431,14.07833],[76.40619,14.07742],[76.40595,14.07162],[76.41696,14.052],[76.43356,14.05719],[76.44525,14.05662],[76.45087,14.05291],[76.46125,14.05823],[76.47666,14.03409],[76.46766,14.02965],[76.46231,14.03185],[76.45958,14.02888],[76.46001,14.01933],[76.45497,13.99625],[76.43634,14.0076],[76.42331,13.9998],[76.41727,13.98918],[76.42487,13.97706],[76.42468,13.96644],[76.41647,13.95371],[76.41307,13.95648],[76.40312,13.95503],[76.39874,13.95928],[76.37326,13.95507],[76.37388,13.95813],[76.36962,13.96443],[76.37069,13.97105],[76.3645,13.97487],[76.36467,13.98123],[76.36006,13.98608],[76.34429,13.98566],[76.3188,13.98089],[76.32635,13.95989],[76.30007,13.95634],[76.30047,13.94565],[76.29018,13.94151],[76.28904,13.93121],[76.28595,13.92997],[76.27912,13.92884],[76.27715,13.93749],[76.27391,13.93997],[76.27511,13.95049],[76.27207,13.95662]]]},"properties":{"taluk":"Holalkere","district":"Chitradurga","region_id":"subdistrict_5506","level":"taluk"}},{"type":"Feature","geometry":{"type":"Polygon","coordinates":[[[76.37311,13.59218],[76.3471,13.57629],[76.34204,13.57625],[76.3332,13.59574],[76.30656,13.59129],[76.30429,13.5889],[76.29243,13.59041],[76.29333,13.59381],[76.29061,13.59599],[76.28787,13.59498],[76.28678,13.59968],[76.282,13.60129],[76.28258,13.60605],[76.27727,13.6078],[76.27635,13.6037],[76.27292,13.60645],[76.27621,13.61176],[76.27546,13.62209],[76.27953,13.62366],[76.27892,13.62856],[76.2812,13.63278],[76.27995,13.63619],[76.28323,13.63807],[76.28699,13.64739],[76.28207,13.6491],[76.26316,13.64903],[76.26282,13.65283],[76.25423,13.6626],[76.24183,13.66761],[76.2393,13.67337],[76.23478,13.67797],[76.23238,13.67816],[76.2313,13.68128],[76.22698,13.67988],[76.22129,13.6826],[76.21956,13.71032],[76.20727,13.71247],[76.19454,13.71198],[76.17978,13.71637],[76.17162,13.71973],[76.16966,13.72805],[76.14901,13.73253],[76.14783,13.75111],[76.13346,13.78526],[76.12946,13.81456],[76.12421,13.81233],[76.11567,13.81243],[76.10388,13.83791],[76.10168,13.85859],[76.13263,13.86258],[76.13602,13.86674],[76.13681,13.86356],[76.14372,13.86568],[76.1501,13.86505],[76.14882,13.87225],[76.17556,13.8766],[76.17538,13.88957],[76.17241,13.89439],[76.17279,13.89709],[76.17651,13.90189],[76.17818,13.90885],[76.18055,13.90852],[76.18136,13.91515],[76.18606,13.9188],[76.18996,13.91809],[76.18979,13.91614],[76.19662,13.91165],[76.20654,13.91081],[76.20875,13.91438],[76.21359,13.91533],[76.21318,13.92494],[76.2199,13.92591],[76.2338,13.93329],[76.24073,13.93144],[76.23561,13.93937],[76.23505,13.94797],[76.24483,13.95411],[76.23658,13.96218],[76.22858,13.98668],[76.26405,13.99563],[76.26953,13.97989],[76.26825,13.97587],[76.26473,13.97515],[76.25771,13.96384],[76.26206,13.95602],[76.26605,13.95588],[76.26844,13.96125],[76.26985,13.95642],[76.27311,13.95673],[76.27511,13.95049],[76.27391,13.93997],[76.27715,13.93749],[76.27912,13.92884],[76.28904,13.93121],[76.29018,13.94151],[76.30047,13.94565],[76.30007,13.95634],[76.32635,13.95989],[76.3188,13.98089],[76.33611,13.98437],[76.36006,13.98608],[76.36467,13.98123],[76.3645,13.97487],[76.37069,13.97105],[76.36962,13.96443],[76.37388,13.95813],[76.37326,13.95507],[76.39874,13.95928],[76.40312,13.95503],[76.41307,13.95648],[76.41647,13.95371],[76.42468,13.96644],[76.42487,13.97706],[76.41727,13.98918],[76.42331,13.9998],[76.43634,14.0076],[76.45385,13.99647],[76.46345,13.99482],[76.47511,13.97743],[76.47809,13.95935],[76.48477,13.95306],[76.48503,13.95082],[76.46656,13.94725],[76.46587,13.93374],[76.47733,13.91517],[76.48142,13.90417],[76.48695,13.89752],[76.4914,13.88619],[76.48923,13.87551],[76.50314,13.84393],[76.50658,13.81219],[76.51115,13.80057],[76.5133,13.79903],[76.5151,13.76626],[76.51373,13.76254],[76.5249,13.73803],[76.55314,13.69257],[76.56006,13.6881],[76.56114,13.68395],[76.55334,13.68131],[76.53991,13.66316],[76.53242,13.66842],[76.52907,13.66714],[76.5294,13.66049],[76.53432,13.6535],[76.53433,13.6502],[76.52732,13.64809],[76.51809,13.6411],[76.51647,13.63403],[76.49704,13.6285],[76.49982,13.62276],[76.46107,13.62016],[76.45562,13.61284],[76.45599,13.60456],[76.46028,13.6005],[76.45538,13.59545],[76.45448,13.59088],[76.43953,13.59412],[76.43166,13.59315],[76.42782,13.59082],[76.42412,13.58092],[76.4128,13.57836],[76.4094,13.58009],[76.4048,13.59092],[76.39811,13.59462],[76.39794,13.59096],[76.39232,13.59066],[76.3815,13.57748],[76.37878,13.58906],[76.37311,13.59218]]]},"properties":{"taluk":"Hosdurga","district":"Chitradurga","region_id":"subdistrict_5507","level":"taluk"}},{"type":"Feature","geometry":{"type":"Polygon","coordinates":[[[76.67767,14.88776],[76.67753,14.91143],[76.66616,14.91656],[76.65944,14.94211],[76.67921,14.93834],[76.69592,14.92679],[76.70391,14.93157],[76.70679,14.93109],[76.70611,14.94264],[76.71319,14.93924],[76.71754,14.95307],[76.71603,14.97284],[76.70502,14.97728],[76.68961,14.97816],[76.68479,14.9898],[76.68148,14.99078],[76.67813,14.99551],[76.68193,14.99611],[76.67998,15.00546],[76.6736,15.01219],[76.67432,15.01601],[76.67152,15.01932],[76.67575,15.02137],[76.67743,15.02465],[76.68747,15.02505],[76.6891,15.02315],[76.6861,15.02197],[76.68584,15.01843],[76.69308,15.01914],[76.70166,15.01662],[76.70433,15.02099],[76.70249,15.02938],[76.70359,15.03308],[76.71258,15.03324],[76.71762,15.03621],[76.71945,15.03425],[76.73289,15.03194],[76.73597,15.02253],[76.72799,15.00959],[76.7272,15.00007],[76.72854,15.00007],[76.72803,14.99749],[76.73423,14.98537],[76.74269,14.98736],[76.7539,14.98417],[76.75995,14.98934],[76.76291,14.98727],[76.7634,14.98029],[76.76671,14.97784],[76.7664,14.97461],[76.77556,14.9749],[76.80022,14.96819],[76.81801,14.9693],[76.8284,14.95607],[76.83402,14.95682],[76.8341,14.95961],[76.8413,14.96627],[76.86158,14.97012],[76.86687,14.96956],[76.866,14.95751],[76.86987,14.9377],[76.86387,14.89538],[76.8473,14.89632],[76.8454,14.88977],[76.84548,14.88741],[76.85252,14.88723],[76.85138,14.88387],[76.85326,14.88376],[76.85403,14.8692],[76.85699,14.86888],[76.85425,14.85494],[76.85438,14.84098],[76.84863,14.84148],[76.84252,14.83623],[76.84573,14.83205],[76.84599,14.82223],[76.85466,14.81785],[76.85431,14.80991],[76.83752,14.81082],[76.83732,14.79121],[76.833,14.79018],[76.83063,14.79307],[76.81866,14.79265],[76.8208,14.78883],[76.81701,14.78775],[76.80278,14.78579],[76.78294,14.78649],[76.78946,14.77232],[76.7886,14.75983],[76.79397,14.75038],[76.79122,14.74646],[76.7944,14.74603],[76.78651,14.71031],[76.78645,14.69824],[76.7769,14.68069],[76.77081,14.67531],[76.77553,14.67121],[76.77194,14.63546],[76.76654,14.61732],[76.76576,14.60626],[76.76207,14.60744],[76.75483,14.60558],[76.753,14.59842],[76.72911,14.60519],[76.72495,14.5931],[76.71911,14.59187],[76.71543,14.58832],[76.71128,14.5888],[76.7109,14.5868],[76.70845,14.58811],[76.70536,14.58504],[76.69874,14.58525],[76.69537,14.58095],[76.67978,14.58453],[76.67534,14.58332],[76.67372,14.57776],[76.67198,14.57709],[76.65902,14.5776],[76.65273,14.57448],[76.63378,14.5727],[76.63405,14.57833],[76.62622,14.58586],[76.62714,14.61509],[76.60461,14.62003],[76.60269,14.62546],[76.60005,14.62572],[76.59756,14.63005],[76.59806,14.63209],[76.60382,14.63457],[76.61242,14.64836],[76.59758,14.65379],[76.59921,14.65602],[76.59623,14.65992],[76.59823,14.66987],[76.61057,14.66848],[76.61045,14.67855],[76.60793,14.68699],[76.61698,14.69206],[76.61701,14.69448],[76.62401,14.70173],[76.62905,14.70041],[76.63075,14.70288],[76.63557,14.70331],[76.63705,14.71001],[76.6446,14.71307],[76.64536,14.71757],[76.65104,14.72567],[76.64693,14.73022],[76.65103,14.73655],[76.64939,14.73979],[76.65077,14.75185],[76.64875,14.75544],[76.65077,14.75741],[76.65519,14.75689],[76.65756,14.76472],[76.66006,14.76605],[76.65972,14.77162],[76.66702,14.7751],[76.66628,14.7799],[76.66957,14.78667],[76.67362,14.78784],[76.66834,14.79148],[76.67471,14.79269],[76.68223,14.80814],[76.70517,14.8175],[76.7183,14.81776],[76.73463,14.81321],[76.73494,14.81553],[76.74003,14.81523],[76.74118,14.81885],[76.74039,14.82564],[76.72084,14.83181],[76.7118,14.83745],[76.71491,14.85335],[76.7136,14.86485],[76.699,14.88872],[76.67767,14.88776]]]},"properties":{"taluk":"Molakalmuru","district":"Chitradurga","region_id":"subdistrict_5503","level":"taluk"}},{"type":"Feature","geometry":{"type":"Polygon","coordinates":[[[74.98976,12.8613],[74.97866,12.86403],[74.97003,12.85655],[74.96483,12.8553],[74.96176,12.8588],[74.9592,12.86715],[74.95698,12.87018],[74.95488,12.86999],[74.95421,12.87462],[74.956,12.87595],[74.95292,12.87729],[74.95145,12.87544],[74.95358,12.88145],[74.95161,12.88458],[74.95417,12.88834],[74.94389,12.88609],[74.93997,12.88101],[74.93391,12.88287],[74.93745,12.88914],[74.93558,12.89033],[74.93632,12.89412],[74.94666,12.89497],[74.94768,12.903],[74.95077,12.90427],[74.95452,12.89651],[74.96498,12.9028],[74.96638,12.91076],[74.962,12.91257],[74.96397,12.91549],[74.96354,12.91928],[74.94883,12.93429],[74.94817,12.93689],[74.9565,12.93986],[74.9615,12.94641],[74.97361,12.95312],[74.99052,12.95081],[74.99325,12.95638],[74.99954,12.95675],[75.00486,12.95452],[75.01076,12.9567],[75.01225,12.96323],[75.00957,12.97046],[75.01233,12.97796],[75.01089,12.98408],[75.01464,12.98854],[75.01708,12.99621],[75.02415,12.99716],[75.02801,12.99982],[75.03236,13.01409],[75.04422,13.01662],[75.05637,13.01119],[75.05794,13.00838],[75.06631,13.01024],[75.06726,13.00339],[75.06401,13.0001],[75.07699,13.00226],[75.08519,12.99961],[75.08484,12.99422],[75.08892,12.98788],[75.09341,12.98977],[75.09169,12.99377],[75.0996,12.99612],[75.10076,12.99222],[75.10599,12.99013],[75.11209,12.99049],[75.11947,12.98548],[75.12692,12.97498],[75.12445,12.97425],[75.12774,12.9734],[75.1527,12.98125],[75.15633,12.9809],[75.15715,12.9758],[75.16011,12.97321],[75.162,12.96183],[75.16919,12.94955],[75.16729,12.94015],[75.15472,12.93967],[75.16147,12.92482],[75.17408,12.92747],[75.17837,12.9257],[75.18586,12.92787],[75.18666,12.92974],[75.19522,12.92638],[75.20409,12.9097],[75.20026,12.90897],[75.20139,12.9059],[75.19582,12.9049],[75.1935,12.90171],[75.19379,12.89261],[75.18816,12.89204],[75.18642,12.88764],[75.1893,12.88282],[75.19441,12.88613],[75.19632,12.8834],[75.20162,12.88297],[75.19777,12.87726],[75.19956,12.87534],[75.19898,12.87219],[75.19627,12.87214],[75.18714,12.86373],[75.16949,12.86288],[75.16747,12.85731],[75.1604,12.85519],[75.16039,12.85272],[75.17956,12.84832],[75.19045,12.84294],[75.20003,12.84675],[75.22138,12.83941],[75.21589,12.83086],[75.21514,12.82403],[75.20272,12.82063],[75.20451,12.81461],[75.19889,12.80713],[75.18727,12.81115],[75.17791,12.81018],[75.17405,12.80128],[75.16833,12.79956],[75.16432,12.80176],[75.16254,12.79991],[75.15593,12.80297],[75.15165,12.80073],[75.1505,12.79454],[75.14667,12.79424],[75.14644,12.78934],[75.15085,12.78653],[75.15477,12.7866],[75.15703,12.78126],[75.15548,12.77838],[75.1491,12.77635],[75.14572,12.77254],[75.14592,12.76939],[75.15199,12.7629],[75.15082,12.75735],[75.1545,12.75534],[75.1636,12.74128],[75.16293,12.73502],[75.17824,12.72449],[75.17131,12.71197],[75.17159,12.70364],[75.167,12.70101],[75.16816,12.69788],[75.16395,12.69547],[75.16071,12.68864],[75.16058,12.68084],[75.15648,12.68299],[75.14985,12.68294],[75.14578,12.68157],[75.14287,12.67766],[75.139,12.67956],[75.1372,12.67573],[75.13349,12.67791],[75.1329,12.67516],[75.12896,12.67584],[75.12451,12.68116],[75.12236,12.6786],[75.11197,12.68148],[75.11376,12.68427],[75.11076,12.6908],[75.10737,12.69153],[75.1054,12.69772],[75.09625,12.70097],[75.09277,12.70036],[75.08471,12.70533],[75.08523,12.70318],[75.0807,12.69915],[75.08502,12.69563],[75.0833,12.69373],[75.0854,12.692],[75.08724,12.67611],[75.07959,12.67105],[75.07373,12.67191],[75.06935,12.66415],[75.0671,12.66347],[75.06037,12.6685],[75.05929,12.67154],[75.05769,12.66926],[75.05877,12.66599],[75.05689,12.66572],[75.05346,12.66974],[75.0503,12.66961],[75.04677,12.66654],[75.0423,12.67243],[75.04159,12.67851],[75.04338,12.68171],[75.04043,12.68407],[75.04302,12.6878],[75.04288,12.69309],[75.04679,12.69477],[75.05311,12.69255],[75.05302,12.69008],[75.056,12.69316],[75.05078,12.70372],[75.05207,12.70687],[75.05463,12.70701],[75.05412,12.71106],[75.05021,12.71592],[75.05171,12.72009],[75.04482,12.72243],[75.04322,12.72097],[75.03785,12.72418],[75.02662,12.71896],[75.01854,12.72108],[75.01568,12.71391],[75.00126,12.71612],[75.00102,12.71978],[75.0049,12.71971],[75.01324,12.72826],[74.99905,12.7326],[74.99256,12.73979],[74.98976,12.73724],[74.99071,12.73629],[74.98893,12.73732],[74.98598,12.7339],[74.98393,12.73637],[74.98461,12.74367],[74.98766,12.74255],[74.99204,12.74678],[74.99894,12.75739],[75.00332,12.75979],[75.0049,12.76457],[75.00825,12.76707],[75.00286,12.78014],[75.00525,12.79097],[74.99934,12.79053],[74.99947,12.79349],[75.0039,12.8048],[75.00888,12.80613],[75.01096,12.81733],[75.01545,12.81975],[75.01645,12.82527],[75.01612,12.83024],[75.01371,12.82847],[75.00811,12.82924],[75.01195,12.84067],[75.00489,12.84094],[75.0054,12.84444],[75.00273,12.8495],[75.00404,12.85405],[75.00165,12.85441],[75.00021,12.86003],[74.99788,12.86013],[74.99663,12.86288],[74.98976,12.8613]]]},"properties":{"taluk":"Bantval","district":"Dakshina Kannada","region_id":"subdistrict_5562","level":"taluk"}},{"type":"Feature","geometry":{"type":"Polygon","coordinates":[[[75.55349,12.94267],[75.553,12.91354],[75.54587,12.90438],[75.54846,12.89358],[75.55207,12.8888],[75.55116,12.87472],[75.55381,12.86931],[75.55237,12.8653],[75.50122,12.86618],[75.49866,12.86365],[75.49911,12.8578],[75.49693,12.85725],[75.50027,12.8516],[75.49712,12.84861],[75.49533,12.82945],[75.47149,12.82689],[75.46531,12.82382],[75.46566,12.81884],[75.46426,12.81824],[75.44105,12.83248],[75.44764,12.84429],[75.44614,12.85087],[75.443,12.84948],[75.44028,12.85202],[75.44198,12.85887],[75.44047,12.86939],[75.43922,12.87022],[75.43813,12.86816],[75.43557,12.87074],[75.43405,12.87739],[75.4312,12.87804],[75.43048,12.87391],[75.42712,12.88073],[75.41579,12.88403],[75.41654,12.88126],[75.41115,12.87665],[75.40065,12.87733],[75.40334,12.86978],[75.40679,12.86683],[75.40539,12.86366],[75.41199,12.86183],[75.41236,12.8595],[75.41064,12.84454],[75.40632,12.84465],[75.40484,12.84194],[75.40159,12.8417],[75.40007,12.84518],[75.39601,12.84561],[75.38881,12.84279],[75.38574,12.84869],[75.3805,12.84862],[75.37049,12.85359],[75.37074,12.85642],[75.36001,12.86044],[75.36219,12.86282],[75.35672,12.86936],[75.35421,12.86928],[75.34881,12.8734],[75.34705,12.87348],[75.34712,12.87084],[75.34449,12.8708],[75.338,12.87918],[75.334,12.87947],[75.33191,12.8758],[75.33189,12.86875],[75.32691,12.86278],[75.32741,12.8586],[75.32518,12.85627],[75.31861,12.85541],[75.31008,12.84984],[75.30258,12.84985],[75.28774,12.84158],[75.27244,12.84259],[75.26667,12.83763],[75.26195,12.83699],[75.24987,12.84132],[75.22648,12.83764],[75.20003,12.84675],[75.19045,12.84294],[75.17956,12.84832],[75.16142,12.85206],[75.1604,12.85519],[75.16747,12.85731],[75.16949,12.86288],[75.18714,12.86373],[75.19627,12.87214],[75.19898,12.87219],[75.19956,12.87534],[75.19777,12.87726],[75.20162,12.88297],[75.19632,12.8834],[75.19441,12.88613],[75.1893,12.88282],[75.18642,12.88764],[75.18816,12.89204],[75.19379,12.89261],[75.1935,12.90171],[75.19582,12.9049],[75.20139,12.9059],[75.20026,12.90897],[75.20409,12.9097],[75.19522,12.92638],[75.18666,12.92974],[75.18586,12.92787],[75.17837,12.9257],[75.17408,12.92747],[75.16147,12.92482],[75.15472,12.93967],[75.16729,12.94015],[75.16919,12.94955],[75.162,12.96183],[75.16011,12.97321],[75.15715,12.9758],[75.15633,12.9809],[75.1527,12.98125],[75.12774,12.9734],[75.12445,12.97425],[75.12692,12.97498],[75.12363,12.98104],[75.11209,12.99049],[75.10599,12.99013],[75.10076,12.99222],[75.09821,12.99634],[75.09169,12.99377],[75.09341,12.98977],[75.08874,12.98793],[75.08484,12.99422],[75.08519,12.99961],[75.07699,13.00226],[75.06401,13.0001],[75.06726,13.00339],[75.06631,13.01024],[75.05794,13.00838],[75.05637,13.01119],[75.04422,13.01662],[75.04914,13.02018],[75.05599,13.03022],[75.06704,13.0342],[75.06763,13.04145],[75.06599,13.04436],[75.07232,13.04621],[75.07783,13.04542],[75.07991,13.04874],[75.07876,13.05216],[75.08355,13.06302],[75.0892,13.06586],[75.09056,13.07753],[75.09365,13.07742],[75.09974,13.08345],[75.09667,13.08827],[75.10341,13.09584],[75.10839,13.09824],[75.10875,13.10135],[75.11183,13.10194],[75.11641,13.1096],[75.12006,13.11048],[75.12047,13.11317],[75.12239,13.11228],[75.1216,13.11752],[75.12603,13.11754],[75.12586,13.12717],[75.12689,13.13065],[75.12942,13.13051],[75.12936,13.13321],[75.13626,13.1333],[75.13744,13.13089],[75.14008,13.13231],[75.14273,13.1302],[75.14474,13.13216],[75.14495,13.12537],[75.14872,13.12329],[75.15234,13.12493],[75.15938,13.13156],[75.16209,13.13008],[75.16904,13.14154],[75.17899,13.14978],[75.18448,13.16105],[75.19353,13.1587],[75.20703,13.15827],[75.20498,13.15462],[75.20762,13.15102],[75.21593,13.15461],[75.22308,13.14615],[75.22672,13.14708],[75.2302,13.14047],[75.23743,13.13891],[75.24374,13.12938],[75.2551,13.12932],[75.26181,13.12371],[75.27078,13.12472],[75.27777,13.13177],[75.28095,13.12456],[75.28335,13.12575],[75.28508,13.12276],[75.28835,13.12265],[75.29089,13.12952],[75.29459,13.12693],[75.3039,13.12571],[75.3106,13.12944],[75.31144,13.13795],[75.31836,13.13967],[75.31943,13.14384],[75.3177,13.15058],[75.3243,13.16592],[75.32904,13.16408],[75.32976,13.16821],[75.33563,13.17637],[75.35405,13.18474],[75.35628,13.1873],[75.36326,13.18199],[75.37384,13.18247],[75.38424,13.17789],[75.3903,13.16918],[75.407,13.15807],[75.40955,13.15008],[75.40733,13.13966],[75.41177,13.12495],[75.4063,13.11175],[75.40961,13.11106],[75.41536,13.10555],[75.41883,13.10752],[75.42376,13.10612],[75.4268,13.11434],[75.43202,13.11747],[75.43224,13.12041],[75.43283,13.1202],[75.44127,13.11435],[75.44392,13.10599],[75.449,13.10903],[75.45595,13.10957],[75.46995,13.09871],[75.47367,13.09397],[75.4665,13.08286],[75.46757,13.07678],[75.47221,13.07882],[75.47801,13.07678],[75.48043,13.08436],[75.48781,13.09024],[75.4917,13.08929],[75.50776,13.06922],[75.51872,13.06071],[75.51953,13.05855],[75.51489,13.05473],[75.52702,13.04937],[75.52734,13.04751],[75.52628,13.03808],[75.52015,13.03045],[75.52063,13.02742],[75.52923,13.02504],[75.53256,13.00914],[75.53002,13.00198],[75.5245,13.00205],[75.52736,12.9964],[75.52231,12.99102],[75.52067,12.98573],[75.50184,12.98111],[75.50963,12.98051],[75.51727,12.97],[75.52133,12.96819],[75.52374,12.97041],[75.52642,12.96929],[75.53306,12.95986],[75.54693,12.95581],[75.55196,12.95186],[75.55339,12.95019],[75.55161,12.94577],[75.55349,12.94267]]]},"properties":{"taluk":"Beltangadi","district":"Dakshina Kannada","region_id":"subdistrict_5563","level":"taluk"}},{"type":"Feature","geometry":{"type":"MultiPolygon","coordinates":[[[[75.32691,12.86278],[75.33189,12.86875],[75.33274,12.87908],[75.338,12.87918],[75.34449,12.8708],[75.34712,12.87084],[75.34705,12.87348],[75.34881,12.8734],[75.35421,12.86928],[75.35672,12.86936],[75.36219,12.86282],[75.36001,12.86044],[75.37074,12.85642],[75.37049,12.85359],[75.3805,12.84862],[75.38574,12.84869],[75.38881,12.84279],[75.39601,12.84561],[75.40007,12.84518],[75.40159,12.8417],[75.40484,12.84194],[75.40632,12.84465],[75.41064,12.84454],[75.41236,12.8595],[75.41199,12.86183],[75.40539,12.86366],[75.40679,12.86683],[75.40334,12.86978],[75.40065,12.87733],[75.41115,12.87665],[75.41654,12.88126],[75.41579,12.88403],[75.42131,12.88299],[75.42712,12.88073],[75.43048,12.87391],[75.4312,12.87804],[75.43405,12.87739],[75.43557,12.87074],[75.43813,12.86816],[75.43922,12.87022],[75.44047,12.86939],[75.44198,12.85887],[75.44028,12.85202],[75.443,12.84948],[75.44614,12.85087],[75.44764,12.84429],[75.44105,12.83248],[75.46426,12.81824],[75.46566,12.81884],[75.46531,12.82382],[75.47149,12.82689],[75.49533,12.82945],[75.49712,12.84861],[75.50027,12.8516],[75.49693,12.85725],[75.49911,12.8578],[75.49866,12.86365],[75.50122,12.86618],[75.55237,12.8653],[75.55381,12.86931],[75.56083,12.8698],[75.56437,12.86717],[75.57776,12.87305],[75.59384,12.87529],[75.60227,12.87394],[75.60048,12.8699],[75.60335,12.86528],[75.61264,12.86211],[75.61803,12.85639],[75.6224,12.85661],[75.6237,12.85117],[75.61494,12.83271],[75.61494,12.8281],[75.61789,12.82738],[75.61884,12.82498],[75.61987,12.80734],[75.61956,12.80333],[75.61288,12.79655],[75.61293,12.79374],[75.61758,12.7932],[75.62586,12.78499],[75.62564,12.7781],[75.6313,12.7762],[75.62822,12.77432],[75.63723,12.76903],[75.63846,12.76041],[75.65492,12.75121],[75.65794,12.75111],[75.66072,12.7464],[75.65646,12.73466],[75.65521,12.72016],[75.63779,12.71051],[75.6292,12.70017],[75.63592,12.69168],[75.6581,12.6974],[75.66539,12.69734],[75.64807,12.66641],[75.6442,12.6481],[75.64137,12.64825],[75.64517,12.64209],[75.64144,12.63163],[75.63636,12.63383],[75.63075,12.6302],[75.62633,12.63326],[75.62094,12.62326],[75.61962,12.61682],[75.61788,12.61729],[75.61756,12.62012],[75.60455,12.6203],[75.60144,12.62611],[75.59657,12.6284],[75.59871,12.63317],[75.59287,12.63253],[75.58877,12.63486],[75.58882,12.63931],[75.58353,12.64339],[75.58146,12.65032],[75.57917,12.65028],[75.57714,12.6464],[75.5735,12.64818],[75.57291,12.64451],[75.56961,12.64737],[75.57062,12.65103],[75.57461,12.65311],[75.57231,12.65603],[75.57288,12.65885],[75.56921,12.66044],[75.56782,12.66937],[75.56403,12.67189],[75.56168,12.66778],[75.56402,12.66661],[75.56253,12.66409],[75.56373,12.66107],[75.55937,12.65235],[75.54641,12.6423],[75.54493,12.6458],[75.53289,12.65205],[75.53398,12.65695],[75.53123,12.65986],[75.53053,12.66668],[75.52464,12.6676],[75.51651,12.67244],[75.51483,12.67555],[75.51286,12.67469],[75.51132,12.67622],[75.50778,12.67156],[75.50889,12.66888],[75.50565,12.66905],[75.50462,12.67352],[75.50275,12.67437],[75.49504,12.67181],[75.4932,12.67521],[75.49546,12.67858],[75.48949,12.6786],[75.48392,12.70306],[75.48205,12.70413],[75.47955,12.70036],[75.47424,12.70213],[75.47361,12.69409],[75.47115,12.69302],[75.4701,12.69446],[75.46682,12.69341],[75.46543,12.69835],[75.46313,12.69833],[75.46087,12.69453],[75.46285,12.6921],[75.46025,12.68907],[75.45672,12.69694],[75.45639,12.6908],[75.45459,12.68984],[75.45646,12.68794],[75.45167,12.685],[75.45429,12.68382],[75.45245,12.68297],[75.45404,12.6796],[75.45223,12.67847],[75.44302,12.68035],[75.44157,12.67742],[75.44277,12.67216],[75.43853,12.67164],[75.43122,12.6773],[75.42273,12.67849],[75.41894,12.68564],[75.41914,12.69045],[75.41681,12.68875],[75.41504,12.69061],[75.41502,12.69584],[75.41817,12.69968],[75.41744,12.70656],[75.41008,12.71008],[75.41121,12.71424],[75.40858,12.71538],[75.403,12.71457],[75.40432,12.71085],[75.40169,12.70669],[75.40304,12.70194],[75.40054,12.70055],[75.39688,12.70248],[75.39644,12.69933],[75.38689,12.6926],[75.38243,12.69479],[75.38474,12.69521],[75.38476,12.69853],[75.3808,12.70049],[75.37072,12.71223],[75.36875,12.70945],[75.36644,12.71112],[75.36018,12.70729],[75.3607,12.70466],[75.35688,12.70454],[75.35186,12.70972],[75.34835,12.70759],[75.34653,12.70939],[75.34974,12.71452],[75.34761,12.7194],[75.34243,12.71907],[75.34095,12.71643],[75.33691,12.71666],[75.3376,12.7116],[75.33404,12.70881],[75.33171,12.70191],[75.33358,12.69351],[75.33261,12.69001],[75.33561,12.69263],[75.33898,12.68991],[75.33297,12.6871],[75.33394,12.68139],[75.3278,12.68769],[75.32529,12.68568],[75.32478,12.67706],[75.32673,12.67539],[75.32687,12.67038],[75.32329,12.66502],[75.31757,12.66329],[75.30749,12.66559],[75.3092,12.67188],[75.30655,12.67346],[75.30484,12.68113],[75.31079,12.68126],[75.31274,12.68619],[75.3206,12.68578],[75.32416,12.68977],[75.31939,12.69617],[75.3145,12.69683],[75.31048,12.7002],[75.30723,12.69964],[75.30569,12.70361],[75.30053,12.70798],[75.298,12.71557],[75.29909,12.72032],[75.29732,12.72076],[75.29549,12.72622],[75.29883,12.73256],[75.29838,12.7409],[75.29658,12.74259],[75.2981,12.74491],[75.29393,12.74671],[75.29344,12.75051],[75.29396,12.75248],[75.29794,12.7523],[75.29877,12.76319],[75.29321,12.76968],[75.2942,12.77327],[75.29089,12.78331],[75.28699,12.78421],[75.27702,12.77767],[75.27259,12.77887],[75.26916,12.78293],[75.2719,12.78846],[75.28026,12.79421],[75.27908,12.79869],[75.28529,12.80287],[75.29361,12.80498],[75.29467,12.81096],[75.30157,12.81131],[75.29812,12.81466],[75.29945,12.81781],[75.30924,12.81647],[75.31607,12.82055],[75.32219,12.82111],[75.3285,12.81845],[75.33074,12.80971],[75.34331,12.81367],[75.34118,12.83365],[75.33931,12.83306],[75.33977,12.83638],[75.3317,12.84311],[75.32831,12.85324],[75.32691,12.86278]]],[[[75.50164,12.6694],[75.50276,12.67217],[75.50363,12.67175],[75.50356,12.66907],[75.50164,12.6694]]]]},"properties":{"taluk":"Kadaba","district":"Dakshina Kannada","region_id":"subdistrict_7104","level":"taluk"}},{"type":"Feature","geometry":{"type":"Polygon","coordinates":[[[74.88449,13.04758],[74.89123,13.04108],[74.8971,13.03879],[74.89601,13.03223],[74.90658,13.02583],[74.90941,13.02713],[74.90699,13.03406],[74.90792,13.03794],[74.91626,13.03635],[74.91849,13.03854],[74.91799,13.03529],[74.92358,13.03779],[74.92626,13.03432],[74.9302,13.0354],[74.9312,13.03266],[74.93342,13.03523],[74.93396,13.0288],[74.93173,13.02254],[74.93677,13.01419],[74.9294,13.00869],[74.93297,13.00514],[74.94224,13.00633],[74.94714,13.01557],[74.95085,13.01798],[74.95719,13.01887],[74.95734,13.01642],[74.96502,13.01456],[74.96459,13.01689],[74.96941,13.01799],[74.97747,13.02811],[74.99912,13.01648],[74.99433,13.00755],[74.99577,13.00524],[74.9935,13.00407],[74.98849,13.00534],[74.98537,13.00287],[74.98626,12.99974],[74.98475,12.99724],[74.9919,12.98921],[75.00062,12.98968],[75.00318,12.98552],[75.01108,12.98435],[75.01233,12.97796],[75.00957,12.97046],[75.01211,12.95858],[75.00486,12.95452],[74.99954,12.95675],[74.99325,12.95638],[74.99052,12.95081],[74.98271,12.9508],[74.97688,12.95371],[74.97232,12.9527],[74.9615,12.94641],[74.9565,12.93986],[74.94817,12.93689],[74.94883,12.93429],[74.96354,12.91928],[74.96397,12.91549],[74.962,12.91257],[74.96638,12.91076],[74.96498,12.9028],[74.95452,12.89651],[74.95077,12.90427],[74.94768,12.903],[74.94666,12.89497],[74.93632,12.89412],[74.93558,12.89033],[74.93745,12.88914],[74.93391,12.88287],[74.93997,12.88101],[74.94389,12.88609],[74.95417,12.88834],[74.95161,12.88458],[74.95358,12.88145],[74.9514,12.87673],[74.95145,12.87544],[74.95292,12.87729],[74.956,12.87595],[74.95421,12.87462],[74.95488,12.86999],[74.94897,12.87102],[74.94341,12.86679],[74.93257,12.86277],[74.91384,12.86176],[74.90246,12.85826],[74.88932,12.84513],[74.87461,12.83937],[74.87309,12.83304],[74.86952,12.83139],[74.85944,12.8287],[74.8542,12.83001],[74.85364,12.83511],[74.83293,12.83896],[74.83341,12.83212],[74.83065,12.8404],[74.82472,12.84697],[74.81767,12.885],[74.81313,12.89337],[74.78481,13.03363],[74.79046,13.02954],[74.80111,13.03631],[74.80105,13.0408],[74.80498,13.04161],[74.81075,13.03951],[74.81018,13.03318],[74.81526,13.02445],[74.81853,13.02729],[74.81875,13.02421],[74.82575,13.02416],[74.82762,13.03229],[74.83288,13.03293],[74.83131,13.03532],[74.83304,13.03715],[74.83503,13.03704],[74.83689,13.03232],[74.84172,13.02816],[74.84239,13.03036],[74.84433,13.02995],[74.8425,13.03268],[74.84424,13.03804],[74.84879,13.03554],[74.85282,13.03989],[74.85778,13.03417],[74.86147,13.03456],[74.86441,13.03757],[74.86655,13.03659],[74.86854,13.04318],[74.87443,13.0423],[74.87591,13.04742],[74.88449,13.04758]]]},"properties":{"taluk":"Mangaluru","district":"Dakshina Kannada","region_id":"subdistrict_5561","level":"taluk"}},{"type":"Feature","geometry":{"type":"Polygon","coordinates":[[[74.89157,13.06544],[74.88734,13.07226],[74.89174,13.08133],[74.89193,13.08763],[74.89138,13.09295],[74.88756,13.09871],[74.89258,13.10301],[74.90082,13.1043],[74.90246,13.10775],[74.91162,13.10845],[74.91144,13.1102],[74.908,13.11131],[74.9131,13.11362],[74.91379,13.11572],[74.91325,13.1195],[74.90736,13.1215],[74.90895,13.129],[74.91454,13.13165],[74.91902,13.1381],[74.93254,13.14698],[74.93491,13.14511],[74.93447,13.14245],[74.93639,13.14276],[74.93572,13.1414],[74.94015,13.14377],[74.94249,13.14147],[74.94328,13.13959],[74.94127,13.14018],[74.94246,13.13818],[74.94099,13.13555],[74.94344,13.13443],[74.93919,13.13142],[74.94061,13.13178],[74.94958,13.12029],[74.94839,13.12002],[74.9523,13.11807],[74.95505,13.12057],[74.95889,13.11957],[74.96008,13.12266],[74.97501,13.12755],[74.98684,13.14863],[74.99137,13.15032],[74.99449,13.15429],[75.00207,13.14837],[75.00269,13.14559],[75.0167,13.13689],[75.01602,13.13187],[75.02586,13.1379],[75.02797,13.13708],[75.03249,13.13944],[75.03593,13.14321],[75.05003,13.13551],[75.06655,13.1397],[75.06406,13.14668],[75.07348,13.14905],[75.07893,13.1464],[75.08107,13.15841],[75.09344,13.15976],[75.09383,13.16166],[75.09633,13.16195],[75.10022,13.1599],[75.10027,13.15326],[75.10407,13.15382],[75.10321,13.15098],[75.10594,13.14743],[75.10568,13.14886],[75.11422,13.15039],[75.11154,13.14761],[75.12066,13.13822],[75.11996,13.13399],[75.12689,13.13065],[75.12603,13.11754],[75.12219,13.11859],[75.12239,13.11228],[75.12047,13.11317],[75.12006,13.11048],[75.11641,13.1096],[75.11183,13.10194],[75.10875,13.10135],[75.10839,13.09824],[75.10341,13.09584],[75.09667,13.08827],[75.09974,13.08345],[75.09365,13.07742],[75.09056,13.07753],[75.0892,13.06586],[75.08355,13.06302],[75.07876,13.05216],[75.07991,13.04874],[75.07783,13.04542],[75.07232,13.04621],[75.06599,13.04436],[75.06763,13.04145],[75.06704,13.0342],[75.05599,13.03022],[75.04692,13.01808],[75.03236,13.01409],[75.02801,12.99982],[75.02415,12.99716],[75.01708,12.99621],[75.01464,12.98854],[75.01108,12.98435],[75.00318,12.98552],[75.00062,12.98968],[74.9919,12.98921],[74.98738,12.99269],[74.98787,12.99508],[74.98475,12.99724],[74.98626,12.99974],[74.98537,13.00287],[74.98849,13.00534],[74.99571,13.00515],[74.99433,13.00755],[74.99912,13.01648],[74.97747,13.02811],[74.96941,13.01799],[74.96459,13.01689],[74.96502,13.01456],[74.95734,13.01642],[74.95719,13.01887],[74.95085,13.01798],[74.94714,13.01557],[74.94224,13.00633],[74.93297,13.00514],[74.9294,13.00869],[74.93677,13.01419],[74.93173,13.02254],[74.93396,13.0288],[74.93347,13.03517],[74.9312,13.03266],[74.9302,13.0354],[74.92626,13.03432],[74.92358,13.03779],[74.91799,13.03529],[74.91849,13.03854],[74.91626,13.03635],[74.90792,13.03794],[74.90699,13.03406],[74.90894,13.02588],[74.89601,13.03223],[74.8971,13.03879],[74.88738,13.04432],[74.88776,13.04597],[74.88449,13.04758],[74.88338,13.05363],[74.8837,13.05612],[74.89019,13.06055],[74.89157,13.06544]]]},"properties":{"taluk":"Moodubidire","district":"Dakshina Kannada","region_id":"subdistrict_7102","level":"taluk"}},{"type":"Feature","geometry":{"type":"Polygon","coordinates":[[[74.79157,13.09647],[74.79721,13.10106],[74.79859,13.10807],[74.7964,13.11091],[74.79441,13.10875],[74.79133,13.11254],[74.79218,13.11747],[74.79571,13.1182],[74.80249,13.11417],[74.80641,13.11595],[74.80983,13.11335],[74.81223,13.11532],[74.81437,13.12252],[74.82245,13.1238],[74.82685,13.12958],[74.83378,13.12986],[74.83368,13.12812],[74.83792,13.12911],[74.84239,13.12727],[74.84439,13.12946],[74.84697,13.12927],[74.84988,13.12615],[74.86225,13.12635],[74.86358,13.12211],[74.86823,13.12106],[74.87068,13.11293],[74.87315,13.11084],[74.87428,13.09874],[74.87867,13.09457],[74.8876,13.09856],[74.89138,13.09295],[74.89174,13.08133],[74.88734,13.07226],[74.88892,13.06773],[74.89181,13.06637],[74.89019,13.06055],[74.8837,13.05612],[74.88449,13.04758],[74.87591,13.04742],[74.87443,13.0423],[74.86854,13.04318],[74.86655,13.03659],[74.86441,13.03757],[74.86147,13.03456],[74.85778,13.03417],[74.85282,13.03989],[74.84879,13.03554],[74.84424,13.03804],[74.8425,13.03268],[74.84433,13.02995],[74.84239,13.03036],[74.84172,13.02816],[74.83689,13.03232],[74.83503,13.03704],[74.83304,13.03715],[74.83131,13.03532],[74.83288,13.03293],[74.82762,13.03229],[74.82637,13.02426],[74.81875,13.02421],[74.81853,13.02729],[74.81526,13.02445],[74.81018,13.03318],[74.81075,13.03951],[74.80498,13.04161],[74.80105,13.0408],[74.80111,13.03631],[74.79653,13.03481],[74.79475,13.03157],[74.7882,13.02978],[74.78407,13.03356],[74.77844,13.0602],[74.77696,13.07127],[74.77955,13.07148],[74.77675,13.0819],[74.78082,13.09092],[74.77744,13.10236],[74.78178,13.10456],[74.7847,13.10033],[74.79157,13.09647]]]},"properties":{"taluk":"Mulki","district":"Dakshina Kannada","region_id":"subdistrict_7198","level":"taluk"}},{"type":"Feature","geometry":{"type":"Polygon","coordinates":[[[75.27999,12.61647],[75.27572,12.61823],[75.26673,12.61291],[75.26517,12.61108],[75.2666,12.607],[75.26406,12.60506],[75.2626,12.59849],[75.25633,12.59598],[75.24991,12.58424],[75.24147,12.57954],[75.23922,12.58063],[75.23684,12.57604],[75.23803,12.56911],[75.2269,12.56853],[75.22371,12.57026],[75.21991,12.56883],[75.22031,12.57153],[75.21724,12.57401],[75.21736,12.57607],[75.21289,12.57766],[75.20926,12.59156],[75.20113,12.5875],[75.20227,12.59395],[75.21061,12.59697],[75.20804,12.60647],[75.20016,12.61013],[75.19774,12.61407],[75.20153,12.6201],[75.20134,12.63036],[75.19536,12.63336],[75.19122,12.63313],[75.19073,12.63516],[75.18577,12.63224],[75.18163,12.63268],[75.16983,12.62248],[75.16424,12.62424],[75.16083,12.62236],[75.1534,12.62526],[75.14508,12.63886],[75.14265,12.63834],[75.13816,12.64365],[75.15015,12.64956],[75.15257,12.65691],[75.15722,12.66283],[75.16141,12.67169],[75.15034,12.67274],[75.14843,12.67503],[75.15224,12.68277],[75.16076,12.68101],[75.16071,12.68864],[75.16395,12.69547],[75.16816,12.69788],[75.167,12.70101],[75.17159,12.70364],[75.17131,12.71197],[75.17825,12.72416],[75.16293,12.73502],[75.1636,12.74128],[75.1545,12.75534],[75.15082,12.75735],[75.15199,12.7629],[75.14592,12.76939],[75.14572,12.77254],[75.1491,12.77635],[75.15548,12.77838],[75.15703,12.78126],[75.15477,12.7866],[75.15085,12.78653],[75.14644,12.78934],[75.14667,12.79424],[75.1505,12.79454],[75.15165,12.80073],[75.15593,12.80297],[75.16254,12.79991],[75.16432,12.80176],[75.16833,12.79956],[75.17405,12.80128],[75.17791,12.81018],[75.18727,12.81115],[75.19889,12.80713],[75.20451,12.81461],[75.20272,12.82063],[75.21514,12.82403],[75.21589,12.83086],[75.22138,12.83941],[75.22915,12.83758],[75.24987,12.84132],[75.26492,12.83698],[75.27244,12.84259],[75.29133,12.84272],[75.30258,12.84985],[75.31008,12.84984],[75.32741,12.8586],[75.33071,12.84486],[75.33977,12.83638],[75.33931,12.83306],[75.34118,12.83365],[75.34331,12.81367],[75.33074,12.80971],[75.3285,12.81845],[75.32219,12.82111],[75.31607,12.82055],[75.30924,12.81647],[75.29945,12.81781],[75.29812,12.81466],[75.30157,12.81131],[75.29467,12.81096],[75.29361,12.80498],[75.28529,12.80287],[75.27908,12.79869],[75.28026,12.79421],[75.2719,12.78846],[75.26916,12.78293],[75.27259,12.77887],[75.27702,12.77767],[75.28699,12.78421],[75.29089,12.78331],[75.2942,12.77327],[75.29321,12.76968],[75.29877,12.76319],[75.29794,12.7523],[75.29396,12.75248],[75.29344,12.75051],[75.29393,12.74671],[75.2981,12.74491],[75.29658,12.74259],[75.29838,12.7409],[75.29883,12.73256],[75.29549,12.72622],[75.29732,12.72076],[75.29909,12.72032],[75.298,12.71557],[75.30053,12.70798],[75.30569,12.70361],[75.30723,12.69964],[75.31048,12.7002],[75.3145,12.69683],[75.31939,12.69617],[75.32416,12.68977],[75.3206,12.68578],[75.31274,12.68619],[75.31079,12.68126],[75.30484,12.68113],[75.30655,12.67346],[75.3092,12.67188],[75.30749,12.66559],[75.31757,12.66329],[75.32329,12.66502],[75.32687,12.67038],[75.32428,12.68373],[75.3278,12.68769],[75.34925,12.66726],[75.34564,12.6689],[75.34556,12.66639],[75.34123,12.66309],[75.34328,12.65756],[75.35123,12.65243],[75.34384,12.64328],[75.34134,12.63715],[75.35296,12.61814],[75.3531,12.61304],[75.32629,12.62114],[75.32276,12.61862],[75.29907,12.62604],[75.2943,12.6204],[75.27999,12.61647]]]},"properties":{"taluk":"Puttur","district":"Dakshina Kannada","region_id":"subdistrict_5564","level":"taluk"}},{"type":"Feature","geometry":{"type":"Polygon","coordinates":[[[75.28221,12.61581],[75.28946,12.62004],[75.2943,12.6204],[75.29907,12.62604],[75.32276,12.61862],[75.32629,12.62114],[75.3531,12.61304],[75.35296,12.61814],[75.34134,12.63715],[75.34384,12.64328],[75.35123,12.65243],[75.34328,12.65756],[75.34123,12.66309],[75.34556,12.66639],[75.34564,12.6689],[75.34925,12.66726],[75.33422,12.68102],[75.33297,12.6871],[75.33898,12.68991],[75.33561,12.69263],[75.33261,12.69001],[75.33358,12.69351],[75.33171,12.70191],[75.33404,12.70881],[75.3376,12.7116],[75.33691,12.71666],[75.34095,12.71643],[75.34243,12.71907],[75.34761,12.7194],[75.34974,12.71452],[75.34653,12.70939],[75.34835,12.70759],[75.35186,12.70972],[75.35688,12.70454],[75.3607,12.70466],[75.36018,12.70729],[75.36644,12.71112],[75.36875,12.70945],[75.37072,12.71223],[75.3808,12.70049],[75.38476,12.69853],[75.38474,12.69521],[75.38247,12.69552],[75.38243,12.69479],[75.38689,12.6926],[75.39644,12.69933],[75.39688,12.70248],[75.40054,12.70055],[75.40304,12.70194],[75.40169,12.70669],[75.40432,12.71085],[75.403,12.71457],[75.41121,12.71424],[75.41008,12.71008],[75.41744,12.70656],[75.41817,12.69968],[75.41502,12.69584],[75.41504,12.69061],[75.41681,12.68875],[75.41914,12.69045],[75.41894,12.68564],[75.42273,12.67849],[75.43122,12.6773],[75.43955,12.67128],[75.44277,12.67216],[75.44157,12.67742],[75.44302,12.68035],[75.45223,12.67847],[75.45404,12.6796],[75.45245,12.68297],[75.45429,12.68382],[75.45167,12.685],[75.45646,12.68794],[75.45459,12.68984],[75.45639,12.6908],[75.45672,12.69694],[75.46025,12.68907],[75.46285,12.6921],[75.46087,12.69453],[75.46313,12.69833],[75.46543,12.69835],[75.46682,12.69341],[75.4701,12.69446],[75.47115,12.69302],[75.47361,12.69409],[75.47424,12.70213],[75.47955,12.70036],[75.48205,12.70413],[75.48392,12.70306],[75.48949,12.6786],[75.49546,12.67858],[75.4932,12.67521],[75.49504,12.67181],[75.50275,12.67437],[75.50462,12.67352],[75.50565,12.66905],[75.50889,12.66888],[75.50778,12.67156],[75.51132,12.67622],[75.51286,12.67469],[75.51483,12.67555],[75.51651,12.67244],[75.52464,12.6676],[75.53053,12.66668],[75.53123,12.65986],[75.53398,12.65695],[75.53289,12.65205],[75.54493,12.6458],[75.54641,12.6423],[75.55937,12.65235],[75.56373,12.66107],[75.56253,12.66409],[75.56402,12.66661],[75.56168,12.66778],[75.56403,12.67189],[75.56782,12.66937],[75.56921,12.66044],[75.57288,12.65885],[75.57231,12.65603],[75.57461,12.65311],[75.57062,12.65103],[75.56961,12.64737],[75.57291,12.64451],[75.5735,12.64818],[75.57714,12.6464],[75.57917,12.65028],[75.58146,12.65032],[75.58353,12.64339],[75.58882,12.63931],[75.58877,12.63486],[75.59287,12.63253],[75.59871,12.63317],[75.59657,12.6284],[75.60144,12.62611],[75.60455,12.6203],[75.61756,12.62012],[75.61788,12.61729],[75.61962,12.61682],[75.62094,12.62326],[75.62633,12.63326],[75.63075,12.6302],[75.63636,12.63383],[75.64144,12.63163],[75.6423,12.6274],[75.65249,12.622],[75.65435,12.61483],[75.65245,12.61162],[75.65622,12.60331],[75.66095,12.59925],[75.66027,12.59423],[75.66365,12.58515],[75.66066,12.58023],[75.66323,12.57546],[75.66543,12.57605],[75.66752,12.57413],[75.66764,12.57218],[75.66312,12.56986],[75.66848,12.56546],[75.67058,12.55026],[75.65347,12.53972],[75.64146,12.5375],[75.63627,12.52898],[75.63355,12.52766],[75.63246,12.52096],[75.6283,12.51898],[75.62766,12.52166],[75.6234,12.51512],[75.61551,12.50935],[75.60582,12.51059],[75.60573,12.51925],[75.59742,12.52478],[75.59503,12.53386],[75.59191,12.53632],[75.58283,12.52745],[75.5802,12.52263],[75.5807,12.51929],[75.57772,12.51879],[75.57015,12.51138],[75.5634,12.51046],[75.55309,12.49757],[75.56563,12.49214],[75.56596,12.48397],[75.55242,12.49169],[75.5492,12.49091],[75.53479,12.49443],[75.5303,12.49882],[75.52772,12.49713],[75.52509,12.48976],[75.51927,12.48823],[75.51808,12.48996],[75.5132,12.48967],[75.50641,12.48689],[75.50278,12.48795],[75.49453,12.48398],[75.49592,12.47938],[75.49146,12.4745],[75.49019,12.4715],[75.49199,12.46769],[75.48906,12.46516],[75.49285,12.46242],[75.49161,12.46036],[75.48493,12.46157],[75.48044,12.46546],[75.48137,12.46802],[75.48008,12.4683],[75.4741,12.4612],[75.47266,12.46539],[75.45965,12.4739],[75.45906,12.47839],[75.46173,12.47971],[75.46163,12.48521],[75.46363,12.48654],[75.46179,12.48921],[75.46896,12.49309],[75.47261,12.50055],[75.46228,12.50492],[75.4582,12.51627],[75.45609,12.51658],[75.45542,12.51372],[75.45233,12.51506],[75.45011,12.51951],[75.44584,12.51803],[75.44616,12.5207],[75.44212,12.5219],[75.44107,12.52681],[75.43653,12.52891],[75.43043,12.51968],[75.43357,12.51648],[75.4305,12.51404],[75.42495,12.51596],[75.42135,12.51363],[75.41813,12.51455],[75.41783,12.51024],[75.42015,12.50964],[75.41509,12.50467],[75.41553,12.50195],[75.41204,12.50301],[75.40266,12.49942],[75.39872,12.50234],[75.39918,12.50385],[75.39187,12.50108],[75.3827,12.50285],[75.37903,12.4965],[75.37008,12.49255],[75.36921,12.48788],[75.37176,12.48714],[75.37441,12.48102],[75.37053,12.47466],[75.36832,12.47577],[75.36126,12.4654],[75.33578,12.46405],[75.34203,12.47054],[75.33848,12.47215],[75.33599,12.47676],[75.33741,12.49452],[75.33267,12.49921],[75.32338,12.49657],[75.31473,12.49683],[75.31208,12.50305],[75.30728,12.50222],[75.30403,12.50412],[75.30518,12.50775],[75.30322,12.51416],[75.3035,12.52328],[75.28998,12.52336],[75.28588,12.527],[75.2801,12.52567],[75.27309,12.53742],[75.2768,12.54158],[75.26972,12.54662],[75.27252,12.55223],[75.26895,12.56346],[75.27134,12.57119],[75.27996,12.57361],[75.28379,12.57102],[75.28885,12.58343],[75.30238,12.58121],[75.31554,12.57367],[75.31699,12.57757],[75.3261,12.58132],[75.32784,12.59113],[75.3268,12.59251],[75.31208,12.58984],[75.30189,12.60549],[75.29895,12.60582],[75.29148,12.60209],[75.28937,12.60971],[75.28221,12.61581]],[[75.50164,12.6694],[75.50356,12.66907],[75.50363,12.67175],[75.50276,12.67217],[75.50164,12.6694]]]},"properties":{"taluk":"Sulya","district":"Dakshina Kannada","region_id":"subdistrict_5565","level":"taluk"}},{"type":"Feature","geometry":{"type":"Polygon","coordinates":[[[74.98976,12.8613],[74.99663,12.86288],[74.99788,12.86013],[75.00021,12.86003],[75.00165,12.85441],[75.00404,12.85405],[75.00273,12.8495],[75.0054,12.84444],[75.00489,12.84094],[75.01195,12.84067],[75.00811,12.82924],[75.01371,12.82847],[75.01612,12.83024],[75.01545,12.81975],[75.01096,12.81733],[75.00888,12.80613],[75.0039,12.8048],[74.99947,12.79349],[74.99934,12.79053],[75.00249,12.7882],[74.99824,12.78661],[74.99931,12.78857],[74.99463,12.79055],[74.99123,12.79587],[74.98874,12.79591],[74.98753,12.7939],[74.98606,12.79607],[74.98606,12.79271],[74.98866,12.79283],[74.9924,12.78795],[74.98635,12.78229],[74.98323,12.78292],[74.98254,12.77997],[74.96655,12.7766],[74.96731,12.7796],[74.96443,12.78231],[74.9632,12.77923],[74.96028,12.77854],[74.95865,12.78494],[74.95054,12.78452],[74.94174,12.7802],[74.92545,12.77746],[74.91627,12.7712],[74.91124,12.77078],[74.89905,12.76244],[74.89313,12.76234],[74.88313,12.75398],[74.88021,12.75538],[74.87497,12.75447],[74.87218,12.76127],[74.86494,12.75932],[74.85404,12.78495],[74.84566,12.79748],[74.83681,12.82387],[74.83257,12.83123],[74.83293,12.83896],[74.85364,12.83511],[74.8542,12.83001],[74.86097,12.8289],[74.87309,12.83304],[74.87461,12.83937],[74.88932,12.84513],[74.90246,12.85826],[74.91384,12.86176],[74.93257,12.86277],[74.94341,12.86679],[74.94897,12.87102],[74.95698,12.87018],[74.96483,12.8553],[74.97003,12.85655],[74.97866,12.86403],[74.98976,12.8613]]]},"properties":{"taluk":"Ullala","district":"Dakshina Kannada","region_id":"subdistrict_7197","level":"taluk"}},{"type":"Feature","geometry":{"type":"Polygon","coordinates":[[[75.90209,13.8126],[75.89415,13.81107],[75.89327,13.80704],[75.88629,13.80921],[75.87675,13.80919],[75.86568,13.85588],[75.86477,13.87255],[75.86969,13.90366],[75.86361,13.90636],[75.83273,13.96677],[75.83092,13.9748],[75.83199,13.98955],[75.82459,14.00626],[75.82465,14.01794],[75.80871,14.024],[75.80306,14.0231],[75.79899,14.03345],[75.80205,14.04284],[75.81303,14.04755],[75.82098,14.06362],[75.82016,14.07034],[75.82272,14.07399],[75.81352,14.09506],[75.81284,14.10376],[75.81495,14.10526],[75.8046,14.10975],[75.80048,14.13722],[75.79759,14.14288],[75.77809,14.16035],[75.76925,14.16598],[75.75964,14.16978],[75.75594,14.16839],[75.75149,14.1717],[75.73427,14.19284],[75.73624,14.20634],[75.75419,14.20441],[75.75508,14.21293],[75.75009,14.22087],[75.75048,14.23123],[75.7608,14.23972],[75.78043,14.24214],[75.79272,14.24705],[75.8095,14.24912],[75.80947,14.25929],[75.81248,14.26877],[75.81111,14.28316],[75.81403,14.30132],[75.82627,14.30119],[75.82861,14.2988],[75.84235,14.30018],[75.84387,14.3027],[75.84121,14.30695],[75.84589,14.30988],[75.8491,14.31711],[75.84654,14.3194],[75.84639,14.32372],[75.86965,14.3252],[75.87804,14.31997],[75.87505,14.28544],[75.87928,14.2749],[75.88922,14.27052],[75.8954,14.27358],[75.90634,14.27354],[75.91402,14.25601],[75.91894,14.25154],[75.92971,14.25069],[75.93431,14.24709],[75.93541,14.24283],[75.9426,14.24228],[75.94613,14.24617],[75.95885,14.23833],[75.96072,14.23502],[75.96455,14.23502],[75.9745,14.23963],[75.98203,14.25851],[75.99089,14.26017],[75.99386,14.25867],[76.00887,14.25922],[76.00948,14.2541],[76.01117,14.25402],[76.01375,14.248],[76.01744,14.24925],[76.01991,14.24535],[76.03072,14.24602],[76.03052,14.24436],[76.03753,14.24345],[76.0405,14.23993],[76.05373,14.24132],[76.05428,14.22482],[76.06094,14.2225],[76.06417,14.21622],[76.06593,14.20638],[76.06427,14.20667],[76.06317,14.20375],[76.05801,14.20265],[76.05638,14.19543],[76.05732,14.18126],[76.06625,14.18149],[76.06572,14.1706],[76.06424,14.17143],[76.06345,14.16903],[76.06384,14.15996],[76.04569,14.15544],[76.0466,14.14522],[76.04024,14.14334],[76.03569,14.13557],[76.03266,14.13443],[76.03317,14.12023],[76.02792,14.11972],[76.02506,14.11309],[76.02543,14.10026],[76.03494,14.09985],[76.03269,14.09553],[76.03398,14.09081],[76.03693,14.09057],[76.04771,14.09721],[76.05227,14.09401],[76.05485,14.08924],[76.05358,14.08179],[76.0557,14.07261],[76.05409,14.06167],[76.05176,14.06053],[76.0498,14.05486],[76.04852,14.04489],[76.04831,14.03803],[76.05116,14.03779],[76.05112,14.03001],[76.04804,14.01263],[76.04592,14.01316],[76.04303,13.99029],[76.04724,13.98252],[76.0498,13.9835],[76.05112,13.97882],[76.07238,13.98214],[76.06919,13.96757],[76.0689,13.94789],[76.06597,13.94136],[76.04661,13.94074],[76.04482,13.94202],[76.03242,13.92178],[76.02926,13.9204],[76.02852,13.89878],[76.0347,13.89752],[76.03317,13.88142],[76.02995,13.87498],[76.02736,13.87498],[76.02753,13.87188],[76.03128,13.86859],[76.03043,13.86743],[76.02645,13.86804],[76.02089,13.86225],[76.01716,13.86478],[76.016,13.8706],[76.01007,13.86517],[76.00601,13.86688],[75.9939,13.85036],[75.9884,13.84782],[75.97711,13.84878],[75.97507,13.85261],[75.96923,13.85348],[75.96907,13.85499],[75.96383,13.84558],[75.95846,13.84297],[75.95838,13.84028],[75.9558,13.83999],[75.94784,13.83069],[75.95035,13.82488],[75.94947,13.82008],[75.95303,13.81795],[75.95223,13.81587],[75.94716,13.81715],[75.94621,13.81395],[75.94,13.81269],[75.92655,13.81367],[75.91938,13.80736],[75.90722,13.80679],[75.90196,13.80907],[75.90209,13.8126]]]},"properties":{"taluk":"Channagiri","district":"Davanagere","region_id":"subdistrict_5514","level":"taluk"}},{"type":"Feature","geometry":{"type":"Polygon","coordinates":[[[75.88112,14.41343],[75.88112,14.42092],[75.88417,14.42445],[75.88182,14.4255],[75.88369,14.42972],[75.88783,14.42848],[75.88221,14.43216],[75.8822,14.43432],[75.87663,14.43783],[75.86511,14.43508],[75.8435,14.44823],[75.83449,14.4593],[75.82133,14.46227],[75.81527,14.47301],[75.81596,14.48797],[75.82994,14.48751],[75.83174,14.50068],[75.84218,14.49855],[75.85409,14.49952],[75.87729,14.49774],[75.86603,14.50647],[75.86252,14.51404],[75.85513,14.51587],[75.84154,14.5158],[75.83855,14.51836],[75.83488,14.53737],[75.85626,14.54183],[75.85979,14.54298],[75.86001,14.54504],[75.8691,14.54602],[75.89113,14.542],[75.89095,14.55061],[75.89699,14.55541],[75.90173,14.55744],[75.91006,14.55617],[75.91024,14.56292],[75.92067,14.56424],[75.92463,14.5619],[75.93933,14.56043],[75.94209,14.55178],[75.94186,14.54203],[75.94457,14.5407],[75.94473,14.53255],[75.94786,14.52749],[75.94685,14.52377],[75.95448,14.52141],[76.00611,14.51762],[76.02768,14.52438],[76.02961,14.52138],[76.03708,14.52119],[76.03797,14.51912],[76.04889,14.51447],[76.05115,14.51276],[76.05273,14.50545],[76.06694,14.51119],[76.08832,14.51518],[76.08827,14.51814],[76.09717,14.52357],[76.13054,14.52696],[76.13005,14.52126],[76.12787,14.52074],[76.13002,14.51547],[76.13855,14.50872],[76.13479,14.48532],[76.12721,14.48111],[76.1283,14.4705],[76.12157,14.4619],[76.12376,14.443],[76.12959,14.43048],[76.13671,14.42609],[76.14024,14.42115],[76.14263,14.41144],[76.14862,14.40796],[76.15349,14.397],[76.15541,14.37742],[76.15068,14.37632],[76.15101,14.3666],[76.15562,14.35837],[76.15512,14.34974],[76.15893,14.32952],[76.15722,14.32107],[76.15373,14.31822],[76.1468,14.32126],[76.11673,14.32357],[76.10971,14.31737],[76.10594,14.30891],[76.1097,14.30187],[76.11518,14.30103],[76.12147,14.28954],[76.11684,14.27718],[76.12515,14.28242],[76.13004,14.28168],[76.13038,14.26883],[76.13489,14.26182],[76.13457,14.25608],[76.11799,14.25149],[76.07983,14.2471],[76.07251,14.22656],[76.06102,14.22236],[76.05428,14.22482],[76.05373,14.24132],[76.0405,14.23993],[76.03753,14.24345],[76.03052,14.24436],[76.03072,14.24602],[76.01991,14.24535],[76.01744,14.24925],[76.01375,14.248],[76.01117,14.25402],[76.00948,14.2541],[76.00887,14.25922],[75.99386,14.25867],[75.99089,14.26017],[75.98203,14.25851],[75.9745,14.23963],[75.96766,14.2356],[75.96109,14.23496],[75.95885,14.23833],[75.94613,14.24617],[75.9426,14.24228],[75.93541,14.24283],[75.93431,14.24709],[75.92971,14.25069],[75.91894,14.25154],[75.91402,14.25601],[75.90634,14.27354],[75.8954,14.27358],[75.88922,14.27052],[75.88367,14.27183],[75.87928,14.2749],[75.87505,14.28544],[75.87804,14.31997],[75.86965,14.3252],[75.84393,14.32301],[75.84477,14.32929],[75.8418,14.33176],[75.83863,14.33056],[75.83739,14.33314],[75.83981,14.3333],[75.83982,14.3366],[75.83337,14.33788],[75.83261,14.34285],[75.82899,14.34515],[75.82987,14.35149],[75.83476,14.3534],[75.83464,14.35875],[75.83035,14.3638],[75.83112,14.3658],[75.8288,14.36355],[75.82561,14.36817],[75.82975,14.37242],[75.82608,14.37652],[75.83145,14.38355],[75.82775,14.39082],[75.8359,14.38651],[75.84305,14.38793],[75.84665,14.40419],[75.8467,14.4161],[75.86687,14.41989],[75.86791,14.41747],[75.88112,14.41343]]]},"properties":{"taluk":"Davanagere","district":"Davanagere","region_id":"subdistrict_5512","level":"taluk"}},{"type":"Feature","geometry":{"type":"Polygon","coordinates":[[[75.86611,14.61615],[75.86834,14.59373],[75.88467,14.5897],[75.89436,14.57903],[75.90643,14.5733],[75.90879,14.57422],[75.91104,14.5712],[75.91009,14.55624],[75.90173,14.55744],[75.89699,14.55541],[75.89095,14.55061],[75.89113,14.542],[75.8691,14.54602],[75.86001,14.54504],[75.85979,14.54298],[75.85626,14.54183],[75.83488,14.53737],[75.83855,14.51836],[75.84154,14.5158],[75.85513,14.51587],[75.86252,14.51404],[75.86603,14.50647],[75.87729,14.49774],[75.85409,14.49952],[75.84218,14.49855],[75.83174,14.50068],[75.82994,14.48751],[75.81596,14.48797],[75.81527,14.47301],[75.82133,14.46227],[75.83449,14.4593],[75.8435,14.44823],[75.86511,14.43508],[75.87678,14.43782],[75.88783,14.42848],[75.88369,14.42972],[75.88182,14.4255],[75.88417,14.42445],[75.88112,14.42092],[75.88137,14.41332],[75.86791,14.41747],[75.86687,14.41989],[75.8467,14.4161],[75.84665,14.40419],[75.84305,14.38793],[75.8359,14.38651],[75.82775,14.39082],[75.83145,14.38355],[75.82608,14.37652],[75.82975,14.37242],[75.82562,14.36775],[75.8288,14.36355],[75.83112,14.3658],[75.83035,14.3638],[75.83464,14.35875],[75.83476,14.3534],[75.82987,14.35149],[75.82901,14.34665],[75.83261,14.34285],[75.8328,14.33667],[75.82352,14.33617],[75.8135,14.34312],[75.81113,14.34186],[75.80416,14.34352],[75.79498,14.35211],[75.79322,14.33625],[75.79121,14.33249],[75.79169,14.32301],[75.77492,14.32502],[75.77489,14.32265],[75.76924,14.31933],[75.76784,14.31341],[75.75905,14.3127],[75.75507,14.2995],[75.75088,14.29786],[75.75129,14.29662],[75.73154,14.29519],[75.72387,14.29251],[75.73156,14.30388],[75.73054,14.30727],[75.71891,14.30496],[75.70126,14.33151],[75.69587,14.34415],[75.69279,14.34663],[75.6661,14.35446],[75.64948,14.36225],[75.62418,14.36035],[75.63634,14.39376],[75.64399,14.43118],[75.63423,14.43291],[75.6375,14.44172],[75.63067,14.44593],[75.63661,14.46652],[75.65363,14.46352],[75.65829,14.45941],[75.66109,14.46047],[75.65973,14.45523],[75.66207,14.45152],[75.67401,14.46543],[75.68682,14.49129],[75.69952,14.49273],[75.70171,14.4911],[75.70852,14.47511],[75.71476,14.47292],[75.72289,14.47757],[75.73507,14.49498],[75.75064,14.51068],[75.75776,14.51481],[75.77276,14.51846],[75.78309,14.51576],[75.79291,14.51044],[75.79918,14.51237],[75.79735,14.53147],[75.79994,14.54267],[75.8127,14.55501],[75.81963,14.56566],[75.81881,14.57215],[75.80445,14.59899],[75.80587,14.61169],[75.80942,14.61898],[75.80668,14.6196],[75.80768,14.63595],[75.81589,14.63674],[75.82307,14.63177],[75.83444,14.63594],[75.83711,14.63012],[75.83033,14.6154],[75.83219,14.60728],[75.83813,14.6083],[75.84173,14.60458],[75.84783,14.60865],[75.85476,14.60722],[75.8581,14.60825],[75.85992,14.6139],[75.86351,14.61366],[75.86611,14.61615]]]},"properties":{"taluk":"Harihar","district":"Davanagere","region_id":"subdistrict_5509","level":"taluk"}},{"type":"Feature","geometry":{"type":"Polygon","coordinates":[[[75.53027,14.22916],[75.52716,14.24433],[75.53067,14.27659],[75.54004,14.27741],[75.54925,14.27378],[75.55705,14.27404],[75.56097,14.27747],[75.57449,14.27636],[75.58319,14.27815],[75.58741,14.28881],[75.58993,14.28621],[75.6035,14.29307],[75.61094,14.31583],[75.63446,14.31483],[75.63477,14.32305],[75.63323,14.32651],[75.62807,14.32902],[75.62281,14.34328],[75.62397,14.35966],[75.62781,14.36179],[75.64295,14.36074],[75.64635,14.36283],[75.65337,14.36146],[75.6661,14.35446],[75.69279,14.34663],[75.69587,14.34415],[75.70126,14.33151],[75.71891,14.30496],[75.73054,14.30727],[75.73156,14.30388],[75.72387,14.29251],[75.73154,14.29519],[75.75129,14.29662],[75.75088,14.29786],[75.75507,14.2995],[75.75905,14.3127],[75.76784,14.31341],[75.76924,14.31933],[75.77489,14.32265],[75.77492,14.32502],[75.79169,14.32301],[75.79121,14.33249],[75.79322,14.33625],[75.79498,14.35211],[75.80398,14.3436],[75.81113,14.34186],[75.8135,14.34312],[75.82352,14.33617],[75.8328,14.33667],[75.83314,14.33811],[75.83982,14.3366],[75.83981,14.3333],[75.83739,14.33314],[75.83846,14.33081],[75.8418,14.33176],[75.84477,14.32929],[75.84393,14.32301],[75.8491,14.31711],[75.84589,14.30988],[75.84121,14.30695],[75.84387,14.3027],[75.84235,14.30018],[75.82861,14.2988],[75.82627,14.30119],[75.81403,14.30132],[75.81111,14.28316],[75.81248,14.26877],[75.80947,14.25929],[75.8095,14.24912],[75.79272,14.24705],[75.78043,14.24214],[75.7608,14.23972],[75.75048,14.23123],[75.75009,14.22087],[75.75508,14.21293],[75.75419,14.20441],[75.73624,14.20634],[75.73427,14.19284],[75.75149,14.1717],[75.75594,14.16839],[75.75964,14.16978],[75.76645,14.16726],[75.77809,14.16035],[75.79969,14.13963],[75.8046,14.10975],[75.81495,14.10526],[75.80405,14.09981],[75.76812,14.10146],[75.76793,14.10928],[75.75708,14.11051],[75.75498,14.10898],[75.75287,14.102],[75.73856,14.10147],[75.73815,14.08707],[75.72103,14.08339],[75.71156,14.09043],[75.7032,14.10378],[75.68697,14.10814],[75.68771,14.11456],[75.69322,14.12249],[75.6968,14.12443],[75.70653,14.12474],[75.71262,14.12791],[75.71933,14.14689],[75.71768,14.149],[75.70785,14.14815],[75.69417,14.14121],[75.68536,14.14428],[75.67703,14.16363],[75.67676,14.16677],[75.68048,14.17358],[75.67958,14.17828],[75.65851,14.17662],[75.64729,14.1785],[75.64646,14.18196],[75.62774,14.18524],[75.62748,14.18844],[75.60869,14.19104],[75.60968,14.1973],[75.58515,14.18792],[75.57713,14.19417],[75.57486,14.19184],[75.57165,14.196],[75.56944,14.20591],[75.57157,14.21261],[75.56911,14.22186],[75.5647,14.22418],[75.5582,14.22076],[75.5493,14.22022],[75.53027,14.22916]]]},"properties":{"taluk":"Honnali","district":"Davanagere","region_id":"subdistrict_5513","level":"taluk"}},{"type":"Feature","geometry":{"type":"Polygon","coordinates":[[[76.17503,14.70299],[76.19359,14.69775],[76.19347,14.68144],[76.20507,14.67722],[76.22077,14.65768],[76.23047,14.64924],[76.23945,14.67903],[76.2499,14.69858],[76.25684,14.70099],[76.25766,14.69624],[76.27194,14.69575],[76.2734,14.68824],[76.27943,14.68505],[76.29037,14.68551],[76.30129,14.68991],[76.3119,14.68732],[76.31475,14.69205],[76.31924,14.69261],[76.33404,14.68822],[76.33786,14.68592],[76.34284,14.66572],[76.37372,14.66387],[76.37972,14.66199],[76.37554,14.65526],[76.37508,14.64632],[76.39018,14.64828],[76.39365,14.62677],[76.40122,14.62749],[76.4028,14.62376],[76.41702,14.6224],[76.42139,14.62472],[76.43294,14.61797],[76.4298,14.59359],[76.42756,14.58783],[76.42542,14.58806],[76.4237,14.58092],[76.44542,14.57967],[76.46174,14.5765],[76.46439,14.57385],[76.50533,14.56567],[76.51046,14.56033],[76.51641,14.54959],[76.5241,14.55272],[76.5278,14.54612],[76.53307,14.54327],[76.53388,14.54002],[76.52211,14.52423],[76.51366,14.52308],[76.50825,14.51627],[76.49395,14.5116],[76.48442,14.50491],[76.47231,14.50217],[76.46115,14.50485],[76.45516,14.46987],[76.45955,14.45747],[76.45991,14.45025],[76.43707,14.44728],[76.42392,14.44947],[76.42405,14.43811],[76.41465,14.43929],[76.40724,14.43593],[76.39564,14.43625],[76.39533,14.43033],[76.39287,14.43056],[76.3935,14.4279],[76.38379,14.4272],[76.38392,14.41925],[76.37757,14.41769],[76.36987,14.42009],[76.35398,14.41932],[76.34915,14.41639],[76.33789,14.41933],[76.33845,14.41498],[76.33131,14.40848],[76.2926,14.40865],[76.28187,14.4046],[76.27372,14.4089],[76.27057,14.42041],[76.26418,14.42483],[76.26401,14.43697],[76.26009,14.44446],[76.24829,14.44382],[76.23839,14.45046],[76.21881,14.44195],[76.20677,14.45708],[76.17459,14.46242],[76.17273,14.46011],[76.17371,14.44795],[76.16427,14.44584],[76.13671,14.42609],[76.12959,14.43048],[76.12972,14.43302],[76.12662,14.43544],[76.12376,14.443],[76.12157,14.4619],[76.1283,14.4705],[76.12721,14.48111],[76.13479,14.48532],[76.13846,14.50811],[76.13763,14.5108],[76.13382,14.51139],[76.13045,14.51472],[76.12787,14.52074],[76.13005,14.52126],[76.13074,14.52652],[76.12846,14.52852],[76.13048,14.53224],[76.12849,14.53554],[76.13361,14.54015],[76.13049,14.54344],[76.12932,14.54991],[76.12385,14.55953],[76.12017,14.56243],[76.11437,14.5619],[76.11526,14.56807],[76.12743,14.57562],[76.12899,14.58345],[76.13151,14.58554],[76.13129,14.59444],[76.14124,14.60204],[76.13941,14.60533],[76.14013,14.61428],[76.14609,14.6149],[76.14453,14.62465],[76.14127,14.62584],[76.14232,14.62803],[76.13116,14.6304],[76.12944,14.64938],[76.11878,14.65298],[76.11915,14.65646],[76.1127,14.65824],[76.11451,14.65926],[76.108,14.65986],[76.10859,14.67125],[76.11392,14.68302],[76.10948,14.68649],[76.11365,14.69002],[76.1146,14.69497],[76.12119,14.69986],[76.12731,14.70127],[76.12938,14.69944],[76.14041,14.70293],[76.1377,14.70024],[76.13948,14.69863],[76.13958,14.70063],[76.14545,14.70523],[76.1569,14.70426],[76.15731,14.70148],[76.1612,14.70083],[76.16095,14.70321],[76.1671,14.70079],[76.17503,14.70299]]]},"properties":{"taluk":"Jagalur","district":"Davanagere","region_id":"subdistrict_5511","level":"taluk"}},{"type":"Feature","geometry":{"type":"Polygon","coordinates":[[[75.61876,14.07698],[75.61076,14.05979],[75.60506,14.05741],[75.6015,14.05842],[75.59996,14.06129],[75.59084,14.06355],[75.58547,14.05835],[75.58034,14.06281],[75.56882,14.06726],[75.55399,14.07892],[75.54785,14.077],[75.54343,14.08033],[75.54055,14.07966],[75.53881,14.08264],[75.53984,14.08477],[75.53321,14.09076],[75.53138,14.09778],[75.52799,14.09329],[75.52495,14.09499],[75.52415,14.09369],[75.51086,14.10144],[75.50624,14.09884],[75.49083,14.0977],[75.48913,14.10356],[75.47701,14.09963],[75.46622,14.10477],[75.45537,14.09892],[75.43849,14.0985],[75.4399,14.10242],[75.43552,14.10558],[75.39673,14.11806],[75.40097,14.12755],[75.41653,14.14254],[75.42025,14.14126],[75.42292,14.15048],[75.43285,14.15388],[75.43781,14.16021],[75.46205,14.17258],[75.48384,14.17713],[75.46901,14.19386],[75.45329,14.20515],[75.4651,14.21009],[75.47356,14.21023],[75.47398,14.21369],[75.50728,14.21891],[75.5209,14.20296],[75.52699,14.20311],[75.52867,14.21499],[75.52653,14.22866],[75.53439,14.22782],[75.5493,14.22022],[75.5582,14.22076],[75.5647,14.22418],[75.56911,14.22186],[75.57099,14.21692],[75.56944,14.20591],[75.57165,14.196],[75.57486,14.19184],[75.57713,14.19417],[75.58515,14.18792],[75.60968,14.1973],[75.60869,14.19104],[75.62748,14.18844],[75.62774,14.18524],[75.64646,14.18196],[75.64729,14.1785],[75.65851,14.17662],[75.67958,14.17828],[75.68048,14.17358],[75.67676,14.16677],[75.67703,14.16363],[75.68536,14.14428],[75.69417,14.14121],[75.70785,14.14815],[75.71768,14.149],[75.71933,14.14689],[75.71262,14.12791],[75.70653,14.12474],[75.6968,14.12443],[75.69322,14.12249],[75.68771,14.11456],[75.68697,14.10814],[75.7032,14.10378],[75.71156,14.09043],[75.72748,14.07683],[75.72581,14.07564],[75.70891,14.07246],[75.69375,14.07195],[75.67392,14.06567],[75.65136,14.07111],[75.6444,14.0751],[75.64041,14.08],[75.63234,14.07915],[75.63055,14.07449],[75.61876,14.07698]]]},"properties":{"taluk":"Nyamathi","district":"Davanagere","region_id":"subdistrict_7076","level":"taluk"}},{"type":"Feature","geometry":{"type":"Polygon","coordinates":[[[74.76768,15.41082],[74.7668,15.4178],[74.7574,15.41105],[74.74837,15.41057],[74.7457,15.41263],[74.74092,15.41155],[74.74088,15.41925],[74.73811,15.42189],[74.73338,15.42262],[74.73044,15.42694],[74.72939,15.43123],[74.73166,15.43372],[74.72993,15.4357],[74.73644,15.44043],[74.73547,15.44417],[74.73916,15.44529],[74.74008,15.4479],[74.73832,15.44897],[74.74243,15.45179],[74.74339,15.46056],[74.74182,15.46177],[74.74391,15.46312],[74.74336,15.46619],[74.73615,15.46591],[74.73212,15.46933],[74.72916,15.47405],[74.73064,15.47903],[74.72698,15.48831],[74.7379,15.49043],[74.74252,15.49413],[74.74837,15.49537],[74.74987,15.49071],[74.75439,15.48807],[74.75318,15.48511],[74.75629,15.47953],[74.75563,15.47672],[74.76006,15.47098],[74.76132,15.4701],[74.76433,15.47339],[74.76877,15.47069],[74.77826,15.45853],[74.78536,15.47138],[74.78686,15.47836],[74.78522,15.48469],[74.79437,15.48763],[74.79426,15.48958],[74.79869,15.49365],[74.79724,15.49759],[74.79929,15.49738],[74.7996,15.49899],[74.80288,15.49806],[74.81013,15.48327],[74.81442,15.47863],[74.82658,15.48328],[74.83107,15.4888],[74.84043,15.49163],[74.84091,15.48998],[74.83829,15.48943],[74.83953,15.47888],[74.83562,15.47829],[74.83767,15.47637],[74.8393,15.46756],[74.85582,15.47118],[74.86088,15.47402],[74.86372,15.46737],[74.86458,15.45635],[74.85957,15.45404],[74.85863,15.45153],[74.85236,15.45152],[74.85267,15.44937],[74.84976,15.44805],[74.85118,15.43955],[74.85705,15.4377],[74.85999,15.43194],[74.85558,15.42682],[74.85495,15.42187],[74.85107,15.42244],[74.85059,15.42],[74.8458,15.41751],[74.84023,15.42663],[74.83238,15.42347],[74.83164,15.41382],[74.83847,15.39795],[74.82034,15.3849],[74.80973,15.37926],[74.79874,15.37756],[74.79226,15.37879],[74.78541,15.38513],[74.78158,15.39419],[74.76928,15.40145],[74.76629,15.40051],[74.76561,15.39834],[74.7646,15.40153],[74.77047,15.40702],[74.76768,15.41082]]]},"properties":{"taluk":"Alnavar","district":"Dharwad","region_id":"subdistrict_7081","level":"taluk"}},{"type":"Feature","geometry":{"type":"Polygon","coordinates":[[[75.02852,15.67006],[75.04671,15.67059],[75.04978,15.68288],[75.0594,15.68303],[75.06315,15.66941],[75.05579,15.63273],[75.06197,15.63022],[75.06459,15.62755],[75.06404,15.62511],[75.08022,15.62246],[75.08247,15.61712],[75.08565,15.6158],[75.08715,15.61234],[75.0898,15.61201],[75.0907,15.60942],[75.08469,15.58725],[75.08483,15.57576],[75.0856,15.57771],[75.08834,15.57791],[75.0883,15.57126],[75.10765,15.5714],[75.11214,15.56058],[75.11202,15.55129],[75.11634,15.5518],[75.11757,15.54296],[75.15739,15.54411],[75.17542,15.54671],[75.17692,15.53646],[75.17923,15.5368],[75.17845,15.52181],[75.21097,15.5258],[75.21165,15.52809],[75.22656,15.52878],[75.22666,15.50357],[75.21448,15.50036],[75.20155,15.4923],[75.18311,15.49064],[75.17848,15.46177],[75.17189,15.46084],[75.15829,15.45396],[75.14306,15.43406],[75.14194,15.42236],[75.13968,15.42535],[75.13546,15.42492],[75.13188,15.42802],[75.12731,15.42802],[75.12699,15.43007],[75.11804,15.43054],[75.11388,15.4328],[75.10283,15.43157],[75.09551,15.43496],[75.07784,15.4333],[75.0764,15.43216],[75.07577,15.40746],[75.07329,15.40046],[75.06785,15.4006],[75.05982,15.40534],[75.04189,15.40135],[75.03875,15.38877],[75.04036,15.37817],[75.04339,15.37204],[75.02841,15.36772],[75.02272,15.36738],[75.02146,15.36903],[75.01027,15.36038],[74.98232,15.35654],[74.98166,15.3542],[74.95527,15.34776],[74.95528,15.34222],[74.94603,15.33854],[74.94243,15.35043],[74.93139,15.34977],[74.92811,15.3371],[74.93093,15.32598],[74.92625,15.32429],[74.91704,15.33735],[74.91204,15.33872],[74.90372,15.33571],[74.89004,15.33421],[74.88744,15.33358],[74.89197,15.31776],[74.88346,15.31476],[74.86132,15.32735],[74.85482,15.3405],[74.84777,15.34015],[74.84485,15.33597],[74.83565,15.33471],[74.83213,15.33646],[74.82533,15.34524],[74.82457,15.35481],[74.81902,15.3708],[74.82373,15.37319],[74.83058,15.37346],[74.82034,15.3849],[74.83847,15.39795],[74.83164,15.41382],[74.83238,15.42347],[74.84023,15.42663],[74.8458,15.41751],[74.85059,15.42],[74.85107,15.42244],[74.85495,15.42187],[74.85558,15.42682],[74.8598,15.43302],[74.85705,15.4377],[74.85118,15.43955],[74.84976,15.44805],[74.85267,15.44937],[74.85236,15.45152],[74.85863,15.45153],[74.85957,15.45404],[74.86458,15.45635],[74.86502,15.45985],[74.86088,15.47402],[74.85582,15.47118],[74.8393,15.46756],[74.83767,15.47637],[74.83562,15.47829],[74.83953,15.47888],[74.83829,15.48943],[74.84091,15.48998],[74.84043,15.49163],[74.83107,15.4888],[74.82658,15.48328],[74.81442,15.47863],[74.8091,15.48511],[74.80366,15.49651],[74.80547,15.49741],[74.80196,15.50151],[74.81437,15.50397],[74.80921,15.51077],[74.81075,15.52033],[74.79706,15.54759],[74.80748,15.5507],[74.80797,15.55346],[74.82031,15.56204],[74.82002,15.56562],[74.82344,15.56786],[74.84091,15.57459],[74.83792,15.57708],[74.8358,15.58537],[74.83218,15.59087],[74.82999,15.59008],[74.82852,15.60848],[74.83848,15.61202],[74.8402,15.60829],[74.84671,15.6082],[74.8563,15.61255],[74.87803,15.61706],[74.87764,15.62218],[74.88195,15.62358],[74.88722,15.62982],[74.89203,15.63069],[74.91249,15.63049],[74.92459,15.62433],[74.93224,15.62264],[74.94488,15.62245],[74.9652,15.62641],[74.96424,15.64541],[74.96694,15.65308],[74.97866,15.64829],[74.99162,15.65096],[75.01944,15.64487],[75.02339,15.65213],[75.02743,15.65187],[75.02852,15.67006]]]},"properties":{"taluk":"Dharwad","district":"Dharwad","region_id":"subdistrict_5473","level":"taluk"}},{"type":"Feature","geometry":{"type":"MultiPolygon","coordinates":[[[[75.22666,15.50357],[75.25239,15.50216],[75.2513,15.4809],[75.28117,15.47871],[75.32687,15.47892],[75.32644,15.46685],[75.32155,15.45343],[75.32151,15.44649],[75.30641,15.44426],[75.30497,15.42742],[75.31833,15.4242],[75.31983,15.41647],[75.32657,15.41106],[75.33129,15.37077],[75.3365,15.36196],[75.33905,15.35074],[75.30882,15.33939],[75.28853,15.33622],[75.28845,15.33441],[75.27979,15.33574],[75.27767,15.32378],[75.2647,15.32516],[75.23095,15.32085],[75.20721,15.31131],[75.201,15.30583],[75.19395,15.29629],[75.19626,15.29347],[75.19602,15.28546],[75.19806,15.27898],[75.20322,15.27188],[75.20469,15.26473],[75.20078,15.25252],[75.19884,15.25108],[75.19724,15.24241],[75.18251,15.23989],[75.17455,15.23618],[75.17515,15.22348],[75.17935,15.21215],[75.17491,15.20419],[75.17219,15.20255],[75.17389,15.19768],[75.16785,15.19574],[75.16897,15.18754],[75.16719,15.17976],[75.16883,15.17467],[75.16591,15.17356],[75.16619,15.17055],[75.14096,15.16846],[75.14086,15.15906],[75.13734,15.15798],[75.13713,15.16097],[75.12467,15.1665],[75.12334,15.1726],[75.12663,15.17339],[75.12599,15.17594],[75.11805,15.17982],[75.11666,15.179],[75.11494,15.18142],[75.11506,15.18481],[75.1168,15.18459],[75.11677,15.19409],[75.11052,15.19641],[75.10553,15.20418],[75.10005,15.20712],[75.09481,15.21407],[75.08494,15.21329],[75.07818,15.2097],[75.07433,15.21184],[75.06602,15.21228],[75.06512,15.22515],[75.06287,15.23039],[75.06669,15.23594],[75.06938,15.23508],[75.07166,15.24024],[75.07607,15.24063],[75.07166,15.26173],[75.0683,15.26192],[75.06625,15.26599],[75.06771,15.28033],[75.06212,15.28514],[75.05547,15.29617],[75.05531,15.30634],[75.04576,15.30188],[75.03794,15.31365],[75.03016,15.3189],[75.02012,15.33692],[75.04896,15.34605],[75.0492,15.34952],[75.05836,15.34784],[75.06084,15.33242],[75.07003,15.33008],[75.07423,15.3319],[75.07405,15.33379],[75.07836,15.33394],[75.07977,15.34507],[75.08616,15.34439],[75.08824,15.35493],[75.09194,15.35403],[75.09474,15.35107],[75.09902,15.35083],[75.09955,15.3416],[75.10288,15.33396],[75.10464,15.33388],[75.10017,15.32842],[75.09834,15.31964],[75.09962,15.31769],[75.10375,15.3176],[75.10397,15.31494],[75.10738,15.31398],[75.10984,15.31764],[75.11463,15.31713],[75.11471,15.31909],[75.12348,15.32007],[75.12393,15.32356],[75.13095,15.32262],[75.13256,15.31125],[75.13,15.30807],[75.11854,15.30549],[75.11908,15.29969],[75.12232,15.30202],[75.12298,15.29916],[75.1623,15.3095],[75.18246,15.3174],[75.18052,15.33115],[75.20138,15.33543],[75.20959,15.34141],[75.20802,15.34716],[75.22363,15.3478],[75.21909,15.3642],[75.19393,15.36551],[75.19366,15.36736],[75.19025,15.36691],[75.18895,15.37267],[75.18641,15.3724],[75.17964,15.40373],[75.18254,15.40454],[75.17945,15.41713],[75.17067,15.41378],[75.16718,15.41525],[75.16078,15.41397],[75.15388,15.41995],[75.15066,15.41873],[75.1417,15.42243],[75.14306,15.43406],[75.15829,15.45396],[75.17189,15.46084],[75.17848,15.46177],[75.18311,15.49064],[75.20155,15.4923],[75.21448,15.50036],[75.22666,15.50357]]],[[[75.44863,15.35896],[75.45455,15.3603],[75.45736,15.34187],[75.4535,15.34139],[75.44942,15.32749],[75.44996,15.30144],[75.42578,15.30188],[75.4257,15.29976],[75.41225,15.30017],[75.41202,15.29733],[75.38974,15.29889],[75.38592,15.32402],[75.36934,15.32254],[75.36901,15.32474],[75.35438,15.32306],[75.35271,15.32984],[75.34967,15.33049],[75.34619,15.35009],[75.35565,15.35305],[75.36459,15.36011],[75.42133,15.36201],[75.44863,15.35896]]]]},"properties":{"taluk":"Hubballi","district":"Dharwad","region_id":"subdistrict_5475","level":"taluk"}},{"type":"Feature","geometry":{"type":"Polygon","coordinates":[[[75.11388,15.4328],[75.13188,15.42802],[75.13546,15.42492],[75.13968,15.42535],[75.14501,15.42025],[75.15066,15.41873],[75.15388,15.41995],[75.16078,15.41397],[75.16718,15.41525],[75.17067,15.41378],[75.17945,15.41713],[75.18254,15.40454],[75.17964,15.40373],[75.18641,15.3724],[75.18895,15.37267],[75.19025,15.36691],[75.19366,15.36736],[75.19393,15.36551],[75.21909,15.3642],[75.22363,15.3478],[75.20802,15.34716],[75.20959,15.34141],[75.20138,15.33543],[75.18052,15.33115],[75.18246,15.3174],[75.1623,15.3095],[75.12298,15.29916],[75.12232,15.30202],[75.11908,15.29969],[75.11854,15.30549],[75.13,15.30807],[75.13256,15.31125],[75.13095,15.32262],[75.12393,15.32356],[75.12348,15.32007],[75.11471,15.31909],[75.11463,15.31713],[75.10984,15.31764],[75.10738,15.31398],[75.10397,15.31494],[75.10375,15.3176],[75.09962,15.31769],[75.09834,15.31964],[75.10017,15.32842],[75.10464,15.33388],[75.10288,15.33396],[75.09955,15.3416],[75.09902,15.35083],[75.09474,15.35107],[75.09194,15.35403],[75.08824,15.35493],[75.08616,15.34439],[75.07977,15.34507],[75.07836,15.33394],[75.07405,15.33379],[75.07423,15.3319],[75.07003,15.33008],[75.06084,15.33242],[75.05836,15.34784],[75.0492,15.34952],[75.04896,15.34605],[75.02012,15.33692],[75.02182,15.3451],[75.01401,15.35753],[75.01339,15.36397],[75.02146,15.36903],[75.02272,15.36738],[75.02841,15.36772],[75.04339,15.37204],[75.04036,15.37817],[75.03875,15.38877],[75.04189,15.40135],[75.05982,15.40534],[75.06785,15.4006],[75.07329,15.40046],[75.07712,15.41816],[75.0764,15.43216],[75.07897,15.43399],[75.08255,15.43267],[75.09728,15.43482],[75.10283,15.43157],[75.11388,15.4328]]]},"properties":{"taluk":"Hubballi Urban","district":"Dharwad","region_id":"subdistrict_7079","level":"taluk"}},{"type":"Feature","geometry":{"type":"Polygon","coordinates":[[[74.95527,15.34776],[74.98166,15.3542],[74.98232,15.35654],[75.01027,15.36038],[75.01339,15.36397],[75.01401,15.35753],[75.02182,15.3451],[75.02003,15.33648],[75.03016,15.3189],[75.03794,15.31365],[75.04576,15.30188],[75.05531,15.30634],[75.05547,15.29617],[75.06212,15.28514],[75.06771,15.28033],[75.06625,15.26599],[75.0683,15.26192],[75.07166,15.26173],[75.07607,15.24063],[75.07166,15.24024],[75.06938,15.23508],[75.06669,15.23594],[75.06287,15.23039],[75.06512,15.22515],[75.06602,15.21228],[75.07433,15.21184],[75.07818,15.2097],[75.08494,15.21329],[75.09481,15.21407],[75.10005,15.20712],[75.10553,15.20418],[75.11052,15.19641],[75.11677,15.19409],[75.1168,15.18459],[75.11506,15.18481],[75.11494,15.18142],[75.11666,15.179],[75.11805,15.17982],[75.12599,15.17594],[75.12663,15.17339],[75.12334,15.1726],[75.12467,15.1665],[75.13713,15.16097],[75.13734,15.15798],[75.13506,15.15726],[75.13383,15.1483],[75.13037,15.14476],[75.12603,15.14574],[75.12186,15.14032],[75.11809,15.14107],[75.1106,15.13849],[75.10485,15.14069],[75.10724,15.13921],[75.10631,15.13041],[75.10967,15.12952],[75.1146,15.12145],[75.11349,15.11727],[75.09514,15.114],[75.09516,15.11025],[75.07796,15.11043],[75.08018,15.09089],[75.08247,15.08586],[75.08175,15.07441],[75.07092,15.07044],[75.05828,15.07135],[75.05459,15.07308],[75.05353,15.08264],[75.03546,15.07884],[75.03208,15.07722],[75.03035,15.07309],[75.02543,15.07313],[75.01998,15.07005],[75.01839,15.07265],[75.01289,15.06812],[75.00737,15.07132],[74.99854,15.06974],[74.99175,15.07361],[74.98604,15.07299],[74.98605,15.07123],[74.9789,15.06891],[74.97388,15.07049],[74.9633,15.06937],[74.95731,15.0641],[74.95074,15.06766],[74.94421,15.06423],[74.94027,15.06658],[74.93942,15.05719],[74.942,15.05597],[74.94011,15.05188],[74.93144,15.05193],[74.93038,15.04926],[74.92417,15.04839],[74.92273,15.04478],[74.91884,15.04415],[74.9163,15.03869],[74.91037,15.04029],[74.90787,15.04972],[74.89174,15.0446],[74.88613,15.06307],[74.88738,15.06638],[74.87737,15.07377],[74.88163,15.08659],[74.88997,15.09067],[74.89256,15.09663],[74.89034,15.09934],[74.86475,15.10513],[74.85836,15.10421],[74.85308,15.11228],[74.85185,15.12127],[74.84872,15.12313],[74.845,15.12197],[74.84375,15.12676],[74.83966,15.13034],[74.83129,15.13303],[74.83083,15.13821],[74.82895,15.13968],[74.83793,15.14405],[74.83502,15.14874],[74.84262,15.15532],[74.84147,15.15684],[74.84445,15.1607],[74.8481,15.16274],[74.85014,15.17106],[74.86256,15.17879],[74.86242,15.18216],[74.86516,15.18228],[74.8648,15.18655],[74.8712,15.1913],[74.87753,15.19304],[74.87238,15.21616],[74.88268,15.22354],[74.88567,15.22798],[74.88576,15.23296],[74.89868,15.24029],[74.9016,15.24507],[74.91021,15.25183],[74.90619,15.27991],[74.89711,15.30131],[74.89447,15.2991],[74.88931,15.30463],[74.88142,15.29808],[74.875,15.30016],[74.87812,15.30987],[74.8756,15.31602],[74.8776,15.31713],[74.88346,15.31476],[74.89197,15.31776],[74.88744,15.33358],[74.90372,15.33571],[74.91204,15.33872],[74.91704,15.33735],[74.9271,15.32403],[74.93093,15.32598],[74.92811,15.3371],[74.93139,15.34977],[74.94243,15.35043],[74.94603,15.33854],[74.95476,15.3417],[74.95527,15.34776]]]},"properties":{"taluk":"Kalghatgi","district":"Dharwad","region_id":"subdistrict_5476","level":"taluk"}},{"type":"Feature","geometry":{"type":"Polygon","coordinates":[[[75.19806,15.27898],[75.19395,15.29629],[75.20721,15.31131],[75.23095,15.32085],[75.2647,15.32516],[75.27767,15.32378],[75.27979,15.33574],[75.28845,15.33441],[75.28853,15.33622],[75.30882,15.33939],[75.34263,15.35178],[75.34625,15.35015],[75.34967,15.33049],[75.35271,15.32984],[75.35438,15.32306],[75.36901,15.32474],[75.36934,15.32254],[75.38592,15.32402],[75.38974,15.29889],[75.41192,15.29746],[75.41029,15.28535],[75.40611,15.2841],[75.40639,15.27814],[75.41643,15.27953],[75.41676,15.27565],[75.40214,15.27325],[75.40231,15.26048],[75.40461,15.26077],[75.40599,15.26346],[75.41181,15.26452],[75.41649,15.2623],[75.41747,15.25588],[75.41413,15.25076],[75.416,15.23424],[75.42165,15.23511],[75.42277,15.22628],[75.44042,15.22729],[75.44635,15.21735],[75.44933,15.20803],[75.43359,15.20967],[75.43266,15.19879],[75.39827,15.20083],[75.39766,15.18703],[75.4002,15.17338],[75.39449,15.17266],[75.39552,15.16517],[75.40545,15.16562],[75.40592,15.16223],[75.41191,15.16208],[75.41588,15.1421],[75.42881,15.12659],[75.42981,15.11623],[75.43403,15.10796],[75.43273,15.1043],[75.42252,15.09871],[75.42433,15.09151],[75.42011,15.09047],[75.42038,15.08576],[75.41663,15.08493],[75.41827,15.06561],[75.41664,15.05906],[75.40154,15.06014],[75.3748,15.05032],[75.36697,15.05041],[75.35698,15.06594],[75.35211,15.06402],[75.34672,15.06464],[75.33927,15.06987],[75.33433,15.08154],[75.33978,15.08672],[75.33905,15.09109],[75.34972,15.09429],[75.35044,15.10174],[75.33956,15.1067],[75.33694,15.11162],[75.33734,15.14685],[75.33574,15.16128],[75.3277,15.15785],[75.30562,15.15406],[75.3059,15.13834],[75.28666,15.13677],[75.28829,15.12931],[75.27208,15.12201],[75.26976,15.11876],[75.25874,15.1176],[75.25767,15.09838],[75.2523,15.09804],[75.25061,15.10732],[75.2391,15.1068],[75.23873,15.10938],[75.22561,15.10715],[75.22506,15.10019],[75.19854,15.10046],[75.18817,15.09856],[75.18656,15.10399],[75.15788,15.10195],[75.15841,15.11051],[75.15265,15.10878],[75.15281,15.10721],[75.14392,15.10602],[75.14407,15.10355],[75.1392,15.10237],[75.13365,15.11812],[75.13739,15.11986],[75.13862,15.12547],[75.13717,15.1294],[75.14155,15.13308],[75.14536,15.13373],[75.14975,15.14133],[75.14855,15.14247],[75.15293,15.14564],[75.15035,15.14933],[75.14662,15.15024],[75.14086,15.15906],[75.14096,15.16846],[75.16619,15.17055],[75.16591,15.17356],[75.16883,15.17467],[75.16719,15.17976],[75.16897,15.18754],[75.16785,15.19574],[75.17389,15.19768],[75.17219,15.20255],[75.17491,15.20419],[75.17935,15.21215],[75.17515,15.22348],[75.17455,15.23618],[75.18251,15.23989],[75.19724,15.24241],[75.19884,15.25108],[75.20078,15.25252],[75.20469,15.26473],[75.20322,15.27188],[75.19806,15.27898]]]},"properties":{"taluk":"Kundgol","district":"Dharwad","region_id":"subdistrict_5477","level":"taluk"}},{"type":"Feature","geometry":{"type":"Polygon","coordinates":[[[75.17542,15.54671],[75.11757,15.54296],[75.11634,15.5518],[75.11202,15.55129],[75.11214,15.56058],[75.10765,15.5714],[75.0883,15.57126],[75.08834,15.57791],[75.0856,15.57771],[75.08483,15.57576],[75.08469,15.58725],[75.09653,15.62575],[75.10064,15.66204],[75.10474,15.66138],[75.107,15.6723],[75.12327,15.66843],[75.12298,15.66648],[75.12884,15.66506],[75.13233,15.66052],[75.13903,15.66004],[75.14021,15.65836],[75.14711,15.66072],[75.14915,15.65902],[75.15095,15.66154],[75.15514,15.65949],[75.17159,15.66055],[75.18039,15.65613],[75.18354,15.65772],[75.18589,15.65563],[75.18687,15.64929],[75.20239,15.64921],[75.20327,15.68143],[75.2184,15.68123],[75.21806,15.67729],[75.23618,15.67915],[75.2488,15.64712],[75.27297,15.64828],[75.27176,15.66167],[75.27735,15.68927],[75.29503,15.69177],[75.31148,15.68112],[75.33665,15.67396],[75.33603,15.64794],[75.35995,15.6457],[75.36257,15.66895],[75.38563,15.66511],[75.40683,15.65541],[75.41154,15.65545],[75.41728,15.66143],[75.42435,15.66269],[75.42345,15.66836],[75.44533,15.67299],[75.44397,15.67603],[75.44654,15.68101],[75.45021,15.67787],[75.45384,15.68207],[75.45467,15.68042],[75.46969,15.68347],[75.47263,15.68724],[75.46885,15.7016],[75.48736,15.70332],[75.50054,15.66078],[75.5023,15.64747],[75.54557,15.64829],[75.55429,15.64692],[75.54981,15.62825],[75.54892,15.6131],[75.54372,15.61243],[75.54177,15.60166],[75.53708,15.60536],[75.53237,15.60496],[75.53235,15.60791],[75.52691,15.60787],[75.52676,15.61104],[75.52936,15.61128],[75.52973,15.61522],[75.52967,15.61834],[75.5268,15.61843],[75.52693,15.6215],[75.51754,15.62128],[75.5176,15.6261],[75.50933,15.6254],[75.50678,15.63314],[75.50869,15.63731],[75.49663,15.63816],[75.49404,15.63664],[75.49328,15.62096],[75.48644,15.59997],[75.4653,15.59741],[75.46499,15.59939],[75.46306,15.59927],[75.46419,15.58229],[75.46846,15.57265],[75.43739,15.5673],[75.43791,15.56063],[75.42329,15.55856],[75.42418,15.55447],[75.41176,15.55149],[75.40715,15.56312],[75.39362,15.56144],[75.39475,15.5508],[75.39054,15.55153],[75.39083,15.54014],[75.395,15.53819],[75.39665,15.51632],[75.39056,15.51622],[75.39107,15.50876],[75.37561,15.50937],[75.3764,15.50693],[75.37228,15.50561],[75.37247,15.49059],[75.37003,15.48521],[75.33212,15.48373],[75.33132,15.47923],[75.32507,15.47873],[75.28117,15.47871],[75.2513,15.4809],[75.25239,15.50216],[75.22666,15.50357],[75.22656,15.52878],[75.21165,15.52809],[75.21097,15.5258],[75.17845,15.52181],[75.17923,15.5368],[75.17692,15.53646],[75.17542,15.54671]]]},"properties":{"taluk":"Navalgund","district":"Dharwad","region_id":"subdistrict_5474","level":"taluk"}},{"type":"Feature","geometry":{"type":"Polygon","coordinates":[[[75.53773,15.59127],[75.54372,15.61243],[75.54892,15.6131],[75.54952,15.62059],[75.57121,15.6212],[75.60053,15.6308],[75.60223,15.62801],[75.62179,15.62799],[75.62196,15.63811],[75.62782,15.64031],[75.62986,15.62612],[75.64153,15.62518],[75.63987,15.60788],[75.64125,15.60789],[75.64071,15.58395],[75.64437,15.58272],[75.65469,15.5725],[75.65603,15.56933],[75.65439,15.56755],[75.6629,15.5521],[75.66577,15.55087],[75.66391,15.54471],[75.66525,15.5404],[75.67319,15.54034],[75.68043,15.52926],[75.68611,15.52869],[75.68656,15.5229],[75.7168,15.52682],[75.71904,15.52195],[75.72683,15.52162],[75.73125,15.52684],[75.73895,15.52829],[75.73913,15.53283],[75.7415,15.5329],[75.74041,15.55285],[75.75307,15.55069],[75.75307,15.54895],[75.76167,15.54994],[75.76091,15.55473],[75.77947,15.55399],[75.77974,15.54846],[75.78646,15.54676],[75.78924,15.54368],[75.79999,15.54168],[75.80024,15.53374],[75.80356,15.53338],[75.80402,15.52981],[75.80703,15.5293],[75.80658,15.52691],[75.81314,15.52458],[75.81348,15.51674],[75.82317,15.49681],[75.81452,15.49556],[75.81559,15.48706],[75.80918,15.48778],[75.81248,15.46729],[75.81841,15.46905],[75.81971,15.4556],[75.82418,15.45404],[75.82467,15.4516],[75.82327,15.45161],[75.82679,15.44977],[75.83641,15.44715],[75.83985,15.44296],[75.84394,15.44422],[75.84751,15.44283],[75.85063,15.44506],[75.85162,15.44365],[75.85831,15.44367],[75.85941,15.42327],[75.83142,15.42588],[75.82382,15.42504],[75.81023,15.42151],[75.80922,15.41406],[75.78971,15.41113],[75.78615,15.40866],[75.76051,15.40624],[75.75783,15.37553],[75.759,15.35635],[75.73683,15.35828],[75.69934,15.3571],[75.69185,15.3541],[75.69087,15.34807],[75.67932,15.34679],[75.67429,15.33692],[75.6711,15.33453],[75.66427,15.33218],[75.65172,15.33264],[75.65322,15.32014],[75.65792,15.30588],[75.65966,15.2896],[75.66207,15.28924],[75.66229,15.28657],[75.63966,15.28143],[75.64326,15.26232],[75.64364,15.26102],[75.66724,15.26043],[75.67713,15.24186],[75.67071,15.24287],[75.65696,15.23743],[75.63951,15.23479],[75.63333,15.2231],[75.63065,15.21289],[75.62754,15.21045],[75.61515,15.21636],[75.59512,15.22142],[75.59319,15.24574],[75.59099,15.25239],[75.58443,15.25633],[75.57044,15.25597],[75.54306,15.24402],[75.54548,15.23947],[75.54125,15.23756],[75.50066,15.23884],[75.49641,15.24977],[75.49307,15.26955],[75.44734,15.26357],[75.4432,15.27638],[75.44101,15.28819],[75.44153,15.30099],[75.44996,15.30144],[75.44942,15.32749],[75.4535,15.34139],[75.45736,15.34187],[75.45455,15.3603],[75.44847,15.35916],[75.4453,15.3863],[75.46863,15.38555],[75.46959,15.39703],[75.48221,15.39291],[75.48068,15.38755],[75.48142,15.37858],[75.48502,15.37808],[75.4859,15.37189],[75.4899,15.3724],[75.49042,15.36785],[75.49322,15.36851],[75.49201,15.37879],[75.49875,15.42313],[75.49261,15.44779],[75.49269,15.4648],[75.49473,15.47017],[75.48688,15.4893],[75.47104,15.49311],[75.4736,15.51972],[75.4766,15.51995],[75.48265,15.53181],[75.50534,15.53033],[75.52938,15.53794],[75.52824,15.56659],[75.53021,15.5664],[75.53455,15.591],[75.53773,15.59127]]]},"properties":{"taluk":"Gadag","district":"Gadag","region_id":"subdistrict_5470","level":"taluk"}},{"type":"Feature","geometry":{"type":"Polygon","coordinates":[[[75.77407,15.82795],[75.77651,15.8477],[75.78021,15.85322],[75.78726,15.84878],[75.79371,15.84962],[75.79749,15.84764],[75.80496,15.85104],[75.8097,15.85108],[75.8121,15.84714],[75.8201,15.85125],[75.82083,15.84541],[75.82666,15.8422],[75.82547,15.83836],[75.84888,15.83801],[75.87097,15.82966],[75.90042,15.80966],[75.90858,15.80746],[75.9277,15.79161],[75.93818,15.79074],[75.96137,15.78485],[75.96388,15.79513],[75.96782,15.79424],[75.97663,15.80074],[75.98845,15.80155],[75.99016,15.786],[75.99342,15.78109],[76.00993,15.78411],[76.01252,15.77982],[76.01858,15.77906],[76.01982,15.77579],[76.03423,15.77027],[76.03912,15.77108],[76.04022,15.76589],[76.04058,15.76324],[76.03764,15.76135],[76.03468,15.75505],[76.03993,15.75441],[76.03704,15.73703],[76.04346,15.73643],[76.0431,15.72727],[76.04496,15.72407],[76.04304,15.72007],[76.03996,15.71738],[76.03028,15.71519],[76.02249,15.70924],[76.01891,15.71521],[76.00476,15.71574],[76.00422,15.71191],[75.99862,15.70835],[75.99236,15.7072],[75.98369,15.69353],[75.98326,15.69002],[75.98689,15.68947],[75.9824,15.66675],[75.99106,15.67089],[75.99437,15.67892],[76.0156,15.67976],[76.0158,15.67186],[76.01087,15.66216],[75.98176,15.66409],[75.97743,15.66272],[75.96725,15.6647],[75.96724,15.67932],[75.96127,15.6773],[75.94363,15.67726],[75.93981,15.68358],[75.93946,15.69379],[75.92539,15.69252],[75.91492,15.69806],[75.91599,15.71024],[75.92067,15.72603],[75.90967,15.7317],[75.91017,15.74366],[75.90676,15.7471],[75.8974,15.75056],[75.89267,15.73911],[75.88683,15.73815],[75.88514,15.73605],[75.88213,15.73695],[75.8897,15.7278],[75.88954,15.72531],[75.88727,15.71746],[75.87016,15.715],[75.87057,15.67328],[75.88455,15.67193],[75.88724,15.66846],[75.88872,15.65378],[75.88601,15.63386],[75.89453,15.63223],[75.89393,15.62499],[75.89835,15.62434],[75.89769,15.60591],[75.895,15.60618],[75.8949,15.60224],[75.88215,15.5996],[75.88289,15.59573],[75.87901,15.59532],[75.87866,15.59732],[75.86643,15.59553],[75.86748,15.56105],[75.85995,15.51371],[75.84986,15.51568],[75.84906,15.51289],[75.83222,15.5099],[75.83151,15.50708],[75.81838,15.50815],[75.81348,15.51674],[75.81314,15.52458],[75.80658,15.52691],[75.80703,15.5293],[75.80402,15.52981],[75.80356,15.53338],[75.80024,15.53374],[75.79999,15.54168],[75.78924,15.54368],[75.78646,15.54676],[75.77962,15.54856],[75.78154,15.57978],[75.78107,15.58602],[75.7786,15.58608],[75.77699,15.59597],[75.78524,15.59955],[75.82429,15.60186],[75.82647,15.60558],[75.83046,15.60515],[75.83463,15.6138],[75.8352,15.6341],[75.83332,15.64505],[75.83129,15.64999],[75.82987,15.64983],[75.82951,15.65718],[75.81981,15.65865],[75.81471,15.66087],[75.8144,15.66472],[75.79986,15.66883],[75.80188,15.67526],[75.8134,15.67512],[75.81688,15.67682],[75.81745,15.68093],[75.81977,15.68267],[75.83469,15.68671],[75.83545,15.70542],[75.83371,15.71635],[75.83947,15.71698],[75.84238,15.73396],[75.84234,15.75927],[75.82815,15.76037],[75.82757,15.75672],[75.82014,15.75913],[75.82167,15.77512],[75.81228,15.7802],[75.80788,15.7799],[75.80821,15.78625],[75.8142,15.79445],[75.80297,15.79717],[75.80178,15.80821],[75.80622,15.80844],[75.8086,15.81305],[75.81606,15.8147],[75.81919,15.82033],[75.81269,15.82565],[75.79052,15.8248],[75.77937,15.81939],[75.77722,15.82747],[75.77407,15.82795]],[[75.86022,15.69385],[75.83834,15.69882],[75.83638,15.68864],[75.83781,15.68341],[75.85262,15.68106],[75.86063,15.68255],[75.86022,15.69385]]]},"properties":{"taluk":"Gajendragad","district":"Gadag","region_id":"subdistrict_7082","level":"taluk"}},{"type":"Feature","geometry":{"type":"MultiPolygon","coordinates":[[[[75.63219,14.9915],[75.62958,14.98391],[75.61781,14.98087],[75.61877,14.97416],[75.60964,14.97351],[75.60873,14.96809],[75.61113,14.95811],[75.60402,14.9565],[75.60276,14.95464],[75.59577,14.95587],[75.58965,14.95851],[75.58361,14.96859],[75.56469,14.97168],[75.56366,14.97466],[75.56559,14.97638],[75.56524,14.97954],[75.5413,14.97832],[75.54096,14.99015],[75.54337,14.99928],[75.54238,15.01501],[75.53802,15.01912],[75.54065,15.0205],[75.53332,15.03458],[75.5205,15.03302],[75.50757,15.04395],[75.49472,15.0464],[75.47617,15.04389],[75.46815,15.04696],[75.46075,15.04378],[75.4604,15.04982],[75.45193,15.04945],[75.45064,15.05931],[75.44891,15.06036],[75.41683,15.06127],[75.41827,15.06561],[75.41663,15.08493],[75.42038,15.08576],[75.42011,15.09047],[75.42433,15.09151],[75.42252,15.09871],[75.43273,15.1043],[75.43403,15.10796],[75.42981,15.11623],[75.42881,15.12659],[75.41588,15.1421],[75.41191,15.16208],[75.40592,15.16223],[75.40545,15.16562],[75.39552,15.16517],[75.39449,15.17266],[75.4002,15.17338],[75.39766,15.18703],[75.39827,15.20083],[75.43266,15.19879],[75.43359,15.20967],[75.44933,15.20803],[75.448,15.21147],[75.46509,15.20671],[75.49111,15.20339],[75.49387,15.1994],[75.51446,15.19778],[75.51553,15.19545],[75.52218,15.19708],[75.53777,15.19468],[75.54153,15.19331],[75.54162,15.19144],[75.55133,15.19122],[75.55431,15.18956],[75.55828,15.1908],[75.55966,15.17929],[75.55698,15.17686],[75.57756,15.17297],[75.5785,15.1487],[75.59523,15.14398],[75.60389,15.13517],[75.6034,15.12969],[75.60028,15.13027],[75.60349,15.12733],[75.60553,15.09797],[75.59589,15.09764],[75.59707,15.09196],[75.59518,15.09105],[75.59629,15.08508],[75.60422,15.08428],[75.60906,15.07839],[75.60902,15.0626],[75.59851,15.06461],[75.59495,15.06831],[75.58453,15.05619],[75.58467,15.05395],[75.59021,15.0532],[75.5914,15.02257],[75.59337,15.01556],[75.61892,15.00638],[75.61966,15.00323],[75.63052,14.99654],[75.63219,14.9915]]],[[[75.44178,15.30107],[75.44101,15.28819],[75.44734,15.26357],[75.49307,15.26955],[75.49641,15.24977],[75.50867,15.22133],[75.49333,15.22182],[75.45094,15.23172],[75.44982,15.23634],[75.44757,15.23601],[75.44789,15.22295],[75.44358,15.22232],[75.44042,15.22729],[75.42277,15.22628],[75.42165,15.23511],[75.416,15.23424],[75.41413,15.25076],[75.41747,15.25588],[75.41649,15.2623],[75.41181,15.26452],[75.40599,15.26346],[75.40461,15.26077],[75.40231,15.26048],[75.40213,15.26282],[75.40214,15.27325],[75.41676,15.27565],[75.41643,15.27953],[75.40639,15.27814],[75.40611,15.2841],[75.41029,15.28535],[75.41225,15.30017],[75.4257,15.29976],[75.42578,15.30188],[75.44178,15.30107]]]]},"properties":{"taluk":"Laxmeshwar","district":"Gadag","region_id":"subdistrict_7083","level":"taluk"}},{"type":"Feature","geometry":{"type":"Polygon","coordinates":[[[75.91203,15.24079],[75.92604,15.19468],[75.9247,15.18257],[75.94788,15.17291],[75.9514,15.13708],[75.94555,15.13683],[75.93192,15.14094],[75.92191,15.13894],[75.91536,15.13522],[75.9107,15.1353],[75.9022,15.13041],[75.90211,15.12584],[75.89787,15.11778],[75.89288,15.11556],[75.88593,15.10829],[75.88502,15.10259],[75.88749,15.0967],[75.90827,15.07908],[75.90949,15.07328],[75.9056,15.05755],[75.90127,15.0549],[75.88407,15.05282],[75.87771,15.03936],[75.87217,15.03494],[75.85788,15.03676],[75.84939,15.04461],[75.84416,15.04356],[75.83713,15.03992],[75.83461,15.03115],[75.83078,15.02813],[75.8091,15.0263],[75.81013,15.0255],[75.80741,15.02436],[75.79966,15.01377],[75.78854,15.00639],[75.78552,15.00166],[75.77243,15.0029],[75.76465,15.00014],[75.75249,14.99909],[75.74528,15.03959],[75.74586,15.05456],[75.76312,15.05278],[75.76664,15.0606],[75.76651,15.06788],[75.77178,15.07236],[75.76975,15.08273],[75.73911,15.081],[75.744,15.10581],[75.74713,15.11262],[75.72568,15.1332],[75.71562,15.13738],[75.71796,15.13965],[75.70411,15.16615],[75.71529,15.16793],[75.71584,15.17563],[75.71171,15.18882],[75.71138,15.21424],[75.72362,15.2176],[75.72518,15.21711],[75.72548,15.21351],[75.7342,15.20877],[75.72597,15.24618],[75.715,15.23866],[75.71493,15.2401],[75.70619,15.23932],[75.69777,15.23547],[75.68079,15.23592],[75.66724,15.26043],[75.64364,15.26102],[75.63966,15.28143],[75.66229,15.28657],[75.66207,15.28924],[75.65966,15.2896],[75.65792,15.30588],[75.65322,15.32014],[75.65172,15.33264],[75.66427,15.33218],[75.6711,15.33453],[75.67429,15.33692],[75.67932,15.34679],[75.69087,15.34807],[75.69185,15.3541],[75.69934,15.3571],[75.73683,15.35828],[75.759,15.35635],[75.75783,15.37553],[75.76051,15.40624],[75.78615,15.40866],[75.78971,15.41113],[75.80922,15.41406],[75.81023,15.42151],[75.82382,15.42504],[75.86465,15.42314],[75.86542,15.408],[75.88646,15.40817],[75.904,15.40278],[75.90187,15.37543],[75.90297,15.35379],[75.88811,15.35302],[75.88911,15.33681],[75.89131,15.33722],[75.89297,15.31901],[75.88985,15.31131],[75.88968,15.29956],[75.8876,15.29745],[75.8897,15.28733],[75.89853,15.2757],[75.89486,15.27402],[75.90001,15.24557],[75.90174,15.24571],[75.90391,15.2393],[75.91203,15.24079]]]},"properties":{"taluk":"Mundargi","district":"Gadag","region_id":"subdistrict_5472","level":"taluk"}},{"type":"Feature","geometry":{"type":"Polygon","coordinates":[[[75.27365,15.72319],[75.27523,15.74067],[75.28312,15.7415],[75.29309,15.74144],[75.29289,15.72842],[75.2998,15.7278],[75.31377,15.73033],[75.31794,15.74664],[75.31757,15.76421],[75.30536,15.7664],[75.303,15.81242],[75.32007,15.81283],[75.32074,15.81054],[75.32679,15.81296],[75.33302,15.81663],[75.32999,15.82453],[75.339,15.82768],[75.34101,15.80473],[75.36469,15.80447],[75.3657,15.81403],[75.37538,15.84605],[75.38241,15.84353],[75.38195,15.8403],[75.38521,15.83855],[75.39876,15.8396],[75.40301,15.84186],[75.40816,15.83896],[75.41156,15.84115],[75.42487,15.84235],[75.42404,15.82551],[75.41383,15.78419],[75.43621,15.77812],[75.4395,15.79505],[75.44738,15.7936],[75.45118,15.81105],[75.45307,15.81062],[75.45526,15.81814],[75.45787,15.81793],[75.45763,15.86142],[75.45113,15.86183],[75.45303,15.88166],[75.44924,15.88459],[75.44935,15.88718],[75.46201,15.88814],[75.45925,15.8838],[75.46087,15.87951],[75.46605,15.8811],[75.46629,15.87696],[75.47598,15.87568],[75.47398,15.87458],[75.475,15.87255],[75.47902,15.87106],[75.48154,15.872],[75.47874,15.87457],[75.48041,15.87671],[75.48321,15.87343],[75.48793,15.87648],[75.4958,15.87298],[75.50489,15.86247],[75.50224,15.8581],[75.50674,15.85658],[75.50757,15.86053],[75.50824,15.86067],[75.5191,15.8584],[75.52073,15.85318],[75.51837,15.85182],[75.51446,15.85297],[75.51286,15.85036],[75.52114,15.84655],[75.52149,15.84197],[75.53093,15.84183],[75.52919,15.83541],[75.54689,15.83656],[75.55568,15.83303],[75.55049,15.82593],[75.55282,15.82469],[75.555,15.82616],[75.55538,15.8239],[75.54616,15.82372],[75.54474,15.79939],[75.53476,15.79789],[75.5306,15.78484],[75.53022,15.78339],[75.54241,15.77887],[75.5401,15.77398],[75.53559,15.77062],[75.53339,15.75626],[75.53087,15.75335],[75.52736,15.74091],[75.52634,15.72311],[75.52232,15.71779],[75.5221,15.71194],[75.52091,15.71518],[75.51725,15.70946],[75.51356,15.71149],[75.51084,15.71053],[75.5114,15.70734],[75.50916,15.70395],[75.50617,15.70342],[75.50695,15.70047],[75.50517,15.69973],[75.50033,15.70257],[75.4978,15.70024],[75.48899,15.69976],[75.48736,15.70332],[75.46885,15.7016],[75.47263,15.68724],[75.46969,15.68347],[75.45467,15.68042],[75.45384,15.68207],[75.45021,15.67787],[75.44654,15.68101],[75.44397,15.67603],[75.44533,15.67299],[75.42345,15.66836],[75.42435,15.66269],[75.41728,15.66143],[75.41338,15.65607],[75.40683,15.65541],[75.38563,15.66511],[75.36257,15.66895],[75.35995,15.6457],[75.33603,15.64794],[75.33665,15.67396],[75.31148,15.68112],[75.29503,15.69177],[75.27859,15.68981],[75.27665,15.7221],[75.27365,15.72319]]]},"properties":{"taluk":"Nargund","district":"Gadag","region_id":"subdistrict_5468","level":"taluk"}},{"type":"Feature","geometry":{"type":"MultiPolygon","coordinates":[[[[75.5023,15.64747],[75.48899,15.69976],[75.4978,15.70024],[75.50033,15.70257],[75.50564,15.69983],[75.50695,15.70047],[75.50617,15.70342],[75.50916,15.70395],[75.5114,15.70734],[75.51084,15.71053],[75.51356,15.71149],[75.51725,15.70946],[75.52091,15.71518],[75.5221,15.71194],[75.52232,15.71779],[75.52634,15.72311],[75.52736,15.74091],[75.53087,15.75335],[75.53339,15.75626],[75.53559,15.77062],[75.5401,15.77398],[75.54241,15.77887],[75.53022,15.78339],[75.53476,15.79789],[75.54474,15.79939],[75.54616,15.82372],[75.55538,15.8239],[75.55505,15.82689],[75.55983,15.83046],[75.55929,15.83365],[75.56237,15.83725],[75.56996,15.83612],[75.56951,15.83378],[75.56621,15.8339],[75.56484,15.8311],[75.57637,15.83041],[75.57517,15.82527],[75.57673,15.82426],[75.58611,15.83468],[75.59474,15.82962],[75.60332,15.82887],[75.6063,15.83107],[75.60785,15.82787],[75.60604,15.82532],[75.61556,15.82385],[75.61593,15.82136],[75.61864,15.82136],[75.62073,15.83597],[75.62669,15.83285],[75.62882,15.83491],[75.63206,15.83447],[75.63132,15.8318],[75.63467,15.8333],[75.63676,15.84186],[75.64388,15.84175],[75.64225,15.83334],[75.64544,15.83123],[75.64975,15.83157],[75.65519,15.82796],[75.6583,15.82927],[75.66354,15.83712],[75.66929,15.83758],[75.67205,15.83666],[75.67566,15.83019],[75.67428,15.8239],[75.67638,15.82222],[75.68065,15.82318],[75.68114,15.83],[75.68753,15.83096],[75.69593,15.82488],[75.70565,15.82724],[75.70689,15.82942],[75.71502,15.82737],[75.72145,15.81827],[75.73607,15.81655],[75.73587,15.81398],[75.74079,15.81302],[75.75144,15.81569],[75.77968,15.81733],[75.77937,15.81939],[75.79099,15.82486],[75.81291,15.82566],[75.81919,15.82033],[75.81606,15.8147],[75.8086,15.81305],[75.80622,15.80844],[75.80178,15.80821],[75.80287,15.79741],[75.8142,15.79445],[75.80821,15.78625],[75.80788,15.7799],[75.81228,15.7802],[75.82167,15.77512],[75.82014,15.75913],[75.82757,15.75672],[75.82815,15.76037],[75.84234,15.75927],[75.84227,15.73301],[75.83947,15.71698],[75.83371,15.71635],[75.83545,15.70542],[75.83469,15.68671],[75.81977,15.68267],[75.81745,15.68093],[75.81688,15.67682],[75.8134,15.67512],[75.80188,15.67526],[75.79986,15.66883],[75.8144,15.66472],[75.81471,15.66087],[75.81981,15.65865],[75.82951,15.65718],[75.82987,15.64983],[75.83129,15.64999],[75.83332,15.64505],[75.8352,15.6341],[75.83463,15.6138],[75.83046,15.60515],[75.82647,15.60558],[75.82429,15.60186],[75.78524,15.59955],[75.77699,15.59597],[75.7786,15.58608],[75.78107,15.58602],[75.78154,15.57978],[75.77938,15.55401],[75.76091,15.55473],[75.76167,15.54994],[75.75307,15.54895],[75.75307,15.55069],[75.74041,15.55285],[75.7415,15.5329],[75.73913,15.53283],[75.73895,15.52829],[75.73125,15.52684],[75.72733,15.52183],[75.71904,15.52195],[75.7168,15.52682],[75.68656,15.5229],[75.68611,15.52869],[75.68043,15.52926],[75.67319,15.54034],[75.66525,15.5404],[75.66391,15.54471],[75.66577,15.55087],[75.6629,15.5521],[75.65439,15.56755],[75.65603,15.56933],[75.65469,15.5725],[75.64437,15.58272],[75.64071,15.58395],[75.64125,15.60789],[75.63987,15.60788],[75.64153,15.62518],[75.62986,15.62612],[75.62782,15.64031],[75.62196,15.63811],[75.62179,15.62799],[75.60223,15.62801],[75.60053,15.6308],[75.57121,15.6212],[75.54993,15.62067],[75.54981,15.62825],[75.55429,15.64692],[75.54557,15.64829],[75.5023,15.64747]]],[[[75.83834,15.69882],[75.86022,15.69385],[75.86063,15.68255],[75.85262,15.68106],[75.83781,15.68341],[75.83638,15.68864],[75.83834,15.69882]]]]},"properties":{"taluk":"Ron","district":"Gadag","region_id":"subdistrict_5469","level":"taluk"}},{"type":"Feature","geometry":{"type":"Polygon","coordinates":[[[75.67172,15.24271],[75.67713,15.24186],[75.68079,15.23592],[75.69777,15.23547],[75.70619,15.23932],[75.71493,15.2401],[75.715,15.23866],[75.72597,15.24618],[75.7342,15.20877],[75.72548,15.21351],[75.72518,15.21711],[75.72362,15.2176],[75.71138,15.21424],[75.71171,15.18882],[75.71584,15.17563],[75.71529,15.16793],[75.70411,15.16615],[75.71796,15.13965],[75.71562,15.13738],[75.72568,15.1332],[75.74713,15.11262],[75.744,15.10581],[75.73911,15.081],[75.76975,15.08273],[75.77005,15.08146],[75.77178,15.07236],[75.76651,15.06788],[75.76664,15.0606],[75.76312,15.05278],[75.74586,15.05456],[75.74528,15.03959],[75.75249,14.99909],[75.76465,15.00014],[75.77243,15.0029],[75.78552,15.00166],[75.77965,14.98825],[75.77894,14.97699],[75.7612,14.96676],[75.75469,14.95684],[75.7396,14.94393],[75.7343,14.94433],[75.72138,14.95066],[75.70123,14.94694],[75.69502,14.96754],[75.68877,14.97516],[75.68203,14.97721],[75.66658,14.98743],[75.65157,14.99068],[75.63219,14.9915],[75.63052,14.99654],[75.61966,15.00323],[75.61892,15.00638],[75.59337,15.01556],[75.5914,15.02257],[75.59021,15.0532],[75.58467,15.05395],[75.58453,15.05619],[75.59495,15.06831],[75.59851,15.06461],[75.60902,15.0626],[75.60906,15.07839],[75.60422,15.08428],[75.59629,15.08508],[75.59518,15.09105],[75.59707,15.09196],[75.59589,15.09764],[75.60553,15.09797],[75.60349,15.12733],[75.60028,15.13027],[75.6034,15.12969],[75.60389,15.13517],[75.59523,15.14398],[75.5785,15.1487],[75.57756,15.17297],[75.55698,15.17686],[75.55966,15.17929],[75.55828,15.1908],[75.55431,15.18956],[75.55133,15.19122],[75.54162,15.19144],[75.54153,15.19331],[75.53777,15.19468],[75.52218,15.19708],[75.51553,15.19545],[75.51446,15.19778],[75.49387,15.1994],[75.49111,15.20339],[75.46509,15.20671],[75.44792,15.2114],[75.44357,15.22232],[75.44789,15.22295],[75.44757,15.23601],[75.44982,15.23634],[75.45094,15.23172],[75.49333,15.22182],[75.50867,15.22133],[75.50066,15.23884],[75.54125,15.23756],[75.54548,15.23947],[75.54306,15.24402],[75.57044,15.25597],[75.58082,15.25731],[75.58123,15.25564],[75.58443,15.25633],[75.59104,15.25229],[75.59395,15.24128],[75.59512,15.22142],[75.61515,15.21636],[75.62754,15.21045],[75.63065,15.21289],[75.63333,15.2231],[75.63951,15.23479],[75.65696,15.23743],[75.67172,15.24271]]]},"properties":{"taluk":"Shirhatti","district":"Gadag","region_id":"subdistrict_5471","level":"taluk"}},{"type":"Feature","geometry":{"type":"Polygon","coordinates":[[[76.60554,17.08764],[76.60589,17.06655],[76.60265,17.05953],[76.58086,17.06588],[76.56103,17.06087],[76.55919,17.06439],[76.5603,17.07046],[76.58393,17.08422],[76.58545,17.08711],[76.58582,17.0981],[76.57578,17.10691],[76.57151,17.10853],[76.56636,17.10639],[76.55949,17.1001],[76.52938,17.09513],[76.52044,17.08892],[76.51384,17.08979],[76.50966,17.09456],[76.50904,17.10164],[76.51972,17.12164],[76.52972,17.1269],[76.54579,17.12612],[76.55442,17.1307],[76.56387,17.14499],[76.56845,17.16242],[76.57776,17.17281],[76.57771,17.17597],[76.57425,17.17902],[76.55272,17.18612],[76.54822,17.18424],[76.54176,17.17514],[76.52564,17.17748],[76.5168,17.17456],[76.51449,17.16112],[76.50102,17.14468],[76.49156,17.13787],[76.48674,17.13813],[76.46621,17.1473],[76.45008,17.14758],[76.44751,17.14348],[76.4527,17.13247],[76.45216,17.12785],[76.44725,17.12495],[76.42514,17.12287],[76.42025,17.12019],[76.41982,17.1161],[76.42779,17.10376],[76.42765,17.10009],[76.40814,17.08619],[76.40179,17.07423],[76.39815,17.07129],[76.39172,17.071],[76.38813,17.07512],[76.39046,17.09176],[76.38857,17.09793],[76.3834,17.10279],[76.36659,17.10757],[76.36256,17.11391],[76.3647,17.12025],[76.3683,17.12373],[76.39045,17.13125],[76.3948,17.1406],[76.38847,17.14633],[76.37941,17.14446],[76.3676,17.13844],[76.36254,17.13851],[76.35994,17.14089],[76.36013,17.1477],[76.36715,17.1576],[76.36815,17.16372],[76.36515,17.1792],[76.36012,17.18547],[76.35432,17.18655],[76.35075,17.18494],[76.3423,17.17694],[76.32691,17.16904],[76.30976,17.17054],[76.28547,17.16472],[76.2841,17.16458],[76.28408,17.16727],[76.27909,17.16651],[76.27261,17.16269],[76.25946,17.14978],[76.24208,17.15076],[76.2335,17.16715],[76.221,17.17636],[76.22071,17.18589],[76.21654,17.18689],[76.20638,17.18352],[76.19867,17.18338],[76.18664,17.18689],[76.1778,17.1922],[76.17033,17.20576],[76.16394,17.21244],[76.12233,17.24843],[76.11072,17.25272],[76.08792,17.25688],[76.08601,17.26186],[76.08659,17.26679],[76.08935,17.27446],[76.0978,17.28345],[76.09828,17.2919],[76.09368,17.29746],[76.06803,17.30679],[76.06425,17.31528],[76.07101,17.3269],[76.07389,17.33621],[76.07901,17.33128],[76.08821,17.3369],[76.08803,17.34234],[76.09144,17.3496],[76.08911,17.35281],[76.09947,17.36455],[76.11966,17.37107],[76.12229,17.3665],[76.13159,17.35886],[76.14726,17.34994],[76.14662,17.34805],[76.14843,17.34745],[76.14877,17.34977],[76.1625,17.34485],[76.16488,17.30306],[76.17582,17.30073],[76.18084,17.30943],[76.18271,17.31864],[76.17907,17.31838],[76.17566,17.32642],[76.17019,17.35236],[76.18163,17.35869],[76.19551,17.36309],[76.21241,17.36195],[76.22885,17.3654],[76.22772,17.37598],[76.24008,17.37904],[76.24465,17.37917],[76.24461,17.37161],[76.24961,17.37101],[76.25078,17.36077],[76.25819,17.36048],[76.26687,17.3635],[76.27183,17.36062],[76.27631,17.33439],[76.31727,17.33209],[76.31896,17.33627],[76.31052,17.3457],[76.31112,17.34752],[76.33868,17.35424],[76.3458,17.35436],[76.35412,17.32532],[76.3539,17.31438],[76.35636,17.31415],[76.38381,17.31433],[76.38501,17.32375],[76.39639,17.34696],[76.41206,17.35091],[76.40869,17.3689],[76.41126,17.37837],[76.4234,17.37726],[76.44789,17.36886],[76.44832,17.36051],[76.46129,17.3577],[76.47342,17.35882],[76.47232,17.34594],[76.47434,17.33421],[76.51724,17.32531],[76.51732,17.336],[76.52776,17.34342],[76.53435,17.34123],[76.55161,17.34099],[76.55688,17.34735],[76.59285,17.34557],[76.60228,17.34708],[76.61647,17.36025],[76.61889,17.37023],[76.65245,17.36124],[76.66412,17.3613],[76.66303,17.34982],[76.65612,17.33235],[76.65316,17.33236],[76.65163,17.32776],[76.64903,17.32669],[76.64641,17.32838],[76.63906,17.32174],[76.63831,17.31698],[76.63539,17.31672],[76.6319,17.31378],[76.63155,17.31073],[76.62909,17.31048],[76.63615,17.2839],[76.63854,17.28352],[76.63897,17.2791],[76.64654,17.27755],[76.65321,17.27982],[76.66048,17.27821],[76.6685,17.27952],[76.66864,17.28742],[76.67715,17.28573],[76.67989,17.28796],[76.69448,17.28736],[76.69368,17.27214],[76.69708,17.27314],[76.70964,17.26998],[76.7076,17.24184],[76.70489,17.23282],[76.69389,17.2357],[76.68507,17.2338],[76.67399,17.23548],[76.67098,17.22973],[76.66995,17.22528],[76.67282,17.21141],[76.67157,17.20527],[76.68722,17.19889],[76.68645,17.1832],[76.67624,17.18318],[76.65749,17.18833],[76.65396,17.19087],[76.65347,17.18853],[76.63954,17.18814],[76.64117,17.1714],[76.63754,17.15284],[76.61784,17.15289],[76.61233,17.1545],[76.61242,17.14052],[76.60631,17.12935],[76.6028,17.11519],[76.61017,17.11331],[76.60554,17.08764]]]},"properties":{"taluk":"Afzalpur","district":"Kalaburagi","region_id":"subdistrict_5581","level":"taluk"}},{"type":"Feature","geometry":{"type":"MultiPolygon","coordinates":[[[[76.69894,17.642],[76.7148,17.63913],[76.72071,17.65401],[76.73222,17.65895],[76.73284,17.66557],[76.7418,17.66483],[76.74867,17.66712],[76.77306,17.66568],[76.77141,17.64606],[76.77348,17.63879],[76.77697,17.63633],[76.77422,17.62215],[76.78125,17.62029],[76.78714,17.61174],[76.79096,17.60963],[76.78964,17.60542],[76.8098,17.59962],[76.80761,17.5964],[76.81237,17.59489],[76.81263,17.59154],[76.81589,17.5911],[76.81465,17.58386],[76.80927,17.58233],[76.80764,17.57744],[76.80196,17.57821],[76.79999,17.57589],[76.80089,17.56769],[76.80654,17.56681],[76.80699,17.56405],[76.81941,17.56427],[76.82262,17.56257],[76.823,17.55149],[76.81564,17.55115],[76.80584,17.54389],[76.80863,17.52402],[76.82146,17.5252],[76.82585,17.52105],[76.8329,17.52071],[76.8331,17.50746],[76.83082,17.50738],[76.8297,17.50382],[76.81681,17.50351],[76.81473,17.48981],[76.79087,17.48522],[76.77392,17.48462],[76.77176,17.4737],[76.75144,17.46681],[76.75328,17.45877],[76.75853,17.45135],[76.73327,17.44983],[76.73997,17.43679],[76.73619,17.43456],[76.72851,17.43448],[76.72285,17.42647],[76.71111,17.42967],[76.70629,17.42911],[76.69455,17.44476],[76.68209,17.43601],[76.67854,17.42496],[76.68166,17.4243],[76.6873,17.4092],[76.69215,17.40908],[76.69115,17.40563],[76.69845,17.40113],[76.69829,17.38968],[76.66811,17.37569],[76.65802,17.37591],[76.65773,17.37112],[76.66121,17.37129],[76.66045,17.36139],[76.65442,17.36085],[76.63097,17.36577],[76.62905,17.36805],[76.62622,17.36735],[76.61889,17.37023],[76.61647,17.36025],[76.60228,17.34708],[76.59285,17.34557],[76.55688,17.34735],[76.55161,17.34099],[76.53435,17.34123],[76.52776,17.34342],[76.51732,17.336],[76.51724,17.32531],[76.47434,17.33421],[76.47232,17.34594],[76.47342,17.35882],[76.46129,17.3577],[76.44832,17.36051],[76.44789,17.36886],[76.43354,17.37418],[76.41126,17.37837],[76.40909,17.37067],[76.36311,17.37741],[76.37054,17.40829],[76.36965,17.42294],[76.37144,17.43605],[76.3587,17.4373],[76.33282,17.43469],[76.33316,17.45564],[76.33093,17.45555],[76.32952,17.47058],[76.34631,17.47291],[76.36862,17.48326],[76.37541,17.48953],[76.37518,17.49406],[76.36442,17.49611],[76.34608,17.49221],[76.34305,17.50184],[76.34572,17.51367],[76.36517,17.51726],[76.36696,17.52018],[76.36301,17.5378],[76.349,17.5396],[76.34016,17.54369],[76.3352,17.56613],[76.33305,17.56538],[76.33092,17.59736],[76.33597,17.59852],[76.3477,17.59565],[76.36776,17.59727],[76.377,17.60019],[76.3806,17.60364],[76.3895,17.60227],[76.38933,17.60349],[76.39688,17.60483],[76.41857,17.60508],[76.42685,17.63135],[76.42741,17.64741],[76.43701,17.6459],[76.44402,17.64235],[76.44132,17.64907],[76.45271,17.64887],[76.45153,17.65587],[76.45807,17.65901],[76.48885,17.66152],[76.4832,17.68023],[76.48627,17.71577],[76.51219,17.7196],[76.52388,17.71532],[76.52735,17.73815],[76.52376,17.76017],[76.53056,17.75848],[76.56092,17.76644],[76.57249,17.76127],[76.56434,17.75093],[76.56799,17.74278],[76.57058,17.7064],[76.58043,17.70524],[76.5878,17.70765],[76.59399,17.72258],[76.60073,17.72614],[76.60014,17.73329],[76.60441,17.7517],[76.60401,17.75885],[76.60704,17.76075],[76.61146,17.77115],[76.61673,17.77033],[76.62555,17.75787],[76.63183,17.75573],[76.63041,17.752],[76.62799,17.75091],[76.63352,17.72851],[76.65342,17.7223],[76.65953,17.70947],[76.66525,17.68784],[76.67314,17.69106],[76.68428,17.68578],[76.68821,17.68019],[76.6915,17.68161],[76.69522,17.67701],[76.69532,17.6624],[76.70709,17.66282],[76.71094,17.66085],[76.71187,17.65581],[76.69834,17.64505],[76.69894,17.642]]],[[[76.69413,17.69614],[76.69124,17.70078],[76.69234,17.70687],[76.70034,17.70845],[76.7019,17.70469],[76.71111,17.69977],[76.71256,17.69673],[76.71176,17.6945],[76.70341,17.69329],[76.69413,17.69614]]]]},"properties":{"taluk":"Aland","district":"Kalaburagi","region_id":"subdistrict_5580","level":"taluk"}},{"type":"Feature","geometry":{"type":"Polygon","coordinates":[[[77.27603,17.47031],[77.26227,17.47445],[77.27037,17.49266],[77.2529,17.48946],[77.23227,17.49447],[77.23752,17.50394],[77.23735,17.51127],[77.21105,17.50971],[77.20448,17.50684],[77.19961,17.48865],[77.17947,17.48431],[77.17574,17.4811],[77.17234,17.48186],[77.172,17.47744],[77.16856,17.47259],[77.16048,17.46882],[77.1538,17.45923],[77.14582,17.45538],[77.14627,17.45926],[77.1519,17.46386],[77.15219,17.47159],[77.15511,17.47491],[77.15013,17.47394],[77.14809,17.48101],[77.15,17.48532],[77.15624,17.49051],[77.15192,17.49199],[77.14499,17.50103],[77.14803,17.51463],[77.1466,17.51695],[77.15793,17.52302],[77.16072,17.5321],[77.16948,17.54145],[77.1693,17.54587],[77.16132,17.54861],[77.16212,17.5529],[77.15739,17.56684],[77.16258,17.57194],[77.1669,17.57303],[77.16804,17.57657],[77.17092,17.57697],[77.1595,17.57727],[77.16041,17.58469],[77.1551,17.58484],[77.1496,17.59118],[77.14164,17.5944],[77.14262,17.60306],[77.1346,17.60232],[77.13644,17.60839],[77.13458,17.61131],[77.13764,17.62399],[77.14322,17.62587],[77.14482,17.63203],[77.14745,17.6331],[77.15152,17.63097],[77.15135,17.63217],[77.15502,17.62843],[77.17128,17.62715],[77.17024,17.62182],[77.17304,17.62418],[77.18246,17.61835],[77.1872,17.61851],[77.18926,17.61563],[77.19393,17.61518],[77.19559,17.62868],[77.19856,17.63189],[77.20377,17.62976],[77.20643,17.62637],[77.21013,17.62909],[77.21999,17.62885],[77.22169,17.6315],[77.22816,17.62989],[77.22784,17.6312],[77.23105,17.63195],[77.2333,17.62998],[77.24433,17.62958],[77.25843,17.6231],[77.27489,17.62718],[77.27946,17.61773],[77.28206,17.61696],[77.28404,17.619],[77.28682,17.61696],[77.28515,17.61493],[77.28998,17.61337],[77.29122,17.61102],[77.2944,17.61477],[77.29596,17.61412],[77.29436,17.60851],[77.29895,17.60645],[77.29761,17.60324],[77.3003,17.59795],[77.30449,17.59843],[77.3132,17.59416],[77.34322,17.58797],[77.34967,17.59922],[77.35773,17.60105],[77.37709,17.59425],[77.37861,17.58349],[77.39114,17.58471],[77.40833,17.58297],[77.42831,17.58602],[77.4283,17.5873],[77.45987,17.58062],[77.46762,17.57778],[77.47287,17.57275],[77.47664,17.57332],[77.47777,17.56926],[77.49055,17.56936],[77.49298,17.56808],[77.49289,17.56028],[77.49899,17.55196],[77.50023,17.54315],[77.51267,17.5445],[77.52366,17.5626],[77.52588,17.57342],[77.53254,17.57704],[77.53632,17.57709],[77.54272,17.57145],[77.54771,17.56163],[77.54918,17.55061],[77.55593,17.55538],[77.56208,17.55254],[77.56837,17.55719],[77.57275,17.55648],[77.57404,17.55816],[77.58829,17.55987],[77.58851,17.56517],[77.59195,17.56509],[77.59397,17.56435],[77.59686,17.5535],[77.59559,17.53587],[77.60329,17.536],[77.6095,17.53257],[77.61256,17.53485],[77.61954,17.52924],[77.63504,17.53308],[77.63928,17.524],[77.66299,17.52309],[77.66714,17.51794],[77.66784,17.51384],[77.67564,17.50718],[77.67834,17.50626],[77.67449,17.51009],[77.68315,17.50722],[77.68413,17.51059],[77.6879,17.5126],[77.69226,17.49734],[77.6879,17.49081],[77.68895,17.48439],[77.68675,17.48301],[77.68544,17.47564],[77.68299,17.47433],[77.65845,17.48045],[77.6522,17.48427],[77.65639,17.50284],[77.65536,17.50516],[77.64854,17.49655],[77.64419,17.47782],[77.64064,17.47661],[77.63872,17.47347],[77.61676,17.47414],[77.61352,17.47206],[77.61164,17.46658],[77.61367,17.46666],[77.61461,17.45975],[77.61441,17.44627],[77.60295,17.44449],[77.58509,17.45474],[77.5788,17.45576],[77.57912,17.45819],[77.57492,17.44433],[77.57655,17.43054],[77.56798,17.4327],[77.55997,17.43192],[77.53839,17.44132],[77.53695,17.44557],[77.53226,17.44496],[77.51751,17.43229],[77.51427,17.43574],[77.51564,17.41913],[77.51049,17.41398],[77.51322,17.4155],[77.54028,17.40756],[77.52351,17.38804],[77.5273,17.38099],[77.53248,17.38103],[77.52967,17.37099],[77.52419,17.36412],[77.50546,17.35851],[77.50329,17.35524],[77.48857,17.35866],[77.48348,17.35487],[77.47472,17.36156],[77.47625,17.36237],[77.47675,17.36833],[77.47928,17.37046],[77.45291,17.37381],[77.45139,17.35272],[77.45683,17.34923],[77.45666,17.32325],[77.45154,17.32331],[77.45217,17.31766],[77.44806,17.30666],[77.44579,17.30701],[77.44309,17.30057],[77.44027,17.30045],[77.43733,17.29243],[77.45494,17.28814],[77.45896,17.27946],[77.4544,17.27644],[77.45247,17.27015],[77.44469,17.27065],[77.43659,17.25999],[77.42609,17.2559],[77.42096,17.24487],[77.42069,17.23672],[77.41154,17.23693],[77.40958,17.23987],[77.40776,17.23968],[77.40523,17.23563],[77.38515,17.22403],[77.38135,17.25122],[77.3686,17.25502],[77.36569,17.24544],[77.35908,17.24527],[77.35284,17.24218],[77.34132,17.24198],[77.34,17.24221],[77.33985,17.24748],[77.33628,17.24757],[77.33332,17.25847],[77.32424,17.25985],[77.31667,17.25404],[77.3044,17.25667],[77.27972,17.25556],[77.26798,17.26113],[77.26557,17.27682],[77.26272,17.28256],[77.2623,17.28914],[77.26107,17.28865],[77.26102,17.30171],[77.26501,17.31422],[77.26207,17.35338],[77.26377,17.35342],[77.26435,17.357],[77.26903,17.35898],[77.27416,17.36806],[77.27811,17.37085],[77.28486,17.3719],[77.29057,17.38784],[77.29165,17.39618],[77.28927,17.39739],[77.28837,17.40416],[77.28433,17.40818],[77.28486,17.41024],[77.2772,17.41022],[77.2791,17.41612],[77.28407,17.42017],[77.28045,17.43852],[77.28512,17.44327],[77.2798,17.44473],[77.27791,17.46798],[77.27603,17.47031]]]},"properties":{"taluk":"Chincholi","district":"Kalaburagi","region_id":"subdistrict_5583","level":"taluk"}},{"type":"Feature","geometry":{"type":"Polygon","coordinates":[[[76.91569,16.86169],[76.92736,16.87961],[76.93456,16.88306],[76.95021,16.88498],[76.95266,16.89103],[76.93735,16.9288],[76.93059,16.95488],[76.9307,16.96359],[76.93942,16.98083],[76.93897,16.98776],[76.93406,16.99724],[76.91579,17.00928],[76.9133,17.01591],[76.9139,17.01996],[76.92391,17.03293],[76.92617,17.03913],[76.91882,17.04414],[76.90616,17.04352],[76.9053,17.05015],[76.9111,17.05529],[76.93208,17.05916],[76.94556,17.07516],[76.94938,17.08481],[76.9505,17.09573],[76.95849,17.1124],[76.96716,17.14132],[76.96154,17.14979],[76.96235,17.15426],[76.97832,17.16095],[76.99615,17.16346],[77.00655,17.17142],[77.00666,17.17398],[77.00461,17.17659],[77.0021,17.19331],[76.97889,17.19757],[76.97446,17.20235],[76.97271,17.20984],[76.97329,17.21992],[76.95124,17.21927],[76.94994,17.20629],[76.94105,17.2055],[76.92266,17.20838],[76.92711,17.23238],[76.92872,17.25923],[76.95556,17.25617],[76.97151,17.25803],[76.97249,17.26658],[76.97969,17.26909],[76.98081,17.2752],[76.98452,17.27791],[76.99838,17.27675],[77.00228,17.27975],[77.00381,17.28896],[77.00021,17.29996],[76.98864,17.30075],[76.9867,17.31158],[76.98808,17.31773],[76.99873,17.31952],[77.00695,17.31703],[77.01645,17.3093],[77.01693,17.30685],[77.01992,17.306],[77.03159,17.30955],[77.04428,17.31729],[77.05354,17.3114],[77.05469,17.30572],[77.05252,17.29763],[77.06254,17.29446],[77.06109,17.28869],[77.06358,17.28729],[77.07289,17.28663],[77.07389,17.28375],[77.07727,17.28215],[77.07809,17.2856],[77.08732,17.28901],[77.08787,17.291],[77.09195,17.29152],[77.09753,17.28733],[77.10124,17.27871],[77.09947,17.2639],[77.10034,17.25474],[77.10244,17.25493],[77.10519,17.24524],[77.12609,17.24529],[77.12947,17.24284],[77.13378,17.24296],[77.13662,17.23981],[77.1356,17.23407],[77.15344,17.23584],[77.15347,17.21555],[77.1503,17.21561],[77.15134,17.2084],[77.12653,17.2054],[77.12644,17.19126],[77.12898,17.18292],[77.108,17.1756],[77.11019,17.16999],[77.11493,17.17039],[77.11824,17.16064],[77.12644,17.16424],[77.12796,17.1613],[77.12956,17.16162],[77.13127,17.15493],[77.15155,17.15149],[77.1517,17.1453],[77.15477,17.1447],[77.1576,17.136],[77.15635,17.12826],[77.15399,17.12794],[77.15563,17.11991],[77.15148,17.12111],[77.15146,17.11854],[77.1649,17.11763],[77.16357,17.12107],[77.17212,17.11941],[77.17243,17.12274],[77.19443,17.12349],[77.19564,17.10967],[77.20673,17.1097],[77.20506,17.0909],[77.1985,17.08359],[77.19772,17.07972],[77.19523,17.08004],[77.19138,17.07261],[77.19198,17.05102],[77.19633,17.0499],[77.19746,17.04596],[77.20009,17.04434],[77.19937,17.04237],[77.20616,17.04072],[77.20998,17.03764],[77.21322,17.03196],[77.21258,17.02717],[77.21946,17.02721],[77.21836,17.02021],[77.22044,17.01865],[77.21977,17.01544],[77.22448,17.00809],[77.22415,17.0031],[77.22832,16.9943],[77.22812,16.99116],[77.20703,16.98479],[77.21021,16.96737],[77.21704,16.96656],[77.2184,16.96393],[77.21995,16.95607],[77.21894,16.95069],[77.21279,16.94699],[77.20783,16.93755],[77.2009,16.93589],[77.19583,16.93021],[77.19192,16.92892],[77.18472,16.9354],[77.16737,16.93014],[77.15384,16.91431],[77.15026,16.91573],[77.13799,16.91485],[77.12797,16.91746],[77.12021,16.90988],[77.10599,16.90243],[77.09306,16.90548],[77.08938,16.9137],[77.08684,16.93006],[77.08822,16.93275],[77.09029,16.93072],[77.092,16.93224],[77.09103,16.93501],[77.08921,16.93428],[77.0866,16.93642],[77.08823,16.94525],[77.0788,16.93846],[77.07299,16.93723],[77.07229,16.93192],[77.06855,16.93229],[77.06811,16.94185],[77.07062,16.95329],[77.06393,16.95379],[77.0649,16.95145],[77.04569,16.93229],[77.04124,16.923],[77.0336,16.92504],[77.02426,16.92468],[77.01992,16.92753],[77.0176,16.89897],[77.02734,16.89546],[77.02824,16.89358],[77.03327,16.89311],[77.03329,16.88467],[77.04179,16.88149],[77.04306,16.8702],[77.04185,16.86838],[77.03558,16.8699],[77.03037,16.86933],[77.03022,16.8678],[77.02075,16.86846],[77.00747,16.85777],[77.0003,16.85999],[76.98171,16.86111],[76.98117,16.85877],[76.9796,16.85962],[76.97876,16.85436],[76.98325,16.83983],[76.99532,16.8375],[76.99467,16.83298],[76.99309,16.83299],[76.98959,16.81157],[76.98034,16.80918],[76.96983,16.81684],[76.95405,16.82437],[76.94906,16.82928],[76.92861,16.83188],[76.92424,16.82968],[76.91933,16.81823],[76.91431,16.81613],[76.90947,16.81798],[76.90348,16.83315],[76.90207,16.85334],[76.90441,16.85758],[76.91569,16.86169]]]},"properties":{"taluk":"Chittapur","district":"Kalaburagi","region_id":"subdistrict_5585","level":"taluk"}},{"type":"Feature","geometry":{"type":"MultiPolygon","coordinates":[[[[76.92093,16.87037],[76.91332,16.87537],[76.90202,16.87855],[76.90237,16.89347],[76.87054,16.89648],[76.87072,16.89313],[76.85671,16.8921],[76.85435,16.87791],[76.84872,16.87508],[76.84569,16.8684],[76.84139,16.86679],[76.83805,16.8687],[76.83503,16.86745],[76.82807,16.8703],[76.82881,16.87303],[76.8169,16.87403],[76.81362,16.85881],[76.8113,16.85572],[76.80212,16.84922],[76.7913,16.85009],[76.78907,16.8375],[76.75897,16.84535],[76.75351,16.83815],[76.75831,16.83139],[76.75405,16.82195],[76.75678,16.81705],[76.75471,16.81448],[76.73264,16.81981],[76.73533,16.83131],[76.71655,16.83445],[76.71443,16.83653],[76.7148,16.84561],[76.71756,16.8499],[76.72356,16.85385],[76.73243,16.85543],[76.73287,16.87204],[76.71421,16.87295],[76.71412,16.88449],[76.72585,16.90953],[76.72766,16.92001],[76.71908,16.93937],[76.69566,16.94545],[76.67306,16.94145],[76.66869,16.95476],[76.65699,16.95406],[76.65631,16.95951],[76.64326,16.95802],[76.6259,16.96174],[76.60912,16.95519],[76.58799,16.95224],[76.5763,16.95396],[76.55966,16.96416],[76.55179,16.96341],[76.55048,16.96045],[76.54587,16.96032],[76.52594,16.9679],[76.52026,16.95753],[76.50455,16.96276],[76.49484,16.96253],[76.49546,16.98021],[76.47993,16.98806],[76.47799,16.99657],[76.47045,17.00112],[76.46533,16.99762],[76.46189,16.99209],[76.45693,16.99332],[76.454,16.9914],[76.45274,16.97786],[76.45814,16.96789],[76.4634,16.965],[76.45162,16.94145],[76.44758,16.94023],[76.43404,16.94352],[76.4342,16.94038],[76.42801,16.92723],[76.41808,16.92795],[76.39931,16.93529],[76.40236,16.94334],[76.40063,16.97733],[76.42451,16.97839],[76.4368,16.98182],[76.44107,16.99911],[76.43329,17.02448],[76.43775,17.02689],[76.43118,17.02962],[76.42719,17.05344],[76.43095,17.05313],[76.43178,17.05829],[76.42969,17.09888],[76.42199,17.11109],[76.42025,17.12019],[76.42514,17.12287],[76.44725,17.12495],[76.45216,17.12785],[76.4527,17.13247],[76.44751,17.14348],[76.45008,17.14758],[76.46621,17.1473],[76.48674,17.13813],[76.49156,17.13787],[76.50102,17.14468],[76.51449,17.16112],[76.5168,17.17456],[76.52564,17.17748],[76.54176,17.17514],[76.54822,17.18424],[76.55272,17.18612],[76.57425,17.17902],[76.57771,17.17597],[76.57776,17.17281],[76.56845,17.16242],[76.56387,17.14499],[76.55442,17.1307],[76.54579,17.12612],[76.52972,17.1269],[76.51972,17.12164],[76.50904,17.10164],[76.5089,17.09675],[76.51129,17.09204],[76.51573,17.08911],[76.52044,17.08892],[76.52938,17.09513],[76.55949,17.1001],[76.56636,17.10639],[76.57151,17.10853],[76.58287,17.10189],[76.58582,17.0981],[76.58545,17.08711],[76.58393,17.08422],[76.5603,17.07046],[76.55919,17.06439],[76.56103,17.06087],[76.58086,17.06588],[76.60265,17.05953],[76.60589,17.06655],[76.60685,17.08098],[76.65832,17.09064],[76.66205,17.09036],[76.68053,17.06808],[76.68838,17.06197],[76.69454,17.05993],[76.69828,17.06166],[76.70315,17.07847],[76.69966,17.0925],[76.70117,17.10048],[76.73726,17.15394],[76.74872,17.16497],[76.75568,17.16587],[76.7695,17.16143],[76.77597,17.15438],[76.77768,17.13899],[76.77617,17.10578],[76.77467,17.10125],[76.7636,17.09449],[76.76252,17.09041],[76.76601,17.08492],[76.78982,17.07454],[76.7984,17.0595],[76.80891,17.05121],[76.81186,17.04554],[76.8263,17.04388],[76.83884,17.04624],[76.84452,17.05046],[76.84837,17.06153],[76.85411,17.06513],[76.86011,17.06158],[76.8664,17.05182],[76.87742,17.04504],[76.88995,17.04125],[76.91469,17.04493],[76.92278,17.04264],[76.92617,17.03913],[76.92391,17.03293],[76.9139,17.01996],[76.9133,17.01591],[76.91579,17.00928],[76.93406,16.99724],[76.93897,16.98776],[76.93942,16.98083],[76.9307,16.96359],[76.93059,16.95488],[76.93735,16.9288],[76.95266,16.89103],[76.95021,16.88498],[76.93456,16.88306],[76.92736,16.87961],[76.92093,16.87037]]],[[[76.72382,16.75261],[76.72847,16.77158],[76.73911,16.77133],[76.73884,16.75166],[76.72382,16.75261]]],[[[76.72415,16.78538],[76.71901,16.77793],[76.70901,16.78053],[76.70924,16.79262],[76.72344,16.78918],[76.72415,16.78538]]]]},"properties":{"taluk":"Jevargi","district":"Kalaburagi","region_id":"subdistrict_5586","level":"taluk"}},{"type":"Feature","geometry":{"type":"Polygon","coordinates":[[[76.92279,17.20861],[76.91666,17.20805],[76.91437,17.21814],[76.90578,17.2179],[76.90383,17.23483],[76.8736,17.24117],[76.87287,17.24798],[76.86593,17.24673],[76.85692,17.23097],[76.85617,17.22157],[76.85178,17.22094],[76.84109,17.21155],[76.83018,17.1952],[76.83696,17.18185],[76.85032,17.18318],[76.88127,17.17574],[76.87957,17.16837],[76.87964,17.14887],[76.87276,17.14763],[76.87068,17.13178],[76.86997,17.12329],[76.87473,17.09778],[76.86934,17.09812],[76.86393,17.07613],[76.85435,17.06509],[76.84837,17.06153],[76.84452,17.05046],[76.83884,17.04624],[76.8263,17.04388],[76.81418,17.04426],[76.80891,17.05121],[76.7984,17.0595],[76.78746,17.07659],[76.76601,17.08492],[76.76387,17.08768],[76.76252,17.09041],[76.7636,17.09449],[76.77554,17.1028],[76.77742,17.14152],[76.77408,17.15764],[76.76502,17.16355],[76.75568,17.16587],[76.74872,17.16497],[76.74063,17.15817],[76.70117,17.10048],[76.69966,17.0925],[76.70315,17.07847],[76.69674,17.0602],[76.68838,17.06197],[76.68053,17.06808],[76.66205,17.09036],[76.61396,17.08325],[76.60665,17.08069],[76.60546,17.08217],[76.61017,17.11331],[76.6028,17.11519],[76.60631,17.12935],[76.61242,17.14052],[76.61233,17.1545],[76.61784,17.15289],[76.63754,17.15284],[76.64117,17.1714],[76.63954,17.18814],[76.65347,17.18853],[76.65396,17.19087],[76.65749,17.18833],[76.67624,17.18318],[76.68645,17.1832],[76.68722,17.19889],[76.67157,17.20527],[76.67282,17.21141],[76.66995,17.22528],[76.67098,17.22973],[76.67399,17.23548],[76.68507,17.2338],[76.69389,17.2357],[76.70489,17.23282],[76.7076,17.24184],[76.70964,17.26998],[76.69708,17.27314],[76.69368,17.27214],[76.69448,17.28736],[76.67989,17.28796],[76.67715,17.28573],[76.66864,17.28742],[76.6685,17.27952],[76.66644,17.27908],[76.65321,17.27982],[76.64654,17.27755],[76.63897,17.2791],[76.62916,17.30793],[76.62909,17.31048],[76.63155,17.31073],[76.63258,17.31454],[76.63831,17.31698],[76.63936,17.3221],[76.64641,17.32838],[76.64903,17.32669],[76.65163,17.32776],[76.65316,17.33236],[76.65612,17.33235],[76.66303,17.34982],[76.66412,17.3613],[76.66045,17.36139],[76.66121,17.37129],[76.65773,17.37112],[76.65802,17.37591],[76.66811,17.37569],[76.69829,17.38968],[76.69845,17.40113],[76.69115,17.40563],[76.69215,17.40908],[76.6873,17.4092],[76.68576,17.41112],[76.68166,17.4243],[76.67854,17.42496],[76.67955,17.43194],[76.69028,17.4431],[76.69455,17.44476],[76.70629,17.42911],[76.71111,17.42967],[76.72285,17.42647],[76.72851,17.43448],[76.73619,17.43456],[76.73997,17.43679],[76.73327,17.44983],[76.75853,17.45135],[76.75328,17.45877],[76.75144,17.46681],[76.77176,17.4737],[76.77392,17.48462],[76.79087,17.48522],[76.82018,17.49106],[76.82172,17.49098],[76.82351,17.48456],[76.84489,17.47998],[76.85574,17.48045],[76.85858,17.48238],[76.86006,17.46437],[76.8631,17.46423],[76.86304,17.4619],[76.86865,17.46137],[76.87487,17.46097],[76.90098,17.46761],[76.91244,17.46721],[76.92105,17.46436],[76.92999,17.46514],[76.93937,17.47011],[76.94502,17.46666],[76.95631,17.46503],[76.96241,17.46583],[76.96942,17.46988],[76.97794,17.45892],[76.97948,17.44946],[76.99793,17.44513],[76.99896,17.43998],[77.00696,17.43346],[77.00024,17.40469],[76.97023,17.40148],[76.96725,17.38569],[76.96362,17.37904],[76.99712,17.3779],[77.01462,17.381],[77.02157,17.37932],[77.02121,17.3774],[77.03128,17.3755],[77.03634,17.36201],[77.04357,17.35224],[77.02947,17.33492],[77.02627,17.32764],[77.04381,17.32109],[77.04326,17.3175],[77.03159,17.30955],[77.01992,17.306],[77.01693,17.30685],[77.01645,17.3093],[77.00695,17.31703],[76.99873,17.31952],[76.98808,17.31773],[76.9867,17.31158],[76.98864,17.30075],[77.00021,17.29996],[77.00381,17.28896],[77.00228,17.27975],[76.99838,17.27675],[76.98452,17.27791],[76.98081,17.2752],[76.97969,17.26909],[76.97249,17.26658],[76.97151,17.25803],[76.95556,17.25617],[76.92872,17.25923],[76.92682,17.23045],[76.92279,17.20861]]]},"properties":{"taluk":"Kalaburagi","district":"Kalaburagi","region_id":"subdistrict_5582","level":"taluk"}},{"type":"Feature","geometry":{"type":"Polygon","coordinates":[[[77.04885,17.50605],[77.06359,17.51364],[77.07236,17.52387],[77.07824,17.53156],[77.08133,17.54304],[77.08349,17.54466],[77.09075,17.54112],[77.09859,17.53993],[77.09718,17.53956],[77.09848,17.53588],[77.09279,17.51012],[77.10814,17.51145],[77.11549,17.51661],[77.12731,17.52967],[77.14303,17.51505],[77.1466,17.51695],[77.14803,17.51463],[77.14499,17.50103],[77.15192,17.49199],[77.15624,17.49051],[77.15,17.48532],[77.14809,17.48101],[77.15013,17.47394],[77.15511,17.47491],[77.15219,17.47159],[77.1519,17.46386],[77.14627,17.45926],[77.14582,17.45538],[77.1538,17.45923],[77.16048,17.46882],[77.16856,17.47259],[77.172,17.47744],[77.17234,17.48186],[77.17574,17.4811],[77.17947,17.48431],[77.19961,17.48865],[77.20448,17.50684],[77.21105,17.50971],[77.23735,17.51127],[77.23752,17.50394],[77.23227,17.49447],[77.2529,17.48946],[77.2711,17.49178],[77.26227,17.47445],[77.26958,17.47109],[77.27432,17.47133],[77.27791,17.46798],[77.2798,17.44473],[77.28512,17.44327],[77.28045,17.43852],[77.28407,17.42017],[77.2791,17.41612],[77.2772,17.41022],[77.28486,17.41024],[77.28433,17.40818],[77.28837,17.40416],[77.28927,17.39739],[77.29165,17.39618],[77.29057,17.38784],[77.28486,17.3719],[77.27811,17.37085],[77.27416,17.36806],[77.26903,17.35898],[77.26435,17.357],[77.26377,17.35342],[77.2621,17.35355],[77.26501,17.31422],[77.26102,17.30171],[77.26107,17.28865],[77.2623,17.28914],[77.26272,17.28256],[77.26557,17.27682],[77.26803,17.26108],[77.2593,17.26312],[77.25663,17.2487],[77.23494,17.2486],[77.23503,17.24604],[77.22723,17.24633],[77.22583,17.25123],[77.20094,17.25444],[77.19851,17.26587],[77.1845,17.26313],[77.18152,17.2492],[77.17471,17.23719],[77.16196,17.23792],[77.14921,17.23458],[77.1363,17.23399],[77.13486,17.23607],[77.13662,17.23981],[77.13378,17.24296],[77.12947,17.24284],[77.12609,17.24529],[77.10519,17.24524],[77.10244,17.25493],[77.10034,17.25474],[77.09947,17.2639],[77.10124,17.27871],[77.09753,17.28733],[77.09195,17.29152],[77.08787,17.291],[77.08732,17.28901],[77.07809,17.2856],[77.07727,17.28215],[77.07389,17.28375],[77.07289,17.28663],[77.06358,17.28729],[77.06109,17.28869],[77.06254,17.29446],[77.05252,17.29763],[77.05469,17.30572],[77.05288,17.31213],[77.04306,17.31727],[77.04381,17.32109],[77.02627,17.32764],[77.02947,17.33492],[77.04357,17.35224],[77.03634,17.36201],[77.03128,17.3755],[77.02121,17.3774],[77.02157,17.37932],[77.01462,17.381],[76.99712,17.3779],[76.96362,17.37904],[76.96725,17.38569],[76.97023,17.40148],[77.00024,17.40469],[77.00696,17.43346],[76.99896,17.43998],[76.99881,17.45033],[77.00035,17.4533],[77.01545,17.45591],[77.01957,17.46658],[77.03438,17.47714],[77.04405,17.48139],[77.04618,17.48981],[77.04579,17.50749],[77.04885,17.50605]]]},"properties":{"taluk":"Kalagi","district":"Kalaburagi","region_id":"subdistrict_7087","level":"taluk"}},{"type":"Feature","geometry":{"type":"Polygon","coordinates":[[[76.77697,17.63633],[76.78515,17.63694],[76.78444,17.63927],[76.78895,17.64275],[76.78754,17.64748],[76.79201,17.65275],[76.80715,17.65026],[76.80686,17.64853],[76.82234,17.65145],[76.83535,17.64938],[76.83771,17.65245],[76.84183,17.65379],[76.84999,17.64586],[76.85541,17.64361],[76.86701,17.64705],[76.8831,17.64282],[76.89887,17.64488],[76.90763,17.63487],[76.91418,17.63903],[76.92934,17.63725],[76.92467,17.6247],[76.91948,17.62184],[76.92225,17.61811],[76.92192,17.60991],[76.92943,17.60599],[76.94125,17.60665],[76.94127,17.60978],[76.95134,17.62055],[76.95195,17.62423],[76.95732,17.62056],[76.95722,17.63443],[76.9604,17.63643],[76.96057,17.63863],[76.96588,17.64048],[76.97063,17.64606],[76.97726,17.64774],[76.98375,17.65297],[76.98476,17.65602],[76.98306,17.66286],[76.9775,17.66555],[76.97616,17.68061],[76.98023,17.68741],[76.98245,17.69614],[76.98085,17.69814],[76.9861,17.69868],[76.99004,17.69625],[76.99259,17.69571],[76.99403,17.6974],[76.99678,17.69506],[77.0006,17.69548],[77.00662,17.6877],[77.01376,17.68497],[77.01815,17.67937],[77.03332,17.68231],[77.03489,17.6813],[77.03489,17.67184],[77.03932,17.67165],[77.04099,17.66764],[77.05804,17.67341],[77.07343,17.66177],[77.08084,17.66216],[77.0852,17.65891],[77.0894,17.66867],[77.10434,17.66864],[77.1063,17.67335],[77.11459,17.67793],[77.11768,17.68603],[77.12695,17.68631],[77.12818,17.68176],[77.13266,17.68217],[77.13193,17.66113],[77.13626,17.66084],[77.13745,17.65765],[77.14485,17.65562],[77.14342,17.64676],[77.14965,17.64247],[77.15129,17.63723],[77.14977,17.63202],[77.14482,17.63203],[77.14322,17.62587],[77.13764,17.62399],[77.13458,17.61131],[77.13624,17.60681],[77.13434,17.60293],[77.14262,17.60306],[77.14164,17.5944],[77.1496,17.59118],[77.1551,17.58484],[77.16041,17.58469],[77.1595,17.57727],[77.17092,17.57697],[77.16804,17.57657],[77.1669,17.57303],[77.16258,17.57194],[77.15739,17.56684],[77.16212,17.5529],[77.16132,17.54861],[77.1693,17.54587],[77.17028,17.54358],[77.16867,17.53967],[77.16072,17.5321],[77.15793,17.52302],[77.14303,17.51505],[77.12731,17.52967],[77.11549,17.51661],[77.10814,17.51145],[77.09279,17.51012],[77.09848,17.53588],[77.09718,17.53956],[77.09859,17.53993],[77.09075,17.54112],[77.08349,17.54466],[77.08133,17.54304],[77.07824,17.53156],[77.06359,17.51364],[77.05055,17.50635],[77.04584,17.50761],[77.04618,17.48981],[77.04405,17.48139],[77.03438,17.47714],[77.01957,17.46658],[77.01545,17.45591],[77.00035,17.4533],[76.99787,17.4448],[76.97974,17.44924],[76.97794,17.45892],[76.97178,17.46848],[76.96764,17.4702],[76.96241,17.46583],[76.95631,17.46503],[76.94502,17.46666],[76.93937,17.47011],[76.92999,17.46514],[76.92105,17.46436],[76.91244,17.46721],[76.9032,17.46772],[76.87487,17.46097],[76.86304,17.4619],[76.8631,17.46423],[76.86006,17.46437],[76.85858,17.48238],[76.85574,17.48045],[76.84489,17.47998],[76.82351,17.48456],[76.82172,17.49098],[76.81581,17.49029],[76.81681,17.50351],[76.82999,17.50397],[76.83082,17.50738],[76.8331,17.50746],[76.8334,17.51533],[76.8329,17.52071],[76.82585,17.52105],[76.82146,17.5252],[76.80863,17.52402],[76.80651,17.53279],[76.80584,17.54389],[76.81564,17.55115],[76.823,17.55149],[76.82261,17.5626],[76.81941,17.56427],[76.80756,17.56376],[76.80654,17.56681],[76.80089,17.56769],[76.8007,17.57768],[76.80764,17.57744],[76.80927,17.58233],[76.81617,17.58577],[76.81589,17.5911],[76.81263,17.59154],[76.81237,17.59489],[76.80761,17.5964],[76.8098,17.59962],[76.78964,17.60542],[76.79096,17.60963],[76.78714,17.61174],[76.78125,17.62029],[76.77422,17.62215],[76.77697,17.63633]]]},"properties":{"taluk":"Kamalapur","district":"Kalaburagi","region_id":"subdistrict_7090","level":"taluk"}},{"type":"Feature","geometry":{"type":"Polygon","coordinates":[[[77.1576,17.136],[77.15477,17.1447],[77.1517,17.1453],[77.15155,17.15149],[77.13127,17.15493],[77.12956,17.16162],[77.12796,17.1613],[77.12644,17.16424],[77.11824,17.16064],[77.11493,17.17039],[77.11019,17.16999],[77.108,17.1756],[77.12898,17.18292],[77.12644,17.19126],[77.12653,17.2054],[77.15134,17.2084],[77.1503,17.21561],[77.15347,17.21555],[77.15351,17.23602],[77.16196,17.23792],[77.17471,17.23719],[77.18152,17.2492],[77.18395,17.262],[77.18755,17.26463],[77.19851,17.26587],[77.20094,17.25444],[77.22583,17.25123],[77.22611,17.24679],[77.22757,17.24626],[77.23503,17.24604],[77.23494,17.2486],[77.25663,17.2487],[77.2593,17.26312],[77.27972,17.25556],[77.3044,17.25667],[77.31667,17.25404],[77.32424,17.25985],[77.33332,17.25847],[77.33628,17.24757],[77.33985,17.24748],[77.34,17.24221],[77.34132,17.24198],[77.35284,17.24218],[77.35908,17.24527],[77.36569,17.24544],[77.3686,17.25502],[77.38135,17.25122],[77.38513,17.2241],[77.38016,17.22108],[77.38197,17.21841],[77.38939,17.21512],[77.40211,17.21396],[77.40207,17.21048],[77.39851,17.21019],[77.3967,17.20739],[77.39389,17.19409],[77.38228,17.19714],[77.37436,17.1975],[77.37159,17.19579],[77.37357,17.19372],[77.37318,17.19055],[77.36912,17.18692],[77.37124,17.18273],[77.36965,17.17635],[77.36533,17.17153],[77.3669,17.16892],[77.36164,17.16403],[77.36362,17.16319],[77.36426,17.15884],[77.36744,17.15916],[77.36613,17.15486],[77.37995,17.15207],[77.37816,17.14014],[77.3948,17.13579],[77.40465,17.13545],[77.40744,17.12597],[77.43117,17.11877],[77.44359,17.12349],[77.4596,17.11459],[77.46467,17.10662],[77.46144,17.09145],[77.46484,17.09093],[77.47539,17.08028],[77.4826,17.08],[77.48087,17.07487],[77.47907,17.07497],[77.48373,17.05891],[77.49089,17.05011],[77.4891,17.04941],[77.48968,17.04712],[77.49758,17.04388],[77.4958,17.02945],[77.50315,17.014],[77.50228,17.00976],[77.49798,17.00961],[77.49286,17.00427],[77.48691,17.00335],[77.48093,16.99789],[77.47913,16.99463],[77.48283,16.98998],[77.48201,16.9728],[77.473,16.95784],[77.46599,16.95894],[77.465,16.95709],[77.46667,16.95042],[77.46502,16.94422],[77.46811,16.9398],[77.46476,16.92943],[77.46922,16.92801],[77.46956,16.9216],[77.4665,16.91532],[77.45907,16.91747],[77.4585,16.91511],[77.45376,16.91427],[77.45426,16.9105],[77.45794,16.90893],[77.45596,16.90011],[77.45895,16.89489],[77.45576,16.8855],[77.4246,16.88509],[77.41819,16.88202],[77.41567,16.87704],[77.4134,16.87732],[77.40975,16.87354],[77.40924,16.87855],[77.40137,16.88218],[77.40439,16.89515],[77.39984,16.89617],[77.39959,16.89891],[77.40124,16.89956],[77.40188,16.897],[77.40455,16.89685],[77.40597,16.90184],[77.40409,16.90031],[77.39597,16.9037],[77.38851,16.89121],[77.38734,16.89789],[77.38445,16.89826],[77.38299,16.89449],[77.3801,16.89636],[77.37616,16.89512],[77.37613,16.89806],[77.37034,16.89787],[77.36625,16.90423],[77.35044,16.90771],[77.3411,16.93458],[77.34003,16.93135],[77.33605,16.9305],[77.32029,16.9363],[77.31768,16.93554],[77.31116,16.92766],[77.2939,16.93296],[77.28947,16.93738],[77.27327,16.9282],[77.26566,16.92984],[77.26207,16.928],[77.25021,16.93372],[77.2462,16.93243],[77.24499,16.93947],[77.24222,16.94209],[77.23156,16.93811],[77.23144,16.943],[77.2268,16.9405],[77.22437,16.94257],[77.21163,16.94441],[77.21326,16.94755],[77.21894,16.95069],[77.21995,16.95607],[77.21704,16.96656],[77.21021,16.96737],[77.2071,16.98511],[77.22812,16.99116],[77.22832,16.9943],[77.22415,17.0031],[77.22448,17.00809],[77.21977,17.01544],[77.22044,17.01865],[77.21836,17.02021],[77.21946,17.02721],[77.21258,17.02717],[77.21322,17.03196],[77.20998,17.03764],[77.20616,17.04072],[77.19937,17.04237],[77.20009,17.04434],[77.19746,17.04596],[77.19633,17.0499],[77.19198,17.05102],[77.19138,17.07261],[77.19523,17.08004],[77.19772,17.07972],[77.1985,17.08359],[77.20506,17.0909],[77.20673,17.1097],[77.19564,17.10967],[77.19443,17.12349],[77.17243,17.12274],[77.17212,17.11941],[77.16357,17.12107],[77.1649,17.11763],[77.15146,17.11854],[77.15148,17.12111],[77.15563,17.11991],[77.15592,17.12084],[77.15447,17.12125],[77.15399,17.12794],[77.15635,17.12826],[77.1576,17.136]]]},"properties":{"taluk":"Sedam","district":"Kalaburagi","region_id":"subdistrict_5584","level":"taluk"}},{"type":"Feature","geometry":{"type":"Polygon","coordinates":[[[76.91666,17.20805],[76.94105,17.2055],[76.94994,17.20629],[76.95124,17.21927],[76.97329,17.21992],[76.97317,17.20422],[76.97889,17.19757],[77.0021,17.19331],[77.00655,17.17142],[76.99196,17.16179],[76.97832,17.16095],[76.96235,17.15426],[76.96154,17.14979],[76.96722,17.14233],[76.96494,17.13216],[76.95849,17.1124],[76.9505,17.09573],[76.94795,17.0808],[76.93502,17.06137],[76.93069,17.05859],[76.90905,17.05404],[76.9053,17.05015],[76.90616,17.04352],[76.88562,17.0421],[76.87098,17.04803],[76.85804,17.06371],[76.85435,17.06509],[76.86393,17.07613],[76.86934,17.09812],[76.87473,17.09778],[76.86997,17.12329],[76.87068,17.13178],[76.87276,17.14763],[76.87964,17.14887],[76.87957,17.16837],[76.88127,17.17574],[76.85032,17.18318],[76.83696,17.18185],[76.83018,17.1952],[76.84109,17.21155],[76.85178,17.22094],[76.85617,17.22157],[76.85692,17.23097],[76.86593,17.24673],[76.87287,17.24798],[76.8736,17.24117],[76.90383,17.23483],[76.90578,17.2179],[76.91437,17.21814],[76.91666,17.20805]]]},"properties":{"taluk":"Shahabad","district":"Kalaburagi","region_id":"subdistrict_7088","level":"taluk"}},{"type":"Feature","geometry":{"type":"Polygon","coordinates":[[[76.67584,16.76553],[76.66095,16.76719],[76.65257,16.75239],[76.65456,16.73782],[76.65928,16.72556],[76.64545,16.73274],[76.63529,16.73494],[76.63518,16.74508],[76.62271,16.74223],[76.62378,16.76519],[76.59982,16.76711],[76.5813,16.76567],[76.58116,16.75865],[76.57132,16.75606],[76.5703,16.75251],[76.55365,16.75299],[76.55352,16.75106],[76.54895,16.75131],[76.54737,16.74736],[76.52305,16.75105],[76.51561,16.7506],[76.50244,16.73847],[76.50311,16.7231],[76.48086,16.71189],[76.46104,16.711],[76.45945,16.72331],[76.45058,16.72454],[76.44661,16.72344],[76.44256,16.7138],[76.42267,16.71764],[76.42282,16.73074],[76.42898,16.73403],[76.42872,16.73817],[76.44019,16.74252],[76.43856,16.75242],[76.44275,16.75715],[76.43546,16.76457],[76.41844,16.76885],[76.41848,16.76464],[76.41125,16.76455],[76.41136,16.76807],[76.38359,16.76928],[76.37061,16.76752],[76.3778,16.80112],[76.39053,16.80224],[76.39622,16.80571],[76.40105,16.8009],[76.4103,16.79868],[76.41387,16.81348],[76.3512,16.81934],[76.35875,16.84251],[76.36612,16.84764],[76.37424,16.85844],[76.38655,16.85631],[76.40456,16.85864],[76.40436,16.85382],[76.42913,16.85086],[76.42958,16.83715],[76.45968,16.83293],[76.4637,16.83869],[76.4709,16.8391],[76.47076,16.84691],[76.46737,16.84953],[76.46226,16.84926],[76.46179,16.8593],[76.45878,16.8601],[76.45881,16.86725],[76.43801,16.86832],[76.43681,16.88187],[76.4334,16.88222],[76.43381,16.89776],[76.44322,16.89762],[76.46581,16.90229],[76.46314,16.91904],[76.45872,16.92769],[76.45185,16.92754],[76.44758,16.94023],[76.45162,16.94145],[76.46317,16.96282],[76.4634,16.965],[76.45814,16.96789],[76.45256,16.97838],[76.454,16.9914],[76.45693,16.99332],[76.46189,16.99209],[76.46533,16.99762],[76.47045,17.00112],[76.47799,16.99657],[76.47993,16.98806],[76.49546,16.98021],[76.49484,16.96253],[76.50455,16.96276],[76.52026,16.95753],[76.52594,16.9679],[76.54587,16.96032],[76.55048,16.96045],[76.55179,16.96341],[76.55966,16.96416],[76.5763,16.95396],[76.58799,16.95224],[76.60912,16.95519],[76.6259,16.96174],[76.64326,16.95802],[76.65631,16.95951],[76.65699,16.95406],[76.66869,16.95476],[76.67306,16.94145],[76.69566,16.94545],[76.71989,16.93841],[76.72766,16.92001],[76.72585,16.90953],[76.71412,16.88449],[76.71421,16.87295],[76.73287,16.87204],[76.73243,16.85543],[76.72356,16.85385],[76.71756,16.8499],[76.7148,16.84561],[76.71443,16.83653],[76.71655,16.83445],[76.73533,16.83131],[76.73264,16.81981],[76.74491,16.81625],[76.74537,16.77812],[76.73654,16.7763],[76.7346,16.77918],[76.72726,16.78133],[76.72356,16.78548],[76.72344,16.78918],[76.70924,16.79262],[76.70215,16.78834],[76.69898,16.79021],[76.69754,16.78583],[76.67948,16.78479],[76.67584,16.76553]]]},"properties":{"taluk":"Yadrami","district":"Kalaburagi","region_id":"subdistrict_7089","level":"taluk"}},{"type":"Feature","geometry":{"type":"Polygon","coordinates":[[[75.88264,12.98274],[75.88049,12.9922],[75.87735,12.99502],[75.88111,13.00301],[75.87676,13.00904],[75.88289,13.01445],[75.8871,13.01221],[75.8868,13.00849],[75.89205,13.00347],[75.8973,13.00257],[75.9005,13.00539],[75.90251,13.0149],[75.89428,13.01737],[75.8944,13.02323],[75.88982,13.02568],[75.89365,13.02932],[75.89641,13.02772],[75.90519,13.02984],[75.90725,13.04296],[75.91699,13.04715],[75.91949,13.05841],[75.91238,13.06129],[75.91636,13.06934],[75.91931,13.06725],[75.93141,13.06673],[75.9403,13.06079],[75.93968,13.05922],[75.94798,13.04462],[75.95109,13.04407],[75.95564,13.04738],[75.96243,13.05716],[75.97138,13.04822],[75.98226,13.0319],[75.98816,13.03361],[75.99443,13.0389],[75.99806,13.03867],[75.99991,13.03265],[76.00635,13.02963],[76.01101,13.03125],[76.01589,13.03707],[76.01911,13.03607],[76.02415,13.01395],[76.03432,13.01235],[76.03777,13.0151],[76.04085,13.00351],[76.03753,13.00126],[76.03895,12.99441],[76.03133,12.9893],[76.03363,12.98327],[76.02647,12.97824],[76.02637,12.97063],[76.03259,12.97144],[76.03874,12.96801],[76.04962,12.96909],[76.05109,12.96627],[76.05771,12.96662],[76.05841,12.96429],[76.05532,12.95879],[76.04503,12.96102],[76.04359,12.95016],[76.04023,12.94886],[76.0409,12.94665],[76.0386,12.94503],[76.04254,12.94358],[76.04009,12.93222],[76.03429,12.92954],[76.03453,12.92671],[76.03167,12.92591],[76.02587,12.93121],[76.0225,12.93066],[76.02578,12.91713],[76.0242,12.9099],[76.01793,12.90382],[76.01854,12.89811],[76.01586,12.90006],[76.01405,12.90595],[76.01127,12.90735],[76.00519,12.89907],[75.99801,12.89721],[75.99822,12.89555],[76.00362,12.89423],[76.00369,12.89081],[75.99899,12.89196],[75.99653,12.8902],[75.99907,12.88317],[76.00593,12.87659],[76.00914,12.86925],[76.02643,12.86464],[76.02759,12.86104],[76.02469,12.85063],[76.0289,12.85361],[76.03055,12.85189],[76.02877,12.8487],[76.03373,12.84771],[76.04102,12.84927],[76.04255,12.85387],[76.04914,12.85134],[76.04705,12.84494],[76.04881,12.83857],[76.0449,12.83551],[76.04695,12.83176],[76.04671,12.82657],[76.04948,12.82446],[76.04897,12.81984],[76.03989,12.8181],[76.03224,12.81215],[76.02289,12.8096],[76.01936,12.80498],[75.99826,12.8005],[75.99348,12.80111],[75.98723,12.80574],[75.97583,12.80274],[75.96569,12.80384],[75.95548,12.80242],[75.95009,12.80011],[75.9471,12.80798],[75.92964,12.80785],[75.9252,12.81217],[75.92817,12.82139],[75.91911,12.82839],[75.91668,12.82554],[75.918,12.81984],[75.91126,12.81629],[75.90217,12.81876],[75.89941,12.82843],[75.89395,12.82876],[75.88078,12.83395],[75.87537,12.83092],[75.87767,12.82647],[75.87444,12.8228],[75.86294,12.81873],[75.8529,12.82156],[75.85483,12.82894],[75.85378,12.83248],[75.84902,12.83316],[75.84809,12.838],[75.84118,12.84336],[75.84271,12.84805],[75.83777,12.85541],[75.83393,12.85595],[75.83177,12.85352],[75.83138,12.86416],[75.82723,12.86826],[75.82381,12.87828],[75.83085,12.8792],[75.82988,12.88103],[75.83698,12.88126],[75.83831,12.8802],[75.83663,12.8747],[75.84767,12.87349],[75.85182,12.87616],[75.85685,12.87591],[75.85661,12.87927],[75.86122,12.88783],[75.86598,12.90432],[75.87195,12.90855],[75.87267,12.91116],[75.88966,12.91151],[75.89589,12.92378],[75.90279,12.92891],[75.90159,12.92991],[75.90281,12.93626],[75.91018,12.94164],[75.90545,12.94849],[75.90778,12.95295],[75.90728,12.95606],[75.89756,12.96308],[75.89659,12.96868],[75.89869,12.97575],[75.89283,12.97743],[75.89185,12.97935],[75.88766,12.97876],[75.88684,12.98238],[75.88264,12.98274]]]},"properties":{"taluk":"Alur","district":"Hassan","region_id":"subdistrict_5557","level":"taluk"}},{"type":"Feature","geometry":{"type":"Polygon","coordinates":[[[75.94322,12.71866],[75.93457,12.73619],[75.93795,12.75023],[75.93378,12.75767],[75.93508,12.75925],[75.93318,12.7648],[75.93484,12.76763],[75.94635,12.76583],[75.95291,12.76802],[75.95824,12.78219],[75.96635,12.7803],[75.96831,12.78281],[75.97101,12.78266],[75.9668,12.79344],[75.96751,12.80372],[75.97459,12.80262],[75.9892,12.80559],[75.99166,12.8023],[75.99659,12.80044],[76.01936,12.80498],[76.02289,12.8096],[76.03224,12.81215],[76.03989,12.8181],[76.04897,12.81984],[76.04948,12.82446],[76.06179,12.81737],[76.07409,12.81796],[76.08138,12.81553],[76.09617,12.81522],[76.10363,12.81732],[76.10782,12.82584],[76.11263,12.82277],[76.11314,12.81877],[76.12173,12.81645],[76.12544,12.81885],[76.14213,12.81984],[76.14838,12.81745],[76.15311,12.82041],[76.15469,12.82563],[76.15758,12.82611],[76.1626,12.82263],[76.16672,12.80031],[76.17118,12.79965],[76.17214,12.79576],[76.17138,12.78691],[76.16171,12.78309],[76.16201,12.77195],[76.16964,12.7697],[76.17017,12.76426],[76.16293,12.75838],[76.15731,12.7589],[76.15877,12.75371],[76.16303,12.75042],[76.16443,12.74276],[76.1612,12.7391],[76.15906,12.73015],[76.15734,12.73001],[76.15704,12.72023],[76.16062,12.71824],[76.1603,12.71414],[76.15456,12.71239],[76.15499,12.70339],[76.15692,12.70247],[76.15753,12.6894],[76.15598,12.68554],[76.16128,12.68048],[76.16318,12.66111],[76.16861,12.65297],[76.16804,12.6502],[76.15933,12.64994],[76.15918,12.64763],[76.16306,12.63412],[76.17036,12.63495],[76.16924,12.62529],[76.17225,12.62108],[76.17587,12.62037],[76.17553,12.61291],[76.17725,12.61206],[76.17748,12.6077],[76.18196,12.60814],[76.18143,12.61104],[76.18345,12.61213],[76.18122,12.6138],[76.18711,12.61072],[76.18672,12.61227],[76.18869,12.61252],[76.19323,12.59868],[76.18997,12.59383],[76.19333,12.59197],[76.19179,12.58999],[76.19223,12.58517],[76.19643,12.57749],[76.18395,12.57723],[76.18065,12.57521],[76.16762,12.58008],[76.15811,12.57854],[76.15225,12.58014],[76.14897,12.57382],[76.15021,12.57376],[76.14769,12.5658],[76.15639,12.56356],[76.15124,12.55176],[76.15261,12.54647],[76.14391,12.54508],[76.14367,12.53661],[76.13599,12.53778],[76.13468,12.52958],[76.11541,12.52923],[76.11957,12.52196],[76.11793,12.51756],[76.11569,12.51743],[76.11597,12.51245],[76.11188,12.51361],[76.1092,12.51775],[76.10436,12.51853],[76.10103,12.52679],[76.10353,12.53031],[76.09819,12.52888],[76.09925,12.53226],[76.09365,12.53363],[76.08952,12.5383],[76.08662,12.53779],[76.08875,12.54358],[76.09386,12.54315],[76.08985,12.54733],[76.08915,12.5436],[76.08848,12.5458],[76.08783,12.54317],[76.08028,12.54362],[76.08012,12.54563],[76.07398,12.5477],[76.07462,12.55033],[76.07019,12.54942],[76.06981,12.55668],[76.0662,12.55823],[76.05808,12.55616],[76.04777,12.5613],[76.04597,12.57758],[76.03419,12.57519],[76.03079,12.57704],[76.02906,12.57571],[76.02145,12.57718],[76.01819,12.5709],[76.01409,12.56908],[76.01194,12.57271],[76.00994,12.57089],[76.00227,12.57493],[75.99761,12.57987],[75.99727,12.58382],[75.99362,12.58823],[75.98768,12.5811],[75.98896,12.57413],[75.98137,12.57371],[75.97257,12.57737],[75.96912,12.57693],[75.97274,12.57115],[75.97492,12.56244],[75.96714,12.55966],[75.96456,12.56054],[75.95606,12.5724],[75.9475,12.59733],[75.93978,12.60631],[75.93924,12.60905],[75.94713,12.61359],[75.9493,12.62101],[75.94431,12.62925],[75.94006,12.62788],[75.93624,12.62984],[75.94047,12.63221],[75.94281,12.63657],[75.93802,12.64357],[75.94098,12.65768],[75.9476,12.66399],[75.93998,12.6744],[75.94118,12.67577],[75.9544,12.67622],[75.95842,12.68043],[75.95967,12.68294],[75.95847,12.68998],[75.96474,12.70003],[75.96479,12.70349],[75.96254,12.70531],[75.96614,12.70977],[75.94322,12.71866]]]},"properties":{"taluk":"Arkalgud","district":"Hassan","region_id":"subdistrict_5558","level":"taluk"}},{"type":"Feature","geometry":{"type":"Polygon","coordinates":[[[76.12623,13.20849],[76.12548,13.2107],[76.12062,13.20983],[76.10857,13.26968],[76.09672,13.27035],[76.09084,13.27354],[76.08632,13.28831],[76.07285,13.28788],[76.06872,13.28263],[76.05504,13.27467],[76.0546,13.26635],[76.05856,13.25835],[76.05898,13.25045],[76.04877,13.25261],[76.03903,13.25998],[76.04062,13.26404],[76.03883,13.26645],[76.04213,13.26608],[76.04055,13.26774],[76.04313,13.27563],[76.04008,13.28328],[76.03946,13.29388],[76.03714,13.29482],[76.03734,13.30033],[76.03323,13.30168],[76.03368,13.31349],[76.03672,13.32013],[76.03207,13.32134],[76.03435,13.33298],[76.03292,13.33658],[76.03451,13.33731],[76.029,13.34545],[76.03222,13.34597],[76.04195,13.36521],[76.03896,13.36775],[76.04166,13.3742],[76.05611,13.38161],[76.08181,13.37175],[76.08909,13.37167],[76.08714,13.37593],[76.0891,13.39244],[76.09851,13.39377],[76.0985,13.39152],[76.1106,13.39619],[76.11118,13.40055],[76.12358,13.40154],[76.12953,13.40011],[76.12954,13.40401],[76.1394,13.40657],[76.14081,13.40954],[76.13858,13.41266],[76.13875,13.41635],[76.14116,13.42052],[76.13905,13.427],[76.14008,13.43603],[76.13617,13.44427],[76.13826,13.44298],[76.14683,13.44822],[76.15141,13.45796],[76.15837,13.45982],[76.16203,13.46959],[76.19403,13.46876],[76.19244,13.4608],[76.18709,13.45239],[76.19349,13.45176],[76.19382,13.45019],[76.19968,13.45127],[76.19811,13.46933],[76.23141,13.46833],[76.23439,13.48041],[76.22953,13.4847],[76.23815,13.49543],[76.23355,13.50702],[76.26097,13.51156],[76.26232,13.50532],[76.26879,13.5065],[76.29253,13.50468],[76.29118,13.5074],[76.29372,13.52718],[76.29553,13.52758],[76.30071,13.52174],[76.30679,13.5258],[76.31205,13.52545],[76.31095,13.52932],[76.31588,13.53193],[76.31656,13.53908],[76.31758,13.53921],[76.31824,13.53639],[76.32131,13.53721],[76.32343,13.53069],[76.33035,13.52143],[76.34305,13.51342],[76.34507,13.51374],[76.34813,13.51813],[76.3491,13.52537],[76.36249,13.53035],[76.36411,13.54539],[76.36641,13.54829],[76.37045,13.54786],[76.37548,13.5424],[76.38786,13.53439],[76.39534,13.53599],[76.39775,13.52816],[76.40042,13.52636],[76.42469,13.52394],[76.41969,13.51996],[76.41541,13.50912],[76.41045,13.50798],[76.40906,13.50551],[76.39748,13.50548],[76.39685,13.49502],[76.40115,13.49158],[76.40525,13.4912],[76.40782,13.48435],[76.41531,13.48119],[76.41187,13.47919],[76.40768,13.45948],[76.41946,13.44958],[76.4065,13.43175],[76.40427,13.43101],[76.40547,13.42741],[76.40066,13.42301],[76.39742,13.40423],[76.38967,13.39454],[76.39246,13.39048],[76.39351,13.37884],[76.386,13.3699],[76.38209,13.3702],[76.38287,13.36397],[76.3492,13.36151],[76.34595,13.35993],[76.34659,13.34498],[76.35244,13.33087],[76.34898,13.31827],[76.34767,13.30192],[76.34963,13.29653],[76.34707,13.29749],[76.35723,13.28682],[76.35761,13.27604],[76.3551,13.26393],[76.35842,13.26177],[76.35664,13.25047],[76.36198,13.24959],[76.36413,13.24465],[76.36428,13.23476],[76.37995,13.23231],[76.379,13.22032],[76.37656,13.21612],[76.36952,13.21263],[76.37,13.20009],[76.39392,13.19741],[76.39375,13.1889],[76.40786,13.19251],[76.41334,13.19125],[76.41616,13.18587],[76.42082,13.18597],[76.42672,13.18195],[76.42878,13.17218],[76.4244,13.16491],[76.41254,13.16366],[76.4109,13.15666],[76.40714,13.15208],[76.39645,13.14986],[76.38097,13.14995],[76.37985,13.14279],[76.37766,13.14281],[76.37824,13.1357],[76.3734,13.13375],[76.37386,13.1324],[76.36888,13.13161],[76.36704,13.12863],[76.36677,13.12161],[76.36893,13.1211],[76.36896,13.12063],[76.35843,13.11684],[76.35875,13.11496],[76.36052,13.11576],[76.36103,13.1038],[76.36295,13.10191],[76.36101,13.09344],[76.34805,13.0904],[76.34327,13.09175],[76.3392,13.0854],[76.3227,13.09199],[76.31813,13.09162],[76.31719,13.08685],[76.31156,13.08232],[76.29514,13.07897],[76.28301,13.10417],[76.26887,13.1085],[76.26742,13.12439],[76.25853,13.12754],[76.23354,13.1305],[76.21663,13.13478],[76.2139,13.14419],[76.20887,13.15138],[76.20359,13.15041],[76.19825,13.15464],[76.19557,13.15355],[76.18958,13.15072],[76.18896,13.14146],[76.1914,13.1409],[76.19046,13.13489],[76.18138,13.1328],[76.16813,13.13296],[76.16798,13.14232],[76.17271,13.15473],[76.16863,13.15796],[76.16694,13.16289],[76.157,13.16398],[76.15724,13.1711],[76.15432,13.17917],[76.15226,13.1788],[76.14589,13.16985],[76.14165,13.17726],[76.14124,13.18313],[76.13467,13.19204],[76.14605,13.19578],[76.14745,13.1981],[76.15172,13.19645],[76.15191,13.2017],[76.14905,13.20132],[76.15029,13.20932],[76.14505,13.21576],[76.14196,13.21523],[76.13766,13.21035],[76.12623,13.20849]]]},"properties":{"taluk":"Arsikere","district":"Hassan","region_id":"subdistrict_5555","level":"taluk"}},{"type":"Feature","geometry":{"type":"MultiPolygon","coordinates":[[[[75.72795,13.1049],[75.73903,13.11048],[75.74047,13.11347],[75.73788,13.11493],[75.73611,13.12232],[75.74853,13.13035],[75.75188,13.13336],[75.75217,13.13528],[75.75052,13.13574],[75.7538,13.13721],[75.75125,13.1461],[75.74943,13.1455],[75.74443,13.15047],[75.74032,13.14858],[75.73585,13.15353],[75.73458,13.15994],[75.73037,13.16357],[75.7309,13.17039],[75.72783,13.18328],[75.73261,13.18666],[75.73489,13.19492],[75.7432,13.20741],[75.75021,13.20621],[75.75248,13.21231],[75.75855,13.21807],[75.76182,13.21756],[75.76643,13.21199],[75.77008,13.214],[75.7729,13.21295],[75.7753,13.2166],[75.7792,13.20995],[75.78955,13.21435],[75.80559,13.21563],[75.80991,13.22179],[75.80962,13.23075],[75.81299,13.23074],[75.80764,13.2469],[75.80943,13.25474],[75.80735,13.25885],[75.81341,13.26086],[75.81363,13.25846],[75.81845,13.25933],[75.81834,13.25774],[75.82486,13.25295],[75.83082,13.25744],[75.83581,13.2522],[75.84027,13.25135],[75.85167,13.25855],[75.85695,13.25837],[75.8556,13.25385],[75.86032,13.25361],[75.85988,13.24423],[75.86303,13.24271],[75.86162,13.2402],[75.87105,13.2465],[75.87523,13.25253],[75.87744,13.26065],[75.88184,13.25994],[75.90017,13.26612],[75.90482,13.25788],[75.91017,13.26115],[75.91532,13.26176],[75.91959,13.25699],[75.93742,13.25621],[75.94118,13.25859],[75.97172,13.26212],[75.98448,13.26664],[75.98449,13.26381],[75.98857,13.26447],[75.99014,13.25991],[76.01478,13.26156],[76.01754,13.25771],[76.01787,13.25003],[76.02116,13.25179],[76.03669,13.24952],[76.03668,13.25209],[76.0381,13.2541],[76.03877,13.25885],[76.03903,13.25998],[76.03908,13.26001],[76.04877,13.25261],[76.05898,13.25045],[76.05856,13.25835],[76.0546,13.26635],[76.05504,13.27467],[76.06872,13.28263],[76.07359,13.28805],[76.08632,13.28831],[76.09084,13.27354],[76.09672,13.27035],[76.10857,13.26968],[76.12062,13.20983],[76.12548,13.2107],[76.12623,13.20849],[76.11964,13.20741],[76.08885,13.17879],[76.09081,13.17073],[76.09782,13.16131],[76.09079,13.15536],[76.06325,13.14661],[76.05886,13.14214],[76.05355,13.12941],[76.04472,13.12175],[76.04174,13.1205],[76.02546,13.1267],[76.0206,13.12337],[76.02189,13.12177],[76.01902,13.12164],[76.02066,13.11542],[76.01875,13.11526],[76.01827,13.11996],[76.0173,13.11511],[76.02464,13.10723],[76.02656,13.09935],[76.01181,13.09828],[76.00899,13.10486],[76.00665,13.10627],[75.99379,13.10816],[75.9914,13.10135],[75.98849,13.10174],[75.98006,13.09593],[75.98106,13.09243],[75.98397,13.09287],[75.99075,13.08669],[75.98889,13.08513],[75.98023,13.08467],[75.97487,13.07709],[75.97159,13.08536],[75.96262,13.08527],[75.96319,13.07504],[75.96895,13.07185],[75.9638,13.06306],[75.96632,13.05665],[75.96496,13.05488],[75.96178,13.05689],[75.95195,13.04448],[75.94798,13.04462],[75.93968,13.05922],[75.9403,13.06079],[75.93141,13.06673],[75.91931,13.06725],[75.91603,13.06915],[75.91238,13.06129],[75.91949,13.05841],[75.91699,13.04715],[75.90725,13.04296],[75.90519,13.02984],[75.89641,13.02772],[75.89365,13.02932],[75.88982,13.02568],[75.8944,13.02323],[75.89428,13.01737],[75.90251,13.0149],[75.9005,13.00539],[75.89739,13.0026],[75.89033,13.0044],[75.8868,13.00849],[75.8871,13.01221],[75.88289,13.01445],[75.87676,13.00904],[75.87478,13.0112],[75.87187,13.01099],[75.87098,13.01786],[75.86547,13.01601],[75.86501,13.02088],[75.86201,13.0187],[75.85763,13.01952],[75.85378,13.01251],[75.8501,13.01269],[75.84566,13.02262],[75.8469,13.0326],[75.84194,13.03738],[75.83584,13.03547],[75.83226,13.03925],[75.82671,13.03947],[75.81679,13.03404],[75.80613,13.04057],[75.80219,13.04025],[75.7942,13.02701],[75.79473,13.01895],[75.79907,13.01303],[75.79611,13.00763],[75.79665,13.00414],[75.78611,13.0011],[75.77955,12.9889],[75.77398,12.98556],[75.77038,12.97314],[75.76626,12.97065],[75.76579,12.97576],[75.76127,12.97572],[75.7533,12.98242],[75.75003,12.98851],[75.74577,12.99158],[75.74601,12.99538],[75.7421,12.99319],[75.74076,12.99421],[75.74197,13.00071],[75.73532,13.00483],[75.73671,13.0103],[75.73068,13.01757],[75.72537,13.01883],[75.72769,13.02381],[75.74052,13.02985],[75.74001,13.03653],[75.74073,13.04156],[75.74203,13.0415],[75.73929,13.05019],[75.74197,13.05436],[75.74055,13.05962],[75.74258,13.0711],[75.73512,13.08614],[75.7267,13.0959],[75.72795,13.1049]]],[[[76.02473,13.12473],[76.02346,13.12383],[76.02313,13.12428],[76.02473,13.12473]]]]},"properties":{"taluk":"Belur","district":"Hassan","region_id":"subdistrict_5554","level":"taluk"}},{"type":"Feature","geometry":{"type":"Polygon","coordinates":[[[76.53386,12.84334],[76.52033,12.84145],[76.51697,12.83386],[76.51805,12.82687],[76.50933,12.82234],[76.50172,12.82231],[76.49733,12.81342],[76.49215,12.80837],[76.49169,12.80548],[76.4943,12.80525],[76.49512,12.80303],[76.49134,12.79292],[76.49201,12.78983],[76.49028,12.78897],[76.4932,12.78224],[76.498,12.77896],[76.49825,12.77449],[76.49766,12.77074],[76.49088,12.76523],[76.48779,12.77182],[76.48962,12.77561],[76.48948,12.78467],[76.48386,12.78354],[76.47833,12.77982],[76.47574,12.77094],[76.46911,12.7714],[76.46643,12.77451],[76.45686,12.77669],[76.45523,12.77988],[76.45685,12.78861],[76.46106,12.78853],[76.46876,12.79432],[76.46961,12.80087],[76.46739,12.80422],[76.46329,12.80493],[76.46162,12.80214],[76.45676,12.80247],[76.45739,12.80646],[76.45066,12.80965],[76.45075,12.81205],[76.44436,12.81811],[76.44499,12.82126],[76.42423,12.82602],[76.42045,12.84316],[76.42576,12.84621],[76.42679,12.85412],[76.42537,12.85746],[76.41663,12.85969],[76.41485,12.86571],[76.41308,12.86445],[76.40692,12.86582],[76.40847,12.85354],[76.4073,12.84536],[76.39745,12.84747],[76.39123,12.84443],[76.38583,12.84508],[76.38803,12.84078],[76.38651,12.83648],[76.38176,12.83011],[76.37784,12.82816],[76.37505,12.83142],[76.37032,12.82916],[76.36341,12.83718],[76.34171,12.83936],[76.33296,12.85225],[76.32652,12.85612],[76.32427,12.85388],[76.32717,12.84789],[76.31963,12.84146],[76.3194,12.82844],[76.31724,12.82567],[76.3077,12.82372],[76.30977,12.82634],[76.30736,12.82782],[76.30906,12.83093],[76.30413,12.83908],[76.2946,12.83963],[76.29604,12.84644],[76.30161,12.8475],[76.30361,12.85384],[76.30441,12.87472],[76.31789,12.87272],[76.32296,12.87984],[76.318,12.88408],[76.31645,12.89053],[76.31266,12.89152],[76.30655,12.89825],[76.29954,12.89646],[76.27997,12.89876],[76.28059,12.90831],[76.29361,12.91461],[76.29619,12.92792],[76.29037,12.93067],[76.29501,12.94901],[76.2741,12.9545],[76.27214,12.97159],[76.27262,12.99035],[76.28697,12.98847],[76.28421,12.99764],[76.28496,13.0035],[76.27574,13.01942],[76.27973,13.02321],[76.27912,13.0387],[76.28298,13.04371],[76.28412,13.053],[76.29324,13.05199],[76.29672,13.07289],[76.29514,13.07897],[76.31156,13.08232],[76.31719,13.08685],[76.31813,13.09162],[76.3227,13.09199],[76.3392,13.0854],[76.34327,13.09175],[76.34805,13.0904],[76.36101,13.09344],[76.36295,13.10191],[76.36103,13.1038],[76.36052,13.11576],[76.35875,13.11496],[76.35843,13.11684],[76.36896,13.12063],[76.36677,13.12161],[76.36704,13.12863],[76.36888,13.13161],[76.37386,13.1324],[76.3734,13.13375],[76.37824,13.1357],[76.37766,13.14281],[76.37985,13.14279],[76.38097,13.14995],[76.39645,13.14986],[76.40714,13.15208],[76.4109,13.15666],[76.41254,13.16366],[76.4244,13.16491],[76.42876,13.17215],[76.44514,13.16931],[76.44671,13.16377],[76.45428,13.15506],[76.4552,13.15079],[76.45841,13.14925],[76.46429,13.15092],[76.47337,13.14978],[76.46981,13.13667],[76.47014,13.12088],[76.46877,13.12002],[76.47242,13.09302],[76.48196,13.09124],[76.49067,13.09468],[76.49512,13.09443],[76.49616,13.08609],[76.5156,13.06897],[76.52142,13.07271],[76.5226,13.07824],[76.52831,13.07895],[76.53466,13.07671],[76.5513,13.07722],[76.5623,13.0737],[76.5684,13.0747],[76.58541,13.07095],[76.59252,13.07525],[76.60053,13.07326],[76.60785,13.07383],[76.61835,13.06386],[76.61923,13.05381],[76.60695,13.05676],[76.60532,13.05329],[76.60294,13.04129],[76.6077,13.03705],[76.60899,13.03091],[76.60418,13.0165],[76.60568,13.01162],[76.61159,13.00799],[76.61854,13.00855],[76.63199,13.00396],[76.63033,12.99351],[76.63285,12.99291],[76.63447,12.98408],[76.6341,12.9812],[76.63136,12.98248],[76.63143,12.97221],[76.62028,12.96532],[76.61055,12.96621],[76.61133,12.95796],[76.61758,12.95365],[76.61559,12.9368],[76.60565,12.93888],[76.60273,12.92304],[76.59945,12.92343],[76.59593,12.92088],[76.59992,12.90543],[76.59078,12.89002],[76.59097,12.88703],[76.59602,12.88024],[76.58369,12.87334],[76.57864,12.87344],[76.57976,12.87123],[76.57471,12.86699],[76.57715,12.85867],[76.57714,12.84621],[76.57328,12.8471],[76.56365,12.84463],[76.55572,12.84609],[76.54662,12.84131],[76.53386,12.84334]]]},"properties":{"taluk":"Channarayapatna","district":"Hassan","region_id":"subdistrict_5560","level":"taluk"}},{"type":"Feature","geometry":{"type":"Polygon","coordinates":[[[76.21557,13.14044],[76.21663,13.13478],[76.23354,13.1305],[76.25853,13.12754],[76.26742,13.12439],[76.26887,13.1085],[76.28301,13.10417],[76.29664,13.07553],[76.29493,13.05622],[76.29324,13.05199],[76.28412,13.053],[76.28298,13.04371],[76.27912,13.0387],[76.27973,13.02321],[76.27574,13.01942],[76.28496,13.0035],[76.28421,12.99764],[76.28697,12.98847],[76.27262,12.99035],[76.27207,12.97426],[76.2741,12.9545],[76.29501,12.94901],[76.29037,12.93067],[76.29619,12.92792],[76.29361,12.91461],[76.28635,12.91183],[76.28397,12.90868],[76.26613,12.91023],[76.26073,12.9135],[76.263,12.91777],[76.26942,12.91842],[76.27961,12.91334],[76.28117,12.91877],[76.26926,12.92106],[76.27004,12.92407],[76.26121,12.92768],[76.26006,12.93847],[76.25648,12.93861],[76.25599,12.93381],[76.25867,12.93046],[76.25441,12.9293],[76.25461,12.92761],[76.25067,12.92857],[76.24975,12.92643],[76.24794,12.92779],[76.24513,12.92508],[76.24534,12.9323],[76.23806,12.9337],[76.23745,12.94164],[76.22513,12.94289],[76.21775,12.93024],[76.21462,12.92325],[76.21566,12.9202],[76.21219,12.91564],[76.21362,12.9113],[76.21102,12.90463],[76.21003,12.88601],[76.2138,12.86751],[76.21331,12.85432],[76.2088,12.85624],[76.20302,12.86219],[76.20568,12.86639],[76.20115,12.86536],[76.19531,12.86807],[76.18903,12.86683],[76.1835,12.87655],[76.1758,12.8734],[76.16639,12.87476],[76.167,12.87036],[76.16487,12.86867],[76.14583,12.86458],[76.14735,12.84064],[76.14984,12.83553],[76.15464,12.83417],[76.15471,12.82389],[76.15018,12.81794],[76.14213,12.81984],[76.11784,12.81696],[76.11314,12.81877],[76.11263,12.82277],[76.10782,12.82584],[76.10511,12.81902],[76.10134,12.8158],[76.08138,12.81553],[76.07409,12.81796],[76.05925,12.81827],[76.04671,12.82657],[76.04695,12.83176],[76.0449,12.83551],[76.04881,12.83857],[76.04705,12.84494],[76.04914,12.85134],[76.04255,12.85387],[76.04102,12.84927],[76.03373,12.84771],[76.02877,12.8487],[76.03055,12.85189],[76.0289,12.85361],[76.02469,12.85063],[76.02759,12.86104],[76.02643,12.86464],[76.00914,12.86925],[76.00593,12.87659],[75.99907,12.88317],[75.99653,12.8902],[75.99899,12.89196],[76.00369,12.89081],[76.00362,12.89423],[75.99822,12.89555],[75.99801,12.89721],[76.00519,12.89907],[76.01127,12.90735],[76.01405,12.90595],[76.01586,12.90006],[76.01854,12.89811],[76.01793,12.90382],[76.0242,12.9099],[76.02578,12.91713],[76.0225,12.93066],[76.02587,12.93121],[76.03243,12.92572],[76.03453,12.92671],[76.03429,12.92954],[76.03965,12.93168],[76.04254,12.94358],[76.0386,12.94503],[76.0409,12.94665],[76.04023,12.94886],[76.04359,12.95016],[76.04503,12.96102],[76.05532,12.95879],[76.05848,12.96583],[76.05109,12.96627],[76.04962,12.96909],[76.03874,12.96801],[76.03259,12.97144],[76.02637,12.97063],[76.02647,12.97824],[76.03363,12.98327],[76.03133,12.9893],[76.03895,12.99441],[76.03753,13.00126],[76.04085,13.00351],[76.03777,13.0151],[76.03432,13.01235],[76.02415,13.01395],[76.0201,13.0339],[76.0164,13.03702],[76.00761,13.02965],[76.00126,13.03123],[75.99788,13.03869],[75.99443,13.0389],[75.98816,13.03361],[75.98226,13.0319],[75.96496,13.05488],[75.96632,13.05665],[75.9638,13.06306],[75.96895,13.07185],[75.96319,13.07504],[75.96262,13.08527],[75.97159,13.08536],[75.97487,13.07709],[75.98023,13.08467],[75.98889,13.08513],[75.99075,13.08669],[75.98397,13.09287],[75.98106,13.09243],[75.98006,13.09593],[75.98849,13.10174],[75.9914,13.10135],[75.99379,13.10816],[76.00665,13.10627],[76.00899,13.10486],[76.01181,13.09828],[76.02656,13.09935],[76.02464,13.10723],[76.0173,13.11511],[76.01827,13.11996],[76.01875,13.11526],[76.02066,13.11542],[76.01902,13.12164],[76.02189,13.12177],[76.0206,13.12337],[76.02546,13.1267],[76.04174,13.1205],[76.04472,13.12175],[76.05355,13.12941],[76.05886,13.14214],[76.06325,13.14661],[76.09079,13.15536],[76.09782,13.16131],[76.09081,13.17073],[76.08885,13.17879],[76.11964,13.20741],[76.13766,13.21035],[76.14196,13.21523],[76.14505,13.21576],[76.15029,13.20932],[76.14905,13.20132],[76.15191,13.2017],[76.15214,13.19773],[76.14919,13.19657],[76.14745,13.1981],[76.14605,13.19578],[76.13467,13.19204],[76.14124,13.18313],[76.14165,13.17726],[76.14589,13.16985],[76.15226,13.1788],[76.15432,13.17917],[76.15724,13.1711],[76.157,13.16398],[76.16694,13.16289],[76.16863,13.15796],[76.17271,13.15473],[76.16798,13.14232],[76.16813,13.13296],[76.18138,13.1328],[76.19046,13.13489],[76.1914,13.1409],[76.18896,13.14146],[76.18958,13.15072],[76.19825,13.15464],[76.20359,13.15041],[76.20887,13.15138],[76.21557,13.14044]],[[76.02346,13.12383],[76.02473,13.12473],[76.02313,13.12428],[76.02346,13.12383]]]},"properties":{"taluk":"Hassan","district":"Hassan","region_id":"subdistrict_5556","level":"taluk"}},{"type":"Feature","geometry":{"type":"Polygon","coordinates":[[[76.32262,12.63422],[76.32896,12.62659],[76.32716,12.61013],[76.32073,12.61227],[76.30627,12.60941],[76.30928,12.62231],[76.30475,12.62564],[76.3037,12.62174],[76.30095,12.62195],[76.30114,12.62474],[76.29904,12.62498],[76.29936,12.62911],[76.29249,12.62678],[76.29076,12.6169],[76.28728,12.61556],[76.27962,12.61705],[76.27915,12.62352],[76.28153,12.63064],[76.27909,12.63112],[76.27937,12.63337],[76.26583,12.62862],[76.26546,12.61908],[76.25812,12.62198],[76.25514,12.62059],[76.2536,12.62349],[76.24577,12.62577],[76.24697,12.63542],[76.24384,12.63771],[76.23666,12.63896],[76.23651,12.6409],[76.23107,12.64414],[76.21821,12.6441],[76.20751,12.63495],[76.20718,12.62908],[76.21645,12.6253],[76.21356,12.61673],[76.20603,12.61639],[76.20436,12.61473],[76.19193,12.59212],[76.18996,12.59403],[76.19323,12.59868],[76.18869,12.61252],[76.18672,12.61227],[76.18711,12.61072],[76.18122,12.6138],[76.18345,12.61213],[76.18143,12.61104],[76.18196,12.60814],[76.17748,12.6077],[76.17725,12.61206],[76.17553,12.61291],[76.17587,12.62037],[76.17225,12.62108],[76.16924,12.62529],[76.17036,12.63495],[76.16306,12.63412],[76.16165,12.6379],[76.15919,12.64974],[76.16804,12.6502],[76.16861,12.65297],[76.16318,12.66111],[76.16128,12.68048],[76.15598,12.68554],[76.15753,12.6894],[76.15692,12.70247],[76.15499,12.70339],[76.15456,12.71239],[76.1603,12.71414],[76.16062,12.71824],[76.15704,12.72023],[76.15734,12.73001],[76.15906,12.73015],[76.1612,12.7391],[76.16443,12.74276],[76.16303,12.75042],[76.15877,12.75371],[76.15731,12.7589],[76.16293,12.75838],[76.17017,12.76426],[76.16964,12.7697],[76.16201,12.77195],[76.16171,12.78309],[76.17138,12.78691],[76.17214,12.79576],[76.17118,12.79965],[76.16672,12.80031],[76.1626,12.82263],[76.15758,12.82611],[76.15469,12.82563],[76.15464,12.83417],[76.14984,12.83553],[76.14735,12.84064],[76.14583,12.86458],[76.16487,12.86867],[76.167,12.87036],[76.16639,12.87476],[76.1758,12.8734],[76.1835,12.87655],[76.18903,12.86683],[76.19531,12.86807],[76.20115,12.86536],[76.20568,12.86639],[76.20302,12.86219],[76.2088,12.85624],[76.21331,12.85432],[76.2138,12.86751],[76.21003,12.88601],[76.21102,12.90463],[76.21362,12.9113],[76.21219,12.91564],[76.21566,12.9202],[76.21462,12.92325],[76.21775,12.93024],[76.22513,12.94289],[76.23745,12.94164],[76.23806,12.9337],[76.24534,12.9323],[76.24513,12.92508],[76.24794,12.92779],[76.24975,12.92643],[76.25067,12.92857],[76.25461,12.92761],[76.25441,12.9293],[76.25867,12.93046],[76.25599,12.93381],[76.25648,12.93861],[76.26006,12.93847],[76.26121,12.92768],[76.27004,12.92407],[76.26926,12.92106],[76.28117,12.91877],[76.27961,12.91334],[76.26942,12.91842],[76.263,12.91777],[76.26095,12.91319],[76.26728,12.9098],[76.28059,12.90831],[76.27997,12.89876],[76.29954,12.89646],[76.30655,12.89825],[76.31266,12.89152],[76.31645,12.89053],[76.318,12.88408],[76.32296,12.87984],[76.32106,12.87534],[76.31577,12.87243],[76.30441,12.87472],[76.30361,12.85384],[76.30161,12.8475],[76.29604,12.84644],[76.2946,12.83963],[76.30413,12.83908],[76.30906,12.83093],[76.30736,12.82782],[76.30977,12.82634],[76.3077,12.82372],[76.31919,12.82733],[76.31963,12.84146],[76.32717,12.84789],[76.32427,12.85388],[76.32517,12.85624],[76.33296,12.85225],[76.34171,12.83936],[76.36341,12.83718],[76.37032,12.82916],[76.36717,12.82281],[76.37085,12.81529],[76.37075,12.81171],[76.36798,12.80841],[76.35121,12.80868],[76.34382,12.8121],[76.33679,12.81243],[76.33184,12.81187],[76.33011,12.8086],[76.3302,12.801],[76.33576,12.78658],[76.34864,12.78681],[76.35016,12.78488],[76.34805,12.77822],[76.35062,12.77339],[76.3501,12.77045],[76.34328,12.76695],[76.34253,12.76247],[76.35138,12.75235],[76.35729,12.74954],[76.35747,12.74702],[76.35123,12.74209],[76.34579,12.74401],[76.34653,12.74291],[76.34442,12.74221],[76.3459,12.73822],[76.33941,12.73307],[76.34477,12.73027],[76.34422,12.72284],[76.34608,12.71695],[76.3479,12.71721],[76.35363,12.7114],[76.36184,12.71164],[76.36278,12.69728],[76.36167,12.69122],[76.35897,12.69026],[76.3597,12.68658],[76.35425,12.68496],[76.35319,12.66802],[76.34927,12.66874],[76.34219,12.65946],[76.34275,12.65488],[76.33847,12.65025],[76.33874,12.64541],[76.33223,12.64344],[76.32813,12.63778],[76.32262,12.63422]]]},"properties":{"taluk":"Hole Narsipur","district":"Hassan","region_id":"subdistrict_5559","level":"taluk"}},{"type":"Feature","geometry":{"type":"Polygon","coordinates":[[[75.59481,12.94419],[75.60256,12.95758],[75.60195,12.96432],[75.60904,12.98062],[75.61945,12.99118],[75.62454,13.00227],[75.63145,13.01126],[75.63756,13.01103],[75.6389,13.01339],[75.63997,13.02484],[75.64356,13.02723],[75.64295,13.03158],[75.64603,13.03214],[75.64759,13.02733],[75.6499,13.02631],[75.65619,13.02928],[75.65805,13.02517],[75.6661,13.03137],[75.67299,13.02974],[75.67404,13.0246],[75.67385,13.02977],[75.67869,13.03179],[75.68278,13.03123],[75.68377,13.03595],[75.68663,13.03251],[75.69033,13.0333],[75.68855,13.0395],[75.69032,13.04396],[75.695,13.04594],[75.69679,13.03693],[75.70155,13.0356],[75.71017,13.03706],[75.71692,13.03091],[75.7255,13.03179],[75.72352,13.02823],[75.72806,13.02291],[75.72537,13.01883],[75.73068,13.01757],[75.73671,13.0103],[75.73532,13.00483],[75.74197,13.00071],[75.74076,12.99421],[75.7421,12.99319],[75.74601,12.99538],[75.74577,12.99158],[75.75003,12.98851],[75.7533,12.98242],[75.76127,12.97572],[75.76579,12.97576],[75.76626,12.97065],[75.77038,12.97314],[75.77398,12.98556],[75.77955,12.9889],[75.78611,13.0011],[75.79665,13.00414],[75.79611,13.00763],[75.79907,13.01303],[75.79473,13.01895],[75.7942,13.02701],[75.80219,13.04025],[75.80613,13.04057],[75.81603,13.0341],[75.82671,13.03947],[75.83226,13.03925],[75.83584,13.03547],[75.83911,13.03576],[75.83969,13.0379],[75.845,13.03576],[75.8469,13.0326],[75.84566,13.02262],[75.85012,13.01268],[75.85378,13.01251],[75.85763,13.01952],[75.86201,13.0187],[75.86501,13.02088],[75.86547,13.01601],[75.87098,13.01786],[75.87187,13.01099],[75.87478,13.0112],[75.88111,13.00301],[75.87735,12.99502],[75.88049,12.9922],[75.88149,12.9866],[75.88316,12.98718],[75.88264,12.98274],[75.88684,12.98238],[75.88766,12.97876],[75.89185,12.97935],[75.89283,12.97743],[75.89869,12.97575],[75.89659,12.96868],[75.89756,12.96308],[75.90728,12.95606],[75.90778,12.95295],[75.90545,12.94849],[75.91018,12.94164],[75.90281,12.93626],[75.90159,12.92991],[75.90279,12.92891],[75.89589,12.92378],[75.88966,12.91151],[75.87267,12.91116],[75.87195,12.90855],[75.86598,12.90432],[75.86122,12.88783],[75.85661,12.87927],[75.85685,12.87591],[75.85182,12.87616],[75.84767,12.87349],[75.83663,12.8747],[75.83831,12.8802],[75.83698,12.88126],[75.82985,12.88102],[75.83085,12.8792],[75.82381,12.87828],[75.82366,12.87531],[75.83138,12.86416],[75.83177,12.85352],[75.83393,12.85595],[75.83777,12.85541],[75.84271,12.84805],[75.84118,12.84336],[75.84809,12.838],[75.84902,12.83316],[75.85378,12.83248],[75.85483,12.82894],[75.8529,12.82156],[75.86361,12.81899],[75.86548,12.81137],[75.86374,12.80788],[75.86693,12.80557],[75.86493,12.80377],[75.86643,12.80227],[75.8633,12.79543],[75.86896,12.78311],[75.87149,12.78246],[75.87445,12.77683],[75.87763,12.77703],[75.87262,12.77432],[75.87577,12.77274],[75.87318,12.76968],[75.87174,12.77082],[75.86544,12.76819],[75.85788,12.77021],[75.85756,12.76204],[75.85968,12.7573],[75.85322,12.7543],[75.84901,12.74992],[75.85245,12.7456],[75.8547,12.73669],[75.85154,12.7304],[75.85302,12.72472],[75.86169,12.71745],[75.87018,12.7151],[75.8733,12.70943],[75.88492,12.70795],[75.88653,12.70342],[75.88547,12.69972],[75.8899,12.69347],[75.88774,12.68983],[75.88817,12.67757],[75.88605,12.67451],[75.87677,12.67159],[75.86743,12.67451],[75.85304,12.66945],[75.8463,12.67219],[75.84334,12.66858],[75.83492,12.67087],[75.82958,12.6753],[75.82547,12.68242],[75.81983,12.68453],[75.81691,12.69294],[75.80751,12.70128],[75.7914,12.68709],[75.78212,12.68631],[75.7785,12.68821],[75.77613,12.68663],[75.77418,12.68045],[75.76678,12.68042],[75.76047,12.67361],[75.74384,12.68062],[75.73858,12.69019],[75.73127,12.6974],[75.72232,12.6967],[75.72268,12.70094],[75.71992,12.70532],[75.71709,12.70427],[75.71329,12.70746],[75.71074,12.70467],[75.70484,12.70631],[75.6877,12.70112],[75.67492,12.70081],[75.66821,12.69756],[75.6581,12.6974],[75.63545,12.692],[75.6292,12.70017],[75.63779,12.71051],[75.65521,12.72016],[75.65646,12.73466],[75.66072,12.7464],[75.65794,12.75111],[75.65492,12.75121],[75.63846,12.76041],[75.63723,12.76903],[75.62822,12.77432],[75.6313,12.7762],[75.62564,12.7781],[75.62586,12.78499],[75.61758,12.7932],[75.61293,12.79374],[75.61288,12.79655],[75.61956,12.80333],[75.61884,12.82498],[75.61789,12.82738],[75.61494,12.8281],[75.61494,12.83271],[75.62362,12.84995],[75.6224,12.85661],[75.61803,12.85639],[75.61264,12.86211],[75.60335,12.86528],[75.60048,12.8699],[75.60227,12.87394],[75.59866,12.87521],[75.57776,12.87305],[75.56437,12.86717],[75.56083,12.8698],[75.55381,12.86931],[75.55116,12.87472],[75.55207,12.8888],[75.54846,12.89358],[75.54596,12.90299],[75.54944,12.90795],[75.55729,12.91324],[75.5717,12.93192],[75.58346,12.94039],[75.59481,12.94419]]]},"properties":{"taluk":"Sakleshpur","district":"Hassan","region_id":"subdistrict_5553","level":"taluk"}},{"type":"Feature","geometry":{"type":"Polygon","coordinates":[[[75.25831,14.60642],[75.25171,14.61176],[75.25177,14.62292],[75.24761,14.62935],[75.25705,14.63144],[75.25177,14.64252],[75.25486,14.64111],[75.25589,14.64411],[75.26002,14.64415],[75.25999,14.64821],[75.26413,14.6477],[75.26676,14.6505],[75.27484,14.65037],[75.2802,14.65301],[75.28387,14.65115],[75.28829,14.65223],[75.29108,14.66283],[75.29372,14.66458],[75.31034,14.66678],[75.31583,14.66569],[75.3226,14.67492],[75.32499,14.67489],[75.32495,14.6803],[75.33573,14.69736],[75.33534,14.70612],[75.33852,14.70335],[75.35776,14.708],[75.3596,14.71748],[75.38187,14.71612],[75.38389,14.70945],[75.39224,14.70695],[75.39896,14.70175],[75.40796,14.7105],[75.42115,14.70921],[75.42447,14.71091],[75.42598,14.71598],[75.45296,14.71979],[75.45088,14.73726],[75.45329,14.7425],[75.4523,14.75577],[75.44886,14.76146],[75.46897,14.76101],[75.47507,14.7656],[75.4973,14.76367],[75.49721,14.76492],[75.50348,14.76541],[75.50333,14.77232],[75.50539,14.77496],[75.52443,14.77402],[75.52412,14.78137],[75.55375,14.78382],[75.56748,14.76224],[75.5755,14.74467],[75.58575,14.73463],[75.59076,14.73404],[75.60426,14.71594],[75.60578,14.71138],[75.60454,14.70034],[75.60238,14.70061],[75.60092,14.69815],[75.58187,14.70239],[75.57639,14.70082],[75.56511,14.70579],[75.55142,14.70737],[75.55012,14.70523],[75.54759,14.70567],[75.54424,14.68893],[75.51545,14.68407],[75.52011,14.67509],[75.5227,14.67518],[75.53012,14.66541],[75.53554,14.66288],[75.53251,14.63878],[75.53315,14.61879],[75.52985,14.61743],[75.52898,14.619],[75.52635,14.61539],[75.52412,14.61834],[75.51911,14.61741],[75.51782,14.60784],[75.50063,14.58756],[75.49016,14.58724],[75.48387,14.59038],[75.47651,14.58301],[75.46011,14.58414],[75.45395,14.59586],[75.45348,14.6043],[75.43923,14.60792],[75.43732,14.5912],[75.42613,14.59138],[75.42688,14.58954],[75.4244,14.58977],[75.42348,14.58785],[75.42034,14.59136],[75.41724,14.59126],[75.41582,14.60833],[75.40854,14.60951],[75.38655,14.60641],[75.37946,14.60856],[75.3715,14.60735],[75.3707,14.60513],[75.37013,14.59598],[75.374,14.57988],[75.37333,14.57503],[75.36658,14.57738],[75.34353,14.57999],[75.34354,14.58982],[75.33371,14.5896],[75.32861,14.59211],[75.32197,14.6002],[75.32018,14.59857],[75.32054,14.60504],[75.31159,14.60286],[75.29811,14.60525],[75.29086,14.60033],[75.28802,14.60083],[75.2871,14.59823],[75.28275,14.59699],[75.28051,14.59368],[75.27332,14.60078],[75.27054,14.59953],[75.26618,14.60481],[75.25831,14.60642]]]},"properties":{"taluk":"Byadgi","district":"Haveri","region_id":"subdistrict_5493","level":"taluk"}},{"type":"Feature","geometry":{"type":"Polygon","coordinates":[[[75.03983,14.76804],[75.04061,14.7741],[75.04618,14.77293],[75.04993,14.77349],[75.05192,14.77674],[75.06358,14.77658],[75.06629,14.78302],[75.07076,14.78242],[75.06712,14.78612],[75.06918,14.787],[75.06884,14.79798],[75.05601,14.80511],[75.05531,14.81462],[75.07389,14.80823],[75.09168,14.81106],[75.09053,14.82022],[75.07357,14.82624],[75.07158,14.83391],[75.06769,14.83677],[75.0741,14.85606],[75.06973,14.86334],[75.07094,14.86764],[75.07392,14.86761],[75.07108,14.87181],[75.0686,14.90864],[75.10553,14.90505],[75.11605,14.89589],[75.12144,14.89668],[75.12406,14.89414],[75.13247,14.89472],[75.13626,14.89705],[75.13613,14.89928],[75.1389,14.89668],[75.1392,14.89285],[75.15067,14.89083],[75.15035,14.88238],[75.15386,14.87914],[75.16322,14.87926],[75.16855,14.88281],[75.1663,14.89415],[75.17785,14.89469],[75.18252,14.88711],[75.18299,14.88034],[75.17972,14.87884],[75.18078,14.87405],[75.1834,14.87474],[75.18825,14.8721],[75.18901,14.86913],[75.19647,14.86935],[75.20507,14.86622],[75.2063,14.87252],[75.21076,14.87265],[75.20943,14.87585],[75.21086,14.8937],[75.21614,14.8954],[75.23154,14.89526],[75.22863,14.89032],[75.23293,14.88308],[75.23665,14.88236],[75.24456,14.88527],[75.2643,14.88518],[75.26672,14.88058],[75.27063,14.87883],[75.2725,14.86944],[75.28597,14.8713],[75.2982,14.86788],[75.3031,14.84634],[75.31027,14.84139],[75.30957,14.83116],[75.30443,14.82975],[75.29854,14.82462],[75.29747,14.82135],[75.30517,14.81294],[75.30121,14.79828],[75.29828,14.79463],[75.29437,14.79549],[75.29304,14.79395],[75.29581,14.78539],[75.29571,14.77631],[75.27992,14.7731],[75.27767,14.76208],[75.27308,14.75749],[75.27223,14.75306],[75.2783,14.75196],[75.28302,14.74662],[75.28313,14.73526],[75.30483,14.73149],[75.31343,14.7264],[75.3142,14.723],[75.32249,14.71979],[75.32841,14.71476],[75.33047,14.70989],[75.33529,14.70625],[75.33573,14.69736],[75.32495,14.6803],[75.32499,14.67489],[75.3226,14.67492],[75.31583,14.66569],[75.31034,14.66678],[75.29372,14.66458],[75.29108,14.66283],[75.28829,14.65223],[75.28387,14.65115],[75.2802,14.65301],[75.27484,14.65037],[75.26676,14.6505],[75.26413,14.6477],[75.25999,14.64821],[75.26002,14.64415],[75.25589,14.64411],[75.25486,14.64111],[75.25177,14.64252],[75.25705,14.63144],[75.24761,14.62935],[75.25177,14.62292],[75.25171,14.61176],[75.2585,14.60629],[75.24414,14.5981],[75.23692,14.60158],[75.23574,14.60476],[75.23202,14.60395],[75.23088,14.60169],[75.22764,14.60558],[75.22787,14.60813],[75.22594,14.60704],[75.22622,14.60962],[75.22301,14.60897],[75.2233,14.58494],[75.22092,14.58487],[75.22039,14.58065],[75.21707,14.57757],[75.21231,14.57628],[75.21045,14.57245],[75.20735,14.5717],[75.19747,14.57751],[75.19783,14.58252],[75.18384,14.58586],[75.18124,14.59787],[75.18536,14.59986],[75.19331,14.59935],[75.19849,14.59663],[75.20527,14.59751],[75.20573,14.60811],[75.21064,14.62358],[75.20994,14.62819],[75.20825,14.62641],[75.20701,14.62748],[75.20871,14.63353],[75.20531,14.63403],[75.20795,14.63624],[75.20538,14.63804],[75.20381,14.63709],[75.20107,14.63933],[75.20011,14.63546],[75.20303,14.63042],[75.20239,14.62772],[75.19655,14.62285],[75.1846,14.62349],[75.16942,14.63461],[75.16463,14.63258],[75.16297,14.62772],[75.16531,14.62577],[75.16447,14.62075],[75.15997,14.61698],[75.15341,14.62624],[75.14337,14.62042],[75.14222,14.63386],[75.1246,14.63066],[75.11662,14.63963],[75.10164,14.64401],[75.09921,14.65302],[75.08773,14.65217],[75.07463,14.65386],[75.05245,14.64866],[75.04511,14.65405],[75.04092,14.66077],[75.03533,14.65797],[75.03133,14.66505],[75.03052,14.67186],[75.0359,14.67646],[75.03221,14.69491],[75.03292,14.71001],[75.02462,14.70833],[75.02146,14.71148],[75.01697,14.71073],[75.01456,14.71948],[75.0223,14.72555],[75.02862,14.7254],[75.031,14.72989],[75.03352,14.72729],[75.03853,14.72773],[75.0375,14.73841],[75.04471,14.73898],[75.0438,14.74328],[75.04767,14.74414],[75.04691,14.75187],[75.04295,14.75509],[75.03983,14.76804]]]},"properties":{"taluk":"Hangal","district":"Haveri","region_id":"subdistrict_5491","level":"taluk"}},{"type":"Feature","geometry":{"type":"Polygon","coordinates":[[[75.60152,14.95467],[75.61144,14.95881],[75.60897,14.96598],[75.60964,14.97351],[75.61877,14.97416],[75.61781,14.98087],[75.62958,14.98391],[75.63219,14.9915],[75.65157,14.99068],[75.66926,14.98625],[75.69277,14.97121],[75.7013,14.94693],[75.68752,14.94265],[75.6828,14.93683],[75.68534,14.92047],[75.69674,14.89133],[75.72781,14.89726],[75.72777,14.89406],[75.73918,14.88707],[75.73427,14.88292],[75.73238,14.86369],[75.7224,14.86413],[75.71191,14.85243],[75.7024,14.85408],[75.70165,14.85255],[75.6952,14.85251],[75.69363,14.85907],[75.69057,14.85678],[75.67659,14.83429],[75.67038,14.81733],[75.66446,14.80698],[75.66361,14.80328],[75.6654,14.80104],[75.66139,14.79982],[75.66161,14.79668],[75.65905,14.79662],[75.65928,14.79491],[75.66351,14.79517],[75.6605,14.79359],[75.66091,14.79168],[75.65369,14.7888],[75.65152,14.78437],[75.64801,14.78744],[75.6459,14.79411],[75.61328,14.79254],[75.60962,14.78311],[75.6088,14.76647],[75.57549,14.76974],[75.5719,14.7642],[75.56631,14.76407],[75.55375,14.78382],[75.52412,14.78137],[75.52443,14.77402],[75.50539,14.77496],[75.50333,14.77232],[75.50348,14.76541],[75.49721,14.76492],[75.4973,14.76367],[75.47507,14.7656],[75.46897,14.76101],[75.44886,14.76146],[75.4523,14.75577],[75.45329,14.7425],[75.45088,14.73726],[75.45296,14.71979],[75.42598,14.71598],[75.42447,14.71091],[75.42115,14.70921],[75.40796,14.7105],[75.39896,14.70175],[75.39224,14.70695],[75.38389,14.70945],[75.38187,14.71612],[75.3596,14.71748],[75.35905,14.70863],[75.33852,14.70335],[75.33047,14.70989],[75.32841,14.71476],[75.32249,14.71979],[75.3142,14.723],[75.31343,14.7264],[75.30483,14.73149],[75.28313,14.73526],[75.28302,14.74662],[75.2783,14.75196],[75.27223,14.75306],[75.27273,14.75649],[75.27767,14.76208],[75.27992,14.7731],[75.29571,14.77631],[75.29581,14.78539],[75.29304,14.79395],[75.29437,14.79549],[75.29828,14.79463],[75.30121,14.79828],[75.30517,14.81294],[75.29747,14.82135],[75.29854,14.82462],[75.30443,14.82975],[75.30957,14.83116],[75.31027,14.84139],[75.30348,14.8456],[75.3027,14.8479],[75.30657,14.85408],[75.31624,14.85735],[75.32238,14.86257],[75.33196,14.85872],[75.33634,14.85971],[75.34243,14.86509],[75.35502,14.86282],[75.36497,14.8822],[75.36977,14.88539],[75.3785,14.88811],[75.38461,14.88785],[75.38898,14.89053],[75.39446,14.87532],[75.40182,14.87049],[75.40423,14.87085],[75.4084,14.87618],[75.41943,14.87756],[75.42066,14.88297],[75.42783,14.88199],[75.43474,14.87846],[75.44063,14.89081],[75.44536,14.89112],[75.453,14.88117],[75.455,14.86725],[75.4648,14.86465],[75.46738,14.86566],[75.47083,14.87118],[75.48233,14.87453],[75.48732,14.8795],[75.48815,14.88403],[75.48562,14.88775],[75.48761,14.89163],[75.49114,14.89176],[75.49179,14.89425],[75.48729,14.90498],[75.4693,14.90494],[75.46758,14.90715],[75.46852,14.90986],[75.47246,14.91216],[75.47816,14.91201],[75.48478,14.92045],[75.49797,14.92084],[75.50327,14.91915],[75.5097,14.92145],[75.5062,14.93995],[75.50054,14.95003],[75.49835,14.9604],[75.49938,14.96655],[75.5109,14.96696],[75.522,14.96347],[75.52599,14.95096],[75.52849,14.95215],[75.53144,14.94988],[75.52713,14.94297],[75.56548,14.94339],[75.56705,14.94626],[75.56523,14.97141],[75.58361,14.96859],[75.58965,14.95851],[75.60152,14.95467]]]},"properties":{"taluk":"Haveri","district":"Haveri","region_id":"subdistrict_5492","level":"taluk"}},{"type":"Feature","geometry":{"type":"Polygon","coordinates":[[[75.49013,14.58725],[75.48564,14.56398],[75.48612,14.56195],[75.49553,14.5554],[75.49815,14.53788],[75.49516,14.5332],[75.48524,14.53073],[75.48592,14.52046],[75.48411,14.51447],[75.47988,14.5125],[75.47465,14.4953],[75.45805,14.49715],[75.45306,14.50451],[75.44764,14.50285],[75.44519,14.5045],[75.44144,14.48979],[75.44132,14.48341],[75.45686,14.47381],[75.4584,14.45774],[75.46216,14.45051],[75.45067,14.45294],[75.42105,14.45439],[75.42007,14.45199],[75.42293,14.44071],[75.42602,14.43851],[75.42896,14.43929],[75.43007,14.42186],[75.42562,14.39743],[75.43928,14.39382],[75.44023,14.38531],[75.44805,14.37582],[75.43277,14.37766],[75.43275,14.36889],[75.4346,14.36501],[75.4386,14.36474],[75.43733,14.36357],[75.43893,14.36024],[75.4439,14.36007],[75.4461,14.35473],[75.4458,14.34206],[75.44341,14.33752],[75.44195,14.33998],[75.43519,14.34256],[75.42967,14.34908],[75.41927,14.35255],[75.40918,14.35277],[75.39413,14.36742],[75.39079,14.36644],[75.38367,14.3696],[75.37469,14.37033],[75.37003,14.37298],[75.36332,14.38094],[75.34939,14.3887],[75.35622,14.40611],[75.35901,14.40916],[75.36535,14.41106],[75.37769,14.40737],[75.38055,14.41494],[75.38225,14.43381],[75.37814,14.43428],[75.36481,14.44153],[75.35884,14.43791],[75.35867,14.43186],[75.35504,14.42878],[75.35541,14.43191],[75.3448,14.43396],[75.33912,14.43744],[75.34198,14.44016],[75.34265,14.45046],[75.3471,14.45664],[75.34572,14.46253],[75.34117,14.46554],[75.34038,14.46863],[75.34112,14.4757],[75.34643,14.48559],[75.32879,14.49526],[75.32456,14.5098],[75.32126,14.51277],[75.29168,14.51072],[75.28716,14.5114],[75.28674,14.51392],[75.28222,14.51412],[75.28295,14.51248],[75.2775,14.51236],[75.2763,14.51035],[75.26722,14.51434],[75.26993,14.52534],[75.26829,14.52797],[75.27027,14.52747],[75.27948,14.53502],[75.28044,14.53255],[75.28468,14.53163],[75.28494,14.52932],[75.28782,14.53292],[75.29065,14.53163],[75.29765,14.54005],[75.29577,14.54347],[75.29303,14.54412],[75.29527,14.54461],[75.29477,14.54681],[75.28998,14.55035],[75.28993,14.55609],[75.28499,14.56135],[75.281,14.56146],[75.27393,14.56598],[75.27506,14.56987],[75.27019,14.57238],[75.26539,14.5809],[75.24944,14.58118],[75.2438,14.57758],[75.24525,14.56669],[75.24314,14.56708],[75.24094,14.55527],[75.23977,14.55789],[75.23465,14.55562],[75.22807,14.56123],[75.22548,14.56705],[75.23093,14.57904],[75.2289,14.58004],[75.2288,14.58306],[75.2233,14.58497],[75.22301,14.60897],[75.22622,14.60962],[75.22594,14.60704],[75.22787,14.60813],[75.22764,14.60558],[75.23088,14.60169],[75.23202,14.60395],[75.23574,14.60476],[75.23692,14.60158],[75.24414,14.5981],[75.25356,14.60473],[75.26117,14.60693],[75.26618,14.60481],[75.27054,14.59953],[75.27282,14.60086],[75.27578,14.59912],[75.28051,14.59368],[75.28275,14.59699],[75.2871,14.59823],[75.28802,14.60083],[75.29086,14.60033],[75.29811,14.60525],[75.31159,14.60286],[75.32054,14.60504],[75.32018,14.59857],[75.32197,14.6002],[75.32861,14.59211],[75.33371,14.5896],[75.34354,14.58982],[75.34353,14.57999],[75.36658,14.57738],[75.37333,14.57503],[75.374,14.57988],[75.37013,14.59598],[75.3707,14.60513],[75.3715,14.60735],[75.37946,14.60856],[75.38655,14.60641],[75.40854,14.60951],[75.41582,14.60833],[75.41724,14.59126],[75.42034,14.59136],[75.42348,14.58785],[75.4244,14.58977],[75.42688,14.58954],[75.42613,14.59138],[75.43732,14.5912],[75.43923,14.60792],[75.45348,14.6043],[75.45395,14.59586],[75.46011,14.58414],[75.47651,14.58301],[75.48387,14.59038],[75.49013,14.58725]]]},"properties":{"taluk":"Hirekerur","district":"Haveri","region_id":"subdistrict_5494","level":"taluk"}},{"type":"Feature","geometry":{"type":"Polygon","coordinates":[[[75.78211,14.51606],[75.76721,14.51816],[75.75064,14.51068],[75.73507,14.49498],[75.72289,14.47757],[75.71476,14.47292],[75.70852,14.47511],[75.70171,14.4911],[75.69952,14.49273],[75.68682,14.49129],[75.67401,14.46543],[75.66207,14.45152],[75.65973,14.45523],[75.66109,14.46047],[75.65829,14.45941],[75.65363,14.46352],[75.63661,14.46652],[75.63067,14.44593],[75.6375,14.44172],[75.63423,14.43291],[75.64399,14.43118],[75.6386,14.40575],[75.62739,14.40755],[75.62747,14.40441],[75.61022,14.40287],[75.60945,14.41131],[75.59518,14.41534],[75.59799,14.43759],[75.60331,14.43802],[75.60488,14.45475],[75.5876,14.45518],[75.57665,14.45812],[75.57327,14.45354],[75.56951,14.45287],[75.57002,14.45702],[75.56544,14.45956],[75.5669,14.46339],[75.56455,14.47784],[75.54934,14.47855],[75.54805,14.49255],[75.55171,14.49337],[75.55119,14.49621],[75.55345,14.49956],[75.55197,14.50199],[75.54493,14.50553],[75.53873,14.51645],[75.52636,14.52114],[75.52518,14.53002],[75.51662,14.53604],[75.51605,14.53879],[75.50148,14.53638],[75.49725,14.53831],[75.49797,14.5447],[75.49553,14.5554],[75.48612,14.56195],[75.48564,14.56398],[75.49013,14.58725],[75.50063,14.58756],[75.51782,14.60784],[75.51914,14.61744],[75.52412,14.61834],[75.52635,14.61539],[75.52898,14.619],[75.52985,14.61743],[75.53315,14.61879],[75.53251,14.63878],[75.53554,14.66288],[75.53012,14.66541],[75.5227,14.67518],[75.52011,14.67509],[75.51545,14.68407],[75.54424,14.68893],[75.54759,14.70567],[75.55012,14.70523],[75.55142,14.70737],[75.56511,14.70579],[75.57639,14.70082],[75.58187,14.70239],[75.59963,14.69815],[75.60454,14.70034],[75.60578,14.71138],[75.60426,14.71594],[75.59076,14.73404],[75.58575,14.73463],[75.5755,14.74467],[75.56645,14.76406],[75.5719,14.7642],[75.57549,14.76974],[75.6088,14.76647],[75.60962,14.78311],[75.61328,14.79254],[75.6459,14.79411],[75.64801,14.78744],[75.65152,14.78437],[75.65369,14.7888],[75.66091,14.79168],[75.6605,14.79359],[75.66351,14.79517],[75.65928,14.79491],[75.65905,14.79662],[75.66161,14.79668],[75.66139,14.79982],[75.6654,14.80104],[75.66878,14.79895],[75.67831,14.79806],[75.69177,14.78317],[75.71092,14.78123],[75.71961,14.77577],[75.72322,14.77059],[75.72194,14.7543],[75.71982,14.74984],[75.70271,14.73214],[75.70206,14.72812],[75.70429,14.72395],[75.7157,14.71877],[75.73103,14.72794],[75.74609,14.73293],[75.7554,14.7396],[75.76001,14.73771],[75.76433,14.72999],[75.76391,14.72161],[75.75544,14.71573],[75.7413,14.70009],[75.73899,14.69417],[75.73997,14.68751],[75.74318,14.68345],[75.76329,14.67538],[75.77653,14.67619],[75.78196,14.68077],[75.78922,14.68275],[75.7989,14.68191],[75.80058,14.67796],[75.79942,14.66654],[75.80854,14.65698],[75.80668,14.6196],[75.80942,14.61898],[75.80587,14.61169],[75.80445,14.59899],[75.81966,14.56813],[75.81589,14.55889],[75.79994,14.54267],[75.79735,14.53147],[75.79918,14.51237],[75.79291,14.51044],[75.78211,14.51606]]]},"properties":{"taluk":"Ranibennur","district":"Haveri","region_id":"subdistrict_5495","level":"taluk"}},{"type":"Feature","geometry":{"type":"Polygon","coordinates":[[[75.6386,14.40575],[75.63469,14.3883],[75.62677,14.37095],[75.62243,14.34592],[75.62807,14.32902],[75.63323,14.32651],[75.63477,14.32305],[75.63446,14.31483],[75.61094,14.31583],[75.6035,14.29307],[75.58993,14.28621],[75.58741,14.28881],[75.58319,14.27815],[75.57449,14.27636],[75.56097,14.27747],[75.55705,14.27404],[75.54925,14.27378],[75.53514,14.27754],[75.53374,14.29032],[75.528,14.29077],[75.5219,14.29387],[75.521,14.29859],[75.51791,14.30145],[75.50391,14.30789],[75.50531,14.31635],[75.50155,14.32597],[75.50111,14.34372],[75.48955,14.34773],[75.4879,14.33915],[75.48149,14.33991],[75.48049,14.34521],[75.47673,14.34515],[75.48015,14.3306],[75.47737,14.31778],[75.47035,14.32289],[75.45585,14.32783],[75.44341,14.33752],[75.4458,14.34206],[75.4461,14.35473],[75.4439,14.36007],[75.43893,14.36024],[75.43733,14.36357],[75.4386,14.36474],[75.4346,14.36501],[75.43275,14.36889],[75.43277,14.37766],[75.44805,14.37582],[75.44023,14.38531],[75.43928,14.39382],[75.42562,14.39743],[75.43007,14.42186],[75.42896,14.43929],[75.42602,14.43851],[75.42293,14.44071],[75.42007,14.45199],[75.42105,14.45439],[75.45067,14.45294],[75.46216,14.45051],[75.4584,14.45774],[75.45686,14.47381],[75.44132,14.48341],[75.44519,14.5045],[75.44764,14.50285],[75.45306,14.50451],[75.45805,14.49715],[75.47465,14.4953],[75.47988,14.5125],[75.48411,14.51447],[75.48592,14.52046],[75.48524,14.53073],[75.49516,14.5332],[75.49814,14.53787],[75.50148,14.53638],[75.51605,14.53879],[75.51662,14.53604],[75.52518,14.53002],[75.52636,14.52114],[75.53873,14.51645],[75.54493,14.50553],[75.55197,14.50199],[75.55345,14.49956],[75.55119,14.49621],[75.55171,14.49337],[75.54805,14.49255],[75.54934,14.47855],[75.56455,14.47784],[75.5669,14.46339],[75.56544,14.45956],[75.57002,14.45702],[75.56951,14.45287],[75.57327,14.45354],[75.57665,14.45812],[75.5876,14.45518],[75.60488,14.45475],[75.60331,14.43802],[75.59799,14.43759],[75.59518,14.41534],[75.60945,14.41131],[75.61022,14.40287],[75.62747,14.40441],[75.62739,14.40755],[75.6386,14.40575]]]},"properties":{"taluk":"Rattihalli","district":"Haveri","region_id":"subdistrict_7106","level":"taluk"}},{"type":"Feature","geometry":{"type":"MultiPolygon","coordinates":[[[[75.41683,15.06127],[75.44891,15.06036],[75.45064,15.05931],[75.45193,15.04945],[75.4604,15.04982],[75.46075,15.04378],[75.46815,15.04696],[75.47617,15.04389],[75.49472,15.0464],[75.50757,15.04395],[75.5205,15.03302],[75.53342,15.0345],[75.54065,15.0205],[75.53802,15.01912],[75.54238,15.01501],[75.54337,14.99928],[75.54096,14.99015],[75.5413,14.97832],[75.56524,14.97954],[75.56363,14.97372],[75.56643,14.96428],[75.56705,14.94557],[75.56548,14.94339],[75.56033,14.94269],[75.52664,14.9431],[75.53144,14.94988],[75.52849,14.95215],[75.52599,14.95096],[75.522,14.96347],[75.5109,14.96696],[75.49938,14.96655],[75.49835,14.9604],[75.50054,14.95003],[75.5062,14.93995],[75.5097,14.92145],[75.50327,14.91915],[75.49797,14.92084],[75.48478,14.92045],[75.47816,14.91201],[75.47246,14.91216],[75.46771,14.90821],[75.46814,14.90571],[75.47145,14.90451],[75.48729,14.90498],[75.49179,14.89425],[75.49114,14.89176],[75.48761,14.89163],[75.48562,14.88775],[75.48792,14.88489],[75.48785,14.8811],[75.48305,14.87491],[75.47083,14.87118],[75.46778,14.86602],[75.4648,14.86465],[75.45596,14.86622],[75.453,14.88117],[75.44965,14.88707],[75.44335,14.89147],[75.4401,14.89017],[75.43571,14.87893],[75.43323,14.87813],[75.42783,14.88199],[75.42066,14.88297],[75.41943,14.87756],[75.4084,14.87618],[75.40423,14.87085],[75.40182,14.87049],[75.39446,14.87532],[75.39315,14.88223],[75.38796,14.89042],[75.38461,14.88785],[75.3785,14.88811],[75.36977,14.88539],[75.36497,14.8822],[75.35502,14.86282],[75.34243,14.86509],[75.33634,14.85971],[75.33196,14.85872],[75.32238,14.86257],[75.31624,14.85735],[75.30657,14.85408],[75.30264,14.84925],[75.2982,14.86788],[75.28682,14.87115],[75.283,14.89588],[75.28263,14.90039],[75.28753,14.90064],[75.28803,14.91149],[75.28188,14.93006],[75.29386,14.93286],[75.29319,14.93708],[75.28996,14.93924],[75.29155,14.94521],[75.26888,14.94405],[75.26488,14.9526],[75.27222,14.96455],[75.27808,14.9661],[75.2741,14.97141],[75.27686,14.97347],[75.27541,14.97441],[75.27625,14.97669],[75.27474,14.9757],[75.27422,14.97852],[75.27198,14.97901],[75.27511,14.98177],[75.27214,14.98225],[75.27424,14.98422],[75.27398,14.99447],[75.27795,15.00672],[75.28238,15.01155],[75.28309,15.01646],[75.28171,15.02351],[75.2749,15.02319],[75.27286,15.02695],[75.2706,15.04496],[75.27227,15.04998],[75.27033,15.05829],[75.27957,15.06282],[75.27997,15.06499],[75.27702,15.06845],[75.30609,15.07279],[75.30576,15.07533],[75.31592,15.07625],[75.32223,15.07995],[75.33408,15.08204],[75.33927,15.06987],[75.34672,15.06464],[75.35211,15.06402],[75.35698,15.06594],[75.36697,15.05041],[75.3748,15.05032],[75.40154,15.06014],[75.41664,15.05906],[75.41683,15.06127]]],[[[75.29178,14.93738],[75.29095,14.93777],[75.29173,14.93775],[75.29178,14.93738]]]]},"properties":{"taluk":"Savanur","district":"Haveri","region_id":"subdistrict_5490","level":"taluk"}},{"type":"Feature","geometry":{"type":"Polygon","coordinates":[[[75.09693,14.95693],[75.08451,14.95665],[75.08155,14.96951],[75.07588,14.97403],[75.07323,14.9997],[75.06813,15.01472],[75.07153,15.01793],[75.07702,15.03793],[75.07236,15.04141],[75.0739,15.0524],[75.08254,15.0746],[75.08076,15.07706],[75.08247,15.08586],[75.08018,15.09089],[75.07796,15.11043],[75.09516,15.11025],[75.09514,15.114],[75.11349,15.11727],[75.1146,15.12145],[75.10967,15.12952],[75.10631,15.13041],[75.10724,15.13921],[75.10485,15.14069],[75.1106,15.13849],[75.11809,15.14107],[75.12186,15.14032],[75.12603,15.14574],[75.13037,15.14476],[75.13383,15.1483],[75.13522,15.15746],[75.1417,15.15914],[75.14662,15.15024],[75.15035,15.14933],[75.15293,15.14564],[75.14855,15.14247],[75.14975,15.14133],[75.14536,15.13373],[75.14155,15.13308],[75.13717,15.1294],[75.13862,15.12547],[75.13739,15.11986],[75.13365,15.11812],[75.1392,15.10237],[75.14407,15.10355],[75.14392,15.10602],[75.15281,15.10721],[75.15265,15.10878],[75.15841,15.11051],[75.15788,15.10195],[75.18656,15.10399],[75.18817,15.09856],[75.19854,15.10046],[75.22506,15.10019],[75.22561,15.10715],[75.23873,15.10938],[75.2391,15.1068],[75.25061,15.10732],[75.2523,15.09804],[75.25767,15.09838],[75.25874,15.1176],[75.26976,15.11876],[75.27208,15.12201],[75.28829,15.12931],[75.28666,15.13677],[75.3059,15.13834],[75.30562,15.15406],[75.3277,15.15785],[75.33574,15.16128],[75.33734,15.14685],[75.33694,15.11162],[75.33956,15.1067],[75.35011,15.10225],[75.34972,15.09429],[75.33905,15.09109],[75.33978,15.08672],[75.33445,15.08156],[75.32398,15.08049],[75.31592,15.07625],[75.30576,15.07533],[75.30609,15.07279],[75.27702,15.06845],[75.27997,15.06499],[75.27957,15.06282],[75.27033,15.05829],[75.27227,15.04998],[75.2706,15.04496],[75.27286,15.02695],[75.2749,15.02319],[75.28171,15.02351],[75.28309,15.01646],[75.28238,15.01155],[75.27795,15.00672],[75.27398,14.99447],[75.27424,14.98422],[75.27214,14.98225],[75.27511,14.98177],[75.27198,14.97901],[75.27422,14.97852],[75.27474,14.9757],[75.27625,14.97669],[75.27541,14.97441],[75.27686,14.97347],[75.2741,14.97141],[75.27808,14.9661],[75.27222,14.96455],[75.26488,14.9526],[75.26888,14.94405],[75.29155,14.94521],[75.28996,14.93924],[75.29319,14.93708],[75.29386,14.93286],[75.28188,14.92999],[75.28773,14.91508],[75.28753,14.90064],[75.28263,14.90039],[75.28682,14.87115],[75.2725,14.86944],[75.27063,14.87883],[75.26672,14.88058],[75.2643,14.88518],[75.24456,14.88527],[75.23665,14.88236],[75.23293,14.88308],[75.22863,14.89032],[75.23154,14.89526],[75.22482,14.89593],[75.21086,14.8937],[75.20943,14.87585],[75.21076,14.87265],[75.2063,14.87252],[75.20507,14.86622],[75.19647,14.86935],[75.18901,14.86913],[75.18825,14.8721],[75.1834,14.87474],[75.18078,14.87405],[75.17972,14.87884],[75.18299,14.88034],[75.18252,14.88711],[75.17785,14.89469],[75.1663,14.89415],[75.16855,14.88281],[75.16322,14.87926],[75.15386,14.87914],[75.15035,14.88238],[75.15067,14.89083],[75.1392,14.89285],[75.1389,14.89668],[75.13613,14.89928],[75.13626,14.89705],[75.13247,14.89472],[75.12406,14.89414],[75.12144,14.89668],[75.11605,14.89589],[75.10553,14.90505],[75.0686,14.90864],[75.06707,14.9191],[75.08025,14.92243],[75.08725,14.92097],[75.08543,14.92678],[75.10229,14.92763],[75.10166,14.93249],[75.10337,14.93508],[75.09708,14.94322],[75.09778,14.94737],[75.09378,14.95221],[75.09693,14.95693]],[[75.29095,14.93777],[75.29178,14.93738],[75.29173,14.93775],[75.29095,14.93777]]]},"properties":{"taluk":"Shiggaon","district":"Haveri","region_id":"subdistrict_5489","level":"taluk"}},{"type":"Feature","geometry":{"type":"Polygon","coordinates":[[[75.78696,12.41412],[75.7941,12.42545],[75.78753,12.42971],[75.78723,12.43623],[75.78876,12.43793],[75.78607,12.44182],[75.7847,12.43997],[75.78171,12.44111],[75.78258,12.44444],[75.77875,12.44793],[75.78147,12.45462],[75.77709,12.4585],[75.7852,12.45874],[75.78945,12.4619],[75.79495,12.45437],[75.79836,12.457],[75.79946,12.45831],[75.79783,12.46029],[75.79588,12.45973],[75.79193,12.4636],[75.78887,12.46388],[75.79122,12.46996],[75.795,12.46366],[75.79904,12.46365],[75.79922,12.4596],[75.80309,12.45959],[75.80386,12.46501],[75.80814,12.4677],[75.81209,12.46529],[75.81694,12.4695],[75.81454,12.47819],[75.82025,12.48473],[75.82874,12.48248],[75.83134,12.47568],[75.83411,12.47441],[75.84408,12.47666],[75.83781,12.49449],[75.84451,12.49746],[75.84579,12.50157],[75.8508,12.49734],[75.85894,12.49733],[75.86496,12.49003],[75.86776,12.49201],[75.86643,12.49615],[75.86891,12.50058],[75.87462,12.50267],[75.87917,12.50159],[75.88015,12.49798],[75.87833,12.49549],[75.88034,12.49211],[75.87906,12.48913],[75.88264,12.48524],[75.88112,12.48226],[75.88572,12.47998],[75.89144,12.48632],[75.88956,12.48999],[75.89061,12.49239],[75.89852,12.48711],[75.90126,12.4889],[75.90354,12.49525],[75.90765,12.49453],[75.91468,12.49821],[75.90851,12.50556],[75.90718,12.51308],[75.91267,12.5147],[75.91214,12.51838],[75.91693,12.51816],[75.91318,12.52561],[75.91309,12.53398],[75.91712,12.53382],[75.91753,12.53895],[75.92218,12.54027],[75.92149,12.54731],[75.92445,12.55013],[75.93528,12.54933],[75.9279,12.58949],[75.92778,12.59252],[75.93246,12.59838],[75.94554,12.5995],[75.94712,12.59791],[75.95606,12.5724],[75.96105,12.5641],[75.96597,12.55993],[75.97492,12.56244],[75.97274,12.57115],[75.96912,12.57693],[75.97257,12.57737],[75.98137,12.57371],[75.98896,12.57413],[75.98768,12.5811],[75.99362,12.58823],[75.99727,12.58382],[75.99761,12.57987],[76.00257,12.57466],[76.00597,12.57432],[76.00994,12.57089],[76.01194,12.57271],[76.01409,12.56908],[76.01707,12.57155],[76.01876,12.57076],[76.01774,12.56552],[76.01182,12.56034],[76.01185,12.55399],[76.00687,12.55504],[75.99636,12.56207],[75.99085,12.56008],[75.99041,12.55622],[75.99773,12.55098],[75.99877,12.54687],[75.99515,12.54088],[75.98568,12.54458],[75.98245,12.54091],[75.99259,12.5292],[75.99314,12.52131],[75.9865,12.51945],[75.97575,12.52021],[75.97404,12.51936],[75.97209,12.5117],[75.96333,12.50986],[75.9607,12.50712],[75.9603,12.50117],[75.96259,12.49717],[75.95906,12.48888],[75.96079,12.48446],[75.96677,12.48303],[75.96507,12.47337],[75.97204,12.47069],[75.96729,12.46464],[75.96814,12.45596],[75.97199,12.45009],[75.96806,12.44727],[75.95996,12.4518],[75.94631,12.44957],[75.93836,12.44307],[75.93652,12.43827],[75.93224,12.43967],[75.92588,12.4369],[75.92251,12.43094],[75.92245,12.42269],[75.91518,12.40977],[75.91172,12.40835],[75.91057,12.40559],[75.91006,12.39435],[75.91335,12.38797],[75.91418,12.38116],[75.90524,12.37392],[75.90327,12.36961],[75.89739,12.36761],[75.90128,12.35768],[75.90564,12.35453],[75.9042,12.3482],[75.9015,12.34611],[75.89645,12.34777],[75.89211,12.34196],[75.88523,12.3421],[75.87848,12.33297],[75.87918,12.32963],[75.88759,12.32095],[75.88006,12.31007],[75.86457,12.30282],[75.8573,12.30524],[75.85439,12.30152],[75.85438,12.29645],[75.85264,12.29614],[75.84728,12.30636],[75.84848,12.31396],[75.84266,12.32255],[75.84504,12.3291],[75.84323,12.33102],[75.83771,12.3288],[75.83184,12.33299],[75.83573,12.34135],[75.82398,12.35218],[75.82189,12.35972],[75.81943,12.36139],[75.82026,12.37399],[75.81227,12.37764],[75.81045,12.38146],[75.80367,12.38395],[75.79891,12.38845],[75.79976,12.39504],[75.7974,12.39681],[75.79834,12.39781],[75.79287,12.39915],[75.79175,12.40239],[75.78949,12.40209],[75.78696,12.41412]],[[75.91852,12.50972],[75.919,12.49995],[75.91676,12.4982],[75.91629,12.4926],[75.91706,12.49084],[75.92106,12.49073],[75.92524,12.4932],[75.92539,12.4955],[75.92312,12.50455],[75.91852,12.50972]]]},"properties":{"taluk":"Kushalanagar","district":"Kodagu","region_id":"subdistrict_7124","level":"taluk"}},{"type":"Feature","geometry":{"type":"Polygon","coordinates":[[[75.67756,12.60644],[75.68336,12.6044],[75.68719,12.60759],[75.69506,12.60086],[75.70414,12.60047],[75.70817,12.59401],[75.71814,12.5966],[75.72108,12.59275],[75.73152,12.59188],[75.73359,12.5831],[75.73174,12.57465],[75.73438,12.56425],[75.737,12.56124],[75.72978,12.55022],[75.73265,12.54434],[75.73263,12.53956],[75.73479,12.53801],[75.74257,12.54262],[75.74814,12.53999],[75.75681,12.54085],[75.76773,12.52459],[75.76822,12.52],[75.77863,12.50276],[75.78061,12.49383],[75.78467,12.48981],[75.78573,12.48464],[75.78342,12.48388],[75.78202,12.47947],[75.77753,12.47813],[75.77061,12.46923],[75.77292,12.468],[75.77333,12.46281],[75.77516,12.46313],[75.77719,12.45809],[75.78147,12.45462],[75.77875,12.44793],[75.78258,12.44444],[75.78171,12.44111],[75.7877,12.44068],[75.78753,12.42971],[75.7941,12.42545],[75.78695,12.41536],[75.7879,12.40577],[75.79439,12.39779],[75.79834,12.39781],[75.7974,12.39681],[75.79902,12.39654],[75.80037,12.39184],[75.79891,12.38845],[75.80367,12.38395],[75.81045,12.38146],[75.81227,12.37764],[75.82026,12.37399],[75.81943,12.36139],[75.82189,12.35972],[75.82398,12.35218],[75.83573,12.34135],[75.83184,12.33299],[75.83771,12.3288],[75.84394,12.33071],[75.84511,12.32887],[75.84266,12.32255],[75.84898,12.3124],[75.84729,12.30952],[75.84206,12.30838],[75.83961,12.30452],[75.83253,12.30142],[75.83145,12.29907],[75.82805,12.29871],[75.82633,12.30215],[75.83045,12.30547],[75.83068,12.30774],[75.82184,12.31554],[75.81612,12.30944],[75.81421,12.30208],[75.80721,12.29944],[75.81007,12.29251],[75.8045,12.29127],[75.80295,12.2957],[75.79799,12.29794],[75.79458,12.30209],[75.79129,12.3024],[75.78739,12.29803],[75.78072,12.29464],[75.76942,12.27604],[75.76177,12.27772],[75.75912,12.28282],[75.75176,12.27855],[75.75149,12.27363],[75.74945,12.28017],[75.74527,12.28444],[75.73579,12.27554],[75.73201,12.27644],[75.72736,12.27282],[75.7281,12.26899],[75.72427,12.26678],[75.72423,12.26396],[75.72116,12.26366],[75.72152,12.25936],[75.7174,12.25499],[75.71857,12.2519],[75.71575,12.24796],[75.71804,12.24647],[75.71881,12.25082],[75.72246,12.24274],[75.72489,12.24452],[75.72654,12.242],[75.73052,12.24262],[75.7323,12.23809],[75.73542,12.23619],[75.73861,12.238],[75.74174,12.23202],[75.74169,12.22796],[75.73809,12.22273],[75.74235,12.21521],[75.73866,12.2144],[75.73442,12.2174],[75.73495,12.21547],[75.73258,12.21344],[75.73382,12.21075],[75.72939,12.20861],[75.72474,12.21632],[75.71911,12.21656],[75.71414,12.21381],[75.7193,12.21254],[75.71937,12.20887],[75.71645,12.20823],[75.71805,12.20605],[75.7152,12.20391],[75.71296,12.20616],[75.71268,12.20422],[75.71062,12.20436],[75.71172,12.20382],[75.70776,12.20033],[75.70238,12.18658],[75.69619,12.1833],[75.69567,12.17751],[75.69373,12.17616],[75.68704,12.17817],[75.68444,12.17718],[75.68249,12.1734],[75.67914,12.17244],[75.67742,12.16745],[75.66938,12.16242],[75.66138,12.14227],[75.67622,12.10886],[75.67438,12.10642],[75.67421,12.09916],[75.66753,12.09767],[75.661,12.10006],[75.6525,12.11033],[75.64896,12.10967],[75.64657,12.1156],[75.6475,12.12204],[75.64405,12.12589],[75.64414,12.13444],[75.63814,12.14094],[75.63932,12.14422],[75.63627,12.14927],[75.63137,12.14888],[75.61871,12.15675],[75.61083,12.15285],[75.6066,12.15575],[75.60126,12.15384],[75.59583,12.15449],[75.59251,12.14796],[75.59034,12.15279],[75.58407,12.15683],[75.58309,12.15942],[75.57728,12.15797],[75.56901,12.1751],[75.55612,12.18026],[75.55084,12.18662],[75.54703,12.19773],[75.54475,12.19917],[75.54108,12.19831],[75.5391,12.20297],[75.53562,12.2022],[75.53322,12.2039],[75.53308,12.20171],[75.5317,12.20245],[75.53124,12.20579],[75.53512,12.20609],[75.53892,12.2152],[75.5266,12.22254],[75.52374,12.22762],[75.5243,12.22987],[75.51709,12.23519],[75.51838,12.24211],[75.51643,12.24676],[75.5105,12.25104],[75.50983,12.25789],[75.51185,12.25793],[75.51173,12.26066],[75.50569,12.26544],[75.50535,12.27155],[75.49417,12.27298],[75.48872,12.2829],[75.50129,12.29846],[75.49849,12.29774],[75.48848,12.30289],[75.48177,12.29802],[75.45706,12.29917],[75.45103,12.29405],[75.44512,12.29247],[75.45455,12.30014],[75.45362,12.30169],[75.45735,12.30355],[75.45635,12.3051],[75.46003,12.3065],[75.45807,12.30887],[75.45663,12.32024],[75.44461,12.32062],[75.43511,12.31217],[75.42735,12.31129],[75.42026,12.31999],[75.41886,12.32949],[75.41636,12.33053],[75.41647,12.34178],[75.41213,12.34951],[75.4197,12.35727],[75.41209,12.36083],[75.4044,12.3569],[75.40073,12.35871],[75.39147,12.35437],[75.38413,12.36422],[75.37937,12.3673],[75.3738,12.36932],[75.36828,12.36718],[75.36223,12.36967],[75.35862,12.3684],[75.36033,12.37248],[75.35755,12.37904],[75.34952,12.38085],[75.34845,12.3929],[75.34185,12.39799],[75.34206,12.40046],[75.33866,12.401],[75.34125,12.40736],[75.35235,12.41069],[75.36016,12.40598],[75.36356,12.41212],[75.36214,12.4163],[75.36571,12.41897],[75.37167,12.43897],[75.3694,12.44123],[75.37102,12.44944],[75.36744,12.45434],[75.3664,12.45967],[75.37187,12.45753],[75.37503,12.45921],[75.38228,12.45602],[75.38337,12.45837],[75.38774,12.45897],[75.39255,12.45605],[75.39295,12.45283],[75.39671,12.45233],[75.399,12.45558],[75.41281,12.45766],[75.41511,12.46454],[75.4267,12.46768],[75.4244,12.47556],[75.41919,12.48063],[75.42007,12.48864],[75.41668,12.49267],[75.41667,12.49567],[75.41816,12.49552],[75.41526,12.49996],[75.41657,12.50263],[75.41509,12.50467],[75.42015,12.50964],[75.41783,12.51024],[75.41813,12.51455],[75.42135,12.51363],[75.42495,12.51596],[75.4301,12.51375],[75.43357,12.51648],[75.43043,12.51968],[75.43553,12.5289],[75.44107,12.52681],[75.44212,12.5219],[75.44616,12.5207],[75.44584,12.51803],[75.45011,12.51951],[75.45233,12.51506],[75.45542,12.51372],[75.45609,12.51658],[75.4582,12.51627],[75.46228,12.50492],[75.47261,12.50055],[75.46896,12.49309],[75.46179,12.48921],[75.46363,12.48654],[75.46163,12.48521],[75.46173,12.47971],[75.45906,12.47839],[75.45902,12.4751],[75.46266,12.47052],[75.47266,12.46539],[75.47461,12.46101],[75.48008,12.4683],[75.48137,12.46802],[75.48044,12.46546],[75.48493,12.46157],[75.48951,12.45988],[75.49248,12.46079],[75.49137,12.46452],[75.48906,12.46516],[75.49199,12.46769],[75.49019,12.4715],[75.49146,12.4745],[75.49592,12.47938],[75.49453,12.48398],[75.50278,12.48795],[75.50641,12.48689],[75.5132,12.48967],[75.51808,12.48996],[75.51927,12.48823],[75.52509,12.48976],[75.52772,12.49713],[75.5303,12.49882],[75.53479,12.49443],[75.5492,12.49091],[75.55242,12.49169],[75.56596,12.48397],[75.56563,12.49214],[75.55309,12.49757],[75.5634,12.51046],[75.57015,12.51138],[75.57772,12.51879],[75.5807,12.51929],[75.5802,12.52263],[75.58283,12.52745],[75.59191,12.53632],[75.59503,12.53386],[75.59742,12.52478],[75.60573,12.51925],[75.60582,12.51059],[75.61551,12.50935],[75.6234,12.51512],[75.62766,12.52166],[75.6283,12.51898],[75.63246,12.52096],[75.63355,12.52766],[75.63627,12.52898],[75.64146,12.5375],[75.65347,12.53972],[75.6703,12.54995],[75.66848,12.56546],[75.66312,12.56986],[75.66764,12.57218],[75.66752,12.57413],[75.66543,12.57605],[75.66323,12.57546],[75.66066,12.58023],[75.66362,12.58418],[75.66152,12.59266],[75.66337,12.59597],[75.66604,12.5963],[75.66853,12.60383],[75.67756,12.60644]]]},"properties":{"taluk":"Madikeri","district":"Kodagu","region_id":"subdistrict_5566","level":"taluk"}},{"type":"Feature","geometry":{"type":"Polygon","coordinates":[[[75.89534,12.19619],[75.90531,12.19376],[75.90645,12.19762],[75.90931,12.19752],[75.91352,12.20265],[75.90352,12.21228],[75.91175,12.20828],[75.91648,12.2102],[75.91814,12.21482],[75.91946,12.21346],[75.92324,12.21493],[75.92569,12.21881],[75.92645,12.21645],[75.92817,12.22057],[75.93146,12.22449],[75.93549,12.22577],[75.93923,12.23223],[75.94652,12.2333],[75.95855,12.24363],[75.95812,12.24514],[75.96938,12.25962],[75.99195,12.28164],[75.99514,12.28707],[75.99915,12.28916],[76.01168,12.28579],[76.01421,12.28686],[76.01329,12.28453],[76.01632,12.27245],[76.01353,12.26885],[76.0245,12.2485],[76.02612,12.25143],[76.0349,12.25078],[76.04036,12.25259],[76.05088,12.24784],[76.05181,12.24573],[76.0573,12.24787],[76.05716,12.25313],[76.0596,12.25374],[76.06002,12.24801],[76.07326,12.23957],[76.0731,12.23459],[76.08218,12.22132],[76.09384,12.21348],[76.0952,12.20733],[76.10225,12.19665],[76.11884,12.19259],[76.12552,12.19399],[76.13154,12.19784],[76.13765,12.1887],[76.13505,12.18799],[76.13503,12.18195],[76.1386,12.17076],[76.14124,12.16837],[76.14312,12.15689],[76.1507,12.14315],[76.16107,12.13436],[76.17089,12.11804],[76.17178,12.10825],[76.17646,12.0996],[76.1751,12.08173],[76.17829,12.06983],[76.18896,12.05038],[76.18378,12.03586],[76.17728,12.02942],[76.15805,12.02212],[76.1481,12.01523],[76.14504,12.00683],[76.12224,11.97937],[76.11519,11.97917],[76.10994,11.97691],[76.11004,11.97468],[76.0912,11.96848],[76.08453,11.97743],[76.0754,11.98329],[76.06721,11.98413],[76.06691,11.99222],[76.06469,11.98636],[76.06754,11.98195],[76.0631,11.97844],[76.06148,11.95963],[76.05216,11.95189],[76.04599,11.95116],[76.04286,11.94638],[76.03313,11.9403],[76.02403,11.94368],[76.01306,11.94182],[76.00644,11.93731],[76.00342,11.93099],[75.99421,11.93171],[75.99022,11.93008],[75.98639,11.93293],[75.97606,11.9328],[75.95657,11.94069],[75.955,11.93917],[75.95515,11.94236],[75.9517,11.94107],[75.93749,11.94247],[75.9367,11.94076],[75.93069,11.93992],[75.9274,11.94353],[75.91369,11.94714],[75.89697,11.94579],[75.88604,11.95202],[75.8802,11.94996],[75.87039,11.9528],[75.86727,11.9569],[75.85868,11.95972],[75.85446,11.96444],[75.8531,11.97207],[75.85097,11.9729],[75.85344,11.978],[75.85089,11.97904],[75.84976,11.98445],[75.84261,11.98633],[75.84061,11.985],[75.83137,11.99201],[75.82479,12.01266],[75.80981,12.02382],[75.81203,12.02844],[75.80164,12.03616],[75.79933,12.05285],[75.79468,12.05705],[75.79893,12.05736],[75.79809,12.06362],[75.80114,12.06959],[75.80105,12.07429],[75.80343,12.07587],[75.80034,12.08005],[75.80501,12.07953],[75.80472,12.08095],[75.81983,12.07526],[75.83415,12.07476],[75.83946,12.07008],[75.84353,12.07298],[75.84659,12.0703],[75.85619,12.07097],[75.85876,12.07278],[75.86232,12.09964],[75.86167,12.11006],[75.85889,12.11139],[75.86085,12.11451],[75.86021,12.11868],[75.86329,12.11994],[75.86625,12.12439],[75.86429,12.12728],[75.86452,12.13239],[75.8725,12.13718],[75.8831,12.1366],[75.88456,12.13889],[75.8827,12.14265],[75.87958,12.14288],[75.87451,12.14795],[75.86813,12.15062],[75.86971,12.15236],[75.86804,12.15627],[75.87064,12.16014],[75.86741,12.16578],[75.87016,12.16481],[75.87014,12.16658],[75.86704,12.17264],[75.86816,12.17324],[75.86652,12.17466],[75.86619,12.17296],[75.86476,12.17335],[75.86503,12.17604],[75.86691,12.17664],[75.86376,12.17701],[75.86846,12.18037],[75.87045,12.17816],[75.87831,12.17915],[75.87919,12.18724],[75.88304,12.1908],[75.88376,12.18331],[75.89184,12.18525],[75.89387,12.18715],[75.89534,12.19619]]]},"properties":{"taluk":"Ponnampet","district":"Kodagu","region_id":"subdistrict_7125","level":"taluk"}},{"type":"Feature","geometry":{"type":"MultiPolygon","coordinates":[[[[75.67744,12.60653],[75.66853,12.60383],[75.66604,12.5963],[75.66337,12.59597],[75.66133,12.59276],[75.66095,12.59925],[75.65622,12.60331],[75.65245,12.61162],[75.65431,12.61385],[75.65324,12.62055],[75.65055,12.62375],[75.6423,12.6274],[75.64144,12.63163],[75.64517,12.64209],[75.64137,12.64825],[75.6442,12.6481],[75.64807,12.66641],[75.66527,12.698],[75.66821,12.69756],[75.67492,12.70081],[75.6877,12.70112],[75.70484,12.70631],[75.71074,12.70467],[75.71388,12.70731],[75.71709,12.70427],[75.71992,12.70532],[75.72268,12.70094],[75.72232,12.6967],[75.73127,12.6974],[75.73858,12.69019],[75.74316,12.68111],[75.76047,12.67361],[75.76678,12.68042],[75.77418,12.68045],[75.77613,12.68663],[75.7785,12.68821],[75.78212,12.68631],[75.7914,12.68709],[75.80751,12.70128],[75.81691,12.69294],[75.81983,12.68453],[75.82547,12.68242],[75.83381,12.67132],[75.84334,12.66858],[75.8463,12.67219],[75.85339,12.66947],[75.86743,12.67451],[75.87887,12.67189],[75.88221,12.67444],[75.88605,12.67451],[75.88817,12.67757],[75.88774,12.68983],[75.8899,12.69347],[75.88547,12.69972],[75.8859,12.70547],[75.88391,12.70832],[75.8733,12.70943],[75.87018,12.7151],[75.86169,12.71745],[75.85302,12.72472],[75.85154,12.7304],[75.8547,12.73669],[75.85245,12.7456],[75.84901,12.74992],[75.85322,12.7543],[75.85968,12.7573],[75.85756,12.76204],[75.85788,12.77021],[75.86544,12.76819],[75.87174,12.77082],[75.87318,12.76968],[75.87577,12.77274],[75.87262,12.77432],[75.87767,12.7763],[75.87445,12.77683],[75.87149,12.78246],[75.86896,12.78311],[75.8633,12.79543],[75.86643,12.80227],[75.86493,12.80377],[75.86693,12.80557],[75.86374,12.80788],[75.86548,12.81137],[75.86361,12.81899],[75.87587,12.8236],[75.87767,12.82647],[75.87481,12.82972],[75.87915,12.83371],[75.89941,12.82843],[75.90217,12.81876],[75.9092,12.81635],[75.918,12.81984],[75.91668,12.82554],[75.91911,12.82839],[75.92817,12.82139],[75.9252,12.81217],[75.93007,12.80762],[75.9471,12.80798],[75.94927,12.80017],[75.96751,12.80372],[75.9668,12.79344],[75.97101,12.78266],[75.96831,12.78281],[75.96635,12.7803],[75.95824,12.78219],[75.95291,12.76802],[75.94635,12.76583],[75.93484,12.76763],[75.93284,12.76368],[75.93508,12.75925],[75.93378,12.75767],[75.93795,12.75023],[75.93489,12.73271],[75.94322,12.71866],[75.96614,12.70977],[75.96254,12.70531],[75.96479,12.70349],[75.96474,12.70003],[75.95847,12.68998],[75.95967,12.68294],[75.95842,12.68043],[75.9544,12.67622],[75.94118,12.67577],[75.93998,12.6744],[75.9476,12.66399],[75.94098,12.65768],[75.93802,12.64357],[75.94281,12.63657],[75.94047,12.63221],[75.93624,12.62984],[75.94006,12.62788],[75.94431,12.62925],[75.9493,12.62101],[75.94713,12.61359],[75.93924,12.60905],[75.94054,12.60413],[75.94554,12.5995],[75.93246,12.59838],[75.92778,12.59252],[75.92877,12.57975],[75.93528,12.54933],[75.92445,12.55013],[75.92149,12.54731],[75.92218,12.54027],[75.91753,12.53895],[75.91712,12.53382],[75.91309,12.53398],[75.91318,12.52561],[75.91693,12.51816],[75.91214,12.51838],[75.91267,12.5147],[75.90718,12.51308],[75.90851,12.50556],[75.91468,12.49821],[75.90765,12.49453],[75.90354,12.49525],[75.90082,12.48835],[75.89783,12.48721],[75.89061,12.49239],[75.88956,12.48999],[75.89144,12.48632],[75.88659,12.48058],[75.88401,12.48024],[75.88112,12.48226],[75.88185,12.48738],[75.87906,12.48913],[75.88034,12.49211],[75.87833,12.49549],[75.88015,12.49798],[75.87917,12.50159],[75.87462,12.50267],[75.86891,12.50058],[75.86643,12.49615],[75.86776,12.49201],[75.86496,12.49003],[75.85894,12.49733],[75.8508,12.49734],[75.84579,12.50157],[75.84451,12.49746],[75.83781,12.49449],[75.84408,12.47666],[75.83411,12.47441],[75.83134,12.47568],[75.82874,12.48248],[75.82093,12.48494],[75.81454,12.47819],[75.81694,12.4695],[75.81209,12.46529],[75.80814,12.4677],[75.80386,12.46501],[75.80309,12.45959],[75.79922,12.4596],[75.79904,12.46365],[75.795,12.46366],[75.79192,12.46979],[75.78975,12.46853],[75.78887,12.46388],[75.79946,12.45831],[75.79495,12.45437],[75.7925,12.45911],[75.78966,12.45962],[75.78989,12.46185],[75.7852,12.45874],[75.77709,12.4585],[75.77516,12.46313],[75.77323,12.46296],[75.77292,12.468],[75.77061,12.46923],[75.77753,12.47813],[75.78202,12.47947],[75.78342,12.48388],[75.78573,12.48464],[75.78433,12.4908],[75.78061,12.49383],[75.77863,12.50276],[75.76822,12.52],[75.76773,12.52459],[75.75681,12.54085],[75.74814,12.53999],[75.74257,12.54262],[75.73479,12.53801],[75.73263,12.53956],[75.73265,12.54434],[75.72978,12.55022],[75.737,12.56124],[75.73438,12.56425],[75.73174,12.57465],[75.73359,12.5831],[75.73152,12.59188],[75.72108,12.59275],[75.71814,12.5966],[75.70817,12.59401],[75.70414,12.60047],[75.69506,12.60086],[75.68719,12.60759],[75.68147,12.60418],[75.67744,12.60653]]],[[[75.91852,12.50972],[75.92312,12.50455],[75.92539,12.4955],[75.92524,12.4932],[75.92106,12.49073],[75.91706,12.49084],[75.91629,12.4926],[75.91676,12.4982],[75.919,12.49995],[75.91852,12.50972]]]]},"properties":{"taluk":"Somvarpet","district":"Kodagu","region_id":"subdistrict_5567","level":"taluk"}},{"type":"Feature","geometry":{"type":"Polygon","coordinates":[[[75.90531,12.19376],[75.89534,12.19619],[75.89387,12.18715],[75.89184,12.18525],[75.88376,12.18331],[75.88304,12.1908],[75.87919,12.18724],[75.87831,12.17915],[75.87045,12.17816],[75.86846,12.18037],[75.86376,12.17701],[75.86691,12.17664],[75.86503,12.17604],[75.86476,12.17335],[75.86652,12.17466],[75.86816,12.17324],[75.86704,12.17264],[75.87014,12.16658],[75.87016,12.16481],[75.86741,12.16578],[75.87064,12.16014],[75.86804,12.15627],[75.86971,12.15236],[75.86813,12.15062],[75.87451,12.14795],[75.87958,12.14288],[75.8827,12.14265],[75.88456,12.13889],[75.8831,12.1366],[75.8725,12.13718],[75.86452,12.13239],[75.86429,12.12728],[75.86625,12.12439],[75.86329,12.11994],[75.86021,12.11868],[75.86085,12.11451],[75.85889,12.11139],[75.86167,12.11006],[75.86232,12.09964],[75.85988,12.07572],[75.8575,12.07135],[75.84659,12.0703],[75.84353,12.07298],[75.83946,12.07008],[75.83415,12.07476],[75.81983,12.07526],[75.80472,12.08095],[75.80501,12.07953],[75.8,12.07958],[75.79559,12.08244],[75.78518,12.08487],[75.7803,12.08326],[75.76603,12.08502],[75.75249,12.08467],[75.74933,12.08292],[75.74711,12.0785],[75.74344,12.08045],[75.73619,12.07929],[75.72769,12.0728],[75.71519,12.07056],[75.71552,12.08187],[75.71782,12.08276],[75.71798,12.08593],[75.71345,12.09061],[75.70223,12.0925],[75.70318,12.10827],[75.69519,12.11072],[75.68779,12.11061],[75.67681,12.09854],[75.67312,12.09824],[75.67568,12.1115],[75.6719,12.11624],[75.67185,12.12104],[75.66923,12.12734],[75.66569,12.13038],[75.66138,12.14227],[75.66453,12.14918],[75.6638,12.15122],[75.66769,12.15556],[75.66828,12.16062],[75.67742,12.16745],[75.67914,12.17244],[75.68249,12.1734],[75.68444,12.17718],[75.68704,12.17817],[75.69373,12.17616],[75.69567,12.17751],[75.69619,12.1833],[75.70238,12.18658],[75.70776,12.20033],[75.71172,12.20382],[75.71062,12.20436],[75.71268,12.20422],[75.71296,12.20616],[75.7152,12.20391],[75.71805,12.20605],[75.71645,12.20823],[75.71937,12.20887],[75.7193,12.21254],[75.71414,12.21381],[75.71911,12.21656],[75.72474,12.21632],[75.72939,12.20861],[75.73382,12.21075],[75.73258,12.21344],[75.73495,12.21547],[75.73442,12.2174],[75.73866,12.2144],[75.74235,12.21521],[75.73809,12.22273],[75.74169,12.22796],[75.74174,12.23202],[75.73861,12.238],[75.73542,12.23619],[75.7323,12.23809],[75.73052,12.24262],[75.72654,12.242],[75.72489,12.24452],[75.72246,12.24274],[75.71881,12.25082],[75.71804,12.24647],[75.71575,12.24796],[75.71857,12.2519],[75.7174,12.25499],[75.72152,12.25936],[75.72116,12.26366],[75.72423,12.26396],[75.72427,12.26678],[75.7281,12.26899],[75.72736,12.27282],[75.73201,12.27644],[75.73579,12.27554],[75.74527,12.28444],[75.74945,12.28017],[75.75149,12.27363],[75.75176,12.27855],[75.75912,12.28282],[75.76177,12.27772],[75.76942,12.27604],[75.78072,12.29464],[75.78739,12.29803],[75.79129,12.3024],[75.79458,12.30209],[75.79799,12.29794],[75.80295,12.2957],[75.8045,12.29127],[75.81007,12.29251],[75.80721,12.29944],[75.81421,12.30208],[75.81612,12.30944],[75.82184,12.31554],[75.83068,12.30774],[75.83045,12.30547],[75.82633,12.30215],[75.82805,12.29871],[75.83145,12.29907],[75.84562,12.31],[75.84786,12.30955],[75.84736,12.3061],[75.8533,12.29578],[75.85439,12.30152],[75.8573,12.30524],[75.86457,12.30282],[75.8749,12.307],[75.88107,12.31105],[75.88757,12.32062],[75.8781,12.33158],[75.88337,12.33764],[75.88322,12.34009],[75.88523,12.3421],[75.89211,12.34196],[75.89645,12.34777],[75.9015,12.34611],[75.9042,12.3482],[75.90564,12.35453],[75.90128,12.35768],[75.89739,12.36761],[75.90327,12.36961],[75.90524,12.37392],[75.91312,12.37975],[75.91616,12.38653],[75.92052,12.38751],[75.9319,12.38231],[75.94353,12.37105],[75.94803,12.36987],[75.97174,12.353],[75.96599,12.345],[75.9676,12.34354],[75.97002,12.34399],[75.9769,12.34035],[75.98328,12.34268],[75.98883,12.33633],[75.99331,12.33618],[76.00075,12.33223],[76.00251,12.32974],[75.99386,12.32111],[75.99712,12.31517],[75.99656,12.31039],[76.00799,12.30202],[76.00926,12.29778],[76.01406,12.29265],[76.01463,12.28866],[76.01258,12.2858],[76.00212,12.28907],[75.99514,12.28707],[75.99195,12.28164],[75.96938,12.25962],[75.95812,12.24514],[75.95855,12.24363],[75.94652,12.2333],[75.93923,12.23223],[75.93549,12.22577],[75.93146,12.22449],[75.92817,12.22057],[75.92645,12.21645],[75.92569,12.21881],[75.92324,12.21493],[75.91946,12.21346],[75.91814,12.21482],[75.91648,12.2102],[75.91175,12.20828],[75.90352,12.21228],[75.91352,12.20265],[75.90931,12.19752],[75.90645,12.19762],[75.90531,12.19376]]]},"properties":{"taluk":"Virajpet","district":"Kodagu","region_id":"subdistrict_5568","level":"taluk"}},{"type":"Feature","geometry":{"type":"MultiPolygon","coordinates":[[[[78.2748,13.07283],[78.27626,13.06799],[78.26187,13.06978],[78.26187,13.06264],[78.26411,13.05894],[78.25974,13.05408],[78.25449,13.0518],[78.24545,13.05296],[78.24352,13.05607],[78.24589,13.06261],[78.24331,13.06313],[78.2428,13.06812],[78.23676,13.06938],[78.23439,13.07238],[78.23135,13.06972],[78.23043,13.06384],[78.22649,13.06719],[78.22185,13.06583],[78.21643,13.06227],[78.21307,13.05543],[78.20771,13.05718],[78.21007,13.06155],[78.20667,13.06563],[78.1974,13.06829],[78.18733,13.06705],[78.18763,13.07701],[78.18493,13.0718],[78.17723,13.07482],[78.17417,13.07761],[78.17646,13.08344],[78.16947,13.08303],[78.16426,13.07524],[78.15306,13.0831],[78.14933,13.08296],[78.1497,13.08047],[78.14622,13.08102],[78.14483,13.07929],[78.14342,13.07336],[78.13498,13.06794],[78.11788,13.06848],[78.11552,13.06431],[78.11508,13.05674],[78.11174,13.06044],[78.10623,13.05994],[78.10228,13.05719],[78.09941,13.04799],[78.10306,13.04301],[78.10245,13.04144],[78.09812,13.04208],[78.09601,13.03348],[78.09071,13.03365],[78.08945,13.03772],[78.08605,13.03369],[78.08069,13.03446],[78.07777,13.03606],[78.07919,13.04372],[78.05742,13.04825],[78.03687,13.0445],[78.02895,13.04132],[78.02257,13.04343],[78.02031,13.03992],[78.01145,13.04272],[78.00806,13.04101],[78.00455,13.043],[78.00478,13.04524],[78.00903,13.0465],[78.01022,13.05005],[78.01347,13.05015],[78.01498,13.05323],[78.0223,13.0524],[78.02221,13.05831],[78.02026,13.06236],[78.00345,13.0629],[78.00352,13.06601],[78.00996,13.06813],[78.01026,13.07026],[78.00278,13.07451],[78.00322,13.07952],[77.99347,13.08306],[77.99588,13.09384],[77.98902,13.09468],[77.99227,13.09802],[77.98573,13.10248],[77.98553,13.1054],[77.97821,13.10597],[77.97364,13.10286],[77.97121,13.10378],[77.96177,13.10027],[77.95598,13.1005],[77.94466,13.10498],[77.94244,13.10925],[77.93942,13.10941],[77.9359,13.11412],[77.93795,13.12587],[77.94633,13.12342],[77.94832,13.12708],[77.9554,13.12563],[77.95786,13.13037],[77.95464,13.14229],[77.96055,13.15149],[77.95745,13.15288],[77.9589,13.15819],[77.95281,13.16034],[77.95529,13.16442],[77.9557,13.17633],[77.95868,13.18284],[77.96113,13.18286],[77.96356,13.19218],[77.9608,13.19581],[77.96134,13.19948],[77.95622,13.20073],[77.9563,13.20389],[77.95428,13.20519],[77.95773,13.21842],[77.95204,13.21846],[77.952,13.21435],[77.9495,13.21386],[77.94667,13.21432],[77.94629,13.2187],[77.94927,13.21978],[77.95112,13.22331],[77.9542,13.22236],[77.95598,13.22789],[77.9642,13.23218],[77.96558,13.24444],[77.95624,13.24907],[77.94807,13.2505],[77.94551,13.24379],[77.93543,13.24583],[77.93521,13.25007],[77.93824,13.25101],[77.9423,13.25902],[77.93722,13.26449],[77.93832,13.26778],[77.94198,13.26732],[77.94547,13.27169],[77.94709,13.26946],[77.95942,13.26952],[77.95919,13.27594],[77.95699,13.27872],[77.96093,13.28444],[77.96741,13.2825],[77.97946,13.28699],[77.98417,13.28617],[77.98524,13.30057],[77.98796,13.30051],[77.98919,13.30456],[78.00095,13.30556],[78.01185,13.30089],[78.01137,13.29098],[78.01472,13.28987],[78.01373,13.28535],[78.01508,13.28299],[78.0306,13.28404],[78.03573,13.28097],[78.04699,13.27904],[78.05182,13.2935],[78.05863,13.29334],[78.06019,13.30101],[78.08676,13.30206],[78.0896,13.30372],[78.09184,13.31117],[78.09205,13.30919],[78.09739,13.30891],[78.10465,13.30301],[78.10354,13.29363],[78.09845,13.28313],[78.09395,13.28009],[78.10091,13.27723],[78.10091,13.28084],[78.10536,13.27834],[78.10846,13.28426],[78.11062,13.28412],[78.1117,13.28899],[78.12182,13.28903],[78.11909,13.26761],[78.12008,13.2649],[78.12415,13.26564],[78.12801,13.26337],[78.12621,13.25806],[78.13012,13.25419],[78.13052,13.24537],[78.14404,13.24412],[78.14621,13.24079],[78.14978,13.24417],[78.15605,13.24525],[78.18137,13.24497],[78.18338,13.24263],[78.1838,13.25469],[78.18902,13.25691],[78.1909,13.26724],[78.1985,13.26212],[78.20604,13.27415],[78.22695,13.27665],[78.22697,13.27902],[78.22366,13.28165],[78.236,13.29676],[78.23723,13.296],[78.23814,13.29796],[78.24563,13.29581],[78.25171,13.28911],[78.25733,13.28891],[78.25508,13.28738],[78.25435,13.28286],[78.26149,13.2726],[78.25624,13.27147],[78.25626,13.26751],[78.2529,13.26759],[78.2488,13.264],[78.24642,13.26469],[78.25487,13.27134],[78.24465,13.27051],[78.24551,13.26464],[78.24296,13.25904],[78.23646,13.25495],[78.23904,13.25222],[78.23791,13.24439],[78.23174,13.22895],[78.23643,13.22695],[78.2388,13.2214],[78.2441,13.21713],[78.25111,13.21381],[78.25311,13.21909],[78.27656,13.21964],[78.27894,13.22459],[78.28336,13.22458],[78.28451,13.21286],[78.28296,13.20955],[78.26904,13.20827],[78.2509,13.21304],[78.24892,13.20441],[78.24108,13.2043],[78.24808,13.19333],[78.26734,13.18563],[78.26004,13.16312],[78.26018,13.15936],[78.2631,13.15869],[78.26387,13.1566],[78.2612,13.14769],[78.26341,13.142],[78.26132,13.13847],[78.26955,13.13645],[78.27059,13.13347],[78.26769,13.13214],[78.27114,13.13124],[78.27223,13.12757],[78.27836,13.12874],[78.28584,13.12223],[78.28291,13.1152],[78.28367,13.10876],[78.28121,13.10723],[78.28195,13.10136],[78.26534,13.10129],[78.26673,13.09402],[78.26816,13.09493],[78.27125,13.09247],[78.27805,13.09428],[78.28541,13.09139],[78.28742,13.0829],[78.27812,13.08116],[78.2748,13.07283]]],[[[78.24988,13.26354],[78.24891,13.26162],[78.24633,13.26376],[78.24667,13.26448],[78.24988,13.26354]]]]},"properties":{"taluk":"Kolar","district":"Kolar","region_id":"subdistrict_5591","level":"taluk"}},{"type":"Feature","geometry":{"type":"MultiPolygon","coordinates":[[[[78.36194,13.01949],[78.36958,13.01934],[78.37102,13.02464],[78.37842,13.02503],[78.38278,13.02051],[78.3831,13.02364],[78.39802,13.02333],[78.39892,13.02831],[78.40312,13.0234],[78.40477,13.0235],[78.40592,13.02734],[78.40824,13.02727],[78.41016,13.0241],[78.41192,13.02321],[78.41752,13.03096],[78.439,13.02893],[78.44868,13.02378],[78.4579,13.02329],[78.4621,13.02586],[78.46515,13.01652],[78.4631,13.00552],[78.46792,13.00448],[78.46766,12.99817],[78.47048,12.9974],[78.47503,12.99113],[78.46947,12.98289],[78.46772,12.97514],[78.453,12.97677],[78.43513,12.98194],[78.43202,12.97689],[78.4344,12.97355],[78.43248,12.96845],[78.43874,12.96328],[78.42956,12.95766],[78.41985,12.95885],[78.4224,12.95445],[78.42059,12.9478],[78.41388,12.94817],[78.41135,12.9448],[78.41355,12.93326],[78.41749,12.93045],[78.41804,12.9226],[78.4226,12.9246],[78.42752,12.93133],[78.43746,12.92881],[78.44479,12.91973],[78.45223,12.91768],[78.4593,12.90876],[78.4664,12.90616],[78.46917,12.89955],[78.46967,12.88995],[78.46454,12.86623],[78.46236,12.87048],[78.46419,12.8783],[78.45654,12.88664],[78.44733,12.89173],[78.44868,12.89867],[78.44424,12.90235],[78.44736,12.90564],[78.44554,12.91204],[78.4387,12.91322],[78.43515,12.9111],[78.43428,12.90474],[78.4305,12.90496],[78.42863,12.90238],[78.414,12.903],[78.39894,12.91666],[78.39694,12.90661],[78.38964,12.90612],[78.38634,12.90814],[78.38504,12.91204],[78.3762,12.91467],[78.37599,12.9175],[78.36876,12.92704],[78.35591,12.94014],[78.34975,12.9364],[78.35403,12.93006],[78.34972,12.92922],[78.34618,12.91339],[78.34126,12.9126],[78.34374,12.90882],[78.34059,12.90416],[78.33128,12.90121],[78.32616,12.9041],[78.3238,12.90172],[78.32263,12.89783],[78.32447,12.89326],[78.32015,12.88687],[78.32364,12.88479],[78.33062,12.88437],[78.33327,12.88968],[78.33758,12.88671],[78.33759,12.88403],[78.3323,12.88029],[78.33159,12.87484],[78.31368,12.87651],[78.31533,12.86579],[78.31315,12.85871],[78.28087,12.85984],[78.26878,12.86837],[78.26357,12.86115],[78.24946,12.8626],[78.25315,12.88178],[78.26,12.88185],[78.26062,12.87497],[78.26432,12.87506],[78.27228,12.87674],[78.27156,12.88773],[78.2752,12.88719],[78.27544,12.88545],[78.28377,12.88501],[78.28347,12.89786],[78.27501,12.89838],[78.27366,12.9231],[78.26083,12.92271],[78.25745,12.92703],[78.25641,12.93484],[78.26668,12.93437],[78.27211,12.93571],[78.27295,12.93822],[78.27077,12.94934],[78.2682,12.94866],[78.26489,12.96408],[78.25886,12.96471],[78.25921,12.97054],[78.26738,12.97314],[78.26705,12.9938],[78.25313,12.99512],[78.25458,13.00151],[78.25965,13.00348],[78.25923,13.01592],[78.26816,13.02796],[78.26201,13.03745],[78.25333,13.04277],[78.25256,13.04797],[78.25449,13.0518],[78.25978,13.05414],[78.27802,13.05085],[78.27945,13.05372],[78.26402,13.05903],[78.26187,13.06264],[78.26187,13.06978],[78.27626,13.06799],[78.2748,13.07283],[78.27812,13.08116],[78.28742,13.0829],[78.29006,13.0805],[78.29019,13.07653],[78.29259,13.07619],[78.29288,13.07072],[78.29616,13.06379],[78.30619,13.0633],[78.30743,13.0657],[78.30856,13.06342],[78.32243,13.06067],[78.3246,13.06301],[78.34295,13.05412],[78.34535,13.05619],[78.35158,13.05598],[78.35536,13.05822],[78.35907,13.05698],[78.36257,13.05509],[78.36104,13.04972],[78.36382,13.04665],[78.3646,13.0381],[78.36818,13.03653],[78.36826,13.03171],[78.36099,13.02755],[78.36194,13.01949]]],[[[78.26482,12.9555],[78.26185,12.95668],[78.26239,12.96128],[78.26434,12.96176],[78.26482,12.9555]]],[[[78.26532,12.95212],[78.26381,12.95136],[78.26341,12.95405],[78.26444,12.95457],[78.26532,12.95212]]]]},"properties":{"taluk":"Kolar Gold Field","district":"Kolar","region_id":"subdistrict_7002","level":"taluk"}},{"type":"Feature","geometry":{"type":"Polygon","coordinates":[[[77.92508,12.88936],[77.92186,12.88402],[77.909,12.88526],[77.90864,12.87892],[77.89496,12.87834],[77.89098,12.87008],[77.88541,12.87081],[77.88243,12.86821],[77.87555,12.86719],[77.86761,12.8681],[77.86537,12.87716],[77.85304,12.87672],[77.85395,12.88431],[77.85104,12.89155],[77.8594,12.9057],[77.86043,12.91578],[77.84544,12.91646],[77.8422,12.91425],[77.84061,12.92326],[77.84105,12.92553],[77.84782,12.92617],[77.85084,12.93127],[77.85752,12.93532],[77.86753,12.93377],[77.87217,12.94096],[77.8736,12.9456],[77.86701,12.95053],[77.87142,12.96067],[77.86486,12.96575],[77.86449,12.97323],[77.87136,12.9737],[77.87044,12.98576],[77.8725,12.99499],[77.87893,13.006],[77.88629,13.00986],[77.8874,13.01892],[77.89058,13.0235],[77.8937,13.03506],[77.88764,13.03717],[77.88914,13.04525],[77.89487,13.04591],[77.89005,13.04944],[77.89236,13.05474],[77.89827,13.05386],[77.9008,13.0511],[77.91486,13.0494],[77.91874,13.05109],[77.92193,13.06026],[77.92764,13.06875],[77.9381,13.06673],[77.9416,13.06912],[77.94149,13.07776],[77.93928,13.08393],[77.93843,13.0784],[77.93161,13.07416],[77.92622,13.07502],[77.92693,13.08198],[77.918,13.07849],[77.912,13.07845],[77.91518,13.08556],[77.91174,13.09428],[77.90564,13.09642],[77.90123,13.10196],[77.9082,13.10807],[77.91348,13.10989],[77.91512,13.11744],[77.92379,13.11665],[77.92589,13.11019],[77.93354,13.10825],[77.94244,13.10925],[77.94466,13.10498],[77.95598,13.1005],[77.96177,13.10027],[77.97121,13.10378],[77.97364,13.10286],[77.97821,13.10597],[77.98553,13.1054],[77.98573,13.10248],[77.99227,13.09802],[77.98902,13.09468],[77.99588,13.09384],[77.99347,13.08306],[78.00322,13.07952],[78.00278,13.07451],[78.01026,13.07026],[78.00996,13.06813],[78.00352,13.06601],[78.00345,13.0629],[78.02026,13.06236],[78.02221,13.05831],[78.0223,13.0524],[78.01498,13.05323],[78.01347,13.05015],[78.01022,13.05005],[78.00903,13.0465],[78.00478,13.04524],[78.00442,13.04311],[78.00806,13.04101],[78.01145,13.04272],[78.02031,13.03992],[78.02257,13.04343],[78.02895,13.04132],[78.03687,13.0445],[78.05742,13.04825],[78.06838,13.04707],[78.07919,13.04372],[78.07777,13.03606],[78.08069,13.03446],[78.08605,13.03369],[78.08945,13.03772],[78.09071,13.03365],[78.09799,13.03338],[78.09725,13.03101],[78.10425,13.0268],[78.10328,13.02418],[78.13379,13.0237],[78.13216,13.01647],[78.12722,13.01668],[78.12351,13.00778],[78.11766,13.0044],[78.11824,13.00287],[78.10979,12.9995],[78.1095,12.99723],[78.12542,12.9953],[78.12814,12.98382],[78.13238,12.98412],[78.1303,12.98253],[78.13551,12.97075],[78.13468,12.96696],[78.12298,12.96706],[78.12133,12.95606],[78.11655,12.95049],[78.11616,12.94733],[78.11768,12.9448],[78.12295,12.94393],[78.12678,12.94754],[78.12707,12.95155],[78.13298,12.95197],[78.13623,12.94671],[78.13562,12.94289],[78.13494,12.94057],[78.12913,12.93898],[78.11981,12.94097],[78.11956,12.92996],[78.11264,12.93108],[78.10944,12.9238],[78.10535,12.92172],[78.10226,12.9232],[78.09288,12.91524],[78.09607,12.90966],[78.09527,12.90441],[78.1053,12.89865],[78.10331,12.89383],[78.10844,12.88083],[78.11009,12.88253],[78.11946,12.87938],[78.118,12.87295],[78.11155,12.86758],[78.10273,12.8665],[78.08749,12.83063],[78.07479,12.83071],[78.07562,12.83643],[78.07792,12.83813],[78.074,12.84112],[78.05945,12.8431],[78.05825,12.85121],[78.05325,12.85338],[78.04989,12.84806],[78.04313,12.84922],[78.03841,12.85174],[78.03113,12.85221],[78.03058,12.85709],[78.02716,12.85788],[78.02317,12.85483],[78.02623,12.85031],[78.03019,12.84896],[78.02394,12.84125],[78.0192,12.84345],[78.01858,12.83067],[78.01067,12.82981],[78.00376,12.82539],[78.0037,12.8232],[78.01262,12.81819],[78.01532,12.8138],[78.01256,12.80762],[78.0099,12.80509],[78.00533,12.80803],[77.99695,12.8082],[77.99547,12.80661],[77.98895,12.8086],[77.99121,12.82184],[77.9796,12.82739],[77.98106,12.83481],[77.97458,12.83541],[77.97344,12.83307],[77.96445,12.83322],[77.96202,12.83663],[77.96561,12.84834],[77.96354,12.85051],[77.95932,12.84866],[77.95328,12.85018],[77.95376,12.85259],[77.95117,12.85228],[77.95226,12.85669],[77.94583,12.85775],[77.941,12.85579],[77.94023,12.85179],[77.94096,12.84494],[77.94677,12.83812],[77.94109,12.82744],[77.94115,12.82323],[77.93097,12.82524],[77.92615,12.8306],[77.92285,12.83027],[77.92124,12.82801],[77.91778,12.83149],[77.91768,12.83835],[77.92437,12.85075],[77.9233,12.85569],[77.92863,12.85749],[77.93161,12.86215],[77.93612,12.86196],[77.93651,12.86683],[77.94168,12.86732],[77.94214,12.86946],[77.94176,12.87287],[77.92867,12.87429],[77.92792,12.87641],[77.92789,12.88156],[77.93477,12.8805],[77.9362,12.88741],[77.92851,12.89087],[77.92508,12.88936]]]},"properties":{"taluk":"Malur","district":"Kolar","region_id":"subdistrict_5592","level":"taluk"}},{"type":"Feature","geometry":{"type":"Polygon","coordinates":[[[78.36958,13.01934],[78.36194,13.01949],[78.3623,13.02533],[78.36083,13.02625],[78.36305,13.02944],[78.3658,13.02908],[78.3656,13.03116],[78.36826,13.03171],[78.36803,13.03743],[78.3646,13.0381],[78.36382,13.04665],[78.36104,13.04972],[78.36257,13.05509],[78.35536,13.05822],[78.35158,13.05598],[78.34535,13.05619],[78.34295,13.05412],[78.3246,13.06301],[78.32243,13.06067],[78.30856,13.06342],[78.30743,13.0657],[78.30619,13.0633],[78.29616,13.06379],[78.29288,13.07072],[78.29259,13.07619],[78.29019,13.07653],[78.28985,13.08093],[78.28681,13.08316],[78.28541,13.09139],[78.27805,13.09428],[78.27125,13.09247],[78.26816,13.09493],[78.26673,13.09402],[78.26534,13.10129],[78.28195,13.10136],[78.28121,13.10723],[78.28367,13.10876],[78.28291,13.1152],[78.28584,13.12223],[78.27836,13.12874],[78.27223,13.12757],[78.27114,13.13124],[78.26769,13.13214],[78.27059,13.13347],[78.26955,13.13645],[78.26132,13.13847],[78.26341,13.142],[78.2612,13.14769],[78.26387,13.1566],[78.2631,13.15869],[78.26018,13.15936],[78.26004,13.16312],[78.26734,13.18563],[78.24808,13.19333],[78.24108,13.2043],[78.24892,13.20441],[78.2509,13.21304],[78.26904,13.20827],[78.28296,13.20955],[78.28451,13.21299],[78.28314,13.2216],[78.29386,13.2196],[78.29839,13.22086],[78.30138,13.24116],[78.32211,13.24646],[78.33243,13.26226],[78.33001,13.26765],[78.32496,13.26949],[78.32367,13.27791],[78.32858,13.29947],[78.33298,13.30539],[78.33855,13.30164],[78.34705,13.30341],[78.35473,13.30134],[78.36083,13.31473],[78.37348,13.31588],[78.38734,13.30798],[78.39861,13.30508],[78.39843,13.30666],[78.40163,13.30678],[78.40135,13.31539],[78.41702,13.31935],[78.41919,13.32064],[78.42234,13.32834],[78.42828,13.33095],[78.44095,13.32829],[78.44417,13.30809],[78.4507,13.30874],[78.45779,13.31306],[78.46668,13.31488],[78.47028,13.31907],[78.4767,13.32228],[78.48293,13.32074],[78.48445,13.32026],[78.48453,13.31398],[78.48133,13.30927],[78.48005,13.30122],[78.49665,13.29839],[78.49891,13.29965],[78.50433,13.29172],[78.51389,13.29075],[78.51329,13.2854],[78.5198,13.28314],[78.52144,13.27372],[78.52649,13.27139],[78.52677,13.26833],[78.53165,13.26647],[78.5369,13.27421],[78.53919,13.28803],[78.5463,13.28789],[78.55468,13.28306],[78.56189,13.28894],[78.56494,13.29605],[78.56558,13.302],[78.56352,13.30939],[78.56543,13.31197],[78.56925,13.30927],[78.57741,13.29515],[78.57628,13.28491],[78.57862,13.28025],[78.58683,13.28011],[78.58772,13.27051],[78.58413,13.25881],[78.57933,13.25281],[78.57059,13.24729],[78.57147,13.24172],[78.56861,13.23743],[78.56644,13.22417],[78.56641,13.22019],[78.57777,13.21839],[78.57925,13.21317],[78.57529,13.21106],[78.57084,13.21244],[78.568,13.20116],[78.55944,13.19872],[78.55103,13.20041],[78.54966,13.19272],[78.55021,13.19064],[78.5553,13.18885],[78.56698,13.19159],[78.56691,13.19294],[78.57199,13.19039],[78.57586,13.18655],[78.57615,13.17449],[78.57963,13.16708],[78.57296,13.16839],[78.56865,13.16543],[78.56821,13.16189],[78.5497,13.16392],[78.54059,13.15347],[78.5474,13.14886],[78.54503,13.14183],[78.53091,13.14176],[78.52775,13.13922],[78.52369,13.13055],[78.51784,13.13162],[78.51708,13.12841],[78.51962,13.11973],[78.52376,13.11841],[78.52299,13.11499],[78.53068,13.11154],[78.53168,13.10927],[78.53903,13.10757],[78.53882,13.10583],[78.53115,13.10583],[78.52435,13.10101],[78.52273,13.09903],[78.52385,13.09471],[78.51608,13.0974],[78.50984,13.09206],[78.50915,13.07852],[78.51524,13.07174],[78.51555,13.06263],[78.49716,13.06143],[78.4899,13.0549],[78.48927,13.05213],[78.47858,13.05507],[78.47475,13.04534],[78.4691,13.04328],[78.46431,13.04487],[78.46209,13.0431],[78.46116,13.02558],[78.4579,13.02329],[78.44868,13.02378],[78.439,13.02893],[78.41752,13.03096],[78.41192,13.02321],[78.40824,13.02727],[78.40592,13.02734],[78.40477,13.0235],[78.40312,13.0234],[78.39892,13.02831],[78.39802,13.02333],[78.3831,13.02364],[78.38278,13.02051],[78.37842,13.02503],[78.37102,13.02464],[78.36958,13.01934]]]},"properties":{"taluk":"Mulbagal","district":"Kolar","region_id":"subdistrict_5594","level":"taluk"}},{"type":"Feature","geometry":{"type":"Polygon","coordinates":[[[78.12801,13.26337],[78.12008,13.2649],[78.11909,13.26761],[78.12182,13.28903],[78.1117,13.28899],[78.11062,13.28412],[78.10846,13.28426],[78.10536,13.27834],[78.10091,13.28084],[78.10091,13.27723],[78.09395,13.28009],[78.09845,13.28313],[78.10354,13.29363],[78.10278,13.29707],[78.10492,13.30404],[78.11491,13.30039],[78.1188,13.29795],[78.12255,13.29195],[78.12604,13.29198],[78.13352,13.2872],[78.13661,13.29982],[78.1351,13.30066],[78.1358,13.30511],[78.12317,13.30864],[78.12044,13.3156],[78.11421,13.31759],[78.10965,13.32344],[78.12741,13.32674],[78.13517,13.33213],[78.13122,13.34091],[78.1314,13.35277],[78.15025,13.35045],[78.14872,13.36137],[78.14523,13.36161],[78.14875,13.36722],[78.1437,13.37714],[78.12899,13.37334],[78.12199,13.37565],[78.12232,13.37883],[78.12443,13.38573],[78.12842,13.38637],[78.1337,13.39641],[78.13616,13.40561],[78.14704,13.40914],[78.15222,13.40876],[78.15995,13.41493],[78.16863,13.41358],[78.18149,13.42018],[78.18311,13.43405],[78.18699,13.43372],[78.18513,13.43457],[78.18747,13.43438],[78.19262,13.43884],[78.19436,13.44218],[78.19352,13.44818],[78.20089,13.44985],[78.20564,13.45811],[78.20559,13.46467],[78.21006,13.47125],[78.20751,13.47808],[78.2004,13.48247],[78.19985,13.50854],[78.198,13.51261],[78.18828,13.51316],[78.19091,13.52116],[78.19752,13.52054],[78.20329,13.5232],[78.20455,13.52772],[78.20142,13.53275],[78.20146,13.541],[78.1985,13.54493],[78.19444,13.54612],[78.19397,13.54825],[78.20126,13.56349],[78.19404,13.56413],[78.20339,13.56838],[78.20775,13.57639],[78.21183,13.57884],[78.21612,13.59106],[78.21959,13.5926],[78.22162,13.58943],[78.23207,13.58589],[78.23376,13.5915],[78.23151,13.59657],[78.23391,13.59945],[78.24016,13.59831],[78.25706,13.58911],[78.25794,13.5847],[78.25954,13.58457],[78.27051,13.5883],[78.31059,13.59323],[78.3155,13.59187],[78.32359,13.59338],[78.34764,13.58911],[78.34942,13.58579],[78.35234,13.58523],[78.35625,13.58796],[78.36501,13.58819],[78.36527,13.58952],[78.37989,13.59215],[78.39159,13.59148],[78.39549,13.5885],[78.40175,13.58815],[78.40159,13.57804],[78.40417,13.57784],[78.40184,13.56842],[78.39332,13.55197],[78.39514,13.54075],[78.38413,13.52508],[78.3816,13.52509],[78.38346,13.51605],[78.37323,13.50894],[78.37816,13.50189],[78.37842,13.48488],[78.37463,13.48449],[78.3777,13.48019],[78.37067,13.47054],[78.37208,13.46387],[78.37497,13.46216],[78.37336,13.4518],[78.37577,13.44445],[78.37901,13.44283],[78.37872,13.44071],[78.37575,13.44107],[78.37591,13.43455],[78.37842,13.43097],[78.37728,13.42478],[78.38014,13.41931],[78.38029,13.41122],[78.38203,13.40986],[78.38081,13.39892],[78.38201,13.39666],[78.37929,13.38373],[78.37329,13.37906],[78.36764,13.36955],[78.36581,13.36225],[78.36602,13.35838],[78.3695,13.35755],[78.37119,13.36182],[78.38003,13.36237],[78.39546,13.35312],[78.39413,13.34994],[78.39522,13.35155],[78.40848,13.34594],[78.40736,13.33511],[78.40358,13.3354],[78.40087,13.33185],[78.40081,13.32767],[78.39381,13.33385],[78.38489,13.33446],[78.3892,13.33917],[78.38848,13.34215],[78.38644,13.34271],[78.38348,13.34244],[78.38006,13.33918],[78.37774,13.33157],[78.38807,13.33223],[78.3935,13.32369],[78.39963,13.32014],[78.40163,13.30678],[78.39843,13.30666],[78.39861,13.30508],[78.38734,13.30798],[78.37348,13.31588],[78.36083,13.31473],[78.35473,13.30134],[78.34705,13.30341],[78.33855,13.30164],[78.33298,13.30539],[78.32858,13.29947],[78.32367,13.27845],[78.32496,13.26949],[78.33001,13.26765],[78.33243,13.26226],[78.32211,13.24646],[78.30138,13.24116],[78.29839,13.22086],[78.29386,13.2196],[78.28328,13.22144],[78.28336,13.22458],[78.27894,13.22459],[78.27656,13.21964],[78.25311,13.21909],[78.25111,13.21381],[78.2441,13.21713],[78.2388,13.2214],[78.23643,13.22695],[78.23174,13.22895],[78.23791,13.24439],[78.23904,13.25222],[78.23646,13.25495],[78.24296,13.25904],[78.24551,13.26464],[78.24465,13.27051],[78.25487,13.27134],[78.24642,13.26469],[78.2488,13.264],[78.2529,13.26759],[78.25626,13.26751],[78.25624,13.27147],[78.26149,13.2726],[78.25435,13.28286],[78.25508,13.28738],[78.25733,13.28891],[78.25171,13.28911],[78.24669,13.29514],[78.23956,13.29773],[78.236,13.29676],[78.22366,13.28165],[78.22697,13.27902],[78.22695,13.27665],[78.20604,13.27415],[78.1985,13.26212],[78.1909,13.26724],[78.18902,13.25691],[78.1838,13.25469],[78.18338,13.24263],[78.18137,13.24497],[78.15605,13.24525],[78.14978,13.24417],[78.14621,13.24079],[78.14404,13.24412],[78.13052,13.24537],[78.13012,13.25419],[78.12621,13.25806],[78.12801,13.26337]],[[78.24667,13.26448],[78.24891,13.26162],[78.24998,13.26376],[78.24882,13.26378],[78.24667,13.26448]]]},"properties":{"taluk":"Srinivaspur","district":"Kolar","region_id":"subdistrict_5590","level":"taluk"}},{"type":"Feature","geometry":{"type":"Polygon","coordinates":[[[76.46744,15.33696],[76.44205,15.33894],[76.42222,15.33423],[76.42067,15.34421],[76.41757,15.34611],[76.41606,15.35361],[76.41597,15.36783],[76.41156,15.36846],[76.41019,15.37163],[76.42097,15.38437],[76.40122,15.38817],[76.39513,15.40114],[76.39774,15.41044],[76.38643,15.41053],[76.38038,15.41634],[76.3798,15.42545],[76.37283,15.42733],[76.37279,15.43977],[76.37125,15.43794],[76.36109,15.44424],[76.36416,15.45172],[76.35706,15.46437],[76.31636,15.48135],[76.31749,15.48292],[76.33038,15.4889],[76.34755,15.4898],[76.34929,15.49375],[76.35733,15.50099],[76.3763,15.49692],[76.39703,15.48701],[76.40555,15.50477],[76.40283,15.50776],[76.40404,15.51431],[76.41416,15.51493],[76.43873,15.51033],[76.448,15.51198],[76.45463,15.51669],[76.4645,15.51595],[76.46924,15.53399],[76.47717,15.53378],[76.48037,15.55247],[76.50336,15.55259],[76.5129,15.5495],[76.51206,15.54417],[76.51923,15.54276],[76.57762,15.53824],[76.57694,15.52972],[76.57898,15.52139],[76.59853,15.51836],[76.61034,15.5197],[76.60963,15.5143],[76.62,15.51223],[76.61717,15.4825],[76.61785,15.47792],[76.62038,15.47936],[76.6212,15.45],[76.61898,15.44996],[76.61868,15.4438],[76.61146,15.44327],[76.59641,15.42635],[76.59451,15.41638],[76.59119,15.41235],[76.57113,15.40205],[76.55743,15.39876],[76.54751,15.38527],[76.54233,15.38348],[76.53917,15.37912],[76.5235,15.37014],[76.52176,15.36656],[76.50833,15.35742],[76.50589,15.35384],[76.49816,15.35073],[76.49323,15.3452],[76.49007,15.34417],[76.47709,15.34845],[76.46744,15.33696]]]},"properties":{"taluk":"Gangawati","district":"Koppal","region_id":"subdistrict_5466","level":"taluk"}},{"type":"Feature","geometry":{"type":"Polygon","coordinates":[[[76.37822,15.68911],[76.38102,15.68817],[76.38462,15.69148],[76.39332,15.69208],[76.39362,15.68482],[76.39581,15.68143],[76.40052,15.68026],[76.40118,15.67289],[76.40999,15.67168],[76.41056,15.6684],[76.41329,15.66774],[76.42692,15.66815],[76.4333,15.66615],[76.43513,15.66994],[76.45446,15.66962],[76.4557,15.67701],[76.45946,15.6841],[76.45834,15.68641],[76.46732,15.68366],[76.47334,15.70862],[76.47656,15.70829],[76.48026,15.71346],[76.48453,15.71466],[76.49066,15.71309],[76.49171,15.70812],[76.50943,15.71696],[76.52765,15.70673],[76.5289,15.70083],[76.53182,15.69943],[76.53576,15.69912],[76.53555,15.70346],[76.53983,15.70428],[76.5443,15.7035],[76.54143,15.6987],[76.5507,15.69903],[76.56164,15.70284],[76.56226,15.70562],[76.57592,15.7006],[76.57566,15.69891],[76.58574,15.69752],[76.58419,15.6845],[76.56395,15.64791],[76.5667,15.63448],[76.56548,15.62814],[76.56147,15.62162],[76.55419,15.622],[76.55399,15.61578],[76.55101,15.61195],[76.55038,15.60439],[76.57071,15.60174],[76.56873,15.59759],[76.56951,15.578],[76.56736,15.57854],[76.56618,15.56525],[76.55054,15.56655],[76.55178,15.53943],[76.51206,15.54417],[76.5129,15.5495],[76.50336,15.55259],[76.48037,15.55247],[76.47717,15.53378],[76.46924,15.53399],[76.46434,15.51588],[76.45463,15.51669],[76.448,15.51198],[76.43873,15.51033],[76.41416,15.51493],[76.40404,15.51431],[76.40283,15.50776],[76.40555,15.50477],[76.39703,15.48701],[76.3763,15.49692],[76.35733,15.50099],[76.34929,15.49375],[76.34755,15.4898],[76.33038,15.4889],[76.30933,15.4781],[76.30745,15.51297],[76.30868,15.51264],[76.30951,15.52134],[76.30812,15.52697],[76.31365,15.55887],[76.30162,15.55868],[76.3001,15.56098],[76.31131,15.59476],[76.31528,15.59438],[76.32395,15.6047],[76.32132,15.60766],[76.32143,15.6139],[76.31846,15.61655],[76.31871,15.62126],[76.32204,15.6217],[76.3213,15.6389],[76.33658,15.63586],[76.3431,15.62745],[76.34535,15.63008],[76.34462,15.63371],[76.3507,15.63825],[76.35593,15.63873],[76.35638,15.64825],[76.3549,15.64902],[76.35679,15.65385],[76.35662,15.66321],[76.36008,15.66512],[76.36127,15.67644],[76.36959,15.67574],[76.37527,15.66743],[76.37773,15.66894],[76.3798,15.6715],[76.3777,15.68133],[76.37822,15.68911]]]},"properties":{"taluk":"Kanakagiri","district":"Koppal","region_id":"subdistrict_7091","level":"taluk"}},{"type":"Feature","geometry":{"type":"Polygon","coordinates":[[[76.70115,15.59426],[76.72417,15.59098],[76.73732,15.59327],[76.74876,15.59002],[76.75297,15.58464],[76.75519,15.58454],[76.75592,15.57041],[76.75973,15.56592],[76.77914,15.55712],[76.79406,15.55426],[76.79785,15.55136],[76.81266,15.54676],[76.80671,15.52823],[76.81096,15.51513],[76.78126,15.49301],[76.74251,15.49108],[76.72391,15.49284],[76.7079,15.48787],[76.69376,15.47864],[76.6949,15.47674],[76.68401,15.46832],[76.67647,15.45493],[76.66288,15.44729],[76.66173,15.44906],[76.6583,15.44898],[76.64686,15.44474],[76.61868,15.4438],[76.61898,15.44996],[76.6212,15.45],[76.62038,15.47936],[76.61785,15.47792],[76.61717,15.4825],[76.62,15.51223],[76.60963,15.5143],[76.61034,15.5197],[76.59853,15.51836],[76.57898,15.52139],[76.57694,15.52972],[76.57762,15.53824],[76.55178,15.53943],[76.55054,15.56655],[76.56618,15.56525],[76.56736,15.57854],[76.56951,15.578],[76.56873,15.59759],[76.57071,15.60174],[76.55038,15.60439],[76.55101,15.61195],[76.55399,15.61578],[76.55419,15.622],[76.56147,15.62162],[76.56548,15.62814],[76.5667,15.63448],[76.56395,15.64791],[76.58419,15.6845],[76.58574,15.69752],[76.598,15.69581],[76.5995,15.67347],[76.61065,15.67031],[76.63123,15.67057],[76.65387,15.66588],[76.65345,15.66041],[76.67195,15.65802],[76.67017,15.63903],[76.67425,15.64175],[76.67676,15.64113],[76.6852,15.64792],[76.69236,15.64799],[76.69431,15.6454],[76.69353,15.62463],[76.68066,15.62671],[76.67996,15.60665],[76.69126,15.60312],[76.68884,15.59562],[76.69263,15.59331],[76.70052,15.59092],[76.70115,15.59426]]]},"properties":{"taluk":"Karatagi","district":"Koppal","region_id":"subdistrict_7092","level":"taluk"}},{"type":"Feature","geometry":{"type":"Polygon","coordinates":[[[75.99996,15.3045],[76.01801,15.30822],[76.01908,15.31407],[76.03335,15.32253],[76.05533,15.34284],[76.05423,15.34887],[76.06142,15.36175],[76.06251,15.37198],[76.06023,15.39937],[76.0818,15.39913],[76.10046,15.40458],[76.09176,15.43224],[76.09929,15.44067],[76.10415,15.44058],[76.09985,15.44529],[76.12665,15.44979],[76.12648,15.45956],[76.16317,15.45801],[76.1687,15.46312],[76.17238,15.47218],[76.1839,15.48807],[76.18675,15.48904],[76.19409,15.48322],[76.20561,15.48262],[76.2056,15.4795],[76.21729,15.47558],[76.21607,15.48191],[76.2185,15.48161],[76.21842,15.48736],[76.2095,15.48886],[76.20918,15.49539],[76.21099,15.50306],[76.21464,15.50216],[76.22421,15.50664],[76.22681,15.5176],[76.22328,15.5314],[76.22729,15.54171],[76.2434,15.53836],[76.24576,15.54627],[76.24275,15.54961],[76.2418,15.55934],[76.23858,15.56213],[76.24752,15.57846],[76.25407,15.58009],[76.25617,15.58965],[76.26166,15.59962],[76.25945,15.60321],[76.26121,15.60937],[76.27794,15.61406],[76.27785,15.61657],[76.28084,15.61634],[76.28038,15.61076],[76.2825,15.60752],[76.28988,15.60496],[76.29427,15.59998],[76.31131,15.59476],[76.3001,15.56098],[76.30162,15.55868],[76.31365,15.55887],[76.30812,15.52697],[76.30951,15.52134],[76.30868,15.51264],[76.30745,15.51297],[76.30933,15.4781],[76.31636,15.48135],[76.35706,15.46437],[76.36416,15.45172],[76.36109,15.44424],[76.37125,15.43794],[76.37279,15.43977],[76.37283,15.42733],[76.3798,15.42545],[76.38038,15.41634],[76.38643,15.41053],[76.39774,15.41044],[76.39513,15.40114],[76.40122,15.38817],[76.42097,15.38437],[76.41019,15.37163],[76.41156,15.36846],[76.41597,15.36783],[76.41606,15.35361],[76.41757,15.34611],[76.42067,15.34421],[76.42223,15.33421],[76.40526,15.32633],[76.39832,15.32681],[76.38844,15.33109],[76.37953,15.3317],[76.3795,15.32936],[76.37041,15.32521],[76.36078,15.32385],[76.35076,15.30914],[76.35,15.29922],[76.34682,15.29644],[76.34491,15.28988],[76.34377,15.27311],[76.33341,15.26484],[76.3274,15.26369],[76.30709,15.23972],[76.27879,15.22046],[76.26947,15.20716],[76.26575,15.20547],[76.25782,15.2061],[76.25414,15.19613],[76.24852,15.19089],[76.23098,15.18861],[76.21889,15.1975],[76.21846,15.20303],[76.23221,15.22685],[76.23047,15.23124],[76.18825,15.23557],[76.17399,15.22689],[76.15831,15.21289],[76.15746,15.21037],[76.16042,15.2009],[76.15714,15.19725],[76.15085,15.19629],[76.12758,15.20334],[76.11398,15.19979],[76.10849,15.19256],[76.10244,15.16867],[76.09493,15.16302],[76.08243,15.1589],[76.05827,15.15767],[76.04241,15.14463],[76.03136,15.14294],[76.02477,15.14318],[76.00828,15.14844],[75.9963,15.14575],[75.98588,15.151],[75.97708,15.1511],[75.96459,15.141],[75.9514,15.13708],[75.94788,15.17291],[75.9247,15.18257],[75.92604,15.19468],[75.92436,15.20575],[75.91203,15.24079],[75.90391,15.2393],[75.90174,15.24571],[75.90001,15.24557],[75.89486,15.27402],[75.89853,15.2757],[75.8897,15.28733],[75.8876,15.29745],[75.88968,15.29956],[75.88985,15.31131],[75.89297,15.31901],[75.89131,15.33722],[75.88911,15.33681],[75.88811,15.35302],[75.90297,15.35379],[75.90296,15.35926],[75.91906,15.35587],[75.94576,15.35461],[75.9617,15.35606],[75.96269,15.34491],[75.97405,15.34441],[75.97097,15.33322],[75.97256,15.32893],[75.98543,15.32873],[75.98594,15.31952],[75.9895,15.31937],[76.00064,15.30711],[75.99996,15.3045]]]},"properties":{"taluk":"Koppal","district":"Koppal","region_id":"subdistrict_5467","level":"taluk"}},{"type":"Feature","geometry":{"type":"Polygon","coordinates":[[[76.01801,15.30822],[75.99996,15.3045],[76.00064,15.30711],[75.9895,15.31937],[75.98594,15.31952],[75.98543,15.32873],[75.97256,15.32893],[75.97097,15.33322],[75.97405,15.34441],[75.96269,15.34491],[75.9617,15.35606],[75.94576,15.35461],[75.91906,15.35587],[75.90261,15.35931],[75.90208,15.3822],[75.904,15.40278],[75.88646,15.40817],[75.86536,15.40803],[75.86478,15.42301],[75.85932,15.42302],[75.85831,15.44367],[75.85162,15.44365],[75.85063,15.44506],[75.84751,15.44283],[75.84394,15.44422],[75.83913,15.44321],[75.83641,15.44715],[75.82679,15.44977],[75.82327,15.45161],[75.82467,15.4516],[75.82418,15.45404],[75.81971,15.4556],[75.81841,15.46905],[75.81248,15.46729],[75.80918,15.48778],[75.81559,15.48706],[75.81452,15.49556],[75.82317,15.49681],[75.81866,15.50819],[75.83151,15.50708],[75.83222,15.5099],[75.84906,15.51289],[75.84986,15.51568],[75.87656,15.50779],[75.89795,15.5086],[75.89779,15.51411],[75.91015,15.51169],[75.90788,15.51342],[75.90786,15.52009],[75.9096,15.52021],[75.91167,15.54291],[75.97304,15.54399],[75.98328,15.54795],[75.9833,15.55045],[75.98804,15.55464],[75.98749,15.55823],[75.99112,15.56167],[75.99303,15.54782],[75.99521,15.54074],[75.99785,15.54225],[76.00035,15.5297],[76.02711,15.52725],[76.03457,15.5454],[76.03726,15.56735],[76.04852,15.56574],[76.06436,15.5543],[76.07393,15.55333],[76.07428,15.55011],[76.08122,15.54798],[76.09176,15.54887],[76.09757,15.55191],[76.10419,15.54985],[76.1097,15.55247],[76.11013,15.5548],[76.11988,15.55513],[76.12162,15.55497],[76.11918,15.54923],[76.12559,15.54764],[76.12922,15.54554],[76.12937,15.54356],[76.1601,15.5408],[76.17025,15.54087],[76.18285,15.54444],[76.19153,15.54719],[76.20377,15.55432],[76.22143,15.55545],[76.22352,15.54767],[76.22862,15.54364],[76.22328,15.5314],[76.22681,15.5176],[76.22421,15.50664],[76.21464,15.50216],[76.21099,15.50306],[76.20918,15.49539],[76.2095,15.48886],[76.21842,15.48736],[76.2185,15.48161],[76.21607,15.48191],[76.21729,15.47558],[76.2056,15.4795],[76.20561,15.48262],[76.19409,15.48322],[76.18675,15.48904],[76.1839,15.48807],[76.17238,15.47218],[76.1687,15.46312],[76.16317,15.45801],[76.12648,15.45956],[76.12665,15.44979],[76.09985,15.44529],[76.10415,15.44058],[76.09929,15.44067],[76.09176,15.43224],[76.10046,15.40458],[76.0818,15.39913],[76.06023,15.39937],[76.06251,15.37198],[76.06142,15.36175],[76.05423,15.34887],[76.05533,15.34284],[76.03335,15.32253],[76.01908,15.31407],[76.01801,15.30822]]]},"properties":{"taluk":"Kukunoor","district":"Koppal","region_id":"subdistrict_7093","level":"taluk"}},{"type":"Feature","geometry":{"type":"Polygon","coordinates":[[[76.37874,15.68893],[76.3777,15.68133],[76.3798,15.6715],[76.37527,15.66743],[76.36981,15.67563],[76.36127,15.67644],[76.36008,15.66512],[76.35662,15.66321],[76.35679,15.65385],[76.3549,15.64902],[76.35638,15.64825],[76.35666,15.63992],[76.3507,15.63825],[76.34462,15.63371],[76.34535,15.63008],[76.3431,15.62745],[76.33771,15.63495],[76.3329,15.63744],[76.33719,15.64293],[76.33509,15.64297],[76.33563,15.64847],[76.33213,15.6501],[76.32535,15.66441],[76.32166,15.66675],[76.31927,15.67157],[76.31112,15.67562],[76.31589,15.69301],[76.31709,15.69247],[76.31998,15.69929],[76.31966,15.70526],[76.31301,15.72533],[76.30083,15.71979],[76.30026,15.724],[76.29384,15.72509],[76.29362,15.73049],[76.28404,15.73436],[76.28251,15.74096],[76.26929,15.7411],[76.26459,15.73449],[76.26484,15.72803],[76.26885,15.72687],[76.26954,15.72471],[76.27667,15.72533],[76.27874,15.72326],[76.27646,15.72186],[76.26991,15.70518],[76.24308,15.70486],[76.23586,15.70085],[76.22208,15.70221],[76.20901,15.69955],[76.20867,15.70268],[76.192,15.7022],[76.17327,15.70818],[76.16531,15.7136],[76.16309,15.71039],[76.15398,15.71329],[76.15205,15.7107],[76.14343,15.71487],[76.13469,15.71024],[76.11271,15.71308],[76.11274,15.71954],[76.10888,15.72823],[76.09141,15.72001],[76.07553,15.71624],[76.07452,15.72311],[76.07664,15.72337],[76.07619,15.72854],[76.07383,15.73077],[76.07297,15.74281],[76.06611,15.7418],[76.05742,15.74454],[76.05021,15.74435],[76.04403,15.74207],[76.04338,15.73645],[76.03704,15.73703],[76.03993,15.75441],[76.03468,15.75505],[76.03457,15.75703],[76.04058,15.76324],[76.03912,15.77108],[76.03423,15.77027],[76.01982,15.77579],[76.01858,15.77906],[76.01252,15.77982],[76.00993,15.78411],[75.99342,15.78109],[75.99016,15.786],[75.98845,15.80155],[75.97663,15.80074],[75.96782,15.79424],[75.96388,15.79513],[75.96137,15.78485],[75.93818,15.79074],[75.9277,15.79161],[75.90858,15.80746],[75.90042,15.80966],[75.89148,15.81498],[75.87394,15.82817],[75.84515,15.83811],[75.84952,15.85909],[75.84755,15.86184],[75.84817,15.87143],[75.83987,15.87158],[75.83783,15.86522],[75.82782,15.86623],[75.83229,15.87565],[75.83173,15.87854],[75.83396,15.87801],[75.83543,15.88276],[75.83314,15.88683],[75.83007,15.88752],[75.83,15.89717],[75.8276,15.90027],[75.81163,15.90013],[75.81107,15.89416],[75.78657,15.89836],[75.78043,15.89712],[75.77587,15.90259],[75.77907,15.90306],[75.78054,15.9058],[75.78056,15.90877],[75.77642,15.91364],[75.77713,15.91912],[75.78915,15.92419],[75.78979,15.92249],[75.80574,15.924],[75.81221,15.9226],[75.81099,15.92496],[75.8277,15.9271],[75.83025,15.9246],[75.83641,15.92469],[75.83654,15.92766],[75.84051,15.93088],[75.85545,15.9343],[75.85485,15.93565],[75.86679,15.93153],[75.87907,15.93128],[75.88796,15.91916],[75.89176,15.91685],[75.89694,15.9167],[75.90287,15.91864],[75.90195,15.92275],[75.92245,15.90333],[75.92722,15.89745],[75.92643,15.88607],[75.92795,15.88694],[75.92948,15.88102],[75.92843,15.87519],[75.94196,15.87421],[75.94447,15.86634],[75.96263,15.86552],[75.96549,15.85897],[75.97466,15.86183],[75.97887,15.87086],[75.97897,15.88287],[75.97714,15.89496],[75.97434,15.89787],[75.97529,15.9127],[75.9737,15.92278],[75.97691,15.9313],[75.97756,15.95184],[75.97433,15.95241],[75.97389,15.95422],[75.97572,15.96041],[75.97379,15.98663],[75.97611,15.9896],[75.98673,15.99469],[75.98937,15.99875],[75.98949,16.00481],[76.01138,16.00125],[76.01658,16.00201],[76.02017,16.0077],[76.02317,16.00876],[76.05162,16.00338],[76.05202,16.00603],[76.0565,16.00557],[76.05643,16.01146],[76.05993,16.01149],[76.0801,16.01],[76.08481,15.99717],[76.07865,15.97687],[76.07278,15.9654],[76.07118,15.94896],[76.06274,15.92152],[76.06382,15.91584],[76.05848,15.906],[76.07055,15.90252],[76.1016,15.90046],[76.10326,15.89385],[76.1172,15.88601],[76.12533,15.89411],[76.14533,15.89505],[76.15393,15.91492],[76.15994,15.92108],[76.1719,15.92477],[76.172,15.93166],[76.19491,15.9324],[76.20048,15.93643],[76.20046,15.94399],[76.22653,15.94089],[76.23009,15.92331],[76.25687,15.92293],[76.2569,15.91528],[76.26107,15.91477],[76.26184,15.90671],[76.27175,15.90467],[76.27409,15.91045],[76.27697,15.90971],[76.27595,15.90374],[76.28539,15.90258],[76.28976,15.89262],[76.3007,15.8963],[76.3065,15.89321],[76.31329,15.89492],[76.31458,15.89951],[76.32115,15.90159],[76.32112,15.90354],[76.33016,15.90519],[76.34507,15.90077],[76.34616,15.89045],[76.34182,15.87692],[76.33774,15.87155],[76.35124,15.86338],[76.35547,15.8654],[76.3588,15.88132],[76.35735,15.88177],[76.35687,15.89729],[76.35853,15.9011],[76.3537,15.90317],[76.35797,15.90883],[76.3623,15.91162],[76.37024,15.9129],[76.37359,15.91762],[76.37514,15.90222],[76.40341,15.90207],[76.40373,15.89955],[76.41736,15.89571],[76.42672,15.89041],[76.42404,15.88801],[76.42205,15.87317],[76.41927,15.87135],[76.41679,15.86482],[76.44889,15.85274],[76.45101,15.85463],[76.44893,15.83638],[76.44596,15.83376],[76.44232,15.82349],[76.4364,15.82375],[76.42559,15.81342],[76.4218,15.81254],[76.42049,15.80559],[76.4173,15.80661],[76.41289,15.80419],[76.41279,15.79654],[76.41498,15.79156],[76.42204,15.79091],[76.42214,15.78586],[76.43371,15.78738],[76.43951,15.78433],[76.43808,15.75779],[76.4396,15.74947],[76.44759,15.74438],[76.44388,15.73891],[76.44625,15.7342],[76.48237,15.7193],[76.48456,15.71494],[76.48026,15.71346],[76.47656,15.70829],[76.47334,15.70862],[76.46732,15.68366],[76.45834,15.68641],[76.45946,15.6841],[76.45332,15.66897],[76.43513,15.66994],[76.4333,15.66615],[76.42692,15.66815],[76.41914,15.66695],[76.41056,15.6684],[76.40999,15.67168],[76.40093,15.67305],[76.40052,15.68026],[76.39581,15.68143],[76.39362,15.68482],[76.39332,15.69208],[76.38462,15.69148],[76.38102,15.68817],[76.37874,15.68893]]]},"properties":{"taluk":"Kushtagi","district":"Koppal","region_id":"subdistrict_5465","level":"taluk"}},{"type":"Feature","geometry":{"type":"Polygon","coordinates":[[[75.90786,15.51987],[75.90788,15.51342],[75.91015,15.51169],[75.89779,15.51411],[75.89795,15.5086],[75.87656,15.50779],[75.85989,15.51353],[75.86748,15.56105],[75.86643,15.59553],[75.87866,15.59732],[75.87901,15.59532],[75.88289,15.59573],[75.88215,15.5996],[75.8949,15.60224],[75.895,15.60618],[75.89789,15.60711],[75.89835,15.62434],[75.89393,15.62499],[75.89453,15.63223],[75.88601,15.63386],[75.88872,15.65378],[75.88724,15.66846],[75.88455,15.67193],[75.87057,15.67328],[75.87016,15.715],[75.88727,15.71746],[75.8897,15.7278],[75.88213,15.73695],[75.88514,15.73605],[75.88683,15.73815],[75.89267,15.73911],[75.8974,15.75056],[75.90676,15.7471],[75.90998,15.744],[75.90967,15.7317],[75.92067,15.72603],[75.91599,15.71024],[75.91492,15.69806],[75.92539,15.69252],[75.93946,15.69379],[75.93981,15.68358],[75.94363,15.67726],[75.96127,15.6773],[75.96724,15.67932],[75.96725,15.6647],[75.97743,15.66272],[75.98176,15.66409],[76.01087,15.66216],[76.0158,15.67186],[76.0156,15.67976],[75.99437,15.67892],[75.99106,15.67089],[75.9824,15.66675],[75.98689,15.68947],[75.98326,15.69002],[75.98378,15.69379],[75.9867,15.69613],[75.99236,15.7072],[75.99862,15.70835],[76.00422,15.71191],[76.00476,15.71574],[76.01891,15.71521],[76.02249,15.70924],[76.03028,15.71519],[76.04057,15.71772],[76.04496,15.72407],[76.0431,15.72727],[76.04403,15.74207],[76.05021,15.74435],[76.05742,15.74454],[76.06611,15.7418],[76.07297,15.74281],[76.07383,15.73077],[76.07619,15.72854],[76.07664,15.72337],[76.07452,15.72311],[76.07553,15.71624],[76.09141,15.72001],[76.10888,15.72823],[76.11274,15.71954],[76.11271,15.71308],[76.13469,15.71024],[76.14343,15.71487],[76.15205,15.7107],[76.15398,15.71329],[76.16309,15.71039],[76.16531,15.7136],[76.17888,15.70601],[76.19579,15.70164],[76.20867,15.70268],[76.20901,15.69955],[76.22208,15.70221],[76.23586,15.70085],[76.24308,15.70486],[76.26991,15.70518],[76.27646,15.72186],[76.27874,15.72326],[76.27667,15.72533],[76.26954,15.72471],[76.26885,15.72687],[76.26407,15.72883],[76.26459,15.73449],[76.26929,15.7411],[76.28251,15.74096],[76.28404,15.73436],[76.29362,15.73049],[76.29384,15.72509],[76.30026,15.724],[76.30083,15.71979],[76.31301,15.72533],[76.31393,15.72351],[76.31998,15.69929],[76.31709,15.69247],[76.31589,15.69301],[76.31112,15.67562],[76.31927,15.67157],[76.32166,15.66675],[76.32535,15.66441],[76.33213,15.6501],[76.33563,15.64847],[76.33509,15.64297],[76.33719,15.64293],[76.3329,15.63744],[76.3213,15.6389],[76.32204,15.6217],[76.31871,15.62126],[76.31846,15.61655],[76.32143,15.6139],[76.32132,15.60766],[76.32395,15.6047],[76.31358,15.59434],[76.29427,15.59998],[76.28988,15.60496],[76.2825,15.60752],[76.28038,15.61076],[76.28084,15.61634],[76.27769,15.61648],[76.27794,15.61406],[76.2616,15.60985],[76.25945,15.60321],[76.26166,15.59962],[76.25617,15.58965],[76.25407,15.58009],[76.24752,15.57846],[76.23858,15.56213],[76.2418,15.55934],[76.24275,15.54961],[76.24576,15.54627],[76.2434,15.53836],[76.23023,15.54062],[76.22352,15.54767],[76.22138,15.55548],[76.20377,15.55432],[76.19153,15.54719],[76.18285,15.54444],[76.17025,15.54087],[76.1601,15.5408],[76.12937,15.54356],[76.12922,15.54554],[76.12559,15.54764],[76.11918,15.54923],[76.12162,15.55497],[76.11988,15.55513],[76.11013,15.5548],[76.1097,15.55247],[76.10419,15.54985],[76.09757,15.55191],[76.09176,15.54887],[76.08122,15.54798],[76.07428,15.55011],[76.07393,15.55333],[76.06436,15.5543],[76.04852,15.56574],[76.03726,15.56735],[76.03457,15.5454],[76.02711,15.52725],[76.00035,15.5297],[75.99785,15.54225],[75.99521,15.54074],[75.99303,15.54782],[75.99112,15.56167],[75.98749,15.55823],[75.98804,15.55464],[75.9833,15.55045],[75.98328,15.54795],[75.97304,15.54399],[75.91167,15.54291],[75.9096,15.52021],[75.90786,15.51987]]]},"properties":{"taluk":"Yelbarga","district":"Koppal","region_id":"subdistrict_5464","level":"taluk"}},{"type":"Feature","geometry":{"type":"Polygon","coordinates":[[[76.5347,12.84387],[76.54662,12.84131],[76.55572,12.84609],[76.56365,12.84463],[76.57328,12.8471],[76.5831,12.84376],[76.59593,12.8345],[76.59723,12.8304],[76.58712,12.82312],[76.58631,12.81776],[76.58723,12.81515],[76.59097,12.81349],[76.59397,12.81765],[76.60173,12.81724],[76.60299,12.80619],[76.60701,12.79914],[76.60531,12.78905],[76.59659,12.78804],[76.59913,12.76337],[76.60351,12.76448],[76.6021,12.75188],[76.59998,12.74565],[76.5969,12.74343],[76.59313,12.72474],[76.59859,12.72644],[76.60132,12.72504],[76.60433,12.71643],[76.61465,12.70155],[76.61359,12.68859],[76.61497,12.67772],[76.61013,12.67792],[76.60891,12.67465],[76.61177,12.66141],[76.61419,12.65854],[76.6132,12.64573],[76.59998,12.65123],[76.60378,12.64241],[76.60559,12.64255],[76.60456,12.63841],[76.60662,12.61999],[76.60209,12.60822],[76.60001,12.57686],[76.59641,12.57531],[76.58788,12.57677],[76.58286,12.57493],[76.58267,12.57871],[76.5718,12.58159],[76.56513,12.57701],[76.56648,12.57177],[76.58215,12.56921],[76.5858,12.55429],[76.58124,12.55502],[76.56512,12.56814],[76.55961,12.56157],[76.55429,12.54867],[76.54661,12.5499],[76.54099,12.53365],[76.5458,12.53149],[76.54558,12.52727],[76.54843,12.52664],[76.5473,12.52354],[76.52839,12.5257],[76.52402,12.51638],[76.52539,12.50857],[76.51621,12.50637],[76.51681,12.50003],[76.5141,12.50033],[76.5161,12.49703],[76.51563,12.49244],[76.51984,12.49187],[76.5144,12.47914],[76.51757,12.47373],[76.51607,12.46998],[76.51738,12.4656],[76.51476,12.46575],[76.51146,12.46172],[76.50781,12.46455],[76.50755,12.45971],[76.50084,12.45745],[76.49712,12.45954],[76.49895,12.46119],[76.49477,12.46444],[76.49497,12.46815],[76.49332,12.46793],[76.49161,12.47169],[76.48371,12.47856],[76.47968,12.47695],[76.47721,12.48011],[76.46897,12.47722],[76.46032,12.48419],[76.45719,12.48315],[76.45187,12.48643],[76.44926,12.49651],[76.45062,12.50604],[76.44886,12.49787],[76.4477,12.50337],[76.44047,12.51243],[76.43669,12.5226],[76.42182,12.5319],[76.42362,12.53853],[76.42609,12.53854],[76.42698,12.54237],[76.41539,12.54681],[76.41154,12.557],[76.39559,12.55032],[76.39545,12.5516],[76.38927,12.55169],[76.38692,12.55826],[76.39072,12.56471],[76.39638,12.5688],[76.3946,12.57269],[76.37721,12.57567],[76.3692,12.6034],[76.37017,12.60602],[76.36332,12.60658],[76.36415,12.62679],[76.35206,12.64042],[76.35216,12.65043],[76.34262,12.65494],[76.34219,12.65946],[76.34734,12.66653],[76.34927,12.66874],[76.35319,12.66802],[76.35425,12.68496],[76.3597,12.68658],[76.35897,12.69026],[76.36167,12.69122],[76.36184,12.71164],[76.35363,12.7114],[76.3479,12.71721],[76.34608,12.71695],[76.34422,12.72284],[76.34477,12.73027],[76.33941,12.73307],[76.3459,12.73822],[76.34442,12.74221],[76.34653,12.74291],[76.34579,12.74401],[76.35123,12.74209],[76.35504,12.74387],[76.35729,12.74954],[76.35138,12.75235],[76.34253,12.76247],[76.34328,12.76695],[76.3501,12.77045],[76.35062,12.77339],[76.34805,12.77822],[76.34966,12.78613],[76.33576,12.78658],[76.3302,12.801],[76.33011,12.8086],[76.33184,12.81187],[76.33679,12.81243],[76.34382,12.8121],[76.35121,12.80868],[76.36798,12.80841],[76.37075,12.81171],[76.37085,12.81529],[76.36717,12.82281],[76.37087,12.82992],[76.37505,12.83142],[76.37724,12.82805],[76.38223,12.83059],[76.38803,12.84078],[76.38583,12.84508],[76.39123,12.84443],[76.39745,12.84747],[76.4073,12.84536],[76.40847,12.85354],[76.40692,12.86582],[76.41308,12.86445],[76.41485,12.86571],[76.41663,12.85969],[76.42537,12.85746],[76.42679,12.85412],[76.42576,12.84621],[76.42045,12.84316],[76.42423,12.82602],[76.44499,12.82126],[76.44436,12.81811],[76.45075,12.81205],[76.45066,12.80965],[76.45739,12.80646],[76.45676,12.80247],[76.46162,12.80214],[76.46329,12.80493],[76.46739,12.80422],[76.46961,12.80087],[76.46876,12.79432],[76.46106,12.78853],[76.45685,12.78861],[76.45523,12.77988],[76.45686,12.77669],[76.46643,12.77451],[76.46911,12.7714],[76.47574,12.77094],[76.47833,12.77982],[76.48386,12.78354],[76.48948,12.78467],[76.48962,12.77561],[76.48779,12.77182],[76.49088,12.76523],[76.49766,12.77074],[76.49825,12.77449],[76.498,12.77896],[76.4932,12.78224],[76.49028,12.78897],[76.49201,12.78983],[76.49134,12.79292],[76.49512,12.80303],[76.4943,12.80525],[76.49169,12.80548],[76.49215,12.80837],[76.49733,12.81342],[76.50172,12.82231],[76.50933,12.82234],[76.51805,12.82687],[76.51697,12.83386],[76.52033,12.84145],[76.5347,12.84387]]]},"properties":{"taluk":"Krishnarajpet","district":"Mandya","region_id":"subdistrict_5546","level":"taluk"}},{"type":"Feature","geometry":{"type":"Polygon","coordinates":[[[77.13517,12.46964],[77.13252,12.46951],[77.12931,12.46116],[77.12999,12.45511],[77.12517,12.45194],[77.12589,12.4431],[77.12398,12.43893],[77.11912,12.43887],[77.11732,12.44095],[77.11606,12.43732],[77.10341,12.43662],[77.1009,12.43912],[77.07571,12.44112],[77.07397,12.45085],[77.06858,12.45149],[77.05525,12.44965],[77.05533,12.44806],[77.05208,12.44703],[77.04077,12.44632],[77.03647,12.44371],[77.03291,12.44664],[77.02516,12.44415],[77.00474,12.44391],[76.99827,12.44215],[76.99585,12.43899],[76.98431,12.43806],[76.9863,12.42282],[76.98209,12.41648],[76.96784,12.41827],[76.96717,12.42058],[76.97404,12.44215],[76.95289,12.44749],[76.94809,12.44681],[76.94795,12.44699],[76.94999,12.4587],[76.94266,12.46377],[76.94237,12.46758],[76.94863,12.47196],[76.95542,12.47157],[76.95658,12.47947],[76.95411,12.48496],[76.95413,12.49564],[76.95815,12.49823],[76.96687,12.49875],[76.9673,12.50088],[76.97145,12.50078],[76.97703,12.50322],[76.97871,12.50587],[76.97656,12.50773],[76.97318,12.52185],[76.98696,12.52195],[76.99512,12.51476],[76.99841,12.51605],[76.99842,12.51934],[77.00251,12.52074],[77.00365,12.52402],[77.00898,12.52363],[77.01302,12.52549],[77.0133,12.52995],[77.01156,12.53575],[77.00026,12.53776],[76.99699,12.55617],[76.98882,12.55531],[76.98649,12.58107],[76.9967,12.58471],[76.99651,12.59299],[76.99431,12.60016],[76.98364,12.59935],[76.98616,12.60184],[76.9836,12.60291],[76.98356,12.6051],[76.98602,12.60583],[76.98612,12.61107],[76.98134,12.62717],[76.96996,12.6275],[76.9655,12.6448],[76.96382,12.64504],[76.95954,12.65353],[76.95811,12.66052],[76.94507,12.66616],[76.94128,12.66199],[76.92968,12.6585],[76.92337,12.66499],[76.9217,12.67337],[76.91859,12.67368],[76.92118,12.69078],[76.93033,12.68967],[76.92987,12.69204],[76.93598,12.70319],[76.94645,12.70209],[76.94844,12.70512],[76.94761,12.70791],[76.93508,12.71077],[76.93397,12.70858],[76.92428,12.71527],[76.9156,12.71467],[76.90598,12.72472],[76.89584,12.73019],[76.90663,12.74389],[76.91198,12.74796],[76.91078,12.76832],[76.91509,12.77081],[76.91465,12.77839],[76.91099,12.78348],[76.91128,12.79054],[76.9149,12.79203],[76.91607,12.79552],[76.92432,12.79505],[76.9315,12.80008],[76.93526,12.79911],[76.94187,12.80463],[76.95049,12.8001],[76.96093,12.80279],[76.97169,12.80193],[76.97359,12.80131],[76.97648,12.79245],[76.99066,12.78777],[76.99872,12.77708],[77.00978,12.78116],[77.00686,12.77379],[77.00854,12.76395],[77.0253,12.76224],[77.02709,12.76555],[77.03574,12.76951],[77.04394,12.77762],[77.04933,12.75412],[77.04911,12.74775],[77.05649,12.7527],[77.06056,12.75272],[77.06074,12.756],[77.06783,12.75953],[77.072,12.75666],[77.0767,12.74605],[77.08084,12.74744],[77.08166,12.73116],[77.07325,12.69863],[77.07558,12.68346],[77.07409,12.67853],[77.08398,12.67495],[77.09942,12.6732],[77.1012,12.62891],[77.11756,12.62825],[77.12273,12.62221],[77.12227,12.61904],[77.11111,12.61607],[77.10825,12.60768],[77.10995,12.59703],[77.1151,12.5958],[77.11911,12.57638],[77.1285,12.56919],[77.12824,12.55407],[77.11538,12.55504],[77.11394,12.55288],[77.11508,12.54324],[77.12199,12.54008],[77.12678,12.52996],[77.12532,12.52364],[77.13294,12.51653],[77.13087,12.49819],[77.12754,12.49067],[77.12489,12.48919],[77.1247,12.48479],[77.12615,12.48202],[77.12504,12.4799],[77.13236,12.47961],[77.13517,12.46964]]]},"properties":{"taluk":"Maddur","district":"Mandya","region_id":"subdistrict_5551","level":"taluk"}},{"type":"Feature","geometry":{"type":"MultiPolygon","coordinates":[[[[77.23858,12.5002],[77.23905,12.48882],[77.23435,12.48672],[77.22607,12.48941],[77.22544,12.47466],[77.22705,12.47472],[77.22693,12.47935],[77.23011,12.47961],[77.22975,12.4823],[77.23002,12.48424],[77.23345,12.48405],[77.23598,12.48225],[77.23629,12.47093],[77.25458,12.47007],[77.25753,12.46358],[77.26511,12.46195],[77.26943,12.46476],[77.27511,12.43721],[77.26966,12.43419],[77.27364,12.43005],[77.28523,12.4288],[77.28625,12.42109],[77.28171,12.42145],[77.28402,12.41127],[77.28179,12.40708],[77.28404,12.40687],[77.28498,12.39395],[77.3122,12.39228],[77.33242,12.35374],[77.32454,12.32815],[77.32504,12.30597],[77.31504,12.30366],[77.31189,12.2986],[77.30604,12.29671],[77.2895,12.30203],[77.26974,12.31253],[77.26399,12.31277],[77.24939,12.30594],[77.23768,12.30859],[77.22403,12.30204],[77.21633,12.30715],[77.20123,12.30768],[77.19212,12.3058],[77.16679,12.31021],[77.16982,12.29956],[77.16844,12.29408],[77.16973,12.2859],[77.16651,12.28099],[77.16658,12.27414],[77.17008,12.26498],[77.167,12.25554],[77.15728,12.25558],[77.14375,12.24732],[77.13235,12.24738],[77.12609,12.24293],[77.10711,12.24091],[77.10522,12.21973],[77.09121,12.21979],[77.08836,12.21758],[77.08812,12.21917],[77.08256,12.22109],[77.07931,12.22161],[77.07884,12.21944],[77.07708,12.21948],[77.07786,12.23619],[77.06934,12.23742],[77.06869,12.23438],[77.06431,12.23255],[77.05303,12.23861],[77.04971,12.23814],[77.04556,12.23262],[77.03735,12.23381],[77.03522,12.23192],[77.01223,12.24138],[76.99624,12.23977],[76.99395,12.25147],[76.98914,12.25703],[76.98927,12.27628],[76.99091,12.27719],[76.98948,12.28765],[76.98364,12.28652],[76.9805,12.28919],[76.97126,12.29066],[76.97732,12.30764],[76.9806,12.30747],[76.98678,12.30182],[76.99289,12.30178],[76.99748,12.31357],[76.99078,12.31467],[76.99087,12.31731],[76.98731,12.31985],[76.98698,12.33332],[76.98072,12.32791],[76.97649,12.32799],[76.9778,12.33327],[76.97658,12.35459],[76.97173,12.35449],[76.97109,12.35276],[76.95825,12.3546],[76.95649,12.35266],[76.95661,12.34646],[76.9607,12.33487],[76.95921,12.32803],[76.95357,12.32778],[76.95326,12.33065],[76.94751,12.33125],[76.93558,12.32459],[76.92808,12.32204],[76.92233,12.32241],[76.928,12.32662],[76.92889,12.33339],[76.93162,12.33802],[76.92836,12.33917],[76.92545,12.34475],[76.92372,12.35319],[76.93925,12.35421],[76.93613,12.36986],[76.93762,12.401],[76.93214,12.40739],[76.9294,12.41569],[76.92608,12.41836],[76.92545,12.42206],[76.92704,12.42124],[76.92851,12.42305],[76.92828,12.42743],[76.92202,12.44165],[76.92242,12.4445],[76.92815,12.4482],[76.92785,12.45024],[76.93854,12.45171],[76.94162,12.4478],[76.95289,12.44749],[76.97404,12.44215],[76.96717,12.42058],[76.96784,12.41827],[76.98136,12.41644],[76.98615,12.42142],[76.98431,12.43806],[76.99585,12.43899],[76.99827,12.44215],[77.00474,12.44391],[77.02516,12.44415],[77.03291,12.44664],[77.03647,12.44371],[77.04077,12.44632],[77.05285,12.44719],[77.05853,12.45046],[77.07244,12.45128],[77.07397,12.45085],[77.07571,12.44112],[77.1009,12.43912],[77.10341,12.43662],[77.11606,12.43732],[77.11732,12.44095],[77.11912,12.43887],[77.12451,12.43915],[77.12517,12.45194],[77.12999,12.45511],[77.12931,12.46116],[77.13252,12.46951],[77.13568,12.4698],[77.14037,12.46418],[77.14674,12.46209],[77.15645,12.47187],[77.1575,12.47559],[77.16476,12.47507],[77.16953,12.48388],[77.17528,12.48286],[77.17587,12.47954],[77.17787,12.47894],[77.19256,12.48205],[77.19375,12.48371],[77.1979,12.48337],[77.20074,12.49155],[77.20557,12.49102],[77.20527,12.48538],[77.21348,12.48493],[77.21622,12.49206],[77.22199,12.49218],[77.22432,12.50221],[77.23858,12.5002]],[[77.29054,12.36878],[77.29252,12.36863],[77.29232,12.37102],[77.29002,12.37124],[77.29054,12.36878]],[[77.30535,12.36286],[77.3027,12.35905],[77.30312,12.35382],[77.30303,12.35754],[77.30598,12.36018],[77.30831,12.35767],[77.30913,12.35894],[77.3078,12.36253],[77.30535,12.36286]],[[77.30284,12.35465],[77.30221,12.35375],[77.30263,12.35351],[77.30284,12.35465]],[[77.29483,12.35675],[77.29312,12.35967],[77.2882,12.36162],[77.28728,12.35401],[77.29315,12.35321],[77.29483,12.35675]],[[77.30122,12.32019],[77.30032,12.31559],[77.30413,12.31577],[77.30122,12.32019]]],[[[76.97888,12.27539],[76.98583,12.26435],[76.98234,12.2563],[76.97199,12.25363],[76.96903,12.26009],[76.96891,12.2775],[76.97888,12.27539]]],[[[76.90686,12.35607],[76.89819,12.35678],[76.89893,12.37435],[76.90815,12.37595],[76.91071,12.38402],[76.92287,12.38249],[76.92235,12.37396],[76.91771,12.36743],[76.91992,12.35989],[76.90686,12.35607]]]]},"properties":{"taluk":"Malavalli","district":"Mandya","region_id":"subdistrict_5552","level":"taluk"}},{"type":"Feature","geometry":{"type":"Polygon","coordinates":[[[76.98882,12.55531],[76.99699,12.55617],[76.99791,12.55377],[77.00026,12.53776],[77.01206,12.53513],[77.01302,12.52549],[77.00898,12.52363],[77.00365,12.52402],[77.00251,12.52074],[76.99842,12.51934],[76.99841,12.51605],[76.99512,12.51476],[76.98696,12.52195],[76.97318,12.52185],[76.97656,12.50773],[76.97871,12.50587],[76.97703,12.50322],[76.97145,12.50078],[76.9673,12.50088],[76.96687,12.49875],[76.95815,12.49823],[76.95413,12.49564],[76.95411,12.48496],[76.95658,12.47947],[76.95542,12.47157],[76.94863,12.47196],[76.94237,12.46758],[76.94266,12.46377],[76.94999,12.4587],[76.94804,12.44687],[76.94103,12.44797],[76.93854,12.45171],[76.92785,12.45024],[76.92815,12.4482],[76.92242,12.4445],[76.92203,12.44168],[76.91642,12.43915],[76.91018,12.43967],[76.90672,12.43677],[76.90273,12.44949],[76.89705,12.45248],[76.88584,12.45443],[76.87762,12.45244],[76.88011,12.44269],[76.87439,12.43998],[76.87404,12.43815],[76.86918,12.43747],[76.8596,12.44504],[76.86256,12.46043],[76.86645,12.46751],[76.85285,12.46801],[76.84978,12.4646],[76.84139,12.46523],[76.84289,12.47495],[76.83702,12.47783],[76.83455,12.48349],[76.83549,12.48688],[76.83076,12.48792],[76.82824,12.48768],[76.82614,12.48415],[76.8185,12.48285],[76.8209,12.47132],[76.81976,12.46297],[76.81275,12.46221],[76.80948,12.46388],[76.80841,12.4673],[76.80389,12.46805],[76.80139,12.47341],[76.79647,12.47416],[76.79133,12.47829],[76.77615,12.47363],[76.77739,12.48058],[76.77593,12.49482],[76.76727,12.49958],[76.76258,12.49913],[76.76688,12.52551],[76.77802,12.51658],[76.78142,12.51582],[76.79544,12.51661],[76.79801,12.52408],[76.76265,12.53635],[76.75804,12.55718],[76.75694,12.57453],[76.75951,12.58744],[76.74766,12.59031],[76.741,12.58948],[76.73372,12.5938],[76.73149,12.59843],[76.73013,12.61119],[76.73117,12.61534],[76.73539,12.61954],[76.7334,12.62549],[76.73635,12.63423],[76.73445,12.63792],[76.73589,12.64321],[76.73445,12.64707],[76.72419,12.64896],[76.71824,12.65539],[76.70662,12.66205],[76.71518,12.6784],[76.71892,12.69109],[76.73029,12.68492],[76.73174,12.6771],[76.73779,12.678],[76.74199,12.6813],[76.75554,12.68199],[76.7491,12.69343],[76.75061,12.69812],[76.7545,12.69854],[76.75695,12.70337],[76.76036,12.72259],[76.76849,12.72063],[76.77444,12.72534],[76.77625,12.72734],[76.77753,12.73767],[76.78074,12.74306],[76.79208,12.74185],[76.79434,12.74037],[76.79421,12.73705],[76.79615,12.73805],[76.7968,12.73606],[76.79796,12.73815],[76.8057,12.73063],[76.81188,12.73313],[76.82139,12.74367],[76.82063,12.74848],[76.83901,12.75137],[76.84118,12.74901],[76.84284,12.75399],[76.84861,12.75095],[76.85942,12.74967],[76.85845,12.74711],[76.87224,12.7444],[76.87976,12.74006],[76.88372,12.74219],[76.88435,12.74508],[76.87591,12.74973],[76.87627,12.75191],[76.86665,12.75312],[76.88084,12.75612],[76.8853,12.75497],[76.88997,12.75203],[76.88933,12.74574],[76.89516,12.75051],[76.90669,12.74393],[76.89584,12.73019],[76.90598,12.72472],[76.9156,12.71467],[76.92428,12.71527],[76.93397,12.70858],[76.93508,12.71077],[76.94761,12.70791],[76.94844,12.70512],[76.94645,12.70209],[76.93598,12.70319],[76.92987,12.69204],[76.93033,12.68967],[76.92118,12.69078],[76.91859,12.67368],[76.9217,12.67337],[76.92337,12.66499],[76.92968,12.6585],[76.94128,12.66199],[76.94507,12.66616],[76.95811,12.66052],[76.95954,12.65353],[76.96382,12.64504],[76.9655,12.6448],[76.96996,12.6275],[76.98134,12.62717],[76.98612,12.61107],[76.98602,12.60583],[76.98356,12.6051],[76.9836,12.60291],[76.98616,12.60184],[76.98364,12.59935],[76.99431,12.60016],[76.99651,12.59299],[76.9967,12.58471],[76.98649,12.58107],[76.98882,12.55531]]]},"properties":{"taluk":"Mandya","district":"Mandya","region_id":"subdistrict_5550","level":"taluk"}},{"type":"Feature","geometry":{"type":"Polygon","coordinates":[[[76.93149,12.80008],[76.92387,12.79491],[76.91647,12.79577],[76.91415,12.79129],[76.91148,12.7913],[76.91099,12.78348],[76.91465,12.77839],[76.91509,12.77081],[76.91078,12.76832],[76.91198,12.74796],[76.9068,12.74399],[76.89512,12.75053],[76.88933,12.74574],[76.88878,12.75362],[76.88084,12.75612],[76.86665,12.75312],[76.87627,12.75191],[76.87591,12.74973],[76.88435,12.74508],[76.88372,12.74219],[76.87976,12.74006],[76.87224,12.7444],[76.85845,12.74711],[76.85942,12.74967],[76.84861,12.75095],[76.84284,12.75399],[76.84118,12.74901],[76.83901,12.75137],[76.82063,12.74848],[76.82139,12.74367],[76.81188,12.73313],[76.8057,12.73063],[76.79796,12.73815],[76.7968,12.73606],[76.79615,12.73805],[76.79421,12.73705],[76.79434,12.74037],[76.79208,12.74185],[76.78074,12.74306],[76.77753,12.73767],[76.77625,12.72734],[76.77444,12.72534],[76.76849,12.72063],[76.76036,12.72259],[76.75695,12.70337],[76.7545,12.69854],[76.75061,12.69812],[76.7491,12.69343],[76.75554,12.68199],[76.74199,12.6813],[76.73779,12.678],[76.73174,12.6771],[76.73104,12.68407],[76.7193,12.69172],[76.71518,12.6784],[76.70662,12.66205],[76.69832,12.66644],[76.68118,12.668],[76.68269,12.67579],[76.67896,12.67483],[76.67193,12.67852],[76.67405,12.69229],[76.66198,12.69823],[76.65956,12.69371],[76.66301,12.70648],[76.66031,12.72613],[76.63973,12.72536],[76.63097,12.72145],[76.61237,12.7073],[76.61223,12.70513],[76.60433,12.71643],[76.60132,12.72504],[76.59859,12.72644],[76.59313,12.72474],[76.5969,12.74343],[76.59998,12.74565],[76.6021,12.75188],[76.60351,12.76448],[76.59913,12.76337],[76.59659,12.78804],[76.60531,12.78905],[76.60701,12.79914],[76.60299,12.80619],[76.60173,12.81724],[76.59397,12.81765],[76.59097,12.81349],[76.58723,12.81515],[76.58712,12.82312],[76.59723,12.8304],[76.59593,12.8345],[76.57714,12.84621],[76.57715,12.85867],[76.57471,12.86699],[76.57976,12.87123],[76.57864,12.87344],[76.58369,12.87334],[76.59602,12.88024],[76.59097,12.88703],[76.59078,12.89002],[76.59992,12.90543],[76.59593,12.92088],[76.59945,12.92343],[76.60273,12.92304],[76.60565,12.93888],[76.61559,12.9368],[76.61758,12.94484],[76.61758,12.95365],[76.61133,12.95796],[76.61055,12.96621],[76.62028,12.96532],[76.63143,12.97221],[76.63136,12.98248],[76.6341,12.9812],[76.63447,12.98408],[76.63285,12.99291],[76.63033,12.99351],[76.63197,13.00392],[76.63928,13.00932],[76.64558,13.00956],[76.64805,13.00702],[76.65315,13.0077],[76.65813,13.01359],[76.65972,13.02627],[76.66738,13.03916],[76.67072,13.05529],[76.67553,13.05495],[76.68079,13.04807],[76.69364,13.03709],[76.70177,13.04203],[76.70951,13.03933],[76.71801,13.0406],[76.74964,13.03614],[76.75809,13.03738],[76.75743,13.03538],[76.75881,13.03674],[76.77147,13.03446],[76.78242,13.03047],[76.78581,13.01449],[76.79479,13.0151],[76.80618,13.01214],[76.81549,13.01342],[76.81994,13.00492],[76.8291,13.00221],[76.82688,12.99837],[76.84395,12.98686],[76.84519,12.98308],[76.85135,12.97911],[76.85058,12.97467],[76.83938,12.97311],[76.84181,12.96574],[76.83562,12.94343],[76.84234,12.94146],[76.84869,12.94399],[76.84928,12.93841],[76.85706,12.93794],[76.86262,12.93437],[76.86205,12.92827],[76.88076,12.93357],[76.88797,12.93425],[76.89254,12.93174],[76.89373,12.925],[76.89711,12.92102],[76.8903,12.91883],[76.88333,12.9207],[76.87366,12.91815],[76.86791,12.91858],[76.86461,12.91345],[76.86555,12.90507],[76.87071,12.89937],[76.8728,12.89973],[76.87285,12.8975],[76.88857,12.8974],[76.89218,12.882],[76.891,12.87948],[76.89356,12.87435],[76.8913,12.85002],[76.9003,12.84507],[76.90661,12.83423],[76.90755,12.82652],[76.91685,12.81896],[76.91685,12.81463],[76.92216,12.80561],[76.93149,12.80008]]]},"properties":{"taluk":"Nagamangala","district":"Mandya","region_id":"subdistrict_5547","level":"taluk"}},{"type":"Feature","geometry":{"type":"Polygon","coordinates":[[[76.49724,12.45578],[76.48929,12.4677],[76.47715,12.47376],[76.46992,12.47371],[76.45735,12.48094],[76.45721,12.4834],[76.46032,12.48419],[76.46897,12.47722],[76.47721,12.48011],[76.47968,12.47695],[76.48371,12.47856],[76.49161,12.47169],[76.49332,12.46793],[76.49497,12.46815],[76.49477,12.46444],[76.49895,12.46119],[76.49691,12.45993],[76.49926,12.45785],[76.50755,12.45971],[76.50781,12.46455],[76.51146,12.46172],[76.51476,12.46575],[76.51738,12.4656],[76.51607,12.46998],[76.51757,12.47373],[76.5144,12.47914],[76.51984,12.49187],[76.51563,12.49244],[76.5161,12.49703],[76.5141,12.50033],[76.51681,12.50003],[76.51585,12.50601],[76.52539,12.50857],[76.52402,12.51638],[76.52839,12.5257],[76.5473,12.52354],[76.54843,12.52664],[76.54558,12.52727],[76.5458,12.53149],[76.54099,12.53365],[76.54661,12.5499],[76.55429,12.54867],[76.55961,12.56157],[76.56512,12.56814],[76.58124,12.55502],[76.5858,12.55429],[76.58215,12.56921],[76.56648,12.57177],[76.56513,12.57701],[76.5718,12.58159],[76.58267,12.57871],[76.58286,12.57493],[76.58788,12.57677],[76.59641,12.57531],[76.60001,12.57686],[76.60209,12.60822],[76.60662,12.61999],[76.60456,12.63841],[76.60559,12.64255],[76.60378,12.64241],[76.59998,12.65123],[76.6132,12.64573],[76.61419,12.65854],[76.61177,12.66141],[76.60891,12.67465],[76.61013,12.67792],[76.61497,12.67772],[76.61359,12.68859],[76.61465,12.70155],[76.61237,12.7073],[76.63097,12.72145],[76.63973,12.72536],[76.66073,12.72592],[76.66301,12.70648],[76.65956,12.69371],[76.66198,12.69823],[76.67405,12.69229],[76.67193,12.67852],[76.67896,12.67483],[76.68269,12.67579],[76.68118,12.668],[76.70264,12.66496],[76.70236,12.66314],[76.71404,12.65838],[76.72434,12.65054],[76.72419,12.64896],[76.73445,12.64707],[76.73589,12.64321],[76.73445,12.63792],[76.73635,12.63423],[76.7334,12.62549],[76.73539,12.61954],[76.73117,12.61534],[76.73013,12.61119],[76.73149,12.59843],[76.73372,12.5938],[76.741,12.58948],[76.74766,12.59031],[76.75951,12.58744],[76.75694,12.57453],[76.75804,12.55718],[76.76265,12.53635],[76.79801,12.52408],[76.79576,12.51688],[76.77802,12.51658],[76.76688,12.52551],[76.76395,12.50271],[76.75449,12.48286],[76.74739,12.48112],[76.73433,12.48546],[76.73039,12.48233],[76.72923,12.48408],[76.72091,12.48229],[76.72163,12.47878],[76.7166,12.47662],[76.71438,12.47934],[76.71112,12.47787],[76.70828,12.48024],[76.70374,12.47916],[76.70129,12.48182],[76.70188,12.48578],[76.69981,12.48475],[76.69628,12.48653],[76.69653,12.48247],[76.69326,12.4823],[76.69278,12.47975],[76.6973,12.47655],[76.69642,12.47231],[76.69465,12.47048],[76.68492,12.47315],[76.68499,12.46626],[76.68762,12.46428],[76.68557,12.45877],[76.67824,12.45899],[76.67592,12.46294],[76.67641,12.46606],[76.67309,12.46625],[76.67098,12.46875],[76.66025,12.46928],[76.66279,12.45117],[76.6653,12.44986],[76.66754,12.4435],[76.66612,12.44419],[76.66602,12.44196],[76.65857,12.44288],[76.65769,12.43543],[76.66093,12.43433],[76.66182,12.42986],[76.65366,12.42419],[76.64934,12.42641],[76.6497,12.42918],[76.63414,12.42388],[76.6247,12.42203],[76.62047,12.42342],[76.61551,12.42125],[76.60884,12.42636],[76.59399,12.42162],[76.56829,12.42502],[76.56266,12.42721],[76.54621,12.44054],[76.53144,12.44226],[76.51448,12.45308],[76.50297,12.45158],[76.49724,12.45578]]]},"properties":{"taluk":"Pandavapura","district":"Mandya","region_id":"subdistrict_5548","level":"taluk"}},{"type":"Feature","geometry":{"type":"Polygon","coordinates":[[[76.68255,12.36696],[76.68055,12.3694],[76.68114,12.37212],[76.6864,12.38278],[76.68157,12.38659],[76.68258,12.39144],[76.67133,12.39146],[76.67073,12.38956],[76.66773,12.38931],[76.66783,12.38747],[76.66383,12.38646],[76.65625,12.39633],[76.65225,12.39483],[76.64695,12.39713],[76.64215,12.39453],[76.64121,12.38462],[76.63361,12.38336],[76.6274,12.37682],[76.62564,12.36928],[76.61897,12.36758],[76.60399,12.36934],[76.60202,12.36754],[76.5951,12.3678],[76.59199,12.36296],[76.58882,12.36368],[76.59013,12.36862],[76.5873,12.37048],[76.58723,12.37539],[76.5786,12.37254],[76.56956,12.37332],[76.56544,12.37836],[76.56586,12.3822],[76.5607,12.384],[76.5592,12.39012],[76.55453,12.39163],[76.55739,12.40085],[76.56574,12.39916],[76.56949,12.42594],[76.59399,12.42162],[76.60884,12.42636],[76.61551,12.42125],[76.62047,12.42342],[76.6247,12.42203],[76.63414,12.42388],[76.6497,12.42918],[76.64934,12.42641],[76.65366,12.42419],[76.66182,12.42986],[76.66093,12.43433],[76.65769,12.43543],[76.65857,12.44288],[76.66602,12.44196],[76.66612,12.44419],[76.66754,12.4435],[76.6653,12.44986],[76.66279,12.45117],[76.66025,12.46928],[76.67098,12.46875],[76.67309,12.46625],[76.67641,12.46606],[76.67592,12.46294],[76.67824,12.45899],[76.68557,12.45877],[76.68762,12.46428],[76.68499,12.46626],[76.68492,12.47315],[76.69465,12.47048],[76.69642,12.47231],[76.6973,12.47655],[76.69278,12.47975],[76.69326,12.4823],[76.69653,12.48247],[76.69628,12.48653],[76.69981,12.48475],[76.70188,12.48578],[76.70129,12.48182],[76.70374,12.47916],[76.70828,12.48024],[76.71112,12.47787],[76.71438,12.47934],[76.7166,12.47662],[76.72163,12.47878],[76.72091,12.48229],[76.72923,12.48408],[76.73039,12.48233],[76.73433,12.48546],[76.74739,12.48112],[76.75449,12.48286],[76.7619,12.49872],[76.76634,12.49987],[76.77593,12.49482],[76.77739,12.48058],[76.77615,12.47363],[76.79133,12.47829],[76.79647,12.47416],[76.80139,12.47341],[76.80389,12.46805],[76.80841,12.4673],[76.80862,12.46445],[76.81275,12.46221],[76.81976,12.46297],[76.82113,12.46757],[76.8185,12.48285],[76.82614,12.48415],[76.82824,12.48768],[76.83549,12.48688],[76.83455,12.48349],[76.83702,12.47783],[76.84289,12.47495],[76.84139,12.46523],[76.84978,12.4646],[76.85285,12.46801],[76.86645,12.46751],[76.86256,12.46043],[76.8596,12.44504],[76.86918,12.43747],[76.87404,12.43815],[76.87439,12.43998],[76.88011,12.44269],[76.87762,12.45244],[76.89053,12.45419],[76.90422,12.44789],[76.90672,12.43677],[76.90451,12.43492],[76.90389,12.42694],[76.9066,12.42195],[76.90027,12.42008],[76.90018,12.41639],[76.89821,12.41523],[76.90006,12.40941],[76.88147,12.40609],[76.87963,12.40481],[76.88085,12.40073],[76.8772,12.39984],[76.86307,12.40047],[76.86087,12.40908],[76.85898,12.40956],[76.85543,12.40791],[76.85393,12.40962],[76.85375,12.40722],[76.84773,12.40204],[76.8322,12.40264],[76.83182,12.39708],[76.83499,12.39524],[76.834,12.38451],[76.82816,12.38707],[76.81451,12.38678],[76.81202,12.36607],[76.8083,12.3602],[76.80342,12.3705],[76.7968,12.36547],[76.79965,12.35643],[76.79437,12.35436],[76.79107,12.34725],[76.78302,12.34767],[76.7815,12.35231],[76.77697,12.35306],[76.76481,12.35108],[76.76535,12.3464],[76.76181,12.33823],[76.76431,12.32807],[76.76269,12.31543],[76.76466,12.3123],[76.75729,12.30403],[76.75376,12.30418],[76.75323,12.30181],[76.74826,12.3084],[76.74608,12.30782],[76.7437,12.31009],[76.74468,12.31398],[76.7434,12.32032],[76.74139,12.32176],[76.73601,12.32276],[76.73206,12.31561],[76.73004,12.34275],[76.717,12.3519],[76.71822,12.35669],[76.71374,12.35741],[76.70722,12.35274],[76.69874,12.35039],[76.68797,12.36316],[76.68787,12.36612],[76.68255,12.36696]]]},"properties":{"taluk":"Shrirangapattana","district":"Mandya","region_id":"subdistrict_5549","level":"taluk"}},{"type":"Feature","geometry":{"type":"MultiPolygon","coordinates":[[[[76.5063,12.2683],[76.50913,12.25821],[76.50715,12.24916],[76.5143,12.24855],[76.51749,12.24436],[76.51832,12.23488],[76.51612,12.19844],[76.51451,12.19453],[76.50709,12.18879],[76.50181,12.18131],[76.49767,12.18112],[76.49738,12.19763],[76.49415,12.19641],[76.4832,12.19776],[76.47578,12.19055],[76.47435,12.19346],[76.46887,12.18985],[76.46024,12.18951],[76.464,12.18692],[76.46274,12.1838],[76.45348,12.17617],[76.44303,12.1762],[76.45911,12.1709],[76.46818,12.17181],[76.4692,12.16559],[76.45387,12.16269],[76.45792,12.16067],[76.46322,12.15328],[76.47003,12.15345],[76.46622,12.14505],[76.46387,12.1442],[76.46559,12.13565],[76.47516,12.13455],[76.4806,12.13629],[76.48943,12.15935],[76.4874,12.16904],[76.49492,12.16849],[76.50112,12.1537],[76.50969,12.14043],[76.51465,12.13823],[76.52174,12.13858],[76.52456,12.1408],[76.52555,12.14811],[76.53057,12.14591],[76.53491,12.14678],[76.53141,12.12511],[76.5372,12.12442],[76.53674,12.11261],[76.53831,12.11032],[76.5328,12.10713],[76.52782,12.09982],[76.52138,12.10477],[76.51327,12.10228],[76.49707,12.10487],[76.48474,12.09667],[76.4735,12.09579],[76.46588,12.11261],[76.44116,12.11946],[76.43431,12.11802],[76.42454,12.11163],[76.41669,12.11099],[76.41556,12.1078],[76.41902,12.10094],[76.41601,12.0977],[76.40682,12.09931],[76.3953,12.09812],[76.39689,12.09196],[76.4016,12.08666],[76.40082,12.08537],[76.3973,12.08395],[76.38572,12.08481],[76.38189,12.07778],[76.39169,12.07398],[76.3945,12.06478],[76.39961,12.05991],[76.40194,12.05134],[76.40766,12.0449],[76.39848,12.03182],[76.39913,12.02343],[76.39502,12.01609],[76.39094,12.01957],[76.38325,12.02029],[76.37213,12.00954],[76.37342,12.00501],[76.38428,12.00367],[76.39321,11.99808],[76.39313,11.9959],[76.38753,11.99152],[76.36272,11.99068],[76.35908,11.98719],[76.36206,11.97829],[76.35801,11.97198],[76.35254,11.97344],[76.34107,11.98298],[76.33276,11.98359],[76.32531,11.98929],[76.32016,11.98826],[76.32255,11.98477],[76.32182,11.96873],[76.31271,11.95947],[76.31612,11.95047],[76.31466,11.94692],[76.31796,11.94459],[76.31568,11.93777],[76.31699,11.93676],[76.314,11.93539],[76.31337,11.93246],[76.31886,11.92933],[76.31868,11.92666],[76.32519,11.92669],[76.3249,11.92322],[76.33573,11.92251],[76.32674,11.9175],[76.32503,11.90818],[76.32346,11.90724],[76.3262,11.90546],[76.3254,11.90336],[76.30913,11.90212],[76.29923,11.88938],[76.29983,11.88048],[76.31251,11.87476],[76.31721,11.86884],[76.3164,11.86535],[76.31921,11.85997],[76.31534,11.85204],[76.3066,11.84646],[76.30536,11.835],[76.29838,11.82606],[76.28779,11.82446],[76.28299,11.82044],[76.28187,11.81744],[76.28713,11.80026],[76.28072,11.81151],[76.27516,11.81209],[76.25983,11.80908],[76.24548,11.80321],[76.23898,11.80261],[76.22615,11.80626],[76.21812,11.81346],[76.21856,11.81701],[76.21573,11.82262],[76.20987,11.82908],[76.21312,11.84288],[76.20962,11.84995],[76.20788,11.8617],[76.20015,11.86268],[76.19892,11.86527],[76.1871,11.87202],[76.16978,11.86906],[76.16583,11.86594],[76.15453,11.86858],[76.14741,11.8662],[76.13226,11.85295],[76.12704,11.8533],[76.12096,11.84891],[76.11677,11.85517],[76.11739,11.85682],[76.11365,11.85794],[76.11311,11.86002],[76.11494,11.86684],[76.11071,11.89294],[76.1119,11.90461],[76.10883,11.92209],[76.10994,11.97691],[76.12224,11.97937],[76.14504,12.00683],[76.1481,12.01523],[76.15805,12.02212],[76.17728,12.02942],[76.18378,12.03586],[76.18896,12.05038],[76.17829,12.06983],[76.1751,12.08173],[76.17646,12.0996],[76.17178,12.10825],[76.17089,12.11804],[76.16655,12.12295],[76.22933,12.15299],[76.24467,12.16299],[76.23086,12.18154],[76.24041,12.18646],[76.24867,12.19641],[76.24528,12.20047],[76.24763,12.20266],[76.26673,12.21084],[76.27353,12.20853],[76.27795,12.20258],[76.27962,12.19612],[76.2857,12.19574],[76.2954,12.19005],[76.30194,12.18889],[76.31027,12.19371],[76.30922,12.20079],[76.31068,12.2005],[76.31568,12.19714],[76.32045,12.18016],[76.3275,12.18375],[76.33805,12.18442],[76.34776,12.17537],[76.35562,12.17141],[76.36624,12.15906],[76.37609,12.16151],[76.38766,12.16137],[76.40316,12.16587],[76.40077,12.17594],[76.4219,12.18179],[76.42333,12.18789],[76.43765,12.18735],[76.44526,12.19124],[76.43833,12.20907],[76.42085,12.20944],[76.41968,12.21388],[76.42206,12.21722],[76.42281,12.22474],[76.41723,12.23114],[76.41722,12.23681],[76.42254,12.23868],[76.42724,12.2444],[76.42787,12.25103],[76.42981,12.24963],[76.43529,12.25233],[76.43627,12.26203],[76.43857,12.26686],[76.44183,12.26685],[76.44395,12.27254],[76.44565,12.27235],[76.44502,12.26591],[76.4467,12.26596],[76.4478,12.26895],[76.44629,12.27212],[76.44755,12.27238],[76.45029,12.26899],[76.44895,12.2656],[76.4574,12.26343],[76.46006,12.26927],[76.46187,12.28291],[76.46361,12.28427],[76.46348,12.28992],[76.4719,12.29013],[76.48342,12.28588],[76.48661,12.28299],[76.48429,12.26894],[76.48632,12.27086],[76.5063,12.2683]]],[[[76.32462,11.95266],[76.32794,11.95906],[76.33144,11.95956],[76.33232,11.95463],[76.32462,11.95266]]]]},"properties":{"taluk":"Heggadadevankote","district":"Mysuru","region_id":"subdistrict_5573","level":"taluk"}},{"type":"Feature","geometry":{"type":"Polygon","coordinates":[[[76.4961,12.31385],[76.48617,12.28338],[76.4719,12.29013],[76.46348,12.28992],[76.46361,12.28427],[76.46187,12.28291],[76.46006,12.26927],[76.4574,12.26343],[76.44895,12.2656],[76.45029,12.26899],[76.44755,12.27238],[76.44629,12.27212],[76.4478,12.26895],[76.4467,12.26596],[76.44502,12.26591],[76.44565,12.27235],[76.44395,12.27254],[76.44183,12.26685],[76.43857,12.26686],[76.43627,12.26203],[76.43529,12.25233],[76.42981,12.24963],[76.42787,12.25103],[76.42724,12.2444],[76.42254,12.23868],[76.41722,12.23681],[76.41723,12.23114],[76.42281,12.22474],[76.42206,12.21722],[76.41968,12.21388],[76.42085,12.20944],[76.43833,12.20907],[76.44526,12.19124],[76.43765,12.18735],[76.42333,12.18789],[76.4219,12.18179],[76.40077,12.17594],[76.40352,12.16606],[76.38766,12.16137],[76.37609,12.16151],[76.36624,12.15906],[76.35562,12.17141],[76.34776,12.17537],[76.33805,12.18442],[76.3275,12.18375],[76.32045,12.18016],[76.31568,12.19714],[76.31068,12.2005],[76.30922,12.20079],[76.31027,12.19371],[76.30194,12.18889],[76.2954,12.19005],[76.2857,12.19574],[76.27962,12.19612],[76.27795,12.20258],[76.27353,12.20853],[76.26673,12.21084],[76.24763,12.20266],[76.24528,12.20047],[76.24867,12.19641],[76.24041,12.18646],[76.23086,12.18154],[76.24467,12.16299],[76.22933,12.15299],[76.16655,12.12295],[76.16107,12.13436],[76.1507,12.14315],[76.14312,12.15689],[76.14124,12.16837],[76.1386,12.17076],[76.13503,12.18195],[76.13505,12.18799],[76.13765,12.1887],[76.13023,12.20015],[76.13571,12.20114],[76.13314,12.20468],[76.11799,12.212],[76.10463,12.22317],[76.10001,12.22487],[76.10353,12.23155],[76.10595,12.23162],[76.10608,12.23398],[76.12207,12.24451],[76.11645,12.25027],[76.12286,12.25909],[76.12748,12.25971],[76.13188,12.2642],[76.13414,12.26381],[76.14042,12.26844],[76.14157,12.26709],[76.1436,12.27475],[76.14967,12.27428],[76.15621,12.27761],[76.15428,12.28662],[76.15533,12.29374],[76.16027,12.30165],[76.15765,12.30727],[76.1532,12.30927],[76.15749,12.32593],[76.16128,12.32686],[76.16094,12.32871],[76.16332,12.32959],[76.16914,12.32908],[76.17433,12.32112],[76.18153,12.32],[76.18411,12.32402],[76.18037,12.32666],[76.18195,12.33261],[76.17958,12.33372],[76.17974,12.33593],[76.17692,12.33538],[76.17667,12.33742],[76.17261,12.33788],[76.16508,12.34297],[76.16369,12.3543],[76.17111,12.35717],[76.18036,12.3562],[76.18008,12.35997],[76.18396,12.36607],[76.18298,12.37023],[76.19265,12.37549],[76.19658,12.37629],[76.20279,12.37352],[76.20925,12.36515],[76.21011,12.36988],[76.21718,12.36898],[76.21745,12.37051],[76.22742,12.37154],[76.22914,12.37438],[76.23561,12.37494],[76.23087,12.38035],[76.23187,12.39261],[76.24386,12.39471],[76.23955,12.39926],[76.23242,12.3997],[76.22791,12.40345],[76.22517,12.40341],[76.22244,12.40838],[76.21542,12.41229],[76.21355,12.41749],[76.21534,12.42255],[76.23306,12.42217],[76.23715,12.42672],[76.2387,12.42487],[76.2452,12.42385],[76.25775,12.4265],[76.2595,12.42103],[76.27212,12.41977],[76.27485,12.41371],[76.27942,12.41311],[76.27922,12.41027],[76.28864,12.41256],[76.30082,12.4062],[76.3063,12.39918],[76.31122,12.40063],[76.30913,12.40475],[76.31205,12.40921],[76.31509,12.4216],[76.32686,12.41914],[76.32861,12.42445],[76.3266,12.4258],[76.32835,12.42584],[76.32913,12.42877],[76.35827,12.42534],[76.35852,12.42237],[76.36192,12.42265],[76.36383,12.41777],[76.38107,12.4129],[76.38235,12.40285],[76.38624,12.40204],[76.39446,12.39593],[76.43658,12.39361],[76.44053,12.39848],[76.43935,12.40172],[76.43693,12.40258],[76.43642,12.40725],[76.44262,12.41261],[76.44431,12.41971],[76.44944,12.41743],[76.45397,12.41148],[76.46786,12.41111],[76.466,12.39438],[76.4632,12.3943],[76.46293,12.39135],[76.46585,12.39112],[76.46817,12.38175],[76.48993,12.37508],[76.48973,12.3653],[76.49266,12.35917],[76.50924,12.36007],[76.51478,12.35864],[76.5181,12.35392],[76.50735,12.34467],[76.50097,12.32243],[76.4961,12.31385]]]},"properties":{"taluk":"Hunsur","district":"Mysuru","region_id":"subdistrict_5570","level":"taluk"}},{"type":"Feature","geometry":{"type":"Polygon","coordinates":[[[76.47023,12.42295],[76.46728,12.42301],[76.46773,12.41962],[76.47203,12.41948],[76.47372,12.41634],[76.46786,12.41111],[76.45519,12.41108],[76.44689,12.41915],[76.44292,12.419],[76.44295,12.41313],[76.43642,12.40725],[76.43693,12.40258],[76.43935,12.40172],[76.44053,12.39848],[76.43658,12.39361],[76.39446,12.39593],[76.38624,12.40204],[76.38235,12.40285],[76.38107,12.4129],[76.36383,12.41777],[76.36192,12.42265],[76.35852,12.42237],[76.35827,12.42534],[76.35543,12.42621],[76.32913,12.42877],[76.32835,12.42584],[76.3266,12.4258],[76.32861,12.42445],[76.32686,12.41914],[76.31509,12.4216],[76.31205,12.40921],[76.30913,12.40475],[76.31122,12.40063],[76.3063,12.39918],[76.30082,12.4062],[76.28864,12.41256],[76.27922,12.41027],[76.27942,12.41311],[76.27485,12.41371],[76.27151,12.41937],[76.2731,12.42921],[76.26838,12.43861],[76.28075,12.44891],[76.27654,12.45903],[76.28066,12.47621],[76.28393,12.47929],[76.29267,12.4765],[76.29599,12.4806],[76.29702,12.48929],[76.31143,12.48531],[76.3118,12.48877],[76.3173,12.49229],[76.3167,12.49542],[76.31876,12.49627],[76.31789,12.49906],[76.31172,12.49976],[76.30771,12.50534],[76.31229,12.50961],[76.30156,12.51242],[76.30216,12.51908],[76.30739,12.51921],[76.3039,12.51777],[76.30357,12.51273],[76.31125,12.51073],[76.31966,12.51811],[76.32576,12.52086],[76.32617,12.51639],[76.32927,12.51587],[76.32654,12.51326],[76.32764,12.51093],[76.34483,12.50507],[76.34229,12.51176],[76.34598,12.51639],[76.34508,12.52252],[76.34643,12.52408],[76.34369,12.52696],[76.34516,12.531],[76.34685,12.53054],[76.34865,12.53423],[76.35065,12.53453],[76.34951,12.53986],[76.34502,12.54283],[76.34631,12.54963],[76.34835,12.55064],[76.34866,12.55449],[76.35135,12.55419],[76.35231,12.55797],[76.35259,12.56169],[76.3492,12.56235],[76.35185,12.5649],[76.34923,12.56666],[76.34832,12.57057],[76.35104,12.58105],[76.36119,12.58031],[76.36194,12.57438],[76.36473,12.57178],[76.36584,12.57573],[76.36209,12.58144],[76.36161,12.58644],[76.36795,12.58783],[76.36776,12.59678],[76.37149,12.59889],[76.37721,12.57567],[76.3946,12.57269],[76.39638,12.56884],[76.39072,12.56471],[76.38692,12.55826],[76.38927,12.55169],[76.39545,12.5516],[76.39559,12.55032],[76.41154,12.557],[76.41539,12.54681],[76.42698,12.54237],[76.42609,12.53854],[76.42362,12.53853],[76.42182,12.5319],[76.43669,12.5226],[76.44047,12.51243],[76.4477,12.50337],[76.44886,12.49787],[76.45062,12.50604],[76.44926,12.49651],[76.45187,12.48643],[76.45719,12.48315],[76.45735,12.48094],[76.46992,12.47371],[76.47715,12.47376],[76.48929,12.4677],[76.49724,12.45578],[76.50297,12.45158],[76.49851,12.45069],[76.4978,12.44714],[76.4918,12.4443],[76.477,12.45006],[76.45974,12.44164],[76.45873,12.44026],[76.46126,12.43418],[76.46525,12.43255],[76.47002,12.4263],[76.46852,12.42421],[76.47023,12.42295]]]},"properties":{"taluk":"Krishnarajanagara","district":"Mysuru","region_id":"subdistrict_5571","level":"taluk"}},{"type":"Feature","geometry":{"type":"Polygon","coordinates":[[[76.56004,12.15432],[76.53663,12.15084],[76.53831,12.13844],[76.54146,12.13403],[76.54642,12.13379],[76.54614,12.12568],[76.5425,12.12134],[76.53681,12.12181],[76.5372,12.12442],[76.53141,12.12511],[76.53491,12.14678],[76.53057,12.14591],[76.52555,12.14811],[76.52456,12.1408],[76.52174,12.13858],[76.51465,12.13823],[76.50969,12.14043],[76.50112,12.1537],[76.49492,12.16849],[76.4874,12.16904],[76.48943,12.15935],[76.4806,12.13629],[76.47558,12.13457],[76.46612,12.13552],[76.46387,12.1442],[76.46622,12.14505],[76.47003,12.15345],[76.46322,12.15328],[76.45792,12.16067],[76.45387,12.16269],[76.4692,12.16559],[76.46818,12.17181],[76.45911,12.1709],[76.44303,12.1762],[76.45348,12.17617],[76.46274,12.1838],[76.464,12.18692],[76.46024,12.18951],[76.46887,12.18985],[76.47435,12.19346],[76.47578,12.19055],[76.4832,12.19776],[76.49415,12.19641],[76.49738,12.19763],[76.49767,12.18112],[76.50181,12.18131],[76.50709,12.18879],[76.51451,12.19453],[76.51612,12.19844],[76.51749,12.24436],[76.5143,12.24855],[76.50715,12.24916],[76.50913,12.25821],[76.50633,12.26294],[76.5063,12.2683],[76.48632,12.27086],[76.48429,12.26894],[76.48617,12.28338],[76.4961,12.31385],[76.50097,12.32243],[76.50735,12.34467],[76.5181,12.35392],[76.51478,12.35864],[76.50924,12.36007],[76.49266,12.35917],[76.48973,12.3653],[76.48993,12.37508],[76.46817,12.38175],[76.4674,12.3874],[76.46585,12.39112],[76.46293,12.39135],[76.4632,12.3943],[76.466,12.39438],[76.46739,12.41203],[76.47372,12.41634],[76.47203,12.41948],[76.46773,12.41962],[76.46728,12.42301],[76.47023,12.42295],[76.46852,12.42421],[76.47002,12.4263],[76.46525,12.43255],[76.46126,12.43418],[76.45873,12.44026],[76.45974,12.44164],[76.477,12.45006],[76.4918,12.4443],[76.4978,12.44714],[76.49851,12.45069],[76.51307,12.45363],[76.53144,12.44226],[76.54621,12.44054],[76.55077,12.43837],[76.56266,12.42721],[76.56907,12.4251],[76.56574,12.39916],[76.55739,12.40085],[76.55455,12.39123],[76.5592,12.39012],[76.5607,12.384],[76.56586,12.3822],[76.56544,12.37836],[76.56956,12.37332],[76.5786,12.37254],[76.58723,12.37539],[76.5873,12.37048],[76.59013,12.36862],[76.58882,12.36368],[76.59199,12.36296],[76.5951,12.3678],[76.60202,12.36754],[76.60399,12.36934],[76.61897,12.36758],[76.62564,12.36928],[76.6274,12.37682],[76.63361,12.38336],[76.64121,12.38462],[76.64215,12.39453],[76.64695,12.39713],[76.65225,12.39483],[76.65625,12.39633],[76.66383,12.38646],[76.66783,12.38747],[76.66773,12.38931],[76.67073,12.38956],[76.67133,12.39146],[76.68287,12.39138],[76.68157,12.38659],[76.6864,12.38278],[76.68114,12.37212],[76.68122,12.36793],[76.68391,12.36585],[76.68787,12.36612],[76.68797,12.36316],[76.69874,12.35039],[76.70722,12.35274],[76.71374,12.35741],[76.71822,12.35669],[76.717,12.3519],[76.73004,12.34275],[76.73206,12.31561],[76.73601,12.32276],[76.74139,12.32176],[76.7434,12.32032],[76.74468,12.31398],[76.7437,12.31009],[76.74608,12.30782],[76.74826,12.3084],[76.75194,12.30203],[76.75376,12.30418],[76.75729,12.30403],[76.76466,12.3123],[76.76269,12.31543],[76.76431,12.32807],[76.76181,12.33823],[76.76535,12.3464],[76.76481,12.35108],[76.77697,12.35306],[76.7815,12.35231],[76.78302,12.34767],[76.79107,12.34725],[76.79437,12.35436],[76.79982,12.35648],[76.81046,12.35471],[76.8163,12.35006],[76.81564,12.34592],[76.80734,12.34281],[76.80517,12.32984],[76.81225,12.3283],[76.81646,12.31715],[76.81301,12.31465],[76.81038,12.31503],[76.80524,12.30927],[76.79095,12.30776],[76.78739,12.30187],[76.78828,12.29638],[76.79391,12.29214],[76.80032,12.29132],[76.80531,12.2773],[76.80847,12.27752],[76.81396,12.27233],[76.82507,12.26996],[76.82407,12.26187],[76.83088,12.26021],[76.83437,12.2451],[76.83584,12.24488],[76.83606,12.23955],[76.83445,12.23812],[76.83623,12.23446],[76.83381,12.22654],[76.83514,12.2171],[76.83286,12.20903],[76.82521,12.20389],[76.81712,12.1945],[76.8141,12.20063],[76.80991,12.20205],[76.80693,12.20654],[76.80283,12.20768],[76.79723,12.21622],[76.79695,12.21969],[76.79285,12.22091],[76.79309,12.2227],[76.78637,12.22716],[76.78464,12.22594],[76.77873,12.23172],[76.77264,12.22962],[76.77181,12.22652],[76.76936,12.22738],[76.76572,12.2253],[76.76274,12.22148],[76.76047,12.21138],[76.75529,12.21001],[76.75149,12.20049],[76.73503,12.20059],[76.73368,12.19248],[76.72729,12.19171],[76.72589,12.18803],[76.71646,12.19205],[76.70832,12.18904],[76.70739,12.19183],[76.70206,12.19552],[76.70453,12.20228],[76.69432,12.20125],[76.69217,12.19913],[76.69231,12.19488],[76.69328,12.19177],[76.69683,12.19254],[76.69717,12.18422],[76.69069,12.18088],[76.68795,12.17596],[76.68429,12.17737],[76.68152,12.18564],[76.67755,12.18585],[76.67751,12.18322],[76.67417,12.18524],[76.67374,12.18232],[76.66989,12.18134],[76.67022,12.17879],[76.66473,12.1788],[76.65782,12.18191],[76.65728,12.17979],[76.65393,12.17845],[76.65283,12.17113],[76.64907,12.17297],[76.64776,12.16853],[76.63353,12.16745],[76.63041,12.16351],[76.62741,12.16342],[76.62506,12.15749],[76.62599,12.14872],[76.62006,12.14516],[76.61784,12.1444],[76.60662,12.14832],[76.60583,12.14359],[76.59411,12.14357],[76.59362,12.14139],[76.59215,12.14125],[76.59201,12.14327],[76.58719,12.14107],[76.5794,12.14292],[76.57756,12.13783],[76.56889,12.14304],[76.56004,12.15432]]]},"properties":{"taluk":"Mysuru","district":"Mysuru","region_id":"subdistrict_5572","level":"taluk"}},{"type":"Feature","geometry":{"type":"Polygon","coordinates":[[[76.53663,12.15084],[76.56004,12.15432],[76.56889,12.14304],[76.57756,12.13783],[76.5794,12.14292],[76.58719,12.14107],[76.59201,12.14327],[76.59215,12.14125],[76.59362,12.14139],[76.59411,12.14357],[76.60583,12.14359],[76.60662,12.14832],[76.61784,12.1444],[76.62006,12.14516],[76.62599,12.14872],[76.62506,12.15749],[76.62741,12.16342],[76.63041,12.16351],[76.63353,12.16745],[76.64776,12.16853],[76.64907,12.17297],[76.65283,12.17113],[76.65393,12.17845],[76.65728,12.17979],[76.65782,12.18191],[76.66473,12.1788],[76.67022,12.17879],[76.66989,12.18134],[76.67374,12.18232],[76.67417,12.18524],[76.67751,12.18322],[76.67755,12.18585],[76.68152,12.18564],[76.68429,12.17737],[76.68795,12.17596],[76.69069,12.18088],[76.69717,12.18422],[76.69683,12.19254],[76.69328,12.19177],[76.69231,12.19488],[76.69217,12.19913],[76.69432,12.20125],[76.70453,12.20228],[76.70206,12.19552],[76.70739,12.19183],[76.70832,12.18904],[76.71646,12.19205],[76.72589,12.18803],[76.72729,12.19171],[76.73368,12.19248],[76.73503,12.20059],[76.75149,12.20049],[76.75529,12.21001],[76.76047,12.21138],[76.76274,12.22148],[76.76572,12.2253],[76.76936,12.22738],[76.77181,12.22652],[76.77264,12.22962],[76.77873,12.23172],[76.78464,12.22594],[76.78637,12.22716],[76.79309,12.2227],[76.79285,12.22091],[76.79695,12.21969],[76.79723,12.21622],[76.80283,12.20768],[76.80693,12.20654],[76.80991,12.20205],[76.8141,12.20063],[76.81712,12.1945],[76.82521,12.20389],[76.83286,12.20903],[76.83514,12.2171],[76.8338,12.22602],[76.83778,12.2254],[76.84214,12.2276],[76.84281,12.2254],[76.84029,12.22254],[76.84334,12.22031],[76.84372,12.22295],[76.84464,12.21509],[76.85603,12.21623],[76.85881,12.20764],[76.86869,12.20787],[76.86761,12.19628],[76.86447,12.1958],[76.86405,12.19173],[76.85739,12.18604],[76.85604,12.18096],[76.85126,12.17916],[76.85337,12.17084],[76.84552,12.1691],[76.84631,12.16401],[76.8509,12.16336],[76.8521,12.15896],[76.84088,12.15679],[76.84106,12.14548],[76.83109,12.13555],[76.83138,12.13274],[76.83829,12.12335],[76.84542,12.11917],[76.84523,12.11326],[76.84767,12.11772],[76.86059,12.11598],[76.86808,12.11788],[76.87671,12.11537],[76.87733,12.10495],[76.87968,12.10426],[76.87848,12.0999],[76.88087,12.09811],[76.88388,12.08318],[76.87386,12.07484],[76.87028,12.06335],[76.85421,12.06274],[76.85318,12.06028],[76.86738,12.06007],[76.87055,12.056],[76.89074,12.05879],[76.88891,12.05227],[76.89004,12.04974],[76.9007,12.04692],[76.89906,12.04337],[76.90289,12.04511],[76.90475,12.04246],[76.91033,12.0417],[76.91035,12.03664],[76.91334,12.03551],[76.9153,12.02584],[76.93897,12.0265],[76.93809,12.01749],[76.93586,12.01298],[76.92257,12.01251],[76.91851,12.00732],[76.90565,11.99879],[76.88653,11.99952],[76.88315,12.0156],[76.876,12.00845],[76.87385,12.00842],[76.87282,12.00555],[76.85836,12.00739],[76.85629,11.99958],[76.84583,11.99861],[76.83705,11.9997],[76.83743,12.00351],[76.83332,12.00381],[76.83324,12.00574],[76.82155,12.01006],[76.82258,12.01762],[76.82048,12.02811],[76.81797,12.02803],[76.81141,12.02731],[76.81112,12.02183],[76.80555,12.02068],[76.80575,12.01827],[76.7993,12.01734],[76.79425,12.01375],[76.79147,12.00573],[76.79572,12.0037],[76.79631,11.98926],[76.78741,11.9855],[76.76773,11.9923],[76.76423,11.9991],[76.74936,11.99955],[76.74926,12.00125],[76.74593,12.00195],[76.7463,12.00825],[76.74272,12.00848],[76.74261,12.00988],[76.74092,12.00979],[76.73953,12.00543],[76.73613,12.00537],[76.73627,12.00316],[76.73319,12.00274],[76.72986,11.99052],[76.72482,11.98784],[76.71677,11.98815],[76.71602,11.98402],[76.70309,11.98525],[76.70413,11.99099],[76.70247,11.99124],[76.6997,11.9982],[76.6948,12.00061],[76.67417,12.00149],[76.67157,12.00607],[76.65975,12.00777],[76.65342,12.0062],[76.65062,12.00736],[76.64203,11.98178],[76.63573,11.98182],[76.62059,11.98986],[76.60924,11.99249],[76.59708,11.98437],[76.59257,11.98652],[76.58564,11.98556],[76.57927,11.98757],[76.57274,11.96474],[76.55785,11.94782],[76.56023,11.94433],[76.57149,11.93941],[76.5706,11.92814],[76.57699,11.92269],[76.57145,11.90402],[76.56851,11.89968],[76.5714,11.89989],[76.56552,11.89274],[76.56409,11.89313],[76.56434,11.89149],[76.55728,11.89339],[76.55432,11.85831],[76.5317,11.87485],[76.50054,11.86323],[76.48904,11.8634],[76.48676,11.8592],[76.48864,11.87615],[76.47384,11.8787],[76.46643,11.87488],[76.46273,11.88502],[76.46452,11.88551],[76.4657,11.88957],[76.46863,11.88879],[76.47211,11.89381],[76.47627,11.88808],[76.48828,11.8897],[76.50161,11.89976],[76.4948,11.90987],[76.48977,11.91152],[76.49164,11.9207],[76.48955,11.9244],[76.48904,11.9401],[76.48149,11.93842],[76.47224,11.92472],[76.47137,11.9343],[76.47444,11.94741],[76.48562,11.94716],[76.49026,11.94955],[76.48892,11.9553],[76.49254,11.95953],[76.49192,11.9634],[76.49451,11.9644],[76.49282,11.96965],[76.50118,11.9717],[76.4994,11.9838],[76.49592,11.99224],[76.49209,11.98933],[76.4917,11.99153],[76.48765,11.9911],[76.48346,11.99314],[76.4832,11.99557],[76.48516,12.00021],[76.48844,11.99816],[76.49662,12.00276],[76.50422,12.00136],[76.50646,12.00689],[76.50497,12.0106],[76.50649,12.0158],[76.4988,12.01953],[76.50711,12.02789],[76.50786,12.03261],[76.48714,12.0332],[76.48595,12.02971],[76.48015,12.02641],[76.47666,12.02663],[76.46372,12.03315],[76.47881,12.04352],[76.46151,12.03981],[76.47094,12.05155],[76.47388,12.05889],[76.46565,12.0619],[76.46037,12.0586],[76.45342,12.05987],[76.44903,12.05108],[76.43414,12.05886],[76.43215,12.06573],[76.43425,12.07839],[76.45085,12.07813],[76.44842,12.0909],[76.45175,12.09588],[76.4413,12.09156],[76.43814,12.10961],[76.43431,12.11802],[76.44116,12.11946],[76.45318,12.1163],[76.45308,12.09929],[76.45754,12.10158],[76.45805,12.10391],[76.46214,12.10426],[76.46334,12.1091],[76.46678,12.10954],[76.4735,12.09579],[76.48474,12.09667],[76.49707,12.10487],[76.51327,12.10228],[76.52138,12.10477],[76.52782,12.09982],[76.5328,12.10713],[76.53831,12.11032],[76.53674,12.11261],[76.53681,12.12181],[76.5425,12.12134],[76.54676,12.12877],[76.54642,12.13379],[76.54146,12.13403],[76.53831,12.13844],[76.53663,12.15084]]]},"properties":{"taluk":"Nanjangud","district":"Mysuru","region_id":"subdistrict_5574","level":"taluk"}},{"type":"Feature","geometry":{"type":"Polygon","coordinates":[[[75.91065,12.3948],[75.91062,12.40577],[75.91172,12.40835],[75.91518,12.40977],[75.92245,12.42269],[75.92251,12.43094],[75.92588,12.4369],[75.93224,12.43967],[75.93652,12.43827],[75.93836,12.44307],[75.94631,12.44957],[75.95996,12.4518],[75.96806,12.44727],[75.97199,12.45009],[75.96814,12.45596],[75.96729,12.46464],[75.97204,12.47069],[75.96507,12.47337],[75.96677,12.48303],[75.96079,12.48446],[75.95906,12.48888],[75.96262,12.49759],[75.95994,12.50527],[75.96333,12.50986],[75.97209,12.5117],[75.97404,12.51936],[75.97575,12.52021],[75.9865,12.51945],[75.99314,12.52131],[75.99259,12.5292],[75.98245,12.54091],[75.98568,12.54458],[75.99515,12.54088],[75.99877,12.54687],[75.99773,12.55098],[75.9908,12.5556],[75.99052,12.55944],[75.99239,12.56166],[75.99636,12.56207],[76.00687,12.55504],[76.01185,12.55399],[76.01182,12.56034],[76.01774,12.56552],[76.02145,12.57718],[76.02906,12.57571],[76.03079,12.57704],[76.03419,12.57519],[76.04597,12.57758],[76.04777,12.5613],[76.05808,12.55616],[76.0662,12.55823],[76.06981,12.55668],[76.07019,12.54942],[76.07462,12.55033],[76.07398,12.5477],[76.08012,12.54563],[76.08028,12.54362],[76.08783,12.54317],[76.08848,12.5458],[76.08915,12.5436],[76.08985,12.54733],[76.09386,12.54315],[76.08875,12.54358],[76.08662,12.53779],[76.08952,12.5383],[76.09365,12.53363],[76.09925,12.53226],[76.09819,12.52888],[76.10353,12.53031],[76.10103,12.52679],[76.10436,12.51853],[76.1092,12.51775],[76.11188,12.51361],[76.11597,12.51245],[76.11569,12.51743],[76.11909,12.51921],[76.11916,12.52358],[76.11541,12.52923],[76.13468,12.52958],[76.13495,12.51786],[76.16258,12.51579],[76.16269,12.51427],[76.1673,12.51275],[76.1641,12.51621],[76.16795,12.51807],[76.17163,12.51484],[76.18863,12.51458],[76.19093,12.51238],[76.19183,12.50316],[76.19681,12.49714],[76.20692,12.5076],[76.22212,12.50429],[76.22273,12.50229],[76.22946,12.50227],[76.22564,12.48092],[76.22125,12.48035],[76.22265,12.47241],[76.22684,12.46398],[76.22642,12.46182],[76.22353,12.46255],[76.2199,12.45846],[76.21933,12.44673],[76.22106,12.44345],[76.23774,12.44133],[76.23851,12.42743],[76.23306,12.42217],[76.21534,12.42255],[76.21355,12.41749],[76.21542,12.41229],[76.22244,12.40838],[76.22517,12.40341],[76.22791,12.40345],[76.23242,12.3997],[76.23955,12.39926],[76.24386,12.39471],[76.23187,12.39261],[76.23087,12.38035],[76.23561,12.37494],[76.22914,12.37438],[76.22742,12.37154],[76.21745,12.37051],[76.21718,12.36898],[76.21011,12.36988],[76.20925,12.36515],[76.20279,12.37352],[76.19658,12.37629],[76.19265,12.37549],[76.18298,12.37023],[76.18396,12.36607],[76.18008,12.35997],[76.18036,12.3562],[76.17111,12.35717],[76.16369,12.3543],[76.16508,12.34297],[76.17261,12.33788],[76.17667,12.33742],[76.17692,12.33538],[76.17974,12.33593],[76.17958,12.33372],[76.18195,12.33261],[76.18037,12.32666],[76.18411,12.32402],[76.18153,12.32],[76.17433,12.32112],[76.16914,12.32908],[76.16332,12.32959],[76.16094,12.32871],[76.16128,12.32686],[76.15749,12.32593],[76.1532,12.30927],[76.15765,12.30727],[76.16027,12.30165],[76.15533,12.29374],[76.15428,12.28662],[76.15621,12.27761],[76.14967,12.27428],[76.1436,12.27475],[76.14157,12.26709],[76.14042,12.26844],[76.13414,12.26381],[76.13188,12.2642],[76.12748,12.25971],[76.12286,12.25909],[76.11645,12.25027],[76.12207,12.24451],[76.10608,12.23398],[76.10595,12.23162],[76.10353,12.23155],[76.10001,12.22487],[76.10463,12.22317],[76.11799,12.212],[76.13339,12.20448],[76.13571,12.20114],[76.13023,12.20015],[76.13154,12.19784],[76.12552,12.19399],[76.11884,12.19259],[76.10225,12.19665],[76.0952,12.20733],[76.09384,12.21348],[76.08218,12.22132],[76.0731,12.23459],[76.07326,12.23957],[76.06002,12.24801],[76.0596,12.25374],[76.05716,12.25313],[76.0573,12.24787],[76.05181,12.24573],[76.05088,12.24784],[76.04036,12.25259],[76.0349,12.25078],[76.02612,12.25143],[76.0245,12.2485],[76.01353,12.26885],[76.01632,12.27245],[76.01329,12.28453],[76.01406,12.29265],[76.00461,12.30544],[75.9979,12.30807],[75.99627,12.31135],[75.99712,12.31517],[75.99438,12.31784],[75.99386,12.32111],[75.99579,12.32416],[76.00251,12.32974],[76.00075,12.33223],[75.99331,12.33618],[75.98883,12.33633],[75.98328,12.34268],[75.9769,12.34035],[75.97002,12.34399],[75.9676,12.34354],[75.96599,12.345],[75.97174,12.353],[75.94803,12.36987],[75.94353,12.37105],[75.9319,12.38231],[75.92052,12.38751],[75.91616,12.38653],[75.9148,12.38329],[75.91065,12.3948]]]},"properties":{"taluk":"Piriyapatna","district":"Mysuru","region_id":"subdistrict_5569","level":"taluk"}},{"type":"Feature","geometry":{"type":"Polygon","coordinates":[[[76.27151,12.41942],[76.2595,12.42103],[76.25775,12.4265],[76.2452,12.42385],[76.2387,12.42487],[76.23774,12.44133],[76.22106,12.44345],[76.21933,12.44673],[76.2199,12.45846],[76.22353,12.46255],[76.22642,12.46182],[76.22684,12.46398],[76.22265,12.47241],[76.22125,12.48035],[76.22564,12.48092],[76.22946,12.50227],[76.22273,12.50229],[76.22212,12.50429],[76.20692,12.5076],[76.19681,12.49714],[76.19183,12.50316],[76.19093,12.51238],[76.18863,12.51458],[76.17163,12.51484],[76.16795,12.51807],[76.1641,12.51621],[76.1673,12.51275],[76.16269,12.51427],[76.16258,12.51579],[76.13495,12.51786],[76.13392,12.52347],[76.13599,12.53778],[76.14367,12.53661],[76.14391,12.54508],[76.15261,12.54647],[76.15124,12.55176],[76.15639,12.56356],[76.14769,12.5658],[76.15021,12.57376],[76.14897,12.57382],[76.15225,12.58014],[76.15811,12.57854],[76.16762,12.58008],[76.18065,12.57521],[76.18395,12.57723],[76.19643,12.57749],[76.19223,12.58517],[76.19179,12.58999],[76.19338,12.59167],[76.19208,12.59333],[76.20436,12.61473],[76.20603,12.61639],[76.21356,12.61673],[76.21645,12.6253],[76.20718,12.62908],[76.20751,12.63495],[76.21821,12.6441],[76.23107,12.64414],[76.23651,12.6409],[76.23666,12.63896],[76.24384,12.63771],[76.24697,12.63542],[76.24577,12.62577],[76.2536,12.62349],[76.25514,12.62059],[76.25812,12.62198],[76.26546,12.61908],[76.26583,12.62862],[76.27937,12.63337],[76.27909,12.63112],[76.28153,12.63064],[76.27915,12.62352],[76.27962,12.61705],[76.28728,12.61556],[76.29074,12.61685],[76.29249,12.62678],[76.29864,12.62927],[76.30095,12.62195],[76.3037,12.62174],[76.30475,12.62564],[76.3089,12.62337],[76.30627,12.60941],[76.32073,12.61227],[76.32602,12.60988],[76.32847,12.61372],[76.32896,12.62659],[76.32262,12.63422],[76.32813,12.63778],[76.33223,12.64344],[76.33874,12.64541],[76.33847,12.65025],[76.34261,12.65481],[76.35216,12.65043],[76.35206,12.64042],[76.36415,12.62679],[76.36332,12.60658],[76.37017,12.60602],[76.3692,12.6034],[76.37149,12.59889],[76.36776,12.59678],[76.36795,12.58783],[76.36161,12.58644],[76.36209,12.58144],[76.36602,12.57462],[76.3642,12.57169],[76.36183,12.57468],[76.36119,12.58031],[76.35104,12.58105],[76.34832,12.57057],[76.34923,12.56666],[76.35185,12.5649],[76.3492,12.56235],[76.35259,12.56169],[76.35231,12.55797],[76.35135,12.55419],[76.34866,12.55449],[76.34835,12.55064],[76.34631,12.54963],[76.34502,12.54283],[76.34951,12.53986],[76.35065,12.53453],[76.34865,12.53423],[76.34685,12.53054],[76.34516,12.531],[76.34369,12.52696],[76.34643,12.52408],[76.34508,12.52252],[76.34598,12.51639],[76.34229,12.51176],[76.34483,12.50507],[76.32764,12.51093],[76.32654,12.51326],[76.32927,12.51587],[76.32617,12.51639],[76.32576,12.52086],[76.31966,12.51811],[76.31125,12.51073],[76.30357,12.51273],[76.3039,12.51777],[76.30739,12.51921],[76.30216,12.51908],[76.30156,12.51242],[76.31229,12.50961],[76.30771,12.50534],[76.31172,12.49976],[76.31789,12.49906],[76.31876,12.49627],[76.3167,12.49542],[76.3173,12.49229],[76.3118,12.48877],[76.31143,12.48531],[76.29702,12.48929],[76.29599,12.4806],[76.29267,12.4765],[76.28393,12.47929],[76.28066,12.47621],[76.27654,12.45903],[76.28075,12.44891],[76.26838,12.43861],[76.2731,12.42921],[76.27151,12.41942]]]},"properties":{"taluk":"Saligrama","district":"Mysuru","region_id":"subdistrict_7230","level":"taluk"}},{"type":"Feature","geometry":{"type":"MultiPolygon","coordinates":[[[[76.43431,12.11802],[76.43814,12.10961],[76.4413,12.09156],[76.45175,12.09588],[76.44842,12.0909],[76.45085,12.07813],[76.43425,12.07839],[76.43215,12.06573],[76.43414,12.05886],[76.44903,12.05108],[76.45342,12.05987],[76.46037,12.0586],[76.46565,12.0619],[76.47388,12.05889],[76.47094,12.05155],[76.46151,12.03981],[76.47881,12.04352],[76.46372,12.03315],[76.47666,12.02663],[76.48015,12.02641],[76.48595,12.02971],[76.48714,12.0332],[76.50786,12.03261],[76.50711,12.02789],[76.4988,12.01953],[76.50649,12.0158],[76.50497,12.0106],[76.50646,12.00689],[76.50422,12.00136],[76.49662,12.00276],[76.48844,11.99816],[76.48516,12.00021],[76.4832,11.99557],[76.48346,11.99314],[76.48765,11.9911],[76.4917,11.99153],[76.49209,11.98933],[76.49592,11.99224],[76.4994,11.9838],[76.50118,11.9717],[76.49282,11.96965],[76.49451,11.9644],[76.49192,11.9634],[76.49254,11.95953],[76.48892,11.9553],[76.49026,11.94955],[76.48562,11.94716],[76.47444,11.94741],[76.47137,11.9343],[76.47224,11.92472],[76.48149,11.93842],[76.48904,11.9401],[76.48955,11.9244],[76.49164,11.9207],[76.48977,11.91152],[76.4948,11.90987],[76.50161,11.89976],[76.48828,11.8897],[76.47627,11.88808],[76.47211,11.89381],[76.46863,11.88879],[76.4657,11.88957],[76.46452,11.88551],[76.46273,11.88502],[76.46643,11.87488],[76.47384,11.8787],[76.48864,11.87615],[76.48676,11.8592],[76.4821,11.84286],[76.48587,11.82263],[76.45983,11.82013],[76.45547,11.79659],[76.45281,11.79969],[76.43979,11.80038],[76.42582,11.80665],[76.42174,11.80669],[76.41392,11.81306],[76.41322,11.81677],[76.40938,11.81536],[76.40971,11.81046],[76.41196,11.80831],[76.42119,11.80336],[76.42566,11.80411],[76.42523,11.80063],[76.42822,11.79553],[76.42593,11.79349],[76.42118,11.79614],[76.42232,11.79216],[76.42,11.79019],[76.41502,11.79036],[76.4111,11.78826],[76.41666,11.78404],[76.41266,11.78151],[76.41294,11.77935],[76.42301,11.7763],[76.42143,11.77111],[76.413,11.76336],[76.41252,11.7585],[76.40921,11.75875],[76.39865,11.75142],[76.39361,11.75536],[76.38639,11.74817],[76.37877,11.74496],[76.36682,11.74749],[76.35212,11.73849],[76.35001,11.73979],[76.34039,11.7378],[76.32882,11.74824],[76.31767,11.75163],[76.31116,11.7745],[76.2995,11.78249],[76.28907,11.79602],[76.28187,11.81744],[76.28779,11.82446],[76.29838,11.82606],[76.30294,11.83105],[76.30536,11.835],[76.3066,11.84646],[76.31422,11.85092],[76.31897,11.85854],[76.3164,11.86535],[76.31721,11.86884],[76.31251,11.87476],[76.29983,11.88048],[76.29923,11.88938],[76.30913,11.90212],[76.3254,11.90336],[76.3262,11.90546],[76.32346,11.90724],[76.32503,11.90818],[76.32674,11.9175],[76.33573,11.92251],[76.3249,11.92322],[76.32519,11.92669],[76.31868,11.92666],[76.31886,11.92933],[76.31337,11.93246],[76.314,11.93539],[76.31699,11.93676],[76.31568,11.93777],[76.31796,11.94459],[76.31466,11.94692],[76.31612,11.95047],[76.31271,11.95947],[76.32182,11.96873],[76.32255,11.98477],[76.3208,11.98887],[76.32531,11.98929],[76.33276,11.98359],[76.34107,11.98298],[76.35254,11.97344],[76.35801,11.97198],[76.36206,11.97829],[76.35908,11.98719],[76.36272,11.99068],[76.38753,11.99152],[76.39313,11.9959],[76.39321,11.99808],[76.38428,12.00367],[76.37342,12.00501],[76.37244,12.01104],[76.38325,12.02029],[76.39094,12.01957],[76.39502,12.01609],[76.39913,12.02343],[76.39848,12.03182],[76.40289,12.03626],[76.40332,12.04003],[76.40764,12.04584],[76.40194,12.05134],[76.40076,12.05806],[76.3945,12.06478],[76.39169,12.07398],[76.38216,12.07686],[76.38239,12.08096],[76.38572,12.08481],[76.3973,12.08395],[76.40082,12.08537],[76.4016,12.08666],[76.39689,12.09196],[76.3953,12.09812],[76.40682,12.09931],[76.41601,12.0977],[76.41902,12.10094],[76.41591,12.11014],[76.42454,12.11163],[76.43431,12.11802]],[[76.32794,11.95906],[76.32462,11.95266],[76.33232,11.95463],[76.33144,11.95956],[76.32794,11.95906]]],[[[76.46678,12.10954],[76.46334,12.1091],[76.46214,12.10426],[76.45805,12.10391],[76.45754,12.10158],[76.45308,12.09929],[76.45318,12.1163],[76.46408,12.11351],[76.46678,12.10954]]]]},"properties":{"taluk":"Saraguru","district":"Mysuru","region_id":"subdistrict_7098","level":"taluk"}},{"type":"Feature","geometry":{"type":"Polygon","coordinates":[[[76.80531,12.2773],[76.80032,12.29132],[76.79391,12.29214],[76.78828,12.29638],[76.78741,12.30249],[76.79095,12.30776],[76.80524,12.30927],[76.81038,12.31503],[76.81301,12.31465],[76.81646,12.31715],[76.81225,12.3283],[76.80517,12.32984],[76.80734,12.34281],[76.81564,12.34592],[76.8163,12.35006],[76.81046,12.35471],[76.79965,12.35643],[76.7968,12.36547],[76.79936,12.36888],[76.80342,12.3705],[76.8083,12.3602],[76.81202,12.36607],[76.81451,12.38678],[76.82816,12.38707],[76.834,12.38451],[76.83499,12.39524],[76.83182,12.39708],[76.8322,12.40264],[76.84773,12.40204],[76.85375,12.40722],[76.85393,12.40962],[76.85543,12.40791],[76.85898,12.40956],[76.86087,12.40908],[76.86307,12.40047],[76.8772,12.39984],[76.88085,12.40073],[76.87963,12.40481],[76.88147,12.40609],[76.90006,12.40941],[76.89821,12.41523],[76.90018,12.41639],[76.90027,12.42008],[76.9066,12.42195],[76.90389,12.42694],[76.90506,12.43607],[76.91018,12.43967],[76.91642,12.43915],[76.92203,12.44168],[76.92828,12.42743],[76.92851,12.42305],[76.92704,12.42124],[76.92545,12.42206],[76.92608,12.41836],[76.9294,12.41569],[76.93214,12.40739],[76.93762,12.401],[76.93613,12.36986],[76.93925,12.35421],[76.92372,12.35319],[76.92545,12.34475],[76.92836,12.33917],[76.93162,12.33802],[76.92889,12.33339],[76.928,12.32662],[76.92233,12.32241],[76.92808,12.32204],[76.93558,12.32459],[76.94751,12.33125],[76.95326,12.33065],[76.95357,12.32778],[76.95921,12.32803],[76.9607,12.33487],[76.95661,12.34646],[76.95649,12.35266],[76.95825,12.3546],[76.97109,12.35276],[76.97173,12.35449],[76.97658,12.35459],[76.9778,12.33327],[76.97649,12.32799],[76.98072,12.32791],[76.98698,12.33332],[76.98731,12.31985],[76.99087,12.31731],[76.99078,12.31467],[76.99748,12.31357],[76.99289,12.30178],[76.98678,12.30182],[76.9806,12.30747],[76.97732,12.30764],[76.97126,12.29066],[76.9805,12.28919],[76.98364,12.28652],[76.98948,12.28765],[76.99091,12.27719],[76.98927,12.27628],[76.98914,12.25703],[76.99395,12.25147],[76.99624,12.23977],[77.01223,12.24138],[77.03522,12.23192],[77.03735,12.23381],[77.04556,12.23262],[77.04971,12.23814],[77.05303,12.23861],[77.06431,12.23255],[77.06869,12.23438],[77.06934,12.23742],[77.07786,12.23619],[77.07708,12.21948],[77.07884,12.21944],[77.07931,12.22161],[77.08256,12.22109],[77.08812,12.21917],[77.08836,12.21758],[77.09121,12.21979],[77.10522,12.21973],[77.10711,12.24091],[77.12626,12.24305],[77.12719,12.23588],[77.13455,12.22987],[77.13469,12.22426],[77.13155,12.21938],[77.13182,12.20638],[77.12552,12.20287],[77.12707,12.20205],[77.12289,12.1944],[77.11398,12.19239],[77.10804,12.18759],[77.10613,12.18723],[77.10599,12.18928],[77.08545,12.19016],[77.0797,12.18711],[77.06361,12.1713],[77.04408,12.1699],[77.04383,12.16212],[77.0457,12.1618],[77.04551,12.15923],[77.04029,12.152],[77.03932,12.14388],[77.04025,12.13896],[77.04439,12.14182],[77.04602,12.13549],[77.04422,12.13578],[77.04291,12.13046],[77.03971,12.12824],[77.03693,12.1387],[77.02421,12.13732],[77.02232,12.13479],[77.0158,12.13327],[77.01558,12.13642],[77.01224,12.13704],[77.01329,12.15128],[77.01132,12.15368],[77.01415,12.15658],[77.01398,12.16252],[77.00291,12.16054],[77.00278,12.16589],[76.99722,12.1666],[76.99861,12.17715],[76.99222,12.17619],[76.99028,12.17356],[76.99169,12.17016],[76.99074,12.16238],[76.98813,12.16202],[76.98888,12.14067],[76.98684,12.14111],[76.98662,12.1382],[76.98233,12.13836],[76.97957,12.13422],[76.97637,12.13431],[76.97618,12.12309],[76.96889,12.12229],[76.96862,12.1169],[76.97073,12.11689],[76.97079,12.11283],[76.95196,12.09918],[76.94779,12.09803],[76.93667,12.10198],[76.93326,12.10725],[76.93028,12.10725],[76.93027,12.10951],[76.92602,12.10972],[76.9238,12.11468],[76.90677,12.11349],[76.90303,12.11679],[76.903,12.12322],[76.89043,12.12169],[76.8906,12.13114],[76.88182,12.12973],[76.87473,12.13899],[76.87125,12.14088],[76.86987,12.14806],[76.87109,12.1513],[76.86766,12.16169],[76.86939,12.1621],[76.8713,12.17399],[76.86548,12.17429],[76.86247,12.18024],[76.85604,12.18096],[76.85739,12.18604],[76.86405,12.19173],[76.86447,12.1958],[76.86761,12.19628],[76.86869,12.20787],[76.85881,12.20764],[76.85603,12.21623],[76.84464,12.21509],[76.84372,12.22295],[76.84334,12.22031],[76.84029,12.22254],[76.84281,12.2254],[76.84214,12.2276],[76.83778,12.2254],[76.8338,12.22602],[76.83623,12.23446],[76.83445,12.23812],[76.83602,12.2394],[76.83598,12.24401],[76.83437,12.2451],[76.83088,12.26021],[76.82407,12.26187],[76.82507,12.26996],[76.81396,12.27233],[76.80847,12.27752],[76.80531,12.2773]],[[76.90686,12.35607],[76.91992,12.35989],[76.91771,12.36743],[76.92235,12.37396],[76.92287,12.38249],[76.91071,12.38402],[76.90815,12.37595],[76.89893,12.37435],[76.89819,12.35678],[76.90686,12.35607]],[[76.98583,12.26435],[76.97888,12.27539],[76.96891,12.2775],[76.96903,12.26009],[76.97199,12.25363],[76.98234,12.2563],[76.98583,12.26435]]]},"properties":{"taluk":"Tirumakudal - Narsipur","district":"Mysuru","region_id":"subdistrict_5575","level":"taluk"}},{"type":"Feature","geometry":{"type":"MultiPolygon","coordinates":[[[[76.72133,16.21619],[76.72576,16.23907],[76.72902,16.24612],[76.74759,16.25189],[76.75653,16.25736],[76.76296,16.25815],[76.76471,16.26344],[76.76265,16.28052],[76.74046,16.2926],[76.73132,16.30196],[76.73483,16.32217],[76.72789,16.33516],[76.72371,16.33918],[76.71488,16.34278],[76.69238,16.34203],[76.68701,16.35822],[76.65233,16.35704],[76.65038,16.36084],[76.65876,16.36961],[76.66544,16.37323],[76.68523,16.37871],[76.7063,16.39077],[76.70894,16.39321],[76.70782,16.39442],[76.71435,16.398],[76.72636,16.40378],[76.73584,16.40548],[76.73527,16.40664],[76.74558,16.41328],[76.75514,16.42529],[76.76094,16.42713],[76.7674,16.42639],[76.78026,16.41988],[76.78777,16.41945],[76.82509,16.42447],[76.84441,16.43207],[76.86331,16.45394],[76.86538,16.46039],[76.86348,16.47534],[76.86454,16.48282],[76.87264,16.49037],[76.88484,16.49236],[76.90066,16.48699],[76.9064,16.48731],[76.9673,16.50522],[76.97394,16.51087],[76.97522,16.5192],[76.9742,16.5266],[76.97262,16.52579],[76.9666,16.53829],[76.96614,16.55115],[76.96942,16.55592],[76.97728,16.56115],[76.99031,16.56157],[77.00347,16.55275],[77.00708,16.5483],[77.00816,16.53665],[77.00369,16.51348],[77.01008,16.50305],[77.01427,16.50125],[77.02369,16.5034],[77.03754,16.51627],[77.04352,16.51931],[77.05246,16.52041],[77.05936,16.51865],[77.07149,16.5062],[77.09388,16.49585],[77.10597,16.48699],[77.11131,16.48481],[77.13116,16.48252],[77.15314,16.47477],[77.1586,16.46595],[77.16115,16.44848],[77.15884,16.44691],[77.16079,16.44204],[77.17377,16.43017],[77.2068,16.42636],[77.22434,16.42147],[77.22116,16.41654],[77.21949,16.40029],[77.2161,16.39956],[77.21354,16.39367],[77.20939,16.37458],[77.20635,16.37479],[77.20556,16.37172],[77.20172,16.37263],[77.19843,16.3528],[77.19638,16.35305],[77.19392,16.34518],[77.19915,16.34291],[77.19911,16.33771],[77.20181,16.3379],[77.20162,16.34025],[77.20461,16.34023],[77.20428,16.3351],[77.21271,16.33253],[77.2128,16.3339],[77.2175,16.33344],[77.21926,16.32978],[77.21531,16.32994],[77.21546,16.32289],[77.21082,16.32283],[77.21084,16.32024],[77.20619,16.31951],[77.20258,16.31501],[77.20201,16.30903],[77.20424,16.30798],[77.20495,16.30407],[77.20391,16.29245],[77.20065,16.29283],[77.19871,16.28182],[77.19634,16.28273],[77.19556,16.27809],[77.19963,16.27695],[77.19942,16.27314],[77.19149,16.2719],[77.1924,16.28136],[77.1855,16.28711],[77.18582,16.2907],[77.18398,16.29127],[77.18371,16.28982],[77.17674,16.29266],[77.17268,16.28797],[77.1707,16.28938],[77.17141,16.28718],[77.16906,16.28579],[77.1683,16.28176],[77.16871,16.2754],[77.16656,16.27523],[77.16703,16.26493],[77.16957,16.25837],[77.16573,16.2529],[77.16793,16.24591],[77.16987,16.24591],[77.17002,16.24257],[77.17291,16.2412],[77.17131,16.23338],[77.16877,16.23369],[77.16903,16.23124],[77.16512,16.23144],[77.16514,16.23464],[77.16227,16.2354],[77.16244,16.23712],[77.15576,16.237],[77.15593,16.24115],[77.15024,16.2411],[77.14998,16.23718],[77.1448,16.23792],[77.14427,16.23379],[77.15078,16.23222],[77.1501,16.22847],[77.15746,16.22444],[77.15839,16.22013],[77.16202,16.22026],[77.16184,16.20743],[77.15422,16.20323],[77.15075,16.19235],[77.12161,16.19425],[77.11879,16.20345],[77.11611,16.20337],[77.11528,16.20716],[77.11776,16.20787],[77.11834,16.21128],[77.10721,16.21301],[77.10739,16.21912],[77.08858,16.21977],[77.08374,16.19898],[77.08161,16.19922],[77.08108,16.19717],[77.08007,16.17904],[77.07086,16.18154],[77.06595,16.1954],[77.05726,16.19789],[77.04482,16.19908],[77.04289,16.19339],[77.04133,16.19329],[77.01149,16.19775],[76.99865,16.19764],[76.99774,16.1921],[76.98921,16.19804],[76.9853,16.19841],[76.97978,16.19564],[76.98112,16.19298],[76.97955,16.19136],[76.97254,16.19407],[76.97156,16.19832],[76.96905,16.19774],[76.96903,16.20024],[76.95742,16.20396],[76.95678,16.19223],[76.95004,16.19568],[76.93306,16.19764],[76.93298,16.19117],[76.92989,16.19086],[76.91247,16.19562],[76.90662,16.19366],[76.90531,16.19753],[76.90047,16.20176],[76.89435,16.20222],[76.8923,16.20793],[76.88928,16.20882],[76.88692,16.20741],[76.88693,16.2052],[76.8835,16.20462],[76.88346,16.1954],[76.87183,16.18749],[76.86645,16.1899],[76.86207,16.19629],[76.85228,16.19863],[76.85071,16.20687],[76.83928,16.21145],[76.8398,16.2169],[76.83348,16.21502],[76.83277,16.21922],[76.83031,16.22096],[76.81254,16.22216],[76.80761,16.22024],[76.80617,16.21585],[76.79674,16.22007],[76.78966,16.22616],[76.78678,16.22184],[76.78393,16.22142],[76.76537,16.22234],[76.76207,16.22394],[76.75647,16.21487],[76.74797,16.20986],[76.72133,16.21619]]],[[[77.17655,16.23693],[77.17949,16.23451],[77.17891,16.23102],[77.17118,16.23092],[77.17655,16.23693]]]]},"properties":{"taluk":"Devadurga","district":"Raichur","region_id":"subdistrict_5460","level":"taluk"}},{"type":"Feature","geometry":{"type":"Polygon","coordinates":[[[76.76529,16.14038],[76.72021,16.15603],[76.70978,16.15759],[76.7096,16.15516],[76.69698,16.15531],[76.69262,16.14703],[76.68826,16.14711],[76.68796,16.14576],[76.69127,16.12513],[76.68384,16.12254],[76.68001,16.11591],[76.66786,16.11931],[76.66315,16.11215],[76.66068,16.11105],[76.6583,16.11254],[76.6547,16.08706],[76.65067,16.08741],[76.64867,16.08244],[76.64634,16.0829],[76.64394,16.07912],[76.63378,16.07946],[76.62469,16.08694],[76.61272,16.09083],[76.61274,16.10221],[76.60929,16.10285],[76.61179,16.1147],[76.58466,16.12216],[76.58342,16.11514],[76.58087,16.11572],[76.57889,16.1071],[76.57213,16.09758],[76.56804,16.09603],[76.5541,16.09855],[76.55138,16.08915],[76.54848,16.08968],[76.54762,16.08495],[76.54574,16.08495],[76.54545,16.07909],[76.52956,16.07789],[76.52853,16.07972],[76.51672,16.08006],[76.49952,16.07925],[76.49863,16.07722],[76.4854,16.07842],[76.48578,16.08091],[76.47327,16.0828],[76.47158,16.07867],[76.4657,16.07726],[76.465,16.07371],[76.4625,16.07361],[76.45857,16.06802],[76.45226,16.05354],[76.45065,16.05351],[76.44832,16.04048],[76.45597,16.0364],[76.45478,16.0343],[76.458,16.0327],[76.45994,16.02644],[76.4665,16.02533],[76.46577,16.02324],[76.47208,16.02091],[76.48164,16.02561],[76.4871,16.02231],[76.48999,16.0229],[76.48929,16.01122],[76.4854,16.01224],[76.48234,16.00938],[76.48079,16.01049],[76.47337,16.00183],[76.47039,15.9935],[76.47237,15.99084],[76.47256,15.98608],[76.47099,15.98455],[76.4653,15.98564],[76.45718,15.98058],[76.4551,15.96836],[76.45673,15.95695],[76.44851,15.95713],[76.44939,15.95086],[76.44286,15.93702],[76.44559,15.93604],[76.44432,15.93403],[76.44643,15.93117],[76.45229,15.92873],[76.45253,15.92061],[76.45496,15.9155],[76.46814,15.90508],[76.46223,15.8843],[76.4946,15.8781],[76.49274,15.8682],[76.50213,15.8659],[76.49785,15.85858],[76.49807,15.85557],[76.49425,15.85387],[76.48427,15.85569],[76.47891,15.85389],[76.4636,15.85811],[76.45637,15.86232],[76.44889,15.85274],[76.41679,15.86482],[76.41927,15.87135],[76.42205,15.87317],[76.42404,15.88801],[76.42672,15.89041],[76.41736,15.89571],[76.40373,15.89955],[76.40341,15.90207],[76.37514,15.90222],[76.37359,15.91762],[76.37024,15.9129],[76.3623,15.91162],[76.35797,15.90883],[76.3537,15.90317],[76.35853,15.9011],[76.35687,15.89729],[76.35735,15.88177],[76.3588,15.88132],[76.35547,15.8654],[76.35124,15.86338],[76.33774,15.87155],[76.34182,15.87692],[76.34616,15.89045],[76.34507,15.90077],[76.33245,15.90536],[76.32112,15.90354],[76.32115,15.90159],[76.31458,15.89951],[76.31405,15.89525],[76.30822,15.89353],[76.3007,15.8963],[76.28976,15.89262],[76.28739,15.8969],[76.28452,15.91515],[76.28567,15.93032],[76.30184,15.93046],[76.30262,15.92382],[76.31273,15.9222],[76.31286,15.92894],[76.3286,15.93226],[76.3289,15.93461],[76.32247,15.95599],[76.30932,15.95699],[76.29991,15.97652],[76.29648,15.99226],[76.2979,15.99889],[76.31174,16.00039],[76.31109,16.01384],[76.30545,16.02556],[76.30329,16.03936],[76.30709,16.06595],[76.3032,16.06739],[76.30388,16.0735],[76.28389,16.07514],[76.26036,16.07395],[76.25883,16.09117],[76.29382,16.08878],[76.29923,16.08417],[76.32754,16.07747],[76.33251,16.0913],[76.32034,16.09367],[76.30416,16.10157],[76.26782,16.10971],[76.26204,16.09719],[76.25579,16.09736],[76.25307,16.10414],[76.25416,16.10949],[76.24462,16.11319],[76.24525,16.12207],[76.24772,16.12625],[76.24659,16.1281],[76.23428,16.13051],[76.23847,16.16519],[76.25357,16.16054],[76.26983,16.15212],[76.27885,16.15253],[76.29011,16.16853],[76.29371,16.18061],[76.29712,16.18537],[76.30343,16.18817],[76.30562,16.18557],[76.33009,16.19351],[76.33321,16.19193],[76.34789,16.19823],[76.35536,16.20576],[76.36209,16.20734],[76.36616,16.21269],[76.36772,16.21849],[76.37542,16.2198],[76.39476,16.23003],[76.39933,16.23957],[76.41486,16.24163],[76.4138,16.25052],[76.42665,16.25918],[76.43235,16.2607],[76.44987,16.27587],[76.45109,16.27424],[76.46363,16.27966],[76.47686,16.29081],[76.50005,16.29915],[76.49878,16.30169],[76.53623,16.30876],[76.53917,16.31233],[76.56656,16.32966],[76.58053,16.33098],[76.59018,16.33976],[76.61296,16.3421],[76.62385,16.35004],[76.6328,16.35392],[76.64611,16.35592],[76.65038,16.36084],[76.65233,16.35704],[76.68701,16.35822],[76.69238,16.34203],[76.71488,16.34278],[76.72371,16.33918],[76.72789,16.33516],[76.73483,16.32217],[76.73132,16.30196],[76.74046,16.2926],[76.76265,16.28052],[76.76471,16.26344],[76.76296,16.25815],[76.75653,16.25736],[76.74759,16.25189],[76.72902,16.24612],[76.72576,16.23907],[76.72102,16.21672],[76.73712,16.21123],[76.74807,16.20987],[76.75647,16.21487],[76.76207,16.22394],[76.76539,16.22234],[76.78621,16.22175],[76.78424,16.21939],[76.77945,16.21895],[76.7754,16.20181],[76.77047,16.19431],[76.77267,16.16729],[76.76945,16.1604],[76.76529,16.14038]]]},"properties":{"taluk":"Lingsugur","district":"Raichur","region_id":"subdistrict_5459","level":"taluk"}},{"type":"Feature","geometry":{"type":"Polygon","coordinates":[[[76.81505,15.98047],[76.86583,15.97932],[76.86257,16.00522],[76.86289,16.00762],[76.86445,16.00724],[76.86488,16.01437],[76.87198,16.01431],[76.87111,16.03024],[76.89187,16.03931],[76.9148,16.04145],[76.91372,16.06096],[76.9228,16.0604],[76.92242,16.05456],[76.92844,16.05436],[76.92914,16.06369],[76.95961,16.06229],[76.97833,16.06362],[76.98668,16.05914],[76.99459,16.04914],[77.02129,16.04857],[77.03176,16.0475],[77.03407,16.04554],[77.05576,16.04696],[77.07059,16.04539],[77.07477,16.06285],[77.07976,16.0622],[77.08222,16.06867],[77.08884,16.07441],[77.09443,16.07668],[77.1166,16.07408],[77.12544,16.07833],[77.12215,16.08943],[77.11951,16.09216],[77.13178,16.09541],[77.13233,16.09823],[77.1502,16.09701],[77.15942,16.08946],[77.16404,16.09571],[77.16804,16.09754],[77.16814,16.09529],[77.24369,16.0906],[77.24895,16.08792],[77.24555,16.07097],[77.24567,16.06119],[77.27058,16.04952],[77.27365,16.02777],[77.27522,15.9871],[77.27239,15.98744],[77.26174,15.95743],[77.24968,15.96067],[77.2376,15.9546],[77.2035,15.95367],[77.18518,15.95518],[77.17324,15.94999],[77.15622,15.951],[77.14032,15.93628],[77.12515,15.9301],[77.11429,15.92972],[77.1068,15.92689],[77.10777,15.92583],[77.09132,15.91382],[77.0739,15.90496],[77.05635,15.87769],[77.03598,15.85739],[77.03203,15.851],[77.01758,15.86225],[77.009,15.86314],[76.99795,15.87527],[76.99225,15.87492],[76.98593,15.87119],[76.9746,15.87403],[76.96954,15.87139],[76.96388,15.87636],[76.95582,15.87729],[76.9501,15.88202],[76.94327,15.87924],[76.93835,15.88057],[76.9233,15.89451],[76.9151,15.89559],[76.90824,15.90474],[76.89967,15.90795],[76.88266,15.92384],[76.87354,15.9265],[76.86532,15.92497],[76.85995,15.92798],[76.85458,15.9282],[76.84055,15.94027],[76.83405,15.9432],[76.81321,15.9407],[76.81226,15.93341],[76.80676,15.93256],[76.80269,15.93385],[76.79295,15.94623],[76.77316,15.9568],[76.77438,15.96268],[76.77664,15.96422],[76.78687,15.96587],[76.79227,15.9788],[76.79766,15.9767],[76.81058,15.97585],[76.81101,15.98008],[76.81505,15.98047]]]},"properties":{"taluk":"Manvi","district":"Raichur","region_id":"subdistrict_5462","level":"taluk"}},{"type":"Feature","geometry":{"type":"Polygon","coordinates":[[[76.87111,16.03024],[76.87198,16.01431],[76.86488,16.01437],[76.86445,16.00724],[76.86289,16.00762],[76.86257,16.00522],[76.86583,15.97932],[76.84336,15.97854],[76.84336,15.98016],[76.81505,15.98047],[76.81101,15.98008],[76.81058,15.97585],[76.79766,15.9767],[76.79227,15.9788],[76.78687,15.96587],[76.77438,15.96268],[76.7737,15.95535],[76.78497,15.95167],[76.79295,15.94623],[76.80269,15.93385],[76.81226,15.93341],[76.80849,15.89365],[76.7911,15.89459],[76.79154,15.89176],[76.79349,15.89129],[76.79045,15.88096],[76.77823,15.88236],[76.77726,15.87308],[76.77468,15.87385],[76.77223,15.86434],[76.7719,15.85669],[76.76603,15.85764],[76.76874,15.87928],[76.75574,15.88009],[76.757,15.89729],[76.74253,15.89909],[76.74104,15.88148],[76.7259,15.8868],[76.72419,15.88219],[76.71672,15.88234],[76.71646,15.88072],[76.70744,15.88185],[76.70687,15.87953],[76.69702,15.88202],[76.69558,15.8766],[76.68847,15.87765],[76.6864,15.86088],[76.689,15.85649],[76.68825,15.84182],[76.68593,15.82886],[76.68361,15.82746],[76.68144,15.82663],[76.67848,15.82851],[76.67791,15.82724],[76.67214,15.83111],[76.66718,15.82876],[76.64926,15.83096],[76.64989,15.83463],[76.63765,15.83811],[76.63651,15.83369],[76.63025,15.83427],[76.62465,15.8358],[76.62263,15.8386],[76.61932,15.82446],[76.60846,15.82361],[76.60877,15.81866],[76.60115,15.79653],[76.60065,15.78921],[76.57642,15.79014],[76.55532,15.79777],[76.53558,15.79945],[76.53468,15.79453],[76.50687,15.78154],[76.49356,15.78469],[76.49023,15.78221],[76.48178,15.78096],[76.45884,15.79076],[76.46072,15.798],[76.4534,15.80605],[76.45226,15.8149],[76.44227,15.82434],[76.44596,15.83376],[76.44893,15.83638],[76.45101,15.85463],[76.45375,15.86002],[76.45637,15.86232],[76.4636,15.85811],[76.47891,15.85389],[76.48427,15.85569],[76.49425,15.85387],[76.49807,15.85557],[76.49785,15.85858],[76.50213,15.8659],[76.49274,15.8682],[76.4946,15.8781],[76.46223,15.8843],[76.46814,15.90508],[76.45496,15.9155],[76.45253,15.92061],[76.45229,15.92873],[76.44643,15.93117],[76.44432,15.93403],[76.44559,15.93604],[76.44286,15.93702],[76.44939,15.95086],[76.44851,15.95713],[76.45673,15.95695],[76.4551,15.96836],[76.45718,15.98058],[76.4653,15.98564],[76.47099,15.98455],[76.47256,15.98608],[76.47237,15.99084],[76.47039,15.9935],[76.47337,16.00183],[76.48079,16.01049],[76.48234,16.00938],[76.4854,16.01224],[76.48929,16.01122],[76.48999,16.0229],[76.4871,16.02231],[76.48164,16.02561],[76.47208,16.02091],[76.46577,16.02324],[76.4665,16.02533],[76.45994,16.02644],[76.458,16.0327],[76.45478,16.0343],[76.45597,16.0364],[76.44832,16.04048],[76.45065,16.05351],[76.45226,16.05354],[76.45857,16.06802],[76.4625,16.07361],[76.465,16.07371],[76.4657,16.07726],[76.47158,16.07867],[76.47327,16.0828],[76.48578,16.08091],[76.4854,16.07842],[76.49863,16.07722],[76.49952,16.07925],[76.51672,16.08006],[76.52853,16.07972],[76.52956,16.07789],[76.54545,16.07909],[76.54574,16.08495],[76.54762,16.08495],[76.54848,16.08968],[76.55138,16.08915],[76.5541,16.09855],[76.56804,16.09603],[76.57213,16.09758],[76.57889,16.1071],[76.58087,16.11572],[76.58342,16.11514],[76.58466,16.12216],[76.61179,16.1147],[76.60929,16.10285],[76.61274,16.10221],[76.61272,16.09083],[76.62469,16.08694],[76.63378,16.07946],[76.64394,16.07912],[76.64634,16.0829],[76.64867,16.08244],[76.65067,16.08741],[76.6547,16.08706],[76.6583,16.11254],[76.66068,16.11105],[76.66315,16.11215],[76.66786,16.11931],[76.68001,16.11591],[76.68384,16.12254],[76.69127,16.12513],[76.68826,16.14711],[76.69262,16.14703],[76.69698,16.15531],[76.7096,16.15516],[76.70978,16.15759],[76.71606,16.15679],[76.76529,16.14038],[76.77781,16.12833],[76.77453,16.10082],[76.77167,16.09948],[76.77101,16.08489],[76.77714,16.08353],[76.78077,16.08608],[76.79515,16.08649],[76.79739,16.07578],[76.79721,16.06258],[76.80078,16.06108],[76.80205,16.04951],[76.81758,16.0494],[76.83657,16.04519],[76.85256,16.04455],[76.85179,16.03403],[76.87111,16.03024]]]},"properties":{"taluk":"Maski","district":"Raichur","region_id":"subdistrict_7101","level":"taluk"}},{"type":"Feature","geometry":{"type":"Polygon","coordinates":[[[77.19843,16.3528],[77.20172,16.37263],[77.20556,16.37172],[77.20635,16.37479],[77.20939,16.37458],[77.21354,16.39367],[77.2161,16.39956],[77.21949,16.40029],[77.22116,16.41654],[77.22434,16.42147],[77.24989,16.41568],[77.2583,16.41178],[77.26533,16.40587],[77.27974,16.40628],[77.2903,16.41282],[77.31433,16.40155],[77.32535,16.401],[77.33781,16.39763],[77.35194,16.38697],[77.37836,16.38949],[77.39903,16.37532],[77.41805,16.37023],[77.42612,16.37207],[77.43303,16.37792],[77.45426,16.38378],[77.4631,16.38518],[77.47734,16.38222],[77.47728,16.38359],[77.48833,16.38607],[77.51962,16.37786],[77.5221,16.37864],[77.52447,16.37721],[77.52311,16.37463],[77.53241,16.36673],[77.57865,16.34232],[77.58655,16.34802],[77.59473,16.34728],[77.59641,16.3376],[77.58836,16.33254],[77.59721,16.31607],[77.5924,16.30278],[77.5932,16.29704],[77.5975,16.29332],[77.58218,16.29098],[77.56924,16.30346],[77.56367,16.30161],[77.54493,16.29189],[77.54077,16.28536],[77.53715,16.26696],[77.52991,16.27258],[77.52948,16.27552],[77.51833,16.27908],[77.51284,16.27534],[77.50782,16.2757],[77.50523,16.27272],[77.50535,16.26797],[77.5022,16.26213],[77.4898,16.25525],[77.49262,16.24401],[77.49191,16.22933],[77.49563,16.22646],[77.50337,16.23067],[77.51375,16.23082],[77.51655,16.2264],[77.5152,16.22169],[77.51204,16.22068],[77.50201,16.22418],[77.49894,16.21059],[77.49984,16.19994],[77.49122,16.18438],[77.48565,16.16472],[77.4902,16.1605],[77.49127,16.1549],[77.48981,16.1487],[77.49158,16.14558],[77.49196,16.13507],[77.48994,16.12001],[77.50152,16.12025],[77.51092,16.11296],[77.51449,16.10684],[77.50837,16.10936],[77.50079,16.10654],[77.49652,16.09447],[77.49849,16.08407],[77.50713,16.08033],[77.5073,16.07859],[77.50407,16.07107],[77.50388,16.06377],[77.50161,16.06432],[77.49627,16.05493],[77.49958,16.05347],[77.49729,16.04818],[77.49836,16.04416],[77.49295,16.03984],[77.49471,16.03959],[77.49525,16.03087],[77.50066,16.02658],[77.50659,16.0104],[77.51419,16.00852],[77.50949,15.9807],[77.51536,15.96796],[77.5193,15.96721],[77.51745,15.94656],[77.51196,15.92372],[77.50103,15.9278],[77.47177,15.9339],[77.46402,15.93308],[77.44671,15.94161],[77.44027,15.94088],[77.43204,15.94536],[77.42166,15.94498],[77.41159,15.9399],[77.39741,15.94268],[77.39363,15.93953],[77.38805,15.93877],[77.38724,15.94282],[77.37524,15.94403],[77.37284,15.94018],[77.36724,15.94438],[77.35594,15.94577],[77.35666,15.95337],[77.30605,15.95248],[77.29791,15.955],[77.28955,15.95145],[77.28248,15.95092],[77.26171,15.95714],[77.27239,15.98744],[77.27522,15.9871],[77.27586,16.00035],[77.27371,16.00677],[77.27365,16.02777],[77.27058,16.04952],[77.24567,16.06119],[77.24555,16.07097],[77.24895,16.08792],[77.23986,16.09136],[77.24254,16.11245],[77.24802,16.13238],[77.25689,16.13104],[77.25736,16.14551],[77.25499,16.1455],[77.24744,16.1681],[77.23926,16.16818],[77.23271,16.17106],[77.22672,16.17487],[77.22498,16.18125],[77.1716,16.18054],[77.15777,16.18288],[77.15695,16.1922],[77.15072,16.19218],[77.15422,16.20323],[77.16184,16.20743],[77.16202,16.22026],[77.15839,16.22013],[77.15746,16.22444],[77.1501,16.22847],[77.15078,16.23222],[77.1442,16.23398],[77.1448,16.23792],[77.14998,16.23718],[77.15024,16.2411],[77.15593,16.24115],[77.15576,16.237],[77.16244,16.23712],[77.16227,16.2354],[77.16514,16.23464],[77.16512,16.23144],[77.16903,16.23124],[77.16877,16.23369],[77.17131,16.23338],[77.17291,16.2412],[77.17002,16.24257],[77.16987,16.24591],[77.16793,16.24591],[77.16573,16.2529],[77.16957,16.25837],[77.16703,16.26493],[77.16656,16.27523],[77.16871,16.2754],[77.1683,16.28176],[77.16906,16.28579],[77.17141,16.28718],[77.1707,16.28938],[77.17268,16.28797],[77.17674,16.29266],[77.18371,16.28982],[77.18398,16.29127],[77.18582,16.2907],[77.1855,16.28711],[77.1924,16.28136],[77.19149,16.2719],[77.19942,16.27314],[77.19963,16.27695],[77.19556,16.27809],[77.19634,16.28273],[77.19871,16.28182],[77.20065,16.29283],[77.20391,16.29245],[77.20495,16.30407],[77.20424,16.30798],[77.20201,16.30903],[77.20258,16.31501],[77.20619,16.31951],[77.21084,16.32024],[77.21082,16.32283],[77.21546,16.32289],[77.21531,16.32994],[77.21926,16.32978],[77.21939,16.33132],[77.2175,16.33344],[77.2128,16.3339],[77.21271,16.33253],[77.20428,16.3351],[77.20461,16.34023],[77.20162,16.34025],[77.20181,16.3379],[77.19911,16.33771],[77.19915,16.34291],[77.19392,16.34518],[77.19638,16.35305],[77.19843,16.3528]],[[77.17655,16.23693],[77.17324,16.23239],[77.1714,16.23289],[77.17118,16.23092],[77.17891,16.23102],[77.17949,16.23451],[77.17655,16.23693]]]},"properties":{"taluk":"Raichur","district":"Raichur","region_id":"subdistrict_5461","level":"taluk"}},{"type":"Feature","geometry":{"type":"Polygon","coordinates":[[[76.42274,15.81264],[76.43836,15.82476],[76.44497,15.82315],[76.45226,15.8149],[76.4534,15.80605],[76.46072,15.798],[76.45884,15.79076],[76.48178,15.78096],[76.49023,15.78221],[76.49356,15.78469],[76.50687,15.78154],[76.53468,15.79453],[76.53558,15.79945],[76.55532,15.79777],[76.57642,15.79014],[76.60065,15.78921],[76.60115,15.79653],[76.60877,15.81866],[76.60846,15.82361],[76.61932,15.82446],[76.62263,15.8386],[76.62465,15.8358],[76.63324,15.83387],[76.63651,15.83369],[76.63765,15.83811],[76.6418,15.83715],[76.64989,15.83463],[76.64926,15.83096],[76.66718,15.82876],[76.67214,15.83111],[76.68144,15.82663],[76.68588,15.82873],[76.68825,15.84182],[76.689,15.85649],[76.6864,15.86088],[76.68847,15.87765],[76.69558,15.8766],[76.69702,15.88202],[76.70687,15.87953],[76.70744,15.88185],[76.71646,15.88072],[76.71672,15.88234],[76.72419,15.88219],[76.7259,15.8868],[76.74104,15.88148],[76.74253,15.89909],[76.757,15.89729],[76.75574,15.88009],[76.76874,15.87928],[76.76603,15.85764],[76.7719,15.85669],[76.77223,15.86434],[76.77468,15.87385],[76.77726,15.87308],[76.77823,15.88236],[76.79045,15.88096],[76.79349,15.89129],[76.79154,15.89176],[76.7911,15.89459],[76.80849,15.89365],[76.81318,15.94068],[76.82764,15.94351],[76.83677,15.9425],[76.85458,15.9282],[76.85995,15.92798],[76.86532,15.92497],[76.87354,15.9265],[76.88531,15.9224],[76.89967,15.90795],[76.90824,15.90474],[76.9151,15.89559],[76.9233,15.89451],[76.93835,15.88057],[76.94327,15.87924],[76.9501,15.88202],[76.95582,15.87729],[76.96388,15.87636],[76.96954,15.87139],[76.9746,15.87403],[76.98593,15.87119],[76.99266,15.87505],[76.99881,15.87492],[77.009,15.86314],[77.01875,15.86148],[77.03203,15.851],[77.03376,15.84664],[77.02845,15.8354],[77.02442,15.83764],[77.01784,15.82444],[76.99574,15.80752],[76.96698,15.78044],[76.96315,15.77399],[76.95249,15.76625],[76.94039,15.76175],[76.92384,15.73025],[76.91507,15.70156],[76.90858,15.69324],[76.88768,15.685],[76.85945,15.65131],[76.85909,15.64477],[76.83199,15.62403],[76.82904,15.61937],[76.83259,15.61431],[76.83575,15.60204],[76.83167,15.59767],[76.83387,15.58143],[76.82701,15.55857],[76.81769,15.55323],[76.81266,15.54676],[76.79785,15.55136],[76.79406,15.55426],[76.77914,15.55712],[76.75973,15.56592],[76.75592,15.57041],[76.75519,15.58454],[76.75297,15.58464],[76.74876,15.59002],[76.73732,15.59327],[76.72417,15.59098],[76.70115,15.59426],[76.70052,15.59092],[76.68884,15.59562],[76.69126,15.60312],[76.67996,15.60665],[76.67995,15.62243],[76.68066,15.62671],[76.69353,15.62463],[76.69431,15.6454],[76.69175,15.64833],[76.6852,15.64792],[76.67676,15.64113],[76.67425,15.64175],[76.67017,15.63903],[76.67195,15.65802],[76.65345,15.66041],[76.65387,15.66588],[76.63123,15.67057],[76.61065,15.67031],[76.5995,15.67347],[76.598,15.69581],[76.57566,15.69891],[76.57592,15.7006],[76.56226,15.70562],[76.56164,15.70284],[76.5507,15.69903],[76.54143,15.6987],[76.5443,15.7035],[76.53983,15.70428],[76.53555,15.70346],[76.53576,15.69912],[76.53182,15.69943],[76.5289,15.70083],[76.52765,15.70673],[76.50943,15.71696],[76.49171,15.70812],[76.49066,15.71309],[76.48541,15.71385],[76.48237,15.7193],[76.44625,15.7342],[76.44388,15.73891],[76.44759,15.74438],[76.4396,15.74947],[76.43808,15.75779],[76.43951,15.78433],[76.43371,15.78738],[76.42214,15.78586],[76.42204,15.79091],[76.41498,15.79156],[76.41279,15.79654],[76.41289,15.80419],[76.4173,15.80661],[76.42049,15.80559],[76.42274,15.81264]]]},"properties":{"taluk":"Sindhnur","district":"Raichur","region_id":"subdistrict_5463","level":"taluk"}},{"type":"Feature","geometry":{"type":"Polygon","coordinates":[[[76.77431,16.09996],[76.77781,16.12833],[76.76529,16.14038],[76.76945,16.1604],[76.77267,16.16729],[76.76983,16.19132],[76.77543,16.20192],[76.77945,16.21895],[76.78424,16.21939],[76.78966,16.22616],[76.79674,16.22007],[76.80617,16.21585],[76.80761,16.22024],[76.81254,16.22216],[76.83031,16.22096],[76.83277,16.21922],[76.83348,16.21502],[76.8398,16.2169],[76.83928,16.21145],[76.85071,16.20687],[76.8511,16.19959],[76.86207,16.19629],[76.86645,16.1899],[76.87183,16.18749],[76.88346,16.1954],[76.8835,16.20462],[76.88693,16.2052],[76.88692,16.20741],[76.88928,16.20882],[76.8923,16.20793],[76.89435,16.20222],[76.90047,16.20176],[76.90531,16.19753],[76.90662,16.19366],[76.91247,16.19562],[76.92989,16.19086],[76.93298,16.19117],[76.93306,16.19764],[76.95004,16.19568],[76.95678,16.19223],[76.95742,16.20396],[76.96903,16.20024],[76.96905,16.19774],[76.97156,16.19832],[76.97254,16.19407],[76.97955,16.19136],[76.98112,16.19298],[76.97978,16.19564],[76.9853,16.19841],[76.98921,16.19804],[76.99774,16.1921],[76.99865,16.19764],[77.01149,16.19775],[77.04133,16.19329],[77.04289,16.19339],[77.04482,16.19908],[77.05726,16.19789],[77.06595,16.1954],[77.07086,16.18154],[77.07783,16.17908],[77.08007,16.17904],[77.08108,16.19717],[77.08161,16.19922],[77.08374,16.19898],[77.08858,16.21977],[77.10739,16.21912],[77.10721,16.21301],[77.11834,16.21128],[77.11776,16.20787],[77.11528,16.20716],[77.11611,16.20337],[77.11879,16.20345],[77.12161,16.19425],[77.15695,16.1922],[77.15777,16.18288],[77.1716,16.18054],[77.22498,16.18125],[77.22672,16.17487],[77.23271,16.17106],[77.23926,16.16818],[77.24744,16.1681],[77.25146,16.15393],[77.25499,16.1455],[77.25736,16.14551],[77.25766,16.14115],[77.25689,16.13104],[77.24802,16.13238],[77.24254,16.11245],[77.23986,16.09136],[77.16814,16.09529],[77.16804,16.09754],[77.16404,16.09571],[77.15942,16.08946],[77.1502,16.09701],[77.13233,16.09823],[77.13178,16.09541],[77.11951,16.09216],[77.12215,16.08943],[77.12544,16.07833],[77.1166,16.07408],[77.09443,16.07668],[77.08884,16.07441],[77.08222,16.06867],[77.07976,16.0622],[77.07477,16.06285],[77.07059,16.04539],[77.05576,16.04696],[77.03407,16.04554],[77.03176,16.0475],[77.02129,16.04857],[76.99459,16.04914],[76.98668,16.05914],[76.97833,16.06362],[76.95961,16.06229],[76.92914,16.06369],[76.92844,16.05436],[76.92242,16.05456],[76.9228,16.0604],[76.91372,16.06096],[76.9148,16.04145],[76.89187,16.03931],[76.87109,16.03023],[76.85179,16.03403],[76.85256,16.04455],[76.83657,16.04519],[76.81758,16.0494],[76.80205,16.04951],[76.80078,16.06108],[76.79721,16.06258],[76.79739,16.07578],[76.79515,16.08649],[76.78077,16.08608],[76.77714,16.08353],[76.77101,16.08489],[76.77167,16.09948],[76.77431,16.09996]]]},"properties":{"taluk":"Sirwar","district":"Raichur","region_id":"subdistrict_7097","level":"taluk"}},{"type":"Feature","geometry":{"type":"MultiPolygon","coordinates":[[[[75.73856,14.10147],[75.75287,14.102],[75.75498,14.10898],[75.758,14.11063],[75.76793,14.10928],[75.76812,14.10146],[75.77184,14.10094],[75.80405,14.09981],[75.81284,14.10376],[75.81352,14.09506],[75.82272,14.07399],[75.82016,14.07034],[75.82098,14.06362],[75.81303,14.04755],[75.80205,14.04284],[75.79899,14.03345],[75.80306,14.0231],[75.80871,14.024],[75.82465,14.01794],[75.82459,14.00626],[75.83199,13.98955],[75.83092,13.9748],[75.83273,13.96677],[75.86361,13.90636],[75.86969,13.90366],[75.86477,13.87255],[75.86568,13.85588],[75.87676,13.80913],[75.85141,13.81082],[75.82467,13.81709],[75.8044,13.79468],[75.78972,13.79534],[75.78944,13.79988],[75.77797,13.7909],[75.77692,13.7948],[75.76381,13.79638],[75.75986,13.79449],[75.76637,13.78938],[75.76481,13.78226],[75.74934,13.78095],[75.73211,13.76886],[75.71303,13.77209],[75.71221,13.76793],[75.70965,13.76575],[75.7052,13.76739],[75.68654,13.76729],[75.68218,13.76091],[75.68895,13.75256],[75.68467,13.74916],[75.67552,13.75188],[75.67476,13.76122],[75.67025,13.76552],[75.6631,13.75599],[75.66365,13.75042],[75.6571,13.74886],[75.65591,13.7462],[75.65959,13.7408],[75.66528,13.73852],[75.66758,13.73106],[75.67557,13.7279],[75.67403,13.72203],[75.66677,13.7195],[75.65311,13.71891],[75.6509,13.7176],[75.64927,13.71108],[75.64366,13.70519],[75.6333,13.7016],[75.62908,13.704],[75.6261,13.70145],[75.62162,13.70326],[75.6186,13.70842],[75.62063,13.71339],[75.61717,13.7224],[75.62682,13.73324],[75.60944,13.74606],[75.6084,13.75927],[75.60486,13.7607],[75.60715,13.77082],[75.60437,13.78752],[75.5907,13.79561],[75.60415,13.79559],[75.60563,13.80593],[75.60825,13.8105],[75.60525,13.81903],[75.60978,13.83271],[75.6081,13.8403],[75.61017,13.84309],[75.61889,13.84437],[75.6314,13.85097],[75.63675,13.85608],[75.6379,13.86296],[75.64157,13.86722],[75.65114,13.86797],[75.65467,13.87348],[75.65752,13.87944],[75.65767,13.885],[75.6611,13.8856],[75.65499,13.89572],[75.65592,13.89956],[75.67102,13.89694],[75.67074,13.90121],[75.67471,13.91163],[75.67371,13.91352],[75.67713,13.91738],[75.68433,13.91338],[75.68885,13.91384],[75.69908,13.91082],[75.69873,13.91402],[75.70374,13.91389],[75.71221,13.91717],[75.71408,13.92285],[75.71166,13.92595],[75.69562,13.92254],[75.69853,13.93243],[75.69759,13.93596],[75.69425,13.93435],[75.69296,13.93718],[75.70983,13.94338],[75.69283,13.96417],[75.69012,13.97337],[75.68397,13.97824],[75.68241,13.99014],[75.67579,13.99643],[75.67428,14.00894],[75.68325,14.03359],[75.68994,14.03685],[75.70212,14.05344],[75.70598,14.05546],[75.72023,14.05371],[75.73551,14.05758],[75.73695,14.05977],[75.73604,14.06512],[75.72103,14.08339],[75.73815,14.08707],[75.73856,14.10147]],[[75.65918,13.89061],[75.65923,13.88934],[75.65967,13.88882],[75.66018,13.8891],[75.65918,13.89061]],[[75.6572,13.89538],[75.6561,13.89597],[75.65612,13.89556],[75.6572,13.89538]],[[75.6594,13.89652],[75.65779,13.89749],[75.65713,13.89754],[75.65707,13.89711],[75.6594,13.89652]]],[[[75.6866,13.93332],[75.68679,13.93289],[75.6859,13.92422],[75.68297,13.91983],[75.67326,13.91904],[75.67575,13.93632],[75.6782,13.9379],[75.68639,13.93752],[75.6866,13.93332]]],[[[75.60905,13.85604],[75.60529,13.86104],[75.60958,13.86276],[75.61041,13.85824],[75.60905,13.85604]]],[[[75.68713,13.93294],[75.68697,13.93565],[75.68854,13.93675],[75.6889,13.93243],[75.68713,13.93294]]]]},"properties":{"taluk":"Bhadravati","district":"Shivamogga","region_id":"subdistrict_5521","level":"taluk"}},{"type":"Feature","geometry":{"type":"Polygon","coordinates":[[[74.88195,13.93071],[74.87796,13.94986],[74.88487,13.95184],[74.88811,13.95496],[74.89077,13.95462],[74.90375,13.96225],[74.90704,13.96795],[74.91256,13.97096],[74.91528,13.97548],[74.9155,13.98203],[74.90567,13.98816],[74.90475,13.99043],[74.90836,13.99379],[74.90945,13.99816],[74.91402,13.99744],[74.91651,14.00018],[74.914,14.0052],[74.91691,14.00579],[74.91587,14.01185],[74.9182,14.0114],[74.92038,14.01458],[74.91718,14.01891],[74.92774,14.02971],[74.92696,14.03224],[74.92893,14.03468],[74.93717,14.0335],[74.93783,14.02914],[74.93436,14.02122],[74.9464,14.02074],[74.94684,14.00316],[74.95563,14.00064],[74.96105,13.99229],[74.96875,13.99627],[74.9748,13.99361],[74.97534,13.99034],[74.99765,13.98581],[75.01321,13.97855],[75.01279,13.98504],[75.01648,13.99022],[75.00949,13.99953],[75.0104,14.00182],[75.015,14.00325],[75.01357,14.00949],[75.0223,14.01017],[75.0258,14.00716],[75.03421,14.01571],[75.04039,14.01806],[75.04557,14.02318],[75.05322,14.02077],[75.05849,14.02334],[75.06263,14.02832],[75.07419,14.03167],[75.07974,14.03839],[75.07891,14.0412],[75.0838,14.04261],[75.09083,14.05228],[75.10218,14.05943],[75.10464,14.0736],[75.09655,14.06809],[75.09495,14.06914],[75.09488,14.07291],[75.08921,14.08392],[75.09124,14.09814],[75.09429,14.09575],[75.10363,14.09921],[75.10526,14.09019],[75.1106,14.09129],[75.11558,14.09614],[75.1285,14.09484],[75.12777,14.08622],[75.13593,14.0829],[75.13098,14.08042],[75.13981,14.06315],[75.14597,14.06436],[75.14695,14.067],[75.15185,14.06839],[75.15829,14.06426],[75.16513,14.06448],[75.16464,14.05692],[75.15709,14.05309],[75.1584,14.04991],[75.15578,14.0466],[75.14744,14.04315],[75.14353,14.0438],[75.13972,14.03992],[75.14621,14.03516],[75.14425,14.02672],[75.14931,14.02816],[75.15837,14.02349],[75.15849,14.02987],[75.16952,14.04214],[75.17416,14.04242],[75.17811,14.04604],[75.19011,14.04609],[75.19081,14.04139],[75.19697,14.03007],[75.19092,14.02511],[75.19081,14.0214],[75.19364,14.01958],[75.19851,14.02104],[75.20278,14.02573],[75.21661,14.03404],[75.21629,14.03875],[75.22447,14.04634],[75.2307,14.04846],[75.2318,14.04613],[75.23816,14.05346],[75.24701,14.05751],[75.24789,14.04892],[75.25649,14.04374],[75.25923,14.04919],[75.26411,14.04683],[75.27171,14.0469],[75.27615,14.0505],[75.27996,14.04616],[75.28305,14.0518],[75.28315,14.0606],[75.29582,14.07571],[75.30379,14.06837],[75.31562,14.05118],[75.3127,14.03552],[75.32923,14.02895],[75.34215,14.01783],[75.35705,14.01979],[75.3534,14.00804],[75.3506,14.00715],[75.35152,14.00241],[75.34832,14.00221],[75.35057,14.00052],[75.35196,13.99325],[75.36193,13.97223],[75.35086,13.95659],[75.36698,13.9541],[75.37151,13.94695],[75.36968,13.89602],[75.3747,13.85373],[75.35443,13.85275],[75.3416,13.85564],[75.33255,13.86238],[75.33398,13.87095],[75.32525,13.87347],[75.32362,13.88018],[75.32001,13.88332],[75.32061,13.88939],[75.30697,13.88637],[75.29963,13.88924],[75.29046,13.89002],[75.27451,13.88659],[75.26374,13.89193],[75.26122,13.88455],[75.2637,13.87753],[75.25563,13.87715],[75.23527,13.88054],[75.23884,13.89311],[75.22211,13.90223],[75.21642,13.9003],[75.21513,13.89735],[75.21775,13.8896],[75.22148,13.89013],[75.2202,13.87477],[75.22478,13.87039],[75.22511,13.8669],[75.22203,13.86376],[75.22528,13.86168],[75.2247,13.85829],[75.22787,13.85738],[75.22257,13.85638],[75.22427,13.84572],[75.22265,13.84381],[75.21954,13.84977],[75.2156,13.84891],[75.20642,13.84288],[75.20718,13.83976],[75.19842,13.83252],[75.19453,13.83289],[75.17783,13.82035],[75.18752,13.83786],[75.17966,13.84489],[75.17077,13.84267],[75.15942,13.8465],[75.15742,13.85192],[75.15446,13.85419],[75.15095,13.84469],[75.14512,13.84126],[75.14921,13.8373],[75.1495,13.83279],[75.14172,13.82823],[75.1373,13.8158],[75.15005,13.8029],[75.14336,13.80169],[75.14433,13.79591],[75.13616,13.79224],[75.12601,13.79485],[75.118,13.77975],[75.10694,13.78189],[75.10425,13.77449],[75.08985,13.7661],[75.09241,13.75309],[75.10212,13.74248],[75.1049,13.73656],[75.11685,13.72519],[75.11353,13.71863],[75.14902,13.70246],[75.15313,13.69695],[75.15811,13.69611],[75.16127,13.69034],[75.15912,13.68248],[75.15416,13.6782],[75.1538,13.67951],[75.14964,13.67383],[75.13949,13.6791],[75.13808,13.6783],[75.1354,13.66517],[75.13778,13.65543],[75.1354,13.6472],[75.12947,13.64762],[75.12302,13.64341],[75.11439,13.64305],[75.11149,13.63545],[75.10842,13.63294],[75.10045,13.63645],[75.09756,13.62599],[75.09166,13.62773],[75.08525,13.62436],[75.07942,13.62497],[75.08005,13.62187],[75.08625,13.61804],[75.086,13.61601],[75.07983,13.60852],[75.07572,13.6098],[75.06411,13.6277],[75.06192,13.62637],[75.05878,13.62876],[75.05834,13.62485],[75.05062,13.61601],[75.03831,13.61593],[75.03519,13.61743],[75.03357,13.62129],[75.02966,13.62207],[75.02623,13.62809],[75.01854,13.62856],[75.0112,13.6347],[75.01378,13.64227],[75.00874,13.64535],[75.00767,13.65348],[75.0107,13.65549],[75.00813,13.66057],[75.01242,13.66646],[75.02164,13.66182],[75.02423,13.6662],[75.02631,13.66653],[75.02674,13.67053],[75.02389,13.67399],[75.02311,13.67303],[75.01613,13.67783],[75.00942,13.67687],[75.00859,13.6791],[75.01077,13.69082],[75.00781,13.69087],[75.01953,13.69463],[75.01939,13.69916],[75.01465,13.69981],[75.00704,13.70863],[75.0036,13.70813],[75.00246,13.71202],[74.99967,13.71064],[74.98769,13.71348],[74.98751,13.71935],[74.99264,13.72265],[74.99241,13.72658],[74.99395,13.72736],[74.99366,13.73647],[74.99628,13.74475],[74.98027,13.74675],[74.97446,13.75287],[74.95226,13.75887],[74.93976,13.77073],[74.93815,13.77714],[74.9357,13.77793],[74.93104,13.77584],[74.93256,13.79605],[74.92429,13.80132],[74.92439,13.80644],[74.91934,13.8134],[74.92293,13.8153],[74.91961,13.82465],[74.91285,13.82169],[74.91459,13.83417],[74.91319,13.83669],[74.91403,13.84187],[74.91182,13.8458],[74.91417,13.85314],[74.91114,13.85877],[74.90772,13.86208],[74.89941,13.86299],[74.89459,13.86596],[74.88488,13.8681],[74.88033,13.88162],[74.87009,13.89166],[74.87043,13.8973],[74.86315,13.90651],[74.85417,13.89463],[74.84174,13.90463],[74.84017,13.91117],[74.84471,13.91301],[74.84741,13.9194],[74.8503,13.92154],[74.85375,13.92282],[74.87783,13.91993],[74.88215,13.9224],[74.88551,13.92896],[74.88195,13.93071]],[[75.08518,13.61609],[75.08511,13.61827],[75.08449,13.61631],[75.08518,13.61609]]]},"properties":{"taluk":"Hosanagara","district":"Shivamogga","region_id":"subdistrict_5518","level":"taluk"}},{"type":"Feature","geometry":{"type":"Polygon","coordinates":[[[74.9155,13.98203],[74.91256,13.97096],[74.90704,13.96795],[74.90375,13.96225],[74.89077,13.95462],[74.88811,13.95496],[74.88487,13.95184],[74.87796,13.94986],[74.88195,13.93071],[74.88551,13.92896],[74.88215,13.9224],[74.87783,13.91993],[74.85375,13.92282],[74.84741,13.9194],[74.84471,13.91301],[74.84017,13.91117],[74.84174,13.90463],[74.85417,13.89463],[74.8627,13.90645],[74.87043,13.8973],[74.87009,13.89166],[74.88033,13.88162],[74.88556,13.86758],[74.87964,13.86398],[74.88081,13.85996],[74.87626,13.85614],[74.87034,13.85626],[74.86733,13.85916],[74.85964,13.86929],[74.85551,13.88055],[74.84377,13.89188],[74.84051,13.89192],[74.83779,13.89858],[74.83353,13.90182],[74.82871,13.90153],[74.81899,13.90795],[74.80551,13.90574],[74.80042,13.90844],[74.7928,13.90623],[74.79201,13.90343],[74.78925,13.90851],[74.77103,13.91264],[74.77107,13.91391],[74.76307,13.91236],[74.75714,13.90648],[74.73756,13.91011],[74.72244,13.90481],[74.71141,13.90389],[74.71418,13.90556],[74.71333,13.90878],[74.71489,13.91048],[74.70818,13.92069],[74.70557,13.92333],[74.70342,13.9222],[74.69209,13.92468],[74.68239,13.93439],[74.68558,13.93923],[74.69006,13.93886],[74.69348,13.94081],[74.69418,13.94819],[74.69178,13.95351],[74.68814,13.9563],[74.6811,13.95686],[74.67757,13.95948],[74.67755,13.96607],[74.66874,13.97114],[74.67012,13.97232],[74.66138,13.98925],[74.66136,13.99362],[74.67621,14.0234],[74.67814,14.04229],[74.67245,14.04815],[74.67386,14.05788],[74.67638,14.06179],[74.66441,14.08253],[74.65256,14.09703],[74.6459,14.10237],[74.65555,14.11543],[74.64597,14.1147],[74.64258,14.13388],[74.64408,14.14041],[74.6292,14.1441],[74.62703,14.15815],[74.62975,14.16393],[74.65047,14.16973],[74.65273,14.16733],[74.66477,14.18301],[74.6958,14.17282],[74.69384,14.17021],[74.69936,14.1679],[74.70068,14.16978],[74.70904,14.16728],[74.72083,14.15442],[74.74474,14.14923],[74.74698,14.14137],[74.74907,14.1421],[74.74757,14.15687],[74.72613,14.1738],[74.71261,14.23295],[74.73303,14.26741],[74.75268,14.25163],[74.77601,14.24081],[74.79273,14.22802],[74.79889,14.23121],[74.80991,14.22825],[74.81882,14.23056],[74.82266,14.22551],[74.83255,14.22921],[74.8389,14.22749],[74.83767,14.22592],[74.83957,14.22282],[74.84869,14.21699],[74.85374,14.20925],[74.85714,14.21018],[74.86021,14.21755],[74.86726,14.21834],[74.86936,14.23631],[74.87341,14.24031],[74.88087,14.23293],[74.87588,14.22604],[74.87567,14.21934],[74.87895,14.22156],[74.87987,14.21979],[74.87754,14.21723],[74.87851,14.21409],[74.89468,14.21699],[74.89713,14.21926],[74.89637,14.22194],[74.89821,14.22469],[74.89616,14.22615],[74.89855,14.22813],[74.90539,14.23008],[74.909,14.22737],[74.9134,14.22897],[74.92101,14.22731],[74.92384,14.23206],[74.92921,14.23481],[74.92811,14.23655],[74.93077,14.24097],[74.93553,14.24275],[74.93654,14.25175],[74.9394,14.25564],[74.93651,14.25602],[74.93452,14.2634],[74.9284,14.26467],[74.92622,14.27731],[74.92371,14.27821],[74.91659,14.27299],[74.9157,14.27571],[74.90994,14.2777],[74.90751,14.2851],[74.9085,14.28865],[74.90561,14.29345],[74.91383,14.29963],[74.91371,14.30368],[74.91918,14.31377],[74.92627,14.31972],[74.92971,14.32059],[74.93091,14.31904],[74.93662,14.32249],[74.94214,14.31828],[74.94908,14.31999],[74.95224,14.31726],[74.95665,14.32039],[74.95608,14.32272],[74.95786,14.3239],[74.96479,14.3175],[74.97212,14.31679],[74.97606,14.31896],[74.97713,14.32148],[74.97335,14.32276],[74.97214,14.32065],[74.96959,14.3255],[74.97312,14.32699],[74.97576,14.33325],[74.9742,14.33723],[74.9755,14.3408],[74.97294,14.34225],[74.97354,14.34357],[74.97859,14.34371],[74.9806,14.33994],[74.98062,14.34269],[74.98343,14.34281],[74.98211,14.34156],[74.98372,14.33911],[74.98643,14.33953],[74.99152,14.33173],[74.99369,14.33245],[74.99309,14.33049],[74.99513,14.33126],[74.99788,14.32599],[75.00209,14.3247],[75.00286,14.3215],[75.00115,14.31953],[75.00823,14.31258],[75.00623,14.31164],[75.00727,14.3097],[75.01075,14.30939],[75.00995,14.30753],[75.01177,14.30613],[75.00942,14.30343],[75.0124,14.30099],[75.01075,14.30019],[75.01116,14.29808],[75.01474,14.29256],[75.01869,14.2912],[75.01813,14.28821],[75.02196,14.28922],[75.03015,14.28292],[75.02958,14.28136],[75.03718,14.27489],[75.03904,14.27523],[75.04005,14.27293],[75.04182,14.27396],[75.04194,14.26919],[75.04531,14.26597],[75.04359,14.26268],[75.04572,14.26133],[75.04473,14.25952],[75.05046,14.25827],[75.05183,14.25441],[75.05627,14.25206],[75.06334,14.23853],[75.06776,14.23887],[75.07048,14.23655],[75.07485,14.23821],[75.08176,14.23345],[75.07862,14.22898],[75.07719,14.22172],[75.07903,14.22093],[75.08539,14.22149],[75.09249,14.2407],[75.11185,14.24112],[75.11773,14.24385],[75.12289,14.23772],[75.14759,14.24332],[75.15893,14.2407],[75.15343,14.26192],[75.17687,14.27335],[75.18633,14.28134],[75.1931,14.28267],[75.1952,14.28632],[75.20811,14.28366],[75.26007,14.24961],[75.2595,14.24708],[75.24764,14.23493],[75.23673,14.23301],[75.23006,14.22164],[75.24399,14.20253],[75.25268,14.19944],[75.25887,14.21023],[75.26938,14.19797],[75.27961,14.19862],[75.27553,14.19785],[75.27653,14.19508],[75.27382,14.19642],[75.27438,14.19338],[75.27151,14.19487],[75.27094,14.19046],[75.26936,14.19012],[75.26946,14.18733],[75.27379,14.18522],[75.27479,14.18207],[75.27114,14.16178],[75.27773,14.16085],[75.28634,14.14679],[75.29202,14.14197],[75.29499,14.1321],[75.29278,14.12623],[75.28233,14.11219],[75.27811,14.10113],[75.27193,14.10242],[75.26712,14.09713],[75.26642,14.08618],[75.28005,14.0793],[75.28612,14.08416],[75.29582,14.07571],[75.28315,14.0606],[75.28305,14.0518],[75.27996,14.04616],[75.27615,14.0505],[75.27171,14.0469],[75.26411,14.04683],[75.25923,14.04919],[75.25649,14.04374],[75.24789,14.04892],[75.24701,14.05751],[75.23816,14.05346],[75.2318,14.04613],[75.2307,14.04846],[75.22447,14.04634],[75.21629,14.03875],[75.21661,14.03404],[75.19417,14.01965],[75.19081,14.0214],[75.19092,14.02511],[75.19697,14.03007],[75.19081,14.04139],[75.19011,14.04609],[75.17811,14.04604],[75.17416,14.04242],[75.16952,14.04214],[75.15849,14.02987],[75.15837,14.02349],[75.14931,14.02816],[75.14575,14.02598],[75.14425,14.02672],[75.14609,14.03547],[75.13972,14.03992],[75.14353,14.0438],[75.14744,14.04315],[75.15578,14.0466],[75.1584,14.04991],[75.15709,14.05309],[75.16464,14.05692],[75.16513,14.06448],[75.15829,14.06426],[75.15185,14.06839],[75.14695,14.067],[75.14597,14.06436],[75.13981,14.06315],[75.13098,14.08042],[75.13593,14.0829],[75.12777,14.08622],[75.1285,14.09484],[75.11558,14.09614],[75.1106,14.09129],[75.10526,14.09019],[75.10363,14.09921],[75.09429,14.09575],[75.09124,14.09814],[75.08921,14.08392],[75.09488,14.07291],[75.09495,14.06914],[75.09655,14.06809],[75.10464,14.0736],[75.10218,14.05943],[75.09083,14.05228],[75.0838,14.04261],[75.07891,14.0412],[75.07974,14.03839],[75.07419,14.03167],[75.06263,14.02832],[75.05849,14.02334],[75.05322,14.02077],[75.04557,14.02318],[75.04039,14.01806],[75.03421,14.01571],[75.0258,14.00716],[75.0223,14.01017],[75.01357,14.00949],[75.015,14.00325],[75.0104,14.00182],[75.00949,13.99953],[75.01648,13.99022],[75.01279,13.98504],[75.01321,13.97855],[74.99765,13.98581],[74.97534,13.99034],[74.9748,13.99361],[74.96875,13.99627],[74.96105,13.99229],[74.95563,14.00064],[74.94684,14.00316],[74.9464,14.02074],[74.93436,14.02122],[74.93783,14.02914],[74.93717,14.0335],[74.93014,14.03469],[74.92696,14.03224],[74.92802,14.03015],[74.92423,14.0254],[74.9197,14.02314],[74.91718,14.01891],[74.92038,14.01458],[74.9182,14.0114],[74.91587,14.01185],[74.91691,14.00579],[74.914,14.0052],[74.91651,14.00018],[74.91402,13.99744],[74.90945,13.99816],[74.90836,13.99379],[74.90475,13.99043],[74.90567,13.98816],[74.9155,13.98203]]]},"properties":{"taluk":"Sagar","district":"Shivamogga","region_id":"subdistrict_5515","level":"taluk"}},{"type":"Feature","geometry":{"type":"Polygon","coordinates":[[[75.52119,14.20279],[75.50728,14.21891],[75.47398,14.21369],[75.47356,14.21023],[75.4651,14.21009],[75.45329,14.20515],[75.46901,14.19386],[75.48384,14.17713],[75.46205,14.17258],[75.43781,14.16021],[75.43285,14.15388],[75.42292,14.15048],[75.42025,14.14126],[75.41653,14.14254],[75.40082,14.1272],[75.38405,14.1294],[75.38159,14.13905],[75.36561,14.11097],[75.3469,14.10998],[75.32857,14.11161],[75.31554,14.10414],[75.3074,14.12666],[75.29323,14.12751],[75.29499,14.1321],[75.29202,14.14197],[75.28634,14.14679],[75.27773,14.16085],[75.27114,14.16178],[75.27479,14.18207],[75.27379,14.18522],[75.26946,14.18733],[75.26936,14.19012],[75.27094,14.19046],[75.27151,14.19487],[75.27438,14.19338],[75.27382,14.19642],[75.27653,14.19508],[75.27553,14.19785],[75.27961,14.19862],[75.26938,14.19797],[75.25887,14.21023],[75.25268,14.19944],[75.24399,14.20253],[75.23006,14.22164],[75.23673,14.23301],[75.24764,14.23493],[75.2595,14.24708],[75.26007,14.24961],[75.22496,14.27185],[75.23031,14.2802],[75.24439,14.27875],[75.2602,14.28703],[75.25971,14.29144],[75.26512,14.29194],[75.27171,14.30613],[75.26703,14.30911],[75.26103,14.31875],[75.24924,14.32247],[75.24399,14.32625],[75.24319,14.34668],[75.23709,14.35319],[75.23529,14.35467],[75.22068,14.35535],[75.2239,14.35714],[75.23159,14.37478],[75.23793,14.37656],[75.23864,14.37518],[75.24126,14.37782],[75.23648,14.38627],[75.23194,14.38537],[75.23099,14.39332],[75.22518,14.39525],[75.21894,14.39391],[75.21681,14.40025],[75.2053,14.39846],[75.20027,14.40346],[75.20085,14.40518],[75.19251,14.40576],[75.19246,14.40922],[75.18761,14.41369],[75.18588,14.4132],[75.19022,14.40609],[75.19141,14.39854],[75.18928,14.39468],[75.1896,14.3895],[75.18124,14.38122],[75.17393,14.38352],[75.16737,14.38747],[75.16519,14.41376],[75.15911,14.4138],[75.15227,14.4192],[75.15172,14.43006],[75.14985,14.43174],[75.15942,14.43158],[75.16,14.42701],[75.163,14.42659],[75.16403,14.42817],[75.16443,14.42524],[75.17097,14.4232],[75.17729,14.43207],[75.17812,14.43772],[75.1805,14.4403],[75.18946,14.44719],[75.19497,14.4482],[75.19555,14.46219],[75.19762,14.46404],[75.20652,14.46516],[75.20489,14.46816],[75.20906,14.47641],[75.22217,14.48033],[75.2313,14.48625],[75.24428,14.4879],[75.24512,14.49308],[75.25184,14.49611],[75.24866,14.50162],[75.24681,14.50138],[75.2478,14.50385],[75.24476,14.50934],[75.2449,14.51396],[75.25973,14.51758],[75.2763,14.51035],[75.2775,14.51236],[75.28295,14.51248],[75.28222,14.51412],[75.28674,14.51392],[75.28716,14.5114],[75.29168,14.51072],[75.32126,14.51277],[75.32456,14.5098],[75.32879,14.49526],[75.34643,14.48559],[75.34112,14.4757],[75.34038,14.46863],[75.34117,14.46554],[75.34572,14.46253],[75.3471,14.45664],[75.34265,14.45046],[75.34198,14.44016],[75.33912,14.43744],[75.3448,14.43396],[75.35541,14.43191],[75.35504,14.42878],[75.35867,14.43186],[75.35884,14.43791],[75.36481,14.44153],[75.37814,14.43428],[75.38225,14.43381],[75.38055,14.41494],[75.37769,14.40737],[75.36535,14.41106],[75.35901,14.40916],[75.35622,14.40611],[75.34939,14.3887],[75.36332,14.38094],[75.37003,14.37298],[75.37469,14.37033],[75.38367,14.3696],[75.39079,14.36644],[75.39413,14.36742],[75.40918,14.35277],[75.41927,14.35255],[75.42967,14.34908],[75.43519,14.34256],[75.44195,14.33998],[75.45585,14.32783],[75.47035,14.32289],[75.47737,14.31778],[75.48015,14.3306],[75.47673,14.34515],[75.48049,14.34521],[75.48149,14.33991],[75.4879,14.33915],[75.48955,14.34773],[75.50111,14.34372],[75.50155,14.32597],[75.50531,14.31635],[75.50391,14.30789],[75.51791,14.30145],[75.521,14.29859],[75.5219,14.29387],[75.53382,14.28993],[75.53528,14.27746],[75.53067,14.27659],[75.52792,14.25818],[75.52743,14.23912],[75.53027,14.22916],[75.52653,14.22866],[75.52813,14.20657],[75.52699,14.20311],[75.52119,14.20279]]]},"properties":{"taluk":"Shikarpur","district":"Shivamogga","region_id":"subdistrict_5517","level":"taluk"}},{"type":"Feature","geometry":{"type":"MultiPolygon","coordinates":[[[[75.61835,14.07706],[75.63055,14.07449],[75.63234,14.07915],[75.64041,14.08],[75.6444,14.0751],[75.65136,14.07111],[75.67392,14.06567],[75.69375,14.07195],[75.70891,14.07246],[75.72731,14.07671],[75.73475,14.0674],[75.73695,14.05977],[75.73194,14.05597],[75.72023,14.05371],[75.70598,14.05546],[75.70212,14.05344],[75.68994,14.03685],[75.68325,14.03359],[75.67428,14.00894],[75.67579,13.99643],[75.68241,13.99014],[75.68397,13.97824],[75.69012,13.97337],[75.69283,13.96417],[75.70983,13.94338],[75.69296,13.93718],[75.69425,13.93435],[75.69759,13.93596],[75.69853,13.93243],[75.69562,13.92254],[75.71166,13.92595],[75.71408,13.92285],[75.71221,13.91717],[75.70374,13.91389],[75.69873,13.91402],[75.69908,13.91082],[75.68885,13.91384],[75.68433,13.91338],[75.67713,13.91738],[75.67371,13.91352],[75.67471,13.91163],[75.67074,13.90121],[75.67102,13.89694],[75.65592,13.89956],[75.65499,13.89572],[75.6611,13.8856],[75.65767,13.885],[75.65752,13.87944],[75.65467,13.87348],[75.65114,13.86797],[75.64157,13.86722],[75.6379,13.86296],[75.63675,13.85608],[75.6314,13.85097],[75.61889,13.84437],[75.61017,13.84309],[75.6081,13.8403],[75.60978,13.83271],[75.60525,13.81903],[75.60825,13.8105],[75.60563,13.80593],[75.60415,13.79559],[75.5907,13.79561],[75.60437,13.78752],[75.60715,13.77082],[75.60486,13.7607],[75.58654,13.75943],[75.57121,13.75605],[75.56793,13.7536],[75.56698,13.74078],[75.57004,13.73464],[75.56066,13.72907],[75.5532,13.72897],[75.54186,13.72457],[75.52831,13.73118],[75.52528,13.73889],[75.52034,13.74328],[75.52172,13.75191],[75.51047,13.75534],[75.50757,13.76079],[75.50807,13.76464],[75.5029,13.7625],[75.49862,13.75684],[75.48902,13.76854],[75.49668,13.7689],[75.49695,13.7798],[75.49955,13.78179],[75.50751,13.78219],[75.51003,13.78896],[75.5035,13.79613],[75.49134,13.79682],[75.48168,13.83592],[75.4774,13.84197],[75.46646,13.8357],[75.46083,13.83856],[75.45414,13.83613],[75.45044,13.82658],[75.44751,13.82658],[75.4231,13.85344],[75.4218,13.8487],[75.40528,13.85137],[75.40437,13.85547],[75.40584,13.85854],[75.40294,13.85682],[75.40157,13.85942],[75.40492,13.86698],[75.4018,13.86538],[75.40003,13.86042],[75.39692,13.8629],[75.39872,13.88303],[75.39581,13.89907],[75.396,13.90108],[75.3994,13.90288],[75.39589,13.90374],[75.39632,13.90127],[75.39566,13.90115],[75.39546,13.89999],[75.39456,13.89991],[75.38932,13.90621],[75.39254,13.9177],[75.3703,13.92586],[75.37151,13.94695],[75.36698,13.9541],[75.35086,13.95659],[75.36193,13.97223],[75.35196,13.99325],[75.35057,14.00052],[75.34832,14.00221],[75.35152,14.00241],[75.3506,14.00715],[75.3534,14.00804],[75.35705,14.01979],[75.34215,14.01783],[75.32923,14.02895],[75.3127,14.03552],[75.31562,14.05118],[75.31328,14.05636],[75.30379,14.06837],[75.28612,14.08416],[75.28005,14.0793],[75.26642,14.08618],[75.26712,14.09713],[75.27193,14.10242],[75.27811,14.10113],[75.28233,14.11219],[75.29323,14.12751],[75.3074,14.12666],[75.31554,14.10414],[75.32857,14.11161],[75.3469,14.10998],[75.36561,14.11097],[75.36666,14.11522],[75.37177,14.11988],[75.37386,14.12724],[75.37938,14.13389],[75.37849,14.13517],[75.38248,14.1394],[75.38405,14.1294],[75.40082,14.1272],[75.39673,14.11806],[75.43552,14.10558],[75.4399,14.10242],[75.43849,14.0985],[75.45537,14.09892],[75.46622,14.10477],[75.47701,14.09963],[75.48913,14.10356],[75.49083,14.0977],[75.50624,14.09884],[75.51086,14.10144],[75.52415,14.09369],[75.52495,14.09499],[75.52799,14.09329],[75.53138,14.09778],[75.53321,14.09076],[75.53984,14.08477],[75.53881,14.08264],[75.54055,14.07966],[75.54343,14.08033],[75.54785,14.077],[75.55399,14.07892],[75.56882,14.06726],[75.58034,14.06281],[75.58547,14.05835],[75.59084,14.06355],[75.59996,14.06129],[75.6015,14.05842],[75.60506,14.05741],[75.61076,14.05979],[75.61835,14.07706]],[[75.68679,13.93289],[75.6866,13.93332],[75.68639,13.93752],[75.6782,13.9379],[75.67575,13.93632],[75.67326,13.91904],[75.68297,13.91983],[75.6859,13.92422],[75.68679,13.93289]],[[75.68713,13.93294],[75.6889,13.93243],[75.68854,13.93675],[75.68697,13.93565],[75.68713,13.93294]],[[75.60647,13.85788],[75.60978,13.8568],[75.60958,13.86276],[75.60533,13.8611],[75.60647,13.85788]]],[[[75.65918,13.89061],[75.66018,13.8891],[75.65967,13.88882],[75.65923,13.88934],[75.65918,13.89061]]],[[[75.65707,13.89711],[75.65929,13.89776],[75.6594,13.89652],[75.65707,13.89711]]],[[[75.6561,13.89597],[75.6572,13.89538],[75.65612,13.89556],[75.6561,13.89597]]]]},"properties":{"taluk":"Shivamogga","district":"Shivamogga","region_id":"subdistrict_5520","level":"taluk"}},{"type":"Feature","geometry":{"type":"Polygon","coordinates":[[[74.90238,14.51552],[74.90139,14.52937],[74.90539,14.53091],[74.91228,14.52862],[74.92841,14.52855],[74.93201,14.52282],[74.93765,14.5187],[74.94032,14.52428],[74.93902,14.52635],[74.9417,14.52745],[74.94386,14.5319],[74.94278,14.53429],[74.94511,14.53296],[74.95051,14.53668],[74.95645,14.55076],[74.95607,14.55379],[74.95458,14.55383],[74.95566,14.55467],[74.96225,14.55099],[74.97837,14.54926],[74.97788,14.53355],[74.98038,14.52563],[74.97455,14.5245],[74.97239,14.51966],[74.97365,14.5174],[74.97949,14.51684],[74.97938,14.51334],[74.9825,14.51286],[74.98817,14.5057],[74.99062,14.49584],[74.99277,14.49517],[74.99179,14.49265],[74.98461,14.48831],[74.98974,14.47224],[74.99546,14.4773],[75.00401,14.48001],[75.00867,14.48445],[75.00644,14.48805],[75.01947,14.49712],[75.03093,14.50026],[75.04078,14.50012],[75.04212,14.51531],[75.0411,14.52274],[75.03771,14.52872],[75.05223,14.53392],[75.05333,14.53872],[75.06045,14.54311],[75.06074,14.54455],[75.05484,14.54867],[75.04437,14.54576],[75.04001,14.54874],[75.03462,14.55908],[75.02391,14.56072],[75.02052,14.57287],[75.02081,14.57471],[75.02457,14.5753],[75.02554,14.57709],[75.02282,14.57931],[75.02787,14.58468],[75.02546,14.59081],[75.0247,14.60117],[75.02311,14.60194],[75.02584,14.60497],[75.02394,14.60721],[75.02639,14.60875],[75.02745,14.61597],[75.04091,14.63902],[75.05017,14.64185],[75.05045,14.64665],[75.05252,14.64872],[75.07463,14.65386],[75.08773,14.65217],[75.09921,14.65302],[75.10164,14.64401],[75.11662,14.63963],[75.1246,14.63066],[75.14222,14.63386],[75.14337,14.62042],[75.15341,14.62624],[75.15997,14.61698],[75.16447,14.62075],[75.16531,14.62577],[75.16297,14.62772],[75.16463,14.63258],[75.16942,14.63461],[75.1846,14.62349],[75.19655,14.62285],[75.20239,14.62772],[75.20303,14.63042],[75.20011,14.63546],[75.20107,14.63933],[75.20714,14.63697],[75.20781,14.63556],[75.20531,14.63403],[75.20871,14.63353],[75.20701,14.62748],[75.20799,14.62635],[75.21029,14.62779],[75.21051,14.62074],[75.20573,14.60811],[75.20527,14.59751],[75.19849,14.59663],[75.19331,14.59935],[75.18536,14.59986],[75.18124,14.59787],[75.18384,14.58586],[75.19783,14.58252],[75.19747,14.57751],[75.20735,14.5717],[75.21906,14.57923],[75.22092,14.58487],[75.22535,14.5852],[75.23093,14.57904],[75.22548,14.56705],[75.22807,14.56123],[75.23465,14.55562],[75.23977,14.55789],[75.24131,14.55566],[75.24314,14.56708],[75.24525,14.56669],[75.2438,14.57758],[75.24944,14.58118],[75.26539,14.5809],[75.27019,14.57238],[75.27506,14.56987],[75.27419,14.5657],[75.281,14.56146],[75.28499,14.56135],[75.28985,14.55626],[75.28998,14.55035],[75.29448,14.54741],[75.29527,14.54461],[75.29303,14.54412],[75.29577,14.54347],[75.29765,14.54005],[75.29566,14.53691],[75.29406,14.5372],[75.29419,14.53451],[75.29312,14.53556],[75.28963,14.53135],[75.28782,14.53292],[75.28659,14.52983],[75.28044,14.53255],[75.27948,14.53502],[75.27027,14.52747],[75.26829,14.52797],[75.26993,14.52534],[75.26722,14.51434],[75.25973,14.51758],[75.2449,14.51396],[75.24476,14.50934],[75.2478,14.50385],[75.24681,14.50138],[75.24866,14.50162],[75.25184,14.49611],[75.24512,14.49308],[75.24428,14.4879],[75.2313,14.48625],[75.22217,14.48033],[75.20906,14.47641],[75.20489,14.46816],[75.20652,14.46516],[75.19762,14.46404],[75.19555,14.46219],[75.19497,14.4482],[75.18946,14.44719],[75.1805,14.4403],[75.17812,14.43772],[75.17729,14.43207],[75.17097,14.4232],[75.16443,14.42524],[75.16403,14.42817],[75.163,14.42659],[75.16,14.42701],[75.15942,14.43158],[75.14984,14.43145],[75.15172,14.43006],[75.15227,14.4192],[75.15911,14.4138],[75.16519,14.41376],[75.16737,14.38747],[75.17393,14.38352],[75.18124,14.38122],[75.1896,14.3895],[75.19129,14.39998],[75.19022,14.40609],[75.186,14.41355],[75.19018,14.41211],[75.19251,14.40576],[75.20085,14.40518],[75.20027,14.40346],[75.2053,14.39846],[75.21681,14.40025],[75.21894,14.39391],[75.22518,14.39525],[75.23099,14.39332],[75.23194,14.38537],[75.23648,14.38627],[75.24152,14.37702],[75.23159,14.37478],[75.2239,14.35714],[75.22068,14.35535],[75.23529,14.35467],[75.23709,14.35319],[75.24319,14.34668],[75.24399,14.32625],[75.24924,14.32247],[75.26103,14.31875],[75.26703,14.30911],[75.27171,14.30652],[75.26512,14.29194],[75.25971,14.29144],[75.2602,14.28703],[75.24503,14.27893],[75.23031,14.2802],[75.22496,14.27185],[75.20811,14.28366],[75.1952,14.28632],[75.1931,14.28267],[75.18633,14.28134],[75.17687,14.27335],[75.15343,14.26192],[75.15893,14.2407],[75.14759,14.24332],[75.12289,14.23772],[75.11773,14.24385],[75.11185,14.24112],[75.09249,14.2407],[75.08539,14.22149],[75.07719,14.22172],[75.07862,14.22898],[75.08176,14.23345],[75.07485,14.23821],[75.07048,14.23655],[75.06776,14.23887],[75.06339,14.23849],[75.05627,14.25206],[75.05183,14.25441],[75.05046,14.25827],[75.04473,14.25952],[75.04572,14.26133],[75.04359,14.26268],[75.04531,14.26597],[75.04194,14.26919],[75.04182,14.27396],[75.04005,14.27293],[75.03904,14.27523],[75.03718,14.27489],[75.02196,14.28922],[75.01796,14.28839],[75.01869,14.2912],[75.01474,14.29256],[75.01116,14.29808],[75.01075,14.30019],[75.0124,14.30099],[75.00942,14.30343],[75.01177,14.30613],[75.00995,14.30753],[75.01075,14.30939],[75.00727,14.3097],[75.00623,14.31164],[75.00823,14.31258],[75.00115,14.31953],[75.00286,14.3215],[75.00209,14.3247],[74.99788,14.32599],[74.99513,14.33126],[74.99309,14.33049],[74.99369,14.33245],[74.99152,14.33173],[74.98643,14.33953],[74.98372,14.33911],[74.98211,14.34156],[74.98343,14.34281],[74.98062,14.34269],[74.9806,14.33994],[74.97859,14.34371],[74.97298,14.34332],[74.97531,14.34148],[74.9744,14.33815],[74.96078,14.34102],[74.95517,14.34976],[74.95242,14.35142],[74.95019,14.35049],[74.94894,14.35303],[74.94439,14.35404],[74.93894,14.35845],[74.94015,14.36793],[74.94553,14.37455],[74.94931,14.3761],[74.95064,14.38183],[74.94894,14.39911],[74.9448,14.40215],[74.94126,14.40066],[74.93365,14.40369],[74.91772,14.43071],[74.90947,14.43164],[74.88025,14.42935],[74.88124,14.43331],[74.87807,14.43589],[74.87809,14.44031],[74.87395,14.44726],[74.88845,14.46025],[74.89892,14.46456],[74.90888,14.45787],[74.92037,14.45894],[74.91774,14.46697],[74.8983,14.47431],[74.89368,14.47368],[74.88893,14.48002],[74.88994,14.4898],[74.89545,14.5083],[74.89885,14.50924],[74.90238,14.51552]]]},"properties":{"taluk":"Sorab","district":"Shivamogga","region_id":"subdistrict_5516","level":"taluk"}},{"type":"Feature","geometry":{"type":"MultiPolygon","coordinates":[[[[75.08611,13.61762],[75.08577,13.61943],[75.08005,13.62187],[75.07942,13.62497],[75.08525,13.62436],[75.09166,13.62773],[75.09756,13.62599],[75.10045,13.63645],[75.10842,13.63294],[75.11149,13.63545],[75.11439,13.64305],[75.12302,13.64341],[75.12947,13.64762],[75.1354,13.6472],[75.13778,13.65543],[75.1354,13.66517],[75.13808,13.6783],[75.13949,13.6791],[75.14964,13.67383],[75.1538,13.67951],[75.15416,13.6782],[75.15912,13.68248],[75.16127,13.69034],[75.15811,13.69611],[75.15313,13.69695],[75.14902,13.70246],[75.11353,13.71863],[75.11685,13.72519],[75.1049,13.73656],[75.10212,13.74248],[75.09241,13.75309],[75.08985,13.7661],[75.10425,13.77449],[75.10694,13.78189],[75.118,13.77975],[75.12601,13.79485],[75.13616,13.79224],[75.14433,13.79591],[75.14336,13.80169],[75.15005,13.8029],[75.1373,13.8158],[75.14172,13.82823],[75.1495,13.83279],[75.14921,13.8373],[75.14512,13.84126],[75.15095,13.84469],[75.15446,13.85419],[75.15742,13.85192],[75.15942,13.8465],[75.17077,13.84267],[75.17966,13.84489],[75.18752,13.83786],[75.17783,13.82035],[75.19453,13.83289],[75.19842,13.83252],[75.20718,13.83976],[75.20642,13.84288],[75.2156,13.84891],[75.21954,13.84977],[75.22265,13.84381],[75.22427,13.84572],[75.22257,13.85638],[75.22787,13.85738],[75.2247,13.85829],[75.22528,13.86168],[75.22203,13.86376],[75.22511,13.8669],[75.22478,13.87039],[75.2202,13.87477],[75.22148,13.89013],[75.21775,13.8896],[75.21513,13.89735],[75.21642,13.9003],[75.22211,13.90223],[75.23884,13.89311],[75.23527,13.88054],[75.25563,13.87715],[75.2637,13.87753],[75.26122,13.88455],[75.26374,13.89193],[75.27451,13.88659],[75.29046,13.89002],[75.29963,13.88924],[75.30697,13.88637],[75.32061,13.88939],[75.32001,13.88332],[75.32362,13.88018],[75.32525,13.87347],[75.33398,13.87095],[75.33255,13.86238],[75.3416,13.85564],[75.35443,13.85275],[75.3747,13.85373],[75.36968,13.89602],[75.3703,13.92586],[75.38491,13.92079],[75.39254,13.9177],[75.38932,13.90621],[75.39456,13.89991],[75.39546,13.89999],[75.39566,13.90115],[75.39632,13.90127],[75.39589,13.90374],[75.3994,13.90288],[75.396,13.90108],[75.39581,13.89907],[75.39872,13.88303],[75.39686,13.86337],[75.40003,13.86042],[75.4018,13.86538],[75.40492,13.86698],[75.40157,13.85942],[75.40294,13.85682],[75.40584,13.85854],[75.40437,13.85547],[75.40528,13.85137],[75.4218,13.8487],[75.4231,13.85344],[75.44751,13.82658],[75.45044,13.82658],[75.45414,13.83613],[75.46083,13.83856],[75.46646,13.8357],[75.4774,13.84197],[75.48168,13.83592],[75.49134,13.79682],[75.5035,13.79613],[75.50945,13.79065],[75.51022,13.78696],[75.50751,13.78219],[75.49955,13.78179],[75.49695,13.7798],[75.49668,13.7689],[75.48615,13.7671],[75.48963,13.76053],[75.47199,13.75081],[75.4607,13.74009],[75.46061,13.73279],[75.45566,13.72343],[75.44665,13.72203],[75.43841,13.7174],[75.42835,13.71509],[75.42261,13.70779],[75.41603,13.7054],[75.40785,13.70643],[75.40376,13.70326],[75.39056,13.70968],[75.3845,13.71098],[75.38087,13.7085],[75.38033,13.70429],[75.38414,13.70448],[75.38732,13.70038],[75.39384,13.70063],[75.39345,13.69392],[75.39726,13.69154],[75.40587,13.6709],[75.40571,13.65886],[75.41399,13.65312],[75.41012,13.64758],[75.41095,13.63933],[75.40632,13.63298],[75.40657,13.62576],[75.39313,13.62952],[75.3924,13.62444],[75.38715,13.62201],[75.38887,13.61832],[75.38725,13.6172],[75.38782,13.61423],[75.38513,13.6126],[75.37684,13.61375],[75.37976,13.61746],[75.3754,13.62194],[75.37447,13.6262],[75.36528,13.61926],[75.3677,13.61067],[75.36446,13.60687],[75.36478,13.60241],[75.37013,13.59615],[75.35362,13.5932],[75.35099,13.58587],[75.34387,13.58199],[75.34104,13.58584],[75.33158,13.58463],[75.32762,13.59124],[75.31464,13.58946],[75.3108,13.5878],[75.30825,13.58407],[75.29788,13.58325],[75.2949,13.58518],[75.28849,13.57575],[75.27924,13.57194],[75.27835,13.56407],[75.27084,13.56805],[75.26439,13.58537],[75.25899,13.58253],[75.25579,13.58347],[75.25455,13.59398],[75.24855,13.59636],[75.24469,13.60545],[75.23679,13.60206],[75.23593,13.59921],[75.23171,13.60001],[75.23062,13.60348],[75.22563,13.60585],[75.22094,13.6038],[75.22269,13.59627],[75.21191,13.58503],[75.21201,13.5808],[75.21258,13.57724],[75.22597,13.56826],[75.22098,13.55871],[75.21607,13.55837],[75.21553,13.55636],[75.21978,13.55547],[75.21797,13.55131],[75.22357,13.54829],[75.22075,13.53426],[75.22488,13.52896],[75.22309,13.52592],[75.21991,13.525],[75.21825,13.52647],[75.20697,13.5248],[75.20345,13.51751],[75.21082,13.51826],[75.21051,13.5163],[75.20558,13.51521],[75.20276,13.50899],[75.19938,13.50997],[75.19805,13.50734],[75.19525,13.50923],[75.18841,13.50911],[75.17918,13.50349],[75.1767,13.49872],[75.17087,13.50663],[75.16075,13.49745],[75.16005,13.49316],[75.14791,13.47882],[75.13645,13.47793],[75.1402,13.46306],[75.12701,13.46442],[75.11552,13.45903],[75.11127,13.46342],[75.11366,13.46999],[75.1129,13.47261],[75.11153,13.47219],[75.1083,13.47923],[75.10194,13.48475],[75.10165,13.48694],[75.09805,13.48358],[75.09236,13.48843],[75.09181,13.49135],[75.08722,13.49227],[75.08428,13.48975],[75.08171,13.49368],[75.07863,13.4947],[75.07785,13.51418],[75.07382,13.51562],[75.07847,13.52155],[75.07367,13.52417],[75.07381,13.52766],[75.07113,13.52892],[75.07069,13.53135],[75.06476,13.51954],[75.0611,13.52037],[75.06511,13.52558],[75.06774,13.53442],[75.06581,13.53734],[75.06039,13.53272],[75.05854,13.53576],[75.05372,13.53644],[75.05638,13.54207],[75.05415,13.55057],[75.05019,13.55447],[75.04559,13.5539],[75.04605,13.55856],[75.04223,13.56344],[75.03853,13.56485],[75.0372,13.57244],[75.04115,13.57487],[75.04503,13.58616],[75.05558,13.58791],[75.06185,13.59685],[75.06081,13.60706],[75.05794,13.60836],[75.05715,13.61118],[75.05398,13.61119],[75.05062,13.61601],[75.05834,13.62485],[75.05878,13.62876],[75.06192,13.62637],[75.06411,13.6277],[75.07572,13.6098],[75.07983,13.60852],[75.086,13.61601],[75.08611,13.61762]]],[[[75.08511,13.61827],[75.08518,13.61609],[75.08449,13.61631],[75.08511,13.61827]]]]},"properties":{"taluk":"Tirthahalli","district":"Shivamogga","region_id":"subdistrict_5519","level":"taluk"}},{"type":"Feature","geometry":{"type":"Polygon","coordinates":[[[76.35285,13.5797],[76.37311,13.59218],[76.37878,13.58906],[76.3815,13.57748],[76.39232,13.59066],[76.39735,13.59056],[76.39811,13.59462],[76.3997,13.59482],[76.4048,13.59092],[76.4094,13.58009],[76.41893,13.57854],[76.42558,13.58274],[76.42935,13.5924],[76.43953,13.59412],[76.45448,13.59088],[76.45538,13.59545],[76.46028,13.6005],[76.45599,13.60456],[76.45562,13.61284],[76.46107,13.62016],[76.49982,13.62276],[76.49704,13.6285],[76.51647,13.63403],[76.51809,13.6411],[76.52732,13.64809],[76.53433,13.6502],[76.53432,13.6535],[76.5294,13.66049],[76.52907,13.66714],[76.53242,13.66842],[76.53991,13.66316],[76.55414,13.68196],[76.56477,13.68447],[76.56901,13.68937],[76.57386,13.68691],[76.57729,13.69032],[76.57116,13.70825],[76.57708,13.71472],[76.58593,13.71877],[76.5965,13.72048],[76.59998,13.72499],[76.60874,13.72338],[76.61481,13.72719],[76.61339,13.72912],[76.62077,13.73437],[76.62447,13.7339],[76.62596,13.72877],[76.6249,13.72519],[76.63147,13.71354],[76.66266,13.72146],[76.67333,13.7181],[76.67233,13.70537],[76.68381,13.69167],[76.67755,13.66332],[76.69695,13.64236],[76.69963,13.62452],[76.69972,13.59665],[76.70325,13.59043],[76.71152,13.55459],[76.71209,13.54999],[76.69748,13.54128],[76.69722,13.53627],[76.69965,13.53498],[76.69938,13.5305],[76.70366,13.52845],[76.70493,13.52119],[76.71281,13.51737],[76.71135,13.51442],[76.71302,13.51284],[76.71906,13.5114],[76.72361,13.51285],[76.72628,13.50941],[76.72459,13.50455],[76.72757,13.50318],[76.72982,13.49717],[76.73011,13.4776],[76.73214,13.47637],[76.73165,13.47156],[76.7292,13.46894],[76.7338,13.45723],[76.73622,13.4598],[76.73615,13.4572],[76.74462,13.45358],[76.75744,13.45109],[76.75903,13.44205],[76.74887,13.4394],[76.75037,13.43347],[76.75276,13.43247],[76.75196,13.43043],[76.75419,13.43024],[76.75329,13.42773],[76.75962,13.41916],[76.74708,13.41174],[76.73987,13.40935],[76.73837,13.412],[76.72803,13.40756],[76.72572,13.40261],[76.7283,13.39933],[76.72238,13.39892],[76.71547,13.40262],[76.70309,13.40261],[76.71348,13.37289],[76.70885,13.37186],[76.70754,13.36941],[76.70652,13.35049],[76.70125,13.35057],[76.7007,13.34236],[76.69227,13.3464],[76.68312,13.34145],[76.67905,13.33599],[76.6634,13.33466],[76.65697,13.33189],[76.65099,13.33285],[76.64656,13.32723],[76.63964,13.32526],[76.63804,13.32639],[76.63522,13.32425],[76.63701,13.3202],[76.63213,13.31686],[76.63062,13.31756],[76.6294,13.31422],[76.62369,13.31367],[76.61338,13.31484],[76.61566,13.31679],[76.61575,13.32271],[76.61249,13.32453],[76.60483,13.32549],[76.59702,13.32396],[76.59768,13.34088],[76.58797,13.33987],[76.58357,13.33803],[76.57738,13.33132],[76.56672,13.32904],[76.55728,13.33468],[76.55141,13.33087],[76.54534,13.33569],[76.53981,13.33092],[76.54072,13.33586],[76.5434,13.3371],[76.54039,13.34341],[76.5456,13.35639],[76.5414,13.37495],[76.52274,13.37739],[76.51789,13.37973],[76.51366,13.38686],[76.5155,13.39422],[76.50519,13.39879],[76.50356,13.40349],[76.49803,13.40882],[76.4833,13.41645],[76.47351,13.41839],[76.47082,13.41236],[76.46795,13.41413],[76.46163,13.41142],[76.45982,13.41283],[76.45526,13.41198],[76.45009,13.41885],[76.44521,13.41973],[76.44003,13.41582],[76.43504,13.41493],[76.43447,13.41675],[76.4281,13.41914],[76.428,13.42282],[76.42497,13.42665],[76.41199,13.43079],[76.40924,13.43656],[76.41946,13.44958],[76.40768,13.45948],[76.41187,13.47919],[76.41531,13.48119],[76.40782,13.48435],[76.40525,13.4912],[76.39811,13.49345],[76.39633,13.49976],[76.39774,13.50618],[76.40906,13.50551],[76.41045,13.50798],[76.41541,13.50912],[76.41969,13.51996],[76.42469,13.52394],[76.40042,13.52636],[76.39775,13.52816],[76.39534,13.53599],[76.38786,13.53439],[76.37548,13.5424],[76.37045,13.54786],[76.36402,13.54722],[76.35929,13.55643],[76.35285,13.5797]]]},"properties":{"taluk":"Chiknayakanhalli","district":"Tumakuru","region_id":"subdistrict_5532","level":"taluk"}},{"type":"Feature","geometry":{"type":"MultiPolygon","coordinates":[[[[76.99915,13.34738],[76.99969,13.34111],[77.00313,13.34128],[77.00502,13.33788],[77.00048,13.32341],[76.99803,13.32411],[76.99781,13.31867],[77.00017,13.31762],[76.99901,13.30827],[76.99732,13.30268],[76.98769,13.3005],[76.98671,13.29846],[76.98751,13.28919],[76.98393,13.28638],[76.97853,13.27401],[76.98193,13.27277],[76.98247,13.26888],[76.98161,13.26648],[76.97934,13.26629],[76.97982,13.26287],[76.9776,13.26316],[76.9777,13.26182],[76.9832,13.26185],[76.98311,13.26666],[76.99,13.26877],[76.99564,13.26675],[76.99636,13.25289],[76.98943,13.24998],[76.98909,13.24597],[76.99432,13.24039],[76.99364,13.23812],[76.98668,13.23772],[76.98485,13.23252],[76.98291,13.23307],[76.98614,13.20843],[76.97787,13.20552],[76.97943,13.20093],[76.97828,13.19146],[76.97349,13.18553],[76.9656,13.18782],[76.9646,13.18261],[76.9655,13.18083],[76.9692,13.18066],[76.9763,13.18238],[76.97752,13.17934],[76.98141,13.17924],[76.98189,13.17697],[76.98069,13.16587],[76.97816,13.16523],[76.97907,13.15663],[76.97682,13.14616],[76.98037,13.14552],[76.98096,13.13512],[76.98417,13.12859],[76.97993,13.12373],[76.97014,13.12267],[76.96723,13.11531],[76.97102,13.10791],[76.98243,13.09486],[76.97237,13.09074],[76.94157,13.09635],[76.93643,13.09583],[76.93523,13.09292],[76.92573,13.09118],[76.91576,13.09254],[76.91597,13.09692],[76.91241,13.1019],[76.90255,13.10759],[76.89795,13.11404],[76.89323,13.11005],[76.8749,13.10984],[76.86903,13.11668],[76.86312,13.11749],[76.85818,13.13117],[76.85541,13.12497],[76.84657,13.12978],[76.84885,13.13071],[76.84758,13.13313],[76.84932,13.13312],[76.84922,13.13513],[76.83734,13.13568],[76.83632,13.13935],[76.8286,13.14054],[76.8264,13.15707],[76.82446,13.15978],[76.80399,13.16155],[76.80429,13.17832],[76.79962,13.17938],[76.80087,13.18941],[76.79972,13.19679],[76.79626,13.19672],[76.79794,13.19774],[76.79724,13.20767],[76.80005,13.21158],[76.81445,13.21315],[76.81476,13.21745],[76.83069,13.21736],[76.83478,13.22422],[76.83956,13.22437],[76.83876,13.23416],[76.83554,13.23474],[76.83549,13.24562],[76.83455,13.24781],[76.83106,13.24729],[76.83003,13.2564],[76.82425,13.25472],[76.82441,13.25101],[76.82119,13.25278],[76.81983,13.24635],[76.80467,13.24717],[76.80508,13.25522],[76.80377,13.2553],[76.80108,13.26909],[76.78584,13.27015],[76.78489,13.26795],[76.78139,13.26775],[76.77554,13.27791],[76.77208,13.27839],[76.77175,13.28414],[76.76367,13.28595],[76.76188,13.29583],[76.74265,13.29325],[76.74112,13.3056],[76.73822,13.30845],[76.73613,13.30647],[76.72027,13.30768],[76.71785,13.31433],[76.71012,13.316],[76.71141,13.32615],[76.71022,13.33249],[76.71204,13.33346],[76.71669,13.33154],[76.72019,13.34149],[76.71741,13.3473],[76.70652,13.35049],[76.70754,13.36941],[76.70885,13.37186],[76.71348,13.37289],[76.70309,13.40261],[76.71547,13.40262],[76.72238,13.39892],[76.7283,13.39933],[76.72572,13.40261],[76.72803,13.40756],[76.73837,13.412],[76.73987,13.40935],[76.74708,13.41174],[76.75962,13.41916],[76.75329,13.42773],[76.75419,13.43024],[76.75196,13.43043],[76.75276,13.43247],[76.75037,13.43347],[76.74887,13.4394],[76.75903,13.44205],[76.75744,13.45109],[76.74462,13.45358],[76.73615,13.4572],[76.73622,13.4598],[76.7338,13.45723],[76.7292,13.46894],[76.73165,13.47156],[76.73214,13.47637],[76.73011,13.4776],[76.72982,13.49717],[76.72757,13.50318],[76.72459,13.50455],[76.72628,13.50941],[76.72361,13.51285],[76.71906,13.5114],[76.71302,13.51284],[76.71135,13.51442],[76.71281,13.51737],[76.70493,13.52119],[76.70366,13.52845],[76.69938,13.5305],[76.69965,13.53498],[76.69722,13.53627],[76.69748,13.54128],[76.71209,13.54999],[76.70455,13.58196],[76.72352,13.57864],[76.72314,13.57581],[76.7245,13.57573],[76.72527,13.57837],[76.74229,13.58337],[76.7558,13.58418],[76.76087,13.58716],[76.77488,13.58439],[76.78247,13.58756],[76.78429,13.58676],[76.78381,13.58419],[76.78708,13.58308],[76.80179,13.58195],[76.83208,13.593],[76.83235,13.58521],[76.85416,13.58691],[76.85888,13.57949],[76.86006,13.5706],[76.85545,13.56672],[76.8825,13.56236],[76.8932,13.56638],[76.89783,13.56257],[76.91204,13.56494],[76.92042,13.55555],[76.92405,13.5446],[76.92728,13.54281],[76.92646,13.53324],[76.9203,13.52074],[76.92244,13.51823],[76.9241,13.50591],[76.92142,13.49382],[76.93408,13.4907],[76.94479,13.49409],[76.95478,13.49183],[76.96501,13.48855],[76.97261,13.47967],[76.9729,13.47145],[76.97631,13.46936],[76.97546,13.45421],[76.9773,13.44532],[76.97923,13.44481],[76.97942,13.44125],[76.98514,13.44075],[76.98488,13.43716],[76.98843,13.43539],[76.98793,13.42922],[76.99186,13.42804],[76.99121,13.41716],[76.98864,13.4173],[76.98798,13.41561],[76.98853,13.40873],[76.9972,13.40534],[76.99727,13.40394],[76.99056,13.40223],[76.99078,13.39954],[76.99549,13.40027],[76.99577,13.3961],[76.99729,13.39595],[76.99481,13.39117],[76.99652,13.38251],[76.99287,13.37419],[76.99399,13.36844],[76.99066,13.36066],[76.99182,13.35577],[76.99915,13.34738]]],[[[76.77052,13.26962],[76.76299,13.27803],[76.7645,13.28082],[76.77101,13.28093],[76.7713,13.27502],[76.7738,13.27101],[76.77052,13.26962]]]]},"properties":{"taluk":"Gubbi","district":"Tumakuru","region_id":"subdistrict_5538","level":"taluk"}},{"type":"Feature","geometry":{"type":"Polygon","coordinates":[[[77.27211,13.36419],[77.24228,13.36562],[77.24458,13.37662],[77.23285,13.38048],[77.2214,13.39244],[77.22947,13.3991],[77.22346,13.40254],[77.2153,13.41099],[77.22696,13.42498],[77.20863,13.42416],[77.20993,13.44973],[77.21359,13.45842],[77.197,13.46282],[77.19772,13.46819],[77.19348,13.47444],[77.18849,13.4767],[77.18416,13.47535],[77.17458,13.47887],[77.17296,13.47765],[77.17311,13.47296],[77.15953,13.46914],[77.15337,13.47311],[77.15193,13.48141],[77.15026,13.48359],[77.14694,13.48293],[77.14845,13.49124],[77.15293,13.49605],[77.15149,13.50178],[77.13547,13.50409],[77.13737,13.50511],[77.13349,13.50577],[77.13464,13.50449],[77.11586,13.50564],[77.11424,13.51387],[77.09658,13.51667],[77.09622,13.51928],[77.07997,13.51932],[77.07681,13.52427],[77.07289,13.52611],[77.07152,13.53149],[77.05887,13.53593],[77.0623,13.54399],[77.06032,13.54803],[77.04789,13.54915],[77.03798,13.55683],[77.03467,13.56263],[77.03911,13.57015],[77.02316,13.57587],[77.02729,13.5878],[77.03397,13.58979],[77.04792,13.58349],[77.07676,13.58522],[77.0955,13.58145],[77.09829,13.58171],[77.1049,13.58909],[77.11991,13.59335],[77.1308,13.59335],[77.13892,13.5969],[77.14658,13.58938],[77.15002,13.58866],[77.16878,13.59058],[77.18557,13.60126],[77.20139,13.59718],[77.21961,13.59687],[77.23146,13.60243],[77.24184,13.60232],[77.24273,13.60746],[77.24446,13.60734],[77.24296,13.61315],[77.25197,13.6132],[77.25607,13.6159],[77.26001,13.62346],[77.26768,13.62402],[77.28354,13.61368],[77.28595,13.60678],[77.27985,13.59525],[77.28347,13.59102],[77.28971,13.58786],[77.29366,13.59989],[77.29921,13.60834],[77.30427,13.61173],[77.3128,13.60314],[77.31797,13.60906],[77.33297,13.608],[77.33715,13.60552],[77.36241,13.60572],[77.36278,13.6022],[77.36477,13.60189],[77.36366,13.59015],[77.36976,13.58847],[77.3744,13.58985],[77.37948,13.57798],[77.38299,13.57497],[77.38455,13.55142],[77.38329,13.54907],[77.37967,13.55009],[77.37971,13.548],[77.38282,13.53678],[77.39055,13.53626],[77.39169,13.52876],[77.39061,13.51903],[77.38167,13.51472],[77.3826,13.50095],[77.38467,13.49886],[77.37857,13.49323],[77.37626,13.48434],[77.37296,13.48322],[77.3708,13.47792],[77.3736,13.47085],[77.36704,13.46966],[77.36556,13.46208],[77.35615,13.46197],[77.34891,13.4572],[77.34887,13.44559],[77.35424,13.43915],[77.36267,13.43604],[77.36509,13.42656],[77.3618,13.41513],[77.35632,13.41423],[77.34729,13.41802],[77.3419,13.40162],[77.34358,13.38523],[77.33916,13.37434],[77.34537,13.37326],[77.34159,13.35737],[77.34246,13.35027],[77.34594,13.34928],[77.34379,13.33759],[77.33927,13.33425],[77.33851,13.32883],[77.32983,13.33021],[77.32033,13.32373],[77.31199,13.32063],[77.31117,13.31865],[77.30933,13.31904],[77.30094,13.32264],[77.30113,13.3252],[77.29569,13.32555],[77.29699,13.33761],[77.28886,13.33666],[77.28447,13.33801],[77.28242,13.34234],[77.28446,13.34283],[77.28157,13.34355],[77.29117,13.35191],[77.29138,13.35421],[77.29852,13.35627],[77.29818,13.35817],[77.29359,13.35955],[77.2892,13.35841],[77.28725,13.36088],[77.28274,13.36193],[77.27952,13.36604],[77.27484,13.36746],[77.27217,13.36705],[77.27211,13.36419]]]},"properties":{"taluk":"Koratagere","district":"Tumakuru","region_id":"subdistrict_5536","level":"taluk"}},{"type":"Feature","geometry":{"type":"MultiPolygon","coordinates":[[[[77.1368,12.90662],[77.13637,12.90144],[77.13235,12.89793],[77.12443,12.90163],[77.12304,12.90117],[77.12342,12.89716],[77.12056,12.89705],[77.12032,12.89983],[77.11004,12.89299],[77.10566,12.89259],[77.10725,12.88908],[77.11898,12.88421],[77.12342,12.88801],[77.13319,12.88825],[77.13226,12.87929],[77.13452,12.87823],[77.13297,12.85879],[77.13576,12.86075],[77.13559,12.8567],[77.13841,12.85288],[77.14923,12.84825],[77.14804,12.841],[77.14834,12.8369],[77.15089,12.83407],[77.15005,12.83035],[77.15356,12.83082],[77.15721,12.82732],[77.14653,12.81948],[77.14245,12.82044],[77.13804,12.81274],[77.15122,12.79351],[77.15057,12.78844],[77.14115,12.78178],[77.13648,12.78328],[77.12284,12.77393],[77.11076,12.77715],[77.10792,12.78015],[77.10027,12.77723],[77.09437,12.77125],[77.09177,12.76468],[77.09202,12.7511],[77.086,12.75115],[77.08761,12.75358],[77.08363,12.75857],[77.07986,12.75969],[77.07857,12.75465],[77.08003,12.74733],[77.0767,12.74605],[77.072,12.75666],[77.06783,12.75953],[77.06074,12.756],[77.06056,12.75272],[77.05649,12.7527],[77.04911,12.74775],[77.04933,12.75412],[77.04394,12.77762],[77.03574,12.76951],[77.02709,12.76555],[77.02602,12.76253],[77.01645,12.7623],[77.00854,12.76395],[77.00686,12.77379],[77.00978,12.78116],[76.99872,12.77708],[76.99066,12.78777],[76.97648,12.79245],[76.97359,12.80131],[76.96093,12.80279],[76.95049,12.8001],[76.94187,12.80463],[76.93526,12.79911],[76.92682,12.80192],[76.92107,12.80702],[76.91988,12.81183],[76.91685,12.81463],[76.91685,12.81896],[76.90755,12.82652],[76.90661,12.83423],[76.9003,12.84507],[76.8913,12.85002],[76.89356,12.87435],[76.891,12.87948],[76.89218,12.882],[76.88857,12.8974],[76.87285,12.8975],[76.8728,12.89973],[76.87071,12.89937],[76.86555,12.90507],[76.86461,12.91345],[76.86791,12.91858],[76.87366,12.91815],[76.88333,12.9207],[76.8903,12.91883],[76.89711,12.92102],[76.89373,12.925],[76.89185,12.93303],[76.88076,12.93357],[76.86205,12.92827],[76.86262,12.93437],[76.85706,12.93794],[76.84928,12.93841],[76.84869,12.94399],[76.84234,12.94146],[76.83562,12.94343],[76.84181,12.96574],[76.83938,12.97311],[76.85058,12.97467],[76.85146,12.97803],[76.85051,12.98038],[76.84519,12.98308],[76.84395,12.98686],[76.82633,12.99898],[76.82873,13.00149],[76.83477,13.00296],[76.83583,13.00883],[76.83896,13.01224],[76.83807,13.01532],[76.83296,13.01482],[76.82935,13.01831],[76.8331,13.03099],[76.837,13.03448],[76.83568,13.03888],[76.83122,13.04351],[76.83287,13.04932],[76.83424,13.05166],[76.84942,13.05116],[76.84889,13.04278],[76.85077,13.0375],[76.8557,13.03572],[76.85886,13.03838],[76.86639,13.04017],[76.86797,13.05057],[76.87596,13.05241],[76.88166,13.06201],[76.89429,13.06576],[76.90129,13.06583],[76.90486,13.07664],[76.90699,13.07708],[76.9065,13.08754],[76.91542,13.08865],[76.91571,13.09255],[76.92573,13.09118],[76.93523,13.09292],[76.93643,13.09583],[76.94157,13.09635],[76.97237,13.09074],[76.98243,13.09486],[76.97102,13.10791],[76.96723,13.11531],[76.97014,13.12267],[76.97993,13.12373],[76.9842,13.12877],[76.99559,13.12392],[77.00186,13.12795],[77.00501,13.11495],[77.01764,13.11095],[77.02257,13.11884],[77.02421,13.13],[77.03817,13.12455],[77.03832,13.12109],[77.04363,13.11999],[77.05412,13.12332],[77.05441,13.12869],[77.05782,13.1283],[77.0582,13.13047],[77.06317,13.13105],[77.06324,13.13306],[77.07827,13.13432],[77.07927,13.13157],[77.07121,13.13137],[77.06991,13.12083],[77.07075,13.11475],[77.07279,13.1148],[77.07455,13.10301],[77.0772,13.09595],[77.0796,13.0947],[77.08172,13.08642],[77.07499,13.06954],[77.07016,13.06653],[77.07432,13.06624],[77.07382,13.06053],[77.0807,13.06255],[77.07735,13.06101],[77.07752,13.05771],[77.07471,13.05696],[77.06967,13.03971],[77.08209,13.03986],[77.08961,13.02956],[77.09382,13.03029],[77.0929,13.02699],[77.10891,13.02296],[77.11813,13.01448],[77.11652,13.00985],[77.10289,13.00722],[77.10107,13.0008],[77.09757,12.99818],[77.10322,12.99283],[77.10552,12.99342],[77.10657,12.99659],[77.12888,12.99537],[77.12974,12.99884],[77.12334,13.00361],[77.12369,13.00672],[77.13173,13.00582],[77.1367,13.00159],[77.13564,12.9963],[77.14225,12.99198],[77.14469,12.98616],[77.14237,12.9866],[77.14175,12.98437],[77.13279,12.98615],[77.1311,12.97575],[77.14323,12.96348],[77.1569,12.95817],[77.15702,12.94208],[77.16519,12.92887],[77.15793,12.91372],[77.15282,12.91479],[77.152,12.91657],[77.14149,12.91634],[77.1368,12.90662]]],[[[77.0835,13.07147],[77.07952,13.06884],[77.08116,13.07256],[77.0835,13.07147]]]]},"properties":{"taluk":"Kunigal","district":"Tumakuru","region_id":"subdistrict_5541","level":"taluk"}},{"type":"Feature","geometry":{"type":"Polygon","coordinates":[[[77.4608,13.80265],[77.45679,13.78856],[77.46154,13.78798],[77.46021,13.78055],[77.46441,13.76953],[77.46503,13.75871],[77.47046,13.75805],[77.4678,13.75309],[77.46437,13.73396],[77.46506,13.71107],[77.45009,13.71136],[77.45288,13.69592],[77.45471,13.69532],[77.45578,13.69098],[77.45536,13.68283],[77.4371,13.68412],[77.43548,13.67325],[77.40349,13.67627],[77.39717,13.67454],[77.3945,13.66554],[77.38416,13.66154],[77.3768,13.64971],[77.3784,13.64509],[77.37446,13.64174],[77.36999,13.64202],[77.36685,13.63751],[77.36958,13.63376],[77.36222,13.62488],[77.36022,13.6131],[77.36241,13.60572],[77.33715,13.60552],[77.33297,13.608],[77.31797,13.60906],[77.3128,13.60314],[77.30427,13.61173],[77.29921,13.60834],[77.29366,13.59989],[77.28971,13.58786],[77.28347,13.59102],[77.27985,13.59525],[77.28595,13.60678],[77.28354,13.61368],[77.26768,13.62402],[77.26001,13.62346],[77.25607,13.6159],[77.25197,13.6132],[77.24296,13.61315],[77.24446,13.60734],[77.24273,13.60746],[77.24184,13.60232],[77.23146,13.60243],[77.21961,13.59687],[77.20139,13.59718],[77.18557,13.60126],[77.16878,13.59058],[77.15002,13.58866],[77.14658,13.58938],[77.13892,13.5969],[77.1308,13.59335],[77.11991,13.59335],[77.1049,13.58909],[77.09829,13.58171],[77.0955,13.58145],[77.07676,13.58522],[77.04792,13.58349],[77.03397,13.58979],[77.02729,13.5878],[77.0311,13.59469],[77.03069,13.60884],[77.02907,13.6245],[77.02417,13.64193],[77.02631,13.64896],[77.024,13.67316],[77.01525,13.67491],[77.01418,13.68019],[77.01173,13.68051],[77.00884,13.70056],[77.01267,13.70473],[77.02409,13.70631],[77.02953,13.70968],[77.02911,13.72423],[77.02163,13.72266],[77.01384,13.73885],[77.0166,13.73821],[77.01705,13.74715],[77.019,13.7492],[77.01727,13.75557],[77.02344,13.76915],[77.02429,13.7791],[77.04303,13.77774],[77.04352,13.7709],[77.04703,13.77061],[77.0522,13.762],[77.05869,13.76002],[77.05766,13.75265],[77.05971,13.75259],[77.06119,13.74742],[77.06513,13.74483],[77.08537,13.74319],[77.08332,13.74899],[77.08526,13.76151],[77.08976,13.76247],[77.09047,13.76718],[77.10774,13.76732],[77.11808,13.76466],[77.12082,13.76179],[77.13691,13.75848],[77.14104,13.76527],[77.15133,13.76636],[77.17336,13.76206],[77.17906,13.78292],[77.17333,13.78541],[77.16375,13.79615],[77.16224,13.80437],[77.15779,13.8056],[77.16239,13.80827],[77.15963,13.81627],[77.16287,13.81658],[77.16775,13.82077],[77.17059,13.82765],[77.16974,13.82971],[77.16457,13.83265],[77.15328,13.83416],[77.15467,13.84447],[77.13975,13.84689],[77.13229,13.8463],[77.12819,13.85617],[77.13673,13.85661],[77.14564,13.86808],[77.1607,13.86576],[77.16737,13.86232],[77.16841,13.86371],[77.17159,13.86996],[77.16883,13.89009],[77.16218,13.89887],[77.16224,13.90697],[77.16972,13.92016],[77.185,13.92459],[77.18842,13.9128],[77.19068,13.91153],[77.18616,13.89343],[77.18585,13.87709],[77.18178,13.87001],[77.2006,13.86336],[77.21021,13.87807],[77.20978,13.8842],[77.21525,13.88582],[77.21685,13.88407],[77.21522,13.86754],[77.21981,13.8679],[77.22469,13.88273],[77.22647,13.88181],[77.23007,13.89204],[77.23111,13.90284],[77.23558,13.90439],[77.23653,13.90116],[77.24517,13.90358],[77.24862,13.90144],[77.24831,13.88758],[77.24513,13.88394],[77.24764,13.88068],[77.24865,13.87274],[77.24654,13.86768],[77.25895,13.86243],[77.25617,13.85154],[77.25709,13.84662],[77.28018,13.85094],[77.29023,13.84782],[77.29499,13.85763],[77.29637,13.85683],[77.30334,13.86185],[77.31021,13.86324],[77.31106,13.86689],[77.31634,13.86327],[77.31875,13.85694],[77.32117,13.85623],[77.32124,13.84697],[77.32488,13.84534],[77.32304,13.83977],[77.3244,13.83959],[77.32551,13.83278],[77.33682,13.83266],[77.34536,13.84101],[77.3531,13.8455],[77.35713,13.85108],[77.36302,13.854],[77.37657,13.85092],[77.38084,13.84718],[77.37951,13.84001],[77.38632,13.83854],[77.40141,13.84061],[77.4159,13.83906],[77.42175,13.84159],[77.42725,13.84091],[77.42995,13.84485],[77.43377,13.8429],[77.43239,13.83694],[77.42808,13.83187],[77.42893,13.82745],[77.42408,13.82331],[77.41746,13.80655],[77.4195,13.80944],[77.42866,13.80666],[77.42824,13.80336],[77.42382,13.80139],[77.42261,13.79878],[77.43311,13.79597],[77.43727,13.79606],[77.44069,13.80575],[77.44543,13.81051],[77.4539,13.80949],[77.45713,13.8071],[77.46473,13.80749],[77.46493,13.80245],[77.4608,13.80265]]]},"properties":{"taluk":"Madhugiri","district":"Tumakuru","region_id":"subdistrict_5535","level":"taluk"}},{"type":"Feature","geometry":{"type":"Polygon","coordinates":[[[77.06917,14.05209],[77.04254,14.05729],[77.03183,14.05707],[77.02566,14.06601],[77.02884,14.07768],[77.02872,14.08874],[77.02443,14.08951],[77.023,14.09253],[77.01693,14.09477],[77.01918,14.09652],[77.01384,14.09967],[77.02426,14.11294],[77.02185,14.12242],[77.02593,14.12404],[77.0262,14.13011],[77.02086,14.13123],[77.02045,14.15124],[77.0222,14.15273],[77.02071,14.15699],[77.0262,14.17468],[77.02244,14.1773],[77.02414,14.18682],[77.01556,14.19367],[77.00244,14.19848],[77.00588,14.20744],[77.00677,14.219],[77.00066,14.22243],[77.00134,14.22468],[76.99892,14.22903],[77.00501,14.23072],[77.00564,14.2359],[77.00852,14.23782],[77.03077,14.24231],[77.03058,14.2441],[77.03639,14.24471],[77.03597,14.24679],[77.04398,14.24649],[77.05822,14.24392],[77.05745,14.24068],[77.06041,14.23591],[77.06143,14.22914],[77.06981,14.23172],[77.07643,14.22342],[77.08022,14.2132],[77.1037,14.22003],[77.10726,14.21956],[77.11532,14.22327],[77.11684,14.22612],[77.11639,14.23733],[77.11928,14.24373],[77.11748,14.25067],[77.11432,14.25298],[77.11808,14.25623],[77.11964,14.26266],[77.11117,14.26155],[77.11205,14.26517],[77.11006,14.26832],[77.11557,14.27385],[77.11552,14.29287],[77.12431,14.29861],[77.12957,14.30486],[77.13588,14.32318],[77.13659,14.33148],[77.13484,14.33606],[77.13967,14.33996],[77.15293,14.33955],[77.1534,14.34152],[77.15495,14.34028],[77.15691,14.34191],[77.16552,14.34182],[77.16516,14.33806],[77.16881,14.33793],[77.16986,14.33502],[77.17832,14.33493],[77.18122,14.33029],[77.18438,14.33242],[77.19736,14.32104],[77.21458,14.31856],[77.22879,14.32161],[77.23359,14.31812],[77.23975,14.31729],[77.24521,14.31751],[77.25389,14.32233],[77.25388,14.32556],[77.25872,14.32771],[77.25824,14.33079],[77.26246,14.33259],[77.26925,14.33205],[77.27526,14.33475],[77.27676,14.33731],[77.28482,14.33768],[77.28684,14.34035],[77.28943,14.31032],[77.28852,14.30029],[77.2829,14.28719],[77.28342,14.28222],[77.3049,14.28339],[77.33048,14.28007],[77.33851,14.27728],[77.36331,14.27605],[77.36144,14.27153],[77.36249,14.26048],[77.36497,14.25466],[77.36041,14.2344],[77.37743,14.22793],[77.38406,14.22064],[77.38296,14.20754],[77.38766,14.20217],[77.38724,14.19972],[77.3905,14.19908],[77.40981,14.20591],[77.41409,14.20527],[77.41886,14.21141],[77.41752,14.22564],[77.41182,14.22758],[77.41122,14.23221],[77.4091,14.23166],[77.4086,14.25997],[77.407,14.25976],[77.4051,14.26686],[77.39534,14.26636],[77.38815,14.2697],[77.38686,14.2725],[77.38993,14.27898],[77.38846,14.28224],[77.38677,14.28189],[77.3841,14.29576],[77.37761,14.30133],[77.37691,14.3041],[77.37924,14.32163],[77.38998,14.33321],[77.40061,14.33734],[77.41259,14.33742],[77.4204,14.33252],[77.42331,14.32814],[77.42822,14.32916],[77.43096,14.31327],[77.44301,14.31802],[77.44658,14.31746],[77.44494,14.2954],[77.44834,14.28263],[77.45055,14.28275],[77.4499,14.28081],[77.45726,14.28013],[77.46375,14.28213],[77.47944,14.29295],[77.48349,14.29057],[77.48734,14.28195],[77.49053,14.28214],[77.49158,14.27814],[77.49823,14.27955],[77.50395,14.26416],[77.50142,14.26218],[77.50301,14.25878],[77.50042,14.24746],[77.49629,14.23637],[77.49214,14.2343],[77.49357,14.23322],[77.49236,14.23086],[77.495,14.23117],[77.49393,14.22471],[77.50291,14.20834],[77.50121,14.20316],[77.504,14.19237],[77.51558,14.1867],[77.51674,14.18342],[77.51458,14.18202],[77.51352,14.17611],[77.50378,14.15772],[77.49007,14.16296],[77.48677,14.16206],[77.48107,14.16474],[77.46761,14.1653],[77.46695,14.17212],[77.45749,14.17],[77.44561,14.17213],[77.42969,14.17092],[77.42302,14.17361],[77.42268,14.17675],[77.42035,14.17688],[77.40584,14.17196],[77.39398,14.17429],[77.39718,14.16975],[77.39763,14.16008],[77.38904,14.15961],[77.38763,14.15383],[77.3849,14.15328],[77.3802,14.13683],[77.36338,14.13113],[77.35535,14.12992],[77.35197,14.1312],[77.35107,14.12809],[77.35092,14.11862],[77.34884,14.11394],[77.34985,14.10932],[77.34694,14.10569],[77.34694,14.10378],[77.34982,14.10309],[77.35307,14.10878],[77.36284,14.11548],[77.37657,14.119],[77.3802,14.12274],[77.38842,14.12608],[77.39665,14.12535],[77.39649,14.12333],[77.40056,14.12016],[77.39751,14.10977],[77.38497,14.09638],[77.38118,14.09794],[77.37515,14.07887],[77.36336,14.07309],[77.35964,14.06211],[77.35383,14.06252],[77.34444,14.05936],[77.34049,14.0602],[77.33505,14.04568],[77.33219,14.03094],[77.37417,14.01834],[77.38667,14.01546],[77.3897,14.01641],[77.38817,14.00646],[77.37949,13.99013],[77.38135,13.97593],[77.39587,13.98369],[77.40974,13.98366],[77.42693,13.98675],[77.42864,13.98302],[77.43659,13.981],[77.43997,13.97579],[77.43637,13.95995],[77.43611,13.95651],[77.43803,13.95556],[77.43567,13.94838],[77.42974,13.94495],[77.41163,13.94551],[77.41507,13.93548],[77.41584,13.924],[77.43066,13.92085],[77.43403,13.91753],[77.43455,13.91203],[77.42246,13.90284],[77.42071,13.89946],[77.41089,13.89666],[77.40566,13.88924],[77.39889,13.88821],[77.4,13.89594],[77.39791,13.90637],[77.36733,13.90321],[77.35433,13.90424],[77.35283,13.91375],[77.35025,13.91323],[77.34747,13.91556],[77.36547,13.94702],[77.37182,13.95353],[77.35071,13.95823],[77.35314,13.96252],[77.35212,13.96777],[77.35481,13.97715],[77.35932,13.98367],[77.36062,13.99044],[77.34748,13.99464],[77.34828,13.99676],[77.34686,13.99408],[77.33667,13.99579],[77.3374,14.0052],[77.32962,14.01267],[77.32172,14.02448],[77.3222,14.03042],[77.30656,14.03198],[77.29824,14.02185],[77.29146,14.02009],[77.28191,14.01325],[77.27584,14.013],[77.27902,14.03206],[77.277,14.0326],[77.27749,14.03446],[77.27251,14.03464],[77.26595,14.03159],[77.26491,14.02923],[77.26058,14.02929],[77.25619,14.02265],[77.24856,14.01874],[77.24533,14.01171],[77.22207,14.01399],[77.21567,14.0099],[77.20253,14.00796],[77.17289,14.01272],[77.17091,14.012],[77.17318,14.00096],[77.15107,14.0009],[77.14148,14.00377],[77.14087,14.01831],[77.13664,14.02159],[77.13161,14.04522],[77.12689,14.04748],[77.10091,14.04486],[77.09413,14.04223],[77.0796,14.04268],[77.07569,14.04374],[77.07642,14.05337],[77.06917,14.05209]]]},"properties":{"taluk":"Pavagada","district":"Tumakuru","region_id":"subdistrict_5534","level":"taluk"}},{"type":"Feature","geometry":{"type":"Polygon","coordinates":[[[76.93408,13.4907],[76.92142,13.49382],[76.9241,13.50591],[76.92244,13.51823],[76.9203,13.52074],[76.92646,13.53324],[76.92728,13.54281],[76.92405,13.5446],[76.92042,13.55555],[76.91204,13.56494],[76.89783,13.56257],[76.8932,13.56638],[76.8825,13.56236],[76.85545,13.56672],[76.86006,13.5706],[76.85888,13.57949],[76.85416,13.58691],[76.83235,13.58521],[76.83208,13.593],[76.80179,13.58195],[76.78708,13.58308],[76.78381,13.58419],[76.78429,13.58676],[76.78247,13.58756],[76.77488,13.58439],[76.76087,13.58716],[76.7558,13.58418],[76.74229,13.58337],[76.72527,13.57837],[76.7245,13.57573],[76.72314,13.57581],[76.72352,13.57864],[76.70455,13.58196],[76.70325,13.59043],[76.69949,13.5982],[76.69963,13.62452],[76.69695,13.64236],[76.67755,13.66332],[76.68381,13.69167],[76.67683,13.69956],[76.68409,13.70285],[76.69202,13.69684],[76.69148,13.73059],[76.68925,13.72881],[76.68425,13.7306],[76.68736,13.74563],[76.69085,13.75184],[76.69584,13.75485],[76.69781,13.76036],[76.69445,13.76328],[76.69711,13.76538],[76.69758,13.77008],[76.70056,13.77394],[76.70562,13.77528],[76.7074,13.78058],[76.71489,13.78574],[76.71768,13.79603],[76.72412,13.79976],[76.72795,13.79691],[76.72717,13.79219],[76.73054,13.78409],[76.75963,13.78148],[76.76463,13.78227],[76.76951,13.79629],[76.76893,13.80536],[76.76375,13.82164],[76.76748,13.83529],[76.76317,13.83457],[76.73654,13.86859],[76.73115,13.88131],[76.72882,13.88142],[76.72285,13.89041],[76.7211,13.89509],[76.72266,13.89864],[76.75274,13.90695],[76.74966,13.91598],[76.75202,13.91948],[76.76268,13.92146],[76.76418,13.92381],[76.77934,13.92436],[76.79142,13.92119],[76.80158,13.9161],[76.81482,13.91555],[76.81413,13.93637],[76.81953,13.93693],[76.82234,13.95048],[76.84939,13.96533],[76.84904,13.98074],[76.83931,13.98701],[76.82327,13.99377],[76.82206,14.00059],[76.83334,14.00317],[76.83666,14.01786],[76.85687,14.016],[76.87282,14.00976],[76.87605,14.0191],[76.87978,14.01854],[76.88677,14.039],[76.8868,14.04643],[76.89881,14.05737],[76.90966,14.0637],[76.92284,14.05654],[76.92449,14.06792],[76.92865,14.07808],[76.94274,14.08917],[76.95074,14.09209],[76.95905,14.09165],[76.97356,14.0837],[76.97755,14.07095],[76.97659,14.06548],[76.97189,14.05852],[76.95853,14.05752],[76.94997,14.05366],[76.93199,14.05451],[76.93338,14.04445],[76.93062,14.03088],[76.93431,14.03316],[76.94033,14.02969],[76.94379,14.02997],[76.94502,14.02102],[76.95004,14.01459],[76.96591,14.01125],[76.99502,13.99092],[76.9993,13.98993],[76.99357,13.96279],[77.00583,13.95669],[77.01379,13.9555],[77.02385,13.94032],[77.03664,13.93711],[77.03999,13.93384],[77.0468,13.90591],[77.03124,13.90532],[77.022,13.90279],[77.02333,13.89586],[77.02049,13.89257],[77.01951,13.88715],[77.01613,13.88458],[77.01844,13.87229],[77.01315,13.87154],[77.01199,13.86389],[77.01394,13.85881],[77.00566,13.8515],[77.00454,13.85255],[76.99588,13.8484],[76.99241,13.84898],[76.99039,13.83724],[76.98669,13.83191],[76.97807,13.82676],[76.97639,13.81789],[76.98979,13.8131],[76.99139,13.80289],[76.98992,13.79575],[76.98487,13.79074],[76.9916,13.7767],[76.994,13.76019],[76.99805,13.75364],[76.99601,13.75373],[76.99719,13.74734],[77.01361,13.73925],[77.02163,13.72266],[77.02911,13.72423],[77.02953,13.70968],[77.02409,13.70631],[77.0121,13.70441],[77.00884,13.70056],[77.00972,13.69004],[77.01173,13.68051],[77.01418,13.68019],[77.01525,13.67491],[77.024,13.67316],[77.02631,13.64896],[77.02417,13.64193],[77.02907,13.6245],[77.0311,13.59469],[77.02455,13.58252],[77.02316,13.57587],[77.03911,13.57015],[77.03467,13.56263],[77.03798,13.55683],[77.04721,13.54948],[77.04866,13.53699],[77.03891,13.54034],[77.02716,13.53381],[77.02729,13.53143],[77.02246,13.53425],[77.00979,13.53577],[77.01239,13.54223],[77.00076,13.54294],[77.00094,13.53671],[76.99719,13.53817],[77.00017,13.53232],[77.00013,13.52745],[76.99242,13.52817],[76.99203,13.51586],[76.99555,13.51338],[76.99721,13.51414],[76.98849,13.50252],[76.9651,13.48845],[76.94479,13.49409],[76.93408,13.4907]]]},"properties":{"taluk":"Sira","district":"Tumakuru","region_id":"subdistrict_5533","level":"taluk"}},{"type":"Feature","geometry":{"type":"Polygon","coordinates":[[[76.63704,13.28129],[76.61801,13.28411],[76.61708,13.27873],[76.62067,13.26481],[76.63214,13.25495],[76.61947,13.24534],[76.6198,13.23906],[76.61687,13.23887],[76.61595,13.24145],[76.61188,13.24081],[76.6107,13.24257],[76.60543,13.24298],[76.60388,13.23932],[76.60219,13.23971],[76.59633,13.23262],[76.59549,13.22671],[76.58987,13.22221],[76.58915,13.21903],[76.59079,13.21038],[76.60029,13.20958],[76.60575,13.21117],[76.61189,13.20728],[76.60975,13.1903],[76.60652,13.1901],[76.60026,13.18432],[76.59501,13.17326],[76.59543,13.154],[76.58973,13.14498],[76.58355,13.14478],[76.58298,13.15109],[76.57029,13.14984],[76.56618,13.15153],[76.56693,13.1297],[76.56494,13.12386],[76.55998,13.12204],[76.55653,13.11304],[76.56132,13.11098],[76.55191,13.09716],[76.55342,13.07675],[76.5226,13.07824],[76.52142,13.07271],[76.5156,13.06897],[76.49616,13.08609],[76.49512,13.09443],[76.49067,13.09468],[76.48196,13.09124],[76.47242,13.09302],[76.46877,13.12002],[76.47014,13.12088],[76.46981,13.13667],[76.47337,13.14978],[76.46429,13.15092],[76.45841,13.14925],[76.4552,13.15079],[76.45428,13.15506],[76.44671,13.16377],[76.44514,13.16931],[76.42877,13.17213],[76.42672,13.18195],[76.42082,13.18597],[76.41616,13.18587],[76.41334,13.19125],[76.40786,13.19251],[76.39375,13.1889],[76.39392,13.19741],[76.37,13.20009],[76.36952,13.21263],[76.37656,13.21612],[76.379,13.22032],[76.37995,13.23231],[76.36428,13.23476],[76.36413,13.24465],[76.36198,13.24959],[76.35664,13.25047],[76.35842,13.26177],[76.3551,13.26393],[76.35761,13.27604],[76.35723,13.28682],[76.34707,13.29749],[76.34963,13.29653],[76.34767,13.30192],[76.34898,13.31827],[76.35244,13.33087],[76.34659,13.34498],[76.34595,13.35993],[76.3492,13.36151],[76.38287,13.36397],[76.38209,13.3702],[76.386,13.3699],[76.39351,13.37884],[76.39246,13.39048],[76.38967,13.39454],[76.39742,13.40423],[76.40066,13.42301],[76.40547,13.42741],[76.40427,13.43101],[76.40924,13.43656],[76.41199,13.43079],[76.42497,13.42665],[76.428,13.42282],[76.4281,13.41914],[76.43447,13.41675],[76.43504,13.41493],[76.44003,13.41582],[76.44521,13.41973],[76.45009,13.41885],[76.45526,13.41198],[76.45982,13.41283],[76.46163,13.41142],[76.46795,13.41413],[76.47082,13.41236],[76.47351,13.41839],[76.4833,13.41645],[76.49803,13.40882],[76.50356,13.40349],[76.50519,13.39879],[76.5155,13.39422],[76.51366,13.38686],[76.51789,13.37973],[76.52274,13.37739],[76.5414,13.37495],[76.5456,13.35639],[76.54039,13.34341],[76.5434,13.3371],[76.54072,13.33586],[76.53981,13.33092],[76.54534,13.33569],[76.55141,13.33087],[76.55728,13.33468],[76.56672,13.32904],[76.57738,13.33132],[76.58357,13.33803],[76.58797,13.33987],[76.59768,13.34088],[76.59702,13.32396],[76.60483,13.32549],[76.61249,13.32453],[76.61575,13.32271],[76.61566,13.31679],[76.61338,13.31484],[76.62369,13.31367],[76.6294,13.31422],[76.63062,13.31756],[76.63213,13.31686],[76.63701,13.3202],[76.63522,13.32425],[76.63804,13.32639],[76.63964,13.32526],[76.64656,13.32723],[76.65099,13.33285],[76.65697,13.33189],[76.6634,13.33466],[76.67905,13.33599],[76.68312,13.34145],[76.69227,13.3464],[76.7007,13.34236],[76.70125,13.35057],[76.71053,13.35036],[76.71741,13.3473],[76.72019,13.34149],[76.71669,13.33154],[76.71204,13.33346],[76.71022,13.33249],[76.71141,13.32615],[76.70989,13.31658],[76.71785,13.31433],[76.71919,13.30853],[76.72335,13.30748],[76.72322,13.30597],[76.71671,13.30325],[76.69115,13.3024],[76.68871,13.29605],[76.69178,13.28871],[76.69033,13.27417],[76.67885,13.27447],[76.67791,13.2775],[76.66569,13.2823],[76.66351,13.27608],[76.64477,13.27219],[76.63541,13.27279],[76.6339,13.27501],[76.64841,13.2783],[76.65007,13.28033],[76.6492,13.28522],[76.64529,13.28635],[76.63704,13.28129]],[[76.52622,13.12345],[76.51782,13.11604],[76.51688,13.10728],[76.51451,13.10696],[76.51692,13.10248],[76.53502,13.10656],[76.54145,13.10613],[76.54029,13.1175],[76.52882,13.12079],[76.52622,13.12345]]]},"properties":{"taluk":"Tiptur","district":"Tumakuru","region_id":"subdistrict_5539","level":"taluk"}},{"type":"Feature","geometry":{"type":"Polygon","coordinates":[[[76.99829,13.34877],[76.99182,13.35577],[76.99066,13.36066],[76.99399,13.36844],[76.99287,13.37419],[76.99652,13.38251],[76.99481,13.39117],[76.99729,13.39595],[76.99577,13.3961],[76.99549,13.40027],[76.99078,13.39954],[76.99056,13.40204],[76.99727,13.40394],[76.99709,13.40585],[76.98853,13.40873],[76.98798,13.41561],[76.98864,13.4173],[76.99121,13.41716],[76.99186,13.42804],[76.98793,13.42922],[76.98843,13.43539],[76.98488,13.43716],[76.98514,13.44075],[76.97942,13.44125],[76.97923,13.44481],[76.9773,13.44532],[76.97546,13.45421],[76.97631,13.46936],[76.9729,13.47145],[76.97261,13.47967],[76.9651,13.48845],[76.98849,13.50252],[76.99721,13.51414],[76.99555,13.51338],[76.99203,13.51586],[76.99242,13.52817],[77.00013,13.52745],[77.00017,13.53232],[76.99719,13.53817],[77.00094,13.53671],[77.00076,13.54294],[77.01239,13.54223],[77.00979,13.53577],[77.02246,13.53425],[77.02729,13.53143],[77.02716,13.53381],[77.03891,13.54034],[77.04866,13.53699],[77.04721,13.54948],[77.05396,13.54902],[77.06032,13.54803],[77.0623,13.54399],[77.05887,13.53593],[77.07152,13.53149],[77.07289,13.52611],[77.07681,13.52427],[77.07997,13.51932],[77.09622,13.51928],[77.09658,13.51667],[77.11424,13.51387],[77.11586,13.50564],[77.13464,13.50449],[77.13349,13.50577],[77.13737,13.50511],[77.13547,13.50409],[77.15149,13.50178],[77.15293,13.49605],[77.14845,13.49124],[77.14694,13.48293],[77.15026,13.48359],[77.15307,13.47922],[77.15337,13.47311],[77.15953,13.46914],[77.17311,13.47296],[77.17296,13.47765],[77.17458,13.47887],[77.18416,13.47535],[77.18849,13.4767],[77.19348,13.47444],[77.19772,13.46819],[77.197,13.46282],[77.21359,13.45842],[77.20993,13.44973],[77.20863,13.42416],[77.22696,13.42498],[77.2153,13.41099],[77.22346,13.40254],[77.22947,13.3991],[77.2214,13.39244],[77.23285,13.38048],[77.24458,13.37662],[77.24228,13.36562],[77.27211,13.36371],[77.27217,13.36705],[77.27447,13.36754],[77.27952,13.36604],[77.28274,13.36193],[77.28725,13.36088],[77.2892,13.35841],[77.29359,13.35955],[77.29818,13.35817],[77.29852,13.35627],[77.29138,13.35421],[77.29117,13.35191],[77.28157,13.34355],[77.28446,13.34283],[77.28242,13.34234],[77.28447,13.33801],[77.28886,13.33666],[77.29699,13.33761],[77.29569,13.32555],[77.30113,13.3252],[77.30094,13.32264],[77.31117,13.31865],[77.30908,13.31007],[77.28158,13.31083],[77.2807,13.3008],[77.28217,13.29704],[77.27541,13.29755],[77.26948,13.30614],[77.27025,13.31091],[77.25474,13.30875],[77.25299,13.30273],[77.24741,13.30183],[77.24228,13.30257],[77.23962,13.3088],[77.23705,13.31099],[77.23401,13.31026],[77.22967,13.31458],[77.22272,13.29652],[77.21952,13.27355],[77.22215,13.26751],[77.21964,13.26284],[77.21528,13.26158],[77.20498,13.263],[77.19989,13.26839],[77.19319,13.26944],[77.19346,13.27357],[77.18999,13.27606],[77.18837,13.27554],[77.18474,13.25658],[77.19063,13.24592],[77.19101,13.24146],[77.18966,13.23791],[77.18515,13.23824],[77.18361,13.23004],[77.18847,13.22517],[77.19338,13.22533],[77.19409,13.20937],[77.1993,13.20272],[77.19862,13.19524],[77.20246,13.19447],[77.2036,13.19703],[77.20697,13.19728],[77.20652,13.18833],[77.20269,13.18194],[77.19808,13.18207],[77.19738,13.18015],[77.19096,13.1846],[77.18213,13.18659],[77.16831,13.18396],[77.16451,13.18981],[77.16489,13.19656],[77.16253,13.19645],[77.16001,13.19375],[77.15622,13.19379],[77.14837,13.1736],[77.14262,13.17353],[77.1384,13.17763],[77.13544,13.17041],[77.12885,13.16427],[77.1188,13.16348],[77.12005,13.15258],[77.11896,13.14683],[77.11579,13.14266],[77.11807,13.14102],[77.11593,13.13122],[77.10695,13.13526],[77.10782,13.14432],[77.09576,13.14623],[77.0914,13.13586],[77.08325,13.1366],[77.07928,13.13347],[77.07658,13.1349],[77.07293,13.13317],[77.06324,13.13306],[77.06317,13.13105],[77.0582,13.13047],[77.05782,13.1283],[77.05441,13.12869],[77.05412,13.12332],[77.04363,13.11999],[77.03832,13.12109],[77.03817,13.12455],[77.02421,13.13],[77.02257,13.11884],[77.01764,13.11095],[77.00501,13.11495],[77.00186,13.12795],[76.99559,13.12392],[76.9842,13.12877],[76.98096,13.13512],[76.98037,13.14552],[76.97682,13.14616],[76.97907,13.15663],[76.97816,13.16523],[76.98069,13.16587],[76.98141,13.17924],[76.97752,13.17934],[76.9763,13.18238],[76.9692,13.18066],[76.9655,13.18083],[76.9646,13.18261],[76.9656,13.18782],[76.97349,13.18553],[76.97828,13.19146],[76.97943,13.20093],[76.97787,13.20552],[76.98614,13.20843],[76.98291,13.23307],[76.98485,13.23252],[76.98668,13.23772],[76.99364,13.23812],[76.9945,13.24126],[76.98909,13.24597],[76.98943,13.24998],[76.99636,13.25289],[76.99564,13.26675],[76.99,13.26877],[76.98311,13.26666],[76.9832,13.26185],[76.9777,13.26182],[76.9776,13.26316],[76.97982,13.26287],[76.97934,13.26629],[76.98161,13.26648],[76.98247,13.26888],[76.98193,13.27277],[76.97853,13.27401],[76.98393,13.28638],[76.98751,13.28919],[76.98671,13.29846],[76.98769,13.3005],[76.99732,13.30268],[76.99901,13.30827],[77.00017,13.31762],[76.99781,13.31867],[76.99803,13.32411],[77.00048,13.32341],[77.00502,13.33788],[77.00313,13.34128],[76.99969,13.34111],[76.99829,13.34877]]]},"properties":{"taluk":"Tumakuru","district":"Tumakuru","region_id":"subdistrict_5537","level":"taluk"}},{"type":"Feature","geometry":{"type":"MultiPolygon","coordinates":[[[[76.85761,13.13119],[76.86312,13.11749],[76.86903,13.11668],[76.8749,13.10984],[76.89323,13.11005],[76.89795,13.11404],[76.90255,13.10759],[76.91241,13.1019],[76.91597,13.09692],[76.91542,13.08865],[76.9065,13.08754],[76.90699,13.07708],[76.90486,13.07664],[76.90129,13.06583],[76.89429,13.06576],[76.88166,13.06201],[76.87596,13.05241],[76.86797,13.05057],[76.86639,13.04017],[76.85424,13.03596],[76.85077,13.0375],[76.84889,13.04278],[76.84942,13.05116],[76.83389,13.05145],[76.83122,13.04351],[76.83568,13.03888],[76.837,13.03448],[76.8331,13.03099],[76.82924,13.01902],[76.83296,13.01482],[76.83807,13.01532],[76.83896,13.01224],[76.83583,13.00883],[76.83477,13.00296],[76.82873,13.00149],[76.81994,13.00492],[76.81549,13.01342],[76.80618,13.01214],[76.79479,13.0151],[76.78581,13.01449],[76.78242,13.03047],[76.77147,13.03446],[76.75881,13.03674],[76.75743,13.03538],[76.75809,13.03738],[76.74964,13.03614],[76.71801,13.0406],[76.70951,13.03933],[76.70177,13.04203],[76.69364,13.03709],[76.68079,13.04807],[76.67553,13.05495],[76.67072,13.05529],[76.66738,13.03916],[76.65972,13.02627],[76.65837,13.01414],[76.65315,13.0077],[76.64805,13.00702],[76.64558,13.00956],[76.63928,13.00932],[76.63199,13.00396],[76.61854,13.00855],[76.61159,13.00799],[76.60568,13.01162],[76.60451,13.01465],[76.60899,13.03091],[76.6077,13.03705],[76.60294,13.04129],[76.60695,13.05676],[76.61923,13.05381],[76.61835,13.06386],[76.60785,13.07383],[76.60053,13.07326],[76.59252,13.07525],[76.58541,13.07095],[76.5684,13.0747],[76.5623,13.0737],[76.55342,13.07675],[76.55191,13.09716],[76.56132,13.11098],[76.55653,13.11304],[76.55998,13.12204],[76.56494,13.12386],[76.56693,13.1297],[76.56618,13.15153],[76.57029,13.14984],[76.58298,13.15109],[76.58355,13.14478],[76.58981,13.14498],[76.59587,13.15499],[76.59501,13.17326],[76.60026,13.18432],[76.60652,13.1901],[76.60975,13.1903],[76.61135,13.19633],[76.61189,13.20728],[76.60575,13.21117],[76.60029,13.20958],[76.59079,13.21038],[76.58987,13.22221],[76.59502,13.226],[76.59633,13.23262],[76.60219,13.23971],[76.60388,13.23932],[76.60543,13.24298],[76.6107,13.24257],[76.61188,13.24081],[76.61595,13.24145],[76.61687,13.23887],[76.6198,13.23906],[76.61947,13.24534],[76.63214,13.25495],[76.62067,13.26481],[76.61708,13.27873],[76.61801,13.28411],[76.63704,13.28129],[76.64529,13.28635],[76.6492,13.28522],[76.65007,13.28033],[76.64841,13.2783],[76.6339,13.27501],[76.63541,13.27279],[76.64477,13.27219],[76.66351,13.27608],[76.66569,13.2823],[76.67791,13.2775],[76.67885,13.27447],[76.69033,13.27417],[76.69178,13.28871],[76.68871,13.29605],[76.69115,13.3024],[76.71671,13.30325],[76.72044,13.30381],[76.72335,13.30748],[76.73613,13.30647],[76.73822,13.30845],[76.74112,13.3056],[76.74265,13.29325],[76.76188,13.29583],[76.76367,13.28595],[76.77175,13.28414],[76.77208,13.27839],[76.77554,13.27791],[76.78139,13.26775],[76.78489,13.26795],[76.78584,13.27015],[76.80108,13.26909],[76.80377,13.2553],[76.80508,13.25522],[76.80467,13.24717],[76.81983,13.24635],[76.82119,13.25278],[76.82441,13.25101],[76.82425,13.25472],[76.83003,13.2564],[76.83106,13.24729],[76.83455,13.24781],[76.83549,13.24562],[76.83554,13.23474],[76.83876,13.23416],[76.83956,13.22437],[76.83478,13.22422],[76.83069,13.21736],[76.81476,13.21745],[76.81445,13.21315],[76.7999,13.21151],[76.79724,13.20767],[76.79794,13.19774],[76.79626,13.19672],[76.79972,13.19679],[76.79962,13.17938],[76.80429,13.17832],[76.80399,13.16155],[76.82446,13.15978],[76.8264,13.15707],[76.8286,13.14054],[76.83632,13.13935],[76.83734,13.13568],[76.84922,13.13513],[76.84932,13.13312],[76.84758,13.13313],[76.84885,13.13071],[76.84657,13.12978],[76.85541,13.12497],[76.85761,13.13119]],[[76.76299,13.27803],[76.77052,13.26962],[76.7738,13.27101],[76.7713,13.27502],[76.77101,13.28093],[76.7645,13.28082],[76.76299,13.27803]]],[[[76.52622,13.12345],[76.54029,13.1175],[76.54145,13.10613],[76.53502,13.10656],[76.51692,13.10248],[76.51451,13.10696],[76.51688,13.10728],[76.51782,13.11604],[76.52622,13.12345]]]]},"properties":{"taluk":"Turuvekere","district":"Tumakuru","region_id":"subdistrict_5540","level":"taluk"}},{"type":"Feature","geometry":{"type":"Polygon","coordinates":[[[74.58167,13.92545],[74.59178,13.93272],[74.59305,13.9399],[74.59552,13.94186],[74.59683,13.93197],[74.60644,13.94084],[74.61865,13.94182],[74.62061,13.93583],[74.63168,13.9462],[74.63113,13.94395],[74.6352,13.94411],[74.63362,13.9399],[74.63582,13.94133],[74.63828,13.93917],[74.64242,13.93908],[74.64438,13.94122],[74.64782,13.9407],[74.64814,13.94404],[74.65273,13.94598],[74.64868,13.95004],[74.64658,13.96307],[74.65563,13.97392],[74.66475,13.98098],[74.67012,13.97232],[74.66874,13.97114],[74.66998,13.96947],[74.67755,13.96607],[74.67775,13.95927],[74.6811,13.95686],[74.68814,13.9563],[74.69178,13.95351],[74.69418,13.94819],[74.69348,13.94081],[74.69006,13.93886],[74.68558,13.93923],[74.68239,13.93439],[74.69209,13.92468],[74.70342,13.9222],[74.70557,13.92333],[74.70818,13.92069],[74.71489,13.91048],[74.71333,13.90878],[74.71418,13.90556],[74.71141,13.90389],[74.72244,13.90481],[74.73756,13.91011],[74.75714,13.90648],[74.76307,13.91236],[74.77107,13.91391],[74.77103,13.91264],[74.78925,13.90851],[74.79201,13.90343],[74.7928,13.90623],[74.80042,13.90844],[74.80551,13.90574],[74.81899,13.90795],[74.82871,13.90153],[74.83353,13.90182],[74.83779,13.89858],[74.84051,13.89192],[74.84377,13.89188],[74.85551,13.88055],[74.85964,13.86929],[74.87034,13.85626],[74.87626,13.85614],[74.88081,13.85996],[74.87964,13.86398],[74.88556,13.86758],[74.90772,13.86208],[74.91114,13.85877],[74.91417,13.85314],[74.91182,13.8458],[74.91403,13.84187],[74.91319,13.83669],[74.91459,13.83417],[74.91285,13.82169],[74.91961,13.82465],[74.92293,13.8153],[74.91934,13.8134],[74.92439,13.80644],[74.92429,13.80132],[74.93256,13.79605],[74.93104,13.77584],[74.9357,13.77793],[74.93815,13.77714],[74.93976,13.77073],[74.95439,13.7583],[74.9466,13.73968],[74.94137,13.74139],[74.92675,13.73649],[74.92162,13.75621],[74.91966,13.75348],[74.91536,13.75343],[74.91071,13.74983],[74.90995,13.74549],[74.89998,13.74343],[74.8953,13.73598],[74.89141,13.73636],[74.88547,13.73241],[74.88584,13.73099],[74.87144,13.72791],[74.86923,13.73009],[74.86782,13.73693],[74.86964,13.7474],[74.87468,13.74993],[74.8753,13.75537],[74.87953,13.75484],[74.87617,13.76429],[74.86754,13.77006],[74.86092,13.77],[74.84273,13.78127],[74.83488,13.78165],[74.82838,13.77591],[74.82002,13.78348],[74.82003,13.78605],[74.81365,13.78312],[74.81207,13.78403],[74.80859,13.79341],[74.80368,13.79561],[74.77157,13.78679],[74.76725,13.7834],[74.76345,13.78297],[74.76228,13.78062],[74.76401,13.77618],[74.76062,13.77034],[74.75778,13.7705],[74.75036,13.76613],[74.74772,13.7675],[74.7443,13.76362],[74.73812,13.76926],[74.73225,13.7655],[74.72861,13.76874],[74.71785,13.77058],[74.71038,13.76548],[74.70858,13.759],[74.70574,13.75744],[74.70148,13.75719],[74.69865,13.76294],[74.69502,13.7634],[74.6835,13.75735],[74.68128,13.75218],[74.68346,13.74673],[74.68162,13.74439],[74.6938,13.75166],[74.69896,13.74309],[74.70003,13.73716],[74.69477,13.72964],[74.69304,13.73625],[74.67881,13.73043],[74.67097,13.7249],[74.67065,13.71951],[74.67343,13.71817],[74.66902,13.71754],[74.67026,13.71442],[74.66321,13.71535],[74.66022,13.70784],[74.65532,13.70292],[74.65541,13.69744],[74.65211,13.69658],[74.64762,13.70006],[74.64223,13.70847],[74.62048,13.81909],[74.60766,13.86635],[74.59707,13.88357],[74.58977,13.9122],[74.58551,13.92236],[74.58167,13.92545]]]},"properties":{"taluk":"Bainduru","district":"Udupi","region_id":"subdistrict_7066","level":"taluk"}},{"type":"Feature","geometry":{"type":"Polygon","coordinates":[[[74.72526,13.41184],[74.70378,13.41677],[74.70263,13.42117],[74.70392,13.42257],[74.69978,13.42999],[74.69987,13.43726],[74.69396,13.43459],[74.69196,13.4562],[74.69338,13.46919],[74.68851,13.47715],[74.68326,13.53323],[74.68268,13.54141],[74.69047,13.54173],[74.69097,13.5444],[74.70025,13.54414],[74.70211,13.54487],[74.70167,13.54777],[74.70361,13.54819],[74.70668,13.54821],[74.71214,13.53536],[74.71441,13.53707],[74.72233,13.53578],[74.72695,13.53865],[74.73061,13.537],[74.73189,13.52606],[74.72848,13.52298],[74.73054,13.52017],[74.73873,13.52249],[74.74042,13.52821],[74.74195,13.52601],[74.74543,13.52729],[74.74611,13.52511],[74.75297,13.52911],[74.75577,13.53359],[74.75833,13.53239],[74.76144,13.5337],[74.76269,13.53143],[74.77067,13.53734],[74.77189,13.54239],[74.77448,13.54314],[74.77498,13.541],[74.78437,13.54268],[74.78439,13.54475],[74.79265,13.54836],[74.80669,13.54007],[74.8128,13.54393],[74.81668,13.54168],[74.81955,13.54278],[74.8224,13.5467],[74.8197,13.55218],[74.82039,13.55714],[74.8404,13.56752],[74.84938,13.55834],[74.84947,13.5549],[74.85679,13.54302],[74.86667,13.54704],[74.86453,13.54886],[74.8654,13.55333],[74.87231,13.55008],[74.87828,13.5579],[74.88098,13.55866],[74.88102,13.56283],[74.88679,13.56345],[74.88672,13.56094],[74.89495,13.55959],[74.89827,13.55734],[74.89762,13.55574],[74.90421,13.55428],[74.90519,13.55041],[74.91053,13.54872],[74.91449,13.54004],[74.91784,13.52469],[74.91526,13.51898],[74.90186,13.51685],[74.8939,13.50719],[74.90653,13.5008],[74.90861,13.49373],[74.91436,13.49336],[74.9242,13.48858],[74.92064,13.48608],[74.92512,13.47971],[74.92559,13.47575],[74.93336,13.46736],[74.94085,13.46903],[74.94747,13.45988],[74.95274,13.45742],[74.9497,13.45571],[74.94976,13.45345],[74.94794,13.45365],[74.94601,13.44524],[74.94018,13.44094],[74.93315,13.43894],[74.93739,13.43491],[74.93442,13.43131],[74.92243,13.43601],[74.91821,13.43163],[74.91286,13.42953],[74.90479,13.41815],[74.8963,13.41577],[74.88227,13.40508],[74.87753,13.40953],[74.86745,13.40745],[74.8647,13.40399],[74.86108,13.40649],[74.85407,13.40615],[74.85165,13.4087],[74.84402,13.40544],[74.84355,13.41136],[74.83766,13.40343],[74.83039,13.41001],[74.82289,13.40316],[74.81568,13.40365],[74.81796,13.39165],[74.82124,13.38657],[74.81566,13.37856],[74.80914,13.37955],[74.80245,13.38433],[74.79782,13.37701],[74.78824,13.37388],[74.78268,13.37545],[74.77891,13.38062],[74.77504,13.38238],[74.76947,13.38016],[74.76063,13.38292],[74.75993,13.37989],[74.75339,13.37832],[74.74807,13.38229],[74.74058,13.40534],[74.73713,13.40917],[74.72987,13.40725],[74.72526,13.41184]]]},"properties":{"taluk":"Brahmavara","district":"Udupi","region_id":"subdistrict_7068","level":"taluk"}},{"type":"Feature","geometry":{"type":"Polygon","coordinates":[[[75.07411,13.34242],[75.09207,13.31904],[75.04563,13.32303],[75.032,13.31891],[75.02853,13.32207],[75.03038,13.32489],[75.02508,13.33028],[75.02268,13.33612],[75.02183,13.34194],[75.02602,13.35373],[75.012,13.3549],[75.00261,13.34987],[75.00179,13.35419],[74.9948,13.36415],[74.9983,13.36673],[74.99879,13.36966],[74.99292,13.37701],[74.98009,13.38412],[74.97529,13.38489],[74.97325,13.38503],[74.96823,13.37926],[74.96597,13.38142],[74.96628,13.38493],[74.95555,13.38157],[74.95538,13.38391],[74.95342,13.38456],[74.9557,13.4001],[74.95064,13.40255],[74.94829,13.4114],[74.93824,13.41689],[74.93564,13.4235],[74.93764,13.429],[74.93441,13.43134],[74.93739,13.43491],[74.93312,13.43871],[74.94018,13.44094],[74.94601,13.44524],[74.94794,13.45365],[74.94976,13.45345],[74.9497,13.45571],[74.95263,13.45804],[74.95019,13.45763],[74.94747,13.45988],[74.94085,13.46903],[74.93336,13.46736],[74.92559,13.47575],[74.92512,13.47971],[74.92064,13.48608],[74.9242,13.48858],[74.91436,13.49336],[74.90861,13.49373],[74.90653,13.5008],[74.8939,13.50719],[74.90283,13.5175],[74.91526,13.51898],[74.91784,13.52469],[74.9119,13.5447],[74.91634,13.545],[74.91738,13.54736],[74.92045,13.54524],[74.92544,13.54536],[74.92713,13.54286],[74.93635,13.54415],[74.93311,13.53983],[74.92972,13.53885],[74.92666,13.53154],[74.9257,13.52699],[74.93028,13.52074],[74.94179,13.53099],[74.9466,13.53187],[74.94823,13.53593],[74.94612,13.54038],[74.95043,13.54322],[74.94885,13.54906],[74.9527,13.552],[74.95526,13.56068],[74.95316,13.56633],[74.95598,13.57038],[74.95212,13.57408],[74.95741,13.57919],[74.96028,13.57727],[74.96626,13.58073],[74.96974,13.58877],[74.984,13.5807],[74.99045,13.56572],[75.00846,13.56906],[75.03823,13.56914],[75.03853,13.56485],[75.04223,13.56344],[75.04605,13.55856],[75.04559,13.5539],[75.05019,13.55447],[75.05415,13.55057],[75.05638,13.54207],[75.05372,13.53644],[75.05854,13.53576],[75.06039,13.53272],[75.06581,13.53734],[75.06774,13.53442],[75.06511,13.52558],[75.0611,13.52037],[75.06476,13.51954],[75.07069,13.53135],[75.07113,13.52892],[75.07381,13.52766],[75.07367,13.52417],[75.07847,13.52155],[75.07382,13.51562],[75.07785,13.51418],[75.07863,13.4947],[75.08171,13.49368],[75.08428,13.48975],[75.08722,13.49227],[75.09181,13.49135],[75.09236,13.48843],[75.09805,13.48358],[75.10165,13.48694],[75.10194,13.48475],[75.1083,13.47923],[75.11153,13.47219],[75.1129,13.47261],[75.11366,13.46999],[75.11127,13.46342],[75.11552,13.45903],[75.12701,13.46442],[75.14009,13.46339],[75.14162,13.45861],[75.15591,13.45278],[75.15182,13.44231],[75.14781,13.43971],[75.15283,13.4314],[75.14764,13.42818],[75.14827,13.42184],[75.14452,13.41895],[75.14146,13.409],[75.13906,13.4088],[75.14115,13.4041],[75.14178,13.38957],[75.13833,13.38845],[75.13709,13.38295],[75.13492,13.38129],[75.12742,13.38428],[75.12775,13.38167],[75.12469,13.38083],[75.12407,13.37359],[75.12767,13.37118],[75.1267,13.36948],[75.12495,13.37152],[75.12453,13.36471],[75.11383,13.35586],[75.10533,13.35911],[75.09641,13.35733],[75.08674,13.36137],[75.08509,13.3483],[75.07411,13.34242]]]},"properties":{"taluk":"Hebri","district":"Udupi","region_id":"subdistrict_7065","level":"taluk"}},{"type":"Feature","geometry":{"type":"Polygon","coordinates":[[[74.81437,13.12252],[74.81196,13.11487],[74.80867,13.11323],[74.80641,13.11595],[74.80249,13.11417],[74.79571,13.1182],[74.7913,13.11691],[74.79133,13.11254],[74.79441,13.10875],[74.7964,13.11091],[74.79859,13.10807],[74.79721,13.10106],[74.79274,13.09673],[74.78611,13.0992],[74.78178,13.10456],[74.77791,13.10312],[74.77763,13.09896],[74.78082,13.09092],[74.77675,13.0819],[74.77955,13.07148],[74.77696,13.07127],[74.76714,13.11643],[74.76479,13.1193],[74.74895,13.1836],[74.74431,13.1937],[74.73088,13.25478],[74.72366,13.27636],[74.72967,13.2853],[74.73299,13.28614],[74.73316,13.28838],[74.74002,13.28834],[74.74063,13.29599],[74.74538,13.29715],[74.75699,13.29556],[74.76014,13.28877],[74.76887,13.29214],[74.77536,13.29207],[74.77695,13.29023],[74.77483,13.2844],[74.77844,13.28276],[74.78432,13.28598],[74.78597,13.2813],[74.78841,13.28321],[74.79354,13.28245],[74.79441,13.28513],[74.79025,13.28912],[74.79058,13.29345],[74.79455,13.29278],[74.79989,13.29654],[74.80517,13.29053],[74.80895,13.2897],[74.81188,13.29213],[74.81465,13.29031],[74.8195,13.29054],[74.82088,13.29],[74.82014,13.2874],[74.82555,13.28657],[74.82775,13.2843],[74.82889,13.28798],[74.8394,13.28471],[74.84362,13.28668],[74.849,13.27912],[74.84772,13.26855],[74.8444,13.26394],[74.85442,13.25739],[74.85469,13.25305],[74.85795,13.24969],[74.85611,13.2449],[74.8571,13.23878],[74.85452,13.23524],[74.86311,13.21857],[74.85824,13.21996],[74.85736,13.21789],[74.84894,13.22371],[74.84387,13.21638],[74.84225,13.21033],[74.84385,13.21167],[74.84948,13.20768],[74.85675,13.20575],[74.86236,13.19525],[74.8609,13.19172],[74.8554,13.19459],[74.85317,13.19375],[74.85,13.18901],[74.85112,13.18646],[74.85659,13.18357],[74.8521,13.17561],[74.85408,13.17307],[74.85732,13.17378],[74.85681,13.17184],[74.85049,13.17061],[74.85253,13.1688],[74.853,13.16422],[74.85651,13.16098],[74.85314,13.1571],[74.85326,13.15463],[74.84637,13.1513],[74.83216,13.15185],[74.82181,13.14673],[74.82037,13.13717],[74.82298,13.13826],[74.82515,13.13631],[74.82697,13.12956],[74.82245,13.1238],[74.81437,13.12252]]]},"properties":{"taluk":"Kapu","district":"Udupi","region_id":"subdistrict_7067","level":"taluk"}},{"type":"Feature","geometry":{"type":"Polygon","coordinates":[[[75.09207,13.31904],[75.10748,13.28769],[75.1138,13.28553],[75.1174,13.27782],[75.12286,13.27765],[75.1304,13.2824],[75.13379,13.2816],[75.13854,13.28602],[75.14166,13.28498],[75.15243,13.26148],[75.16438,13.21433],[75.16793,13.20761],[75.1643,13.20361],[75.16492,13.19859],[75.17945,13.1917],[75.18947,13.18095],[75.20395,13.17632],[75.20783,13.16902],[75.20703,13.15827],[75.19353,13.1587],[75.18448,13.16105],[75.17899,13.14978],[75.16904,13.14154],[75.16209,13.13008],[75.15938,13.13156],[75.14872,13.12329],[75.14427,13.12612],[75.14474,13.13216],[75.14273,13.1302],[75.14008,13.13231],[75.13744,13.13089],[75.13626,13.1333],[75.12989,13.13331],[75.12806,13.12979],[75.12144,13.13267],[75.11974,13.13447],[75.12066,13.13822],[75.11154,13.14761],[75.11422,13.15039],[75.10568,13.14886],[75.10594,13.14743],[75.10321,13.15098],[75.10407,13.15382],[75.10027,13.15326],[75.10022,13.1599],[75.09633,13.16195],[75.09383,13.16166],[75.09344,13.15976],[75.08107,13.15841],[75.07893,13.1464],[75.07348,13.14905],[75.06406,13.14668],[75.06655,13.1397],[75.05003,13.13551],[75.03593,13.14321],[75.03249,13.13944],[75.02797,13.13708],[75.02586,13.1379],[75.01602,13.13187],[75.0167,13.13689],[75.00269,13.14559],[75.00207,13.14837],[74.99449,13.15429],[74.99137,13.15032],[74.98684,13.14863],[74.97501,13.12755],[74.96008,13.12266],[74.95889,13.11957],[74.95505,13.12057],[74.9523,13.11807],[74.94839,13.12002],[74.94958,13.12029],[74.94061,13.13178],[74.93919,13.13142],[74.94344,13.13443],[74.94099,13.13555],[74.94246,13.13818],[74.94127,13.14018],[74.94328,13.13959],[74.94249,13.14147],[74.94015,13.14377],[74.93572,13.1414],[74.93639,13.14276],[74.93447,13.14245],[74.93491,13.14511],[74.93254,13.14698],[74.91902,13.1381],[74.91454,13.13165],[74.90895,13.129],[74.90736,13.1215],[74.91325,13.1195],[74.91379,13.11572],[74.9131,13.11362],[74.908,13.11131],[74.91144,13.1102],[74.91162,13.10845],[74.90246,13.10775],[74.90082,13.1043],[74.89258,13.10301],[74.8876,13.09856],[74.87867,13.09457],[74.8735,13.09984],[74.87315,13.11084],[74.87068,13.11293],[74.86895,13.11987],[74.86358,13.12211],[74.86225,13.12635],[74.84988,13.12615],[74.84697,13.12927],[74.84439,13.12946],[74.84239,13.12727],[74.83792,13.12911],[74.83368,13.12812],[74.83378,13.12986],[74.82697,13.12956],[74.82515,13.13631],[74.82298,13.13826],[74.82037,13.13717],[74.82245,13.14716],[74.83216,13.15185],[74.84637,13.1513],[74.85326,13.15463],[74.85314,13.1571],[74.85651,13.16098],[74.853,13.16422],[74.85253,13.1688],[74.85049,13.17061],[74.85681,13.17184],[74.85732,13.17378],[74.85408,13.17307],[74.8521,13.17561],[74.85659,13.18357],[74.85112,13.18646],[74.85,13.18901],[74.85317,13.19375],[74.8554,13.19459],[74.8609,13.19172],[74.86236,13.19525],[74.85675,13.20575],[74.84948,13.20768],[74.84385,13.21167],[74.84225,13.21033],[74.84387,13.21638],[74.84894,13.22371],[74.85736,13.21789],[74.85824,13.21996],[74.86311,13.21857],[74.85452,13.23524],[74.8571,13.23878],[74.85611,13.2449],[74.85795,13.24969],[74.85469,13.25305],[74.85442,13.25739],[74.8444,13.26394],[74.84772,13.26855],[74.84761,13.27376],[74.86004,13.27237],[74.8602,13.27469],[74.86312,13.27587],[74.86231,13.27735],[74.87415,13.29414],[74.86734,13.30451],[74.86665,13.30971],[74.87041,13.31484],[74.87133,13.31236],[74.87502,13.31186],[74.87853,13.31861],[74.87781,13.32151],[74.88794,13.3147],[74.88971,13.30989],[74.89525,13.30844],[74.90731,13.31138],[74.91701,13.32043],[74.91784,13.32337],[74.91564,13.32998],[74.92448,13.32434],[74.93828,13.31983],[74.94949,13.32069],[74.94651,13.33619],[74.93891,13.34805],[74.94101,13.35504],[74.9499,13.35405],[74.94925,13.35894],[74.9515,13.36151],[74.94996,13.36283],[74.95091,13.36593],[74.94289,13.36914],[74.94069,13.3732],[74.94095,13.37781],[74.94398,13.38302],[74.9481,13.38314],[74.95366,13.38037],[74.96628,13.38493],[74.96597,13.38142],[74.96823,13.37926],[74.97325,13.38503],[74.98009,13.38412],[74.99292,13.37701],[74.99879,13.36966],[74.9983,13.36673],[74.9948,13.36415],[75.00179,13.35419],[75.00261,13.34987],[75.012,13.3549],[75.02602,13.35373],[75.02183,13.34194],[75.02268,13.33612],[75.02508,13.33028],[75.03038,13.32489],[75.02853,13.32207],[75.032,13.31891],[75.04563,13.32303],[75.05126,13.32298],[75.09207,13.31904]]]},"properties":{"taluk":"Karkal","district":"Udupi","region_id":"subdistrict_5524","level":"taluk"}},{"type":"Feature","geometry":{"type":"Polygon","coordinates":[[[75.05715,13.61118],[75.06214,13.6034],[75.0604,13.5999],[75.06199,13.59733],[75.05913,13.59115],[75.05651,13.5908],[75.05558,13.58791],[75.04503,13.58616],[75.04115,13.57487],[75.0372,13.57244],[75.03823,13.56914],[75.00846,13.56906],[74.99045,13.56572],[74.984,13.5807],[74.96974,13.58877],[74.96626,13.58073],[74.96028,13.57727],[74.95741,13.57919],[74.95212,13.57408],[74.95598,13.57038],[74.95316,13.56633],[74.95526,13.56068],[74.9527,13.552],[74.94885,13.54906],[74.95043,13.54322],[74.94612,13.54038],[74.94823,13.53593],[74.9466,13.53187],[74.94179,13.53099],[74.93048,13.52064],[74.9257,13.52699],[74.92666,13.53154],[74.92972,13.53885],[74.93311,13.53983],[74.93635,13.54415],[74.92713,13.54286],[74.92544,13.54536],[74.92045,13.54524],[74.91758,13.54738],[74.91634,13.545],[74.91252,13.54484],[74.90934,13.54992],[74.90519,13.55041],[74.9031,13.55513],[74.89796,13.55556],[74.89827,13.55734],[74.89495,13.55959],[74.88672,13.56094],[74.88707,13.56303],[74.8848,13.5638],[74.88102,13.56283],[74.88098,13.55866],[74.87828,13.5579],[74.87231,13.55008],[74.8654,13.55333],[74.86453,13.54886],[74.86667,13.54704],[74.85679,13.54302],[74.84947,13.5549],[74.84938,13.55834],[74.8404,13.56752],[74.82039,13.55714],[74.8197,13.55218],[74.8224,13.5467],[74.81955,13.54278],[74.81668,13.54168],[74.8128,13.54393],[74.80669,13.54007],[74.79265,13.54836],[74.78439,13.54475],[74.78437,13.54268],[74.77498,13.541],[74.77448,13.54314],[74.77189,13.54239],[74.77067,13.53734],[74.76269,13.53143],[74.76144,13.5337],[74.75833,13.53239],[74.75577,13.53359],[74.75297,13.52911],[74.74611,13.52511],[74.74543,13.52729],[74.74195,13.52601],[74.74042,13.52821],[74.73873,13.52249],[74.73054,13.52017],[74.72848,13.52298],[74.73189,13.52606],[74.73061,13.537],[74.72695,13.53865],[74.72233,13.53578],[74.71441,13.53707],[74.71214,13.53536],[74.70668,13.54821],[74.70167,13.54777],[74.70211,13.54487],[74.70025,13.54414],[74.69097,13.5444],[74.69047,13.54173],[74.68248,13.54138],[74.66846,13.6307],[74.67058,13.62995],[74.66331,13.65372],[74.65138,13.66538],[74.64422,13.68708],[74.64173,13.70825],[74.64314,13.70865],[74.64827,13.69936],[74.65356,13.696],[74.65541,13.69744],[74.65554,13.70339],[74.66022,13.70784],[74.66321,13.71535],[74.67026,13.71442],[74.66902,13.71754],[74.67343,13.71817],[74.67065,13.71951],[74.67097,13.7249],[74.67881,13.73043],[74.69304,13.73625],[74.69477,13.72964],[74.70022,13.73774],[74.6938,13.75166],[74.68159,13.74444],[74.68356,13.7477],[74.68128,13.75218],[74.68271,13.75274],[74.68232,13.75599],[74.69272,13.76236],[74.69865,13.76294],[74.70148,13.75719],[74.70574,13.75744],[74.70858,13.759],[74.71038,13.76548],[74.71849,13.77059],[74.72861,13.76874],[74.73225,13.7655],[74.73812,13.76926],[74.7443,13.76362],[74.74772,13.7675],[74.75036,13.76613],[74.75778,13.7705],[74.76062,13.77034],[74.76401,13.77618],[74.76228,13.78062],[74.76345,13.78297],[74.76725,13.7834],[74.77157,13.78679],[74.80368,13.79561],[74.80859,13.79341],[74.81207,13.78403],[74.81365,13.78312],[74.82003,13.78605],[74.82002,13.78348],[74.82838,13.77591],[74.83488,13.78165],[74.84273,13.78127],[74.86092,13.77],[74.86754,13.77006],[74.87617,13.76429],[74.87953,13.75484],[74.8753,13.75537],[74.87468,13.74993],[74.86964,13.7474],[74.86782,13.73693],[74.86923,13.73009],[74.87144,13.72791],[74.88584,13.73099],[74.88547,13.73241],[74.89141,13.73636],[74.8953,13.73598],[74.89998,13.74343],[74.90995,13.74549],[74.91071,13.74983],[74.91536,13.75343],[74.91966,13.75348],[74.92162,13.75621],[74.92675,13.73649],[74.94137,13.74139],[74.9466,13.73968],[74.95439,13.7583],[74.97446,13.75287],[74.98027,13.74675],[74.99628,13.74475],[74.99366,13.73647],[74.99395,13.72736],[74.99241,13.72658],[74.99264,13.72265],[74.98751,13.71935],[74.98769,13.71348],[74.99967,13.71064],[75.00246,13.71202],[75.0036,13.70813],[75.00704,13.70863],[75.01465,13.69981],[75.01939,13.69916],[75.01953,13.69463],[75.00781,13.69087],[75.01077,13.69082],[75.00859,13.6791],[75.00942,13.67687],[75.01613,13.67783],[75.02311,13.67303],[75.02389,13.67399],[75.02674,13.67053],[75.02631,13.66653],[75.02423,13.6662],[75.02164,13.66182],[75.01242,13.66646],[75.00813,13.66057],[75.0107,13.65549],[75.00767,13.65348],[75.00874,13.64535],[75.01378,13.64227],[75.0112,13.6347],[75.01854,13.62856],[75.02623,13.62809],[75.02966,13.62207],[75.03357,13.62129],[75.03519,13.61743],[75.03831,13.61593],[75.05054,13.61613],[75.05398,13.61119],[75.05715,13.61118]]]},"properties":{"taluk":"Kundapura","district":"Udupi","region_id":"subdistrict_5522","level":"taluk"}},{"type":"Feature","geometry":{"type":"MultiPolygon","coordinates":[[[[74.76014,13.28877],[74.75699,13.29556],[74.74538,13.29715],[74.74063,13.29599],[74.74002,13.28834],[74.73316,13.28838],[74.73299,13.28614],[74.72967,13.2853],[74.7239,13.27643],[74.72055,13.28607],[74.71379,13.32465],[74.70647,13.33729],[74.69836,13.34374],[74.70064,13.34727],[74.6964,13.37464],[74.69699,13.4156],[74.69379,13.43498],[74.69987,13.43726],[74.69978,13.42999],[74.70338,13.42411],[74.70263,13.42117],[74.70537,13.41558],[74.71783,13.4154],[74.72526,13.41184],[74.72987,13.40725],[74.73713,13.40917],[74.74058,13.40534],[74.74807,13.38229],[74.75339,13.37832],[74.75993,13.37989],[74.76063,13.38292],[74.76947,13.38016],[74.77504,13.38238],[74.77891,13.38062],[74.78268,13.37545],[74.78824,13.37388],[74.79782,13.37701],[74.80245,13.38433],[74.80914,13.37955],[74.81566,13.37856],[74.8174,13.37983],[74.82124,13.38657],[74.81796,13.39165],[74.81568,13.40365],[74.82289,13.40316],[74.83039,13.41001],[74.83766,13.40343],[74.84355,13.41136],[74.84402,13.40544],[74.85165,13.4087],[74.85407,13.40615],[74.86108,13.40649],[74.8647,13.40399],[74.86745,13.40745],[74.87753,13.40953],[74.88227,13.40508],[74.8963,13.41577],[74.90479,13.41815],[74.91286,13.42953],[74.91821,13.43163],[74.92243,13.43601],[74.92806,13.43495],[74.93764,13.429],[74.93564,13.4235],[74.93824,13.41689],[74.94829,13.4114],[74.95064,13.40255],[74.9557,13.4001],[74.95342,13.38456],[74.95603,13.38128],[74.95366,13.38037],[74.9481,13.38314],[74.94398,13.38302],[74.94048,13.37614],[74.94289,13.36914],[74.9497,13.36697],[74.95004,13.36226],[74.95153,13.36212],[74.94925,13.35894],[74.9499,13.35405],[74.94101,13.35504],[74.93891,13.34805],[74.94651,13.33619],[74.94949,13.32069],[74.93828,13.31983],[74.92448,13.32434],[74.91564,13.32998],[74.91784,13.32337],[74.91701,13.32043],[74.90731,13.31138],[74.89525,13.30844],[74.88971,13.30989],[74.88794,13.3147],[74.87781,13.32151],[74.87853,13.31861],[74.87502,13.31186],[74.87133,13.31236],[74.87041,13.31484],[74.86665,13.30971],[74.86734,13.30451],[74.87415,13.29414],[74.86004,13.27237],[74.8479,13.2738],[74.849,13.27912],[74.84362,13.28668],[74.8394,13.28471],[74.82889,13.28798],[74.82775,13.2843],[74.82555,13.28657],[74.82014,13.2874],[74.82088,13.29],[74.8195,13.29054],[74.81465,13.29031],[74.81188,13.29213],[74.80895,13.2897],[74.80517,13.29053],[74.79989,13.29654],[74.79455,13.29278],[74.79058,13.29345],[74.79025,13.28912],[74.79441,13.28513],[74.79354,13.28245],[74.78841,13.28321],[74.78597,13.2813],[74.78432,13.28598],[74.77844,13.28276],[74.77483,13.2844],[74.77695,13.29023],[74.77536,13.29207],[74.76887,13.29214],[74.76014,13.28877]]],[[[74.68814,13.342],[74.68344,13.34384],[74.68424,13.34677],[74.68738,13.34459],[74.68814,13.342]]],[[[74.6894,13.33577],[74.68775,13.33699],[74.68876,13.34049],[74.69087,13.33913],[74.6894,13.33577]]],[[[74.68624,13.37837],[74.68326,13.38046],[74.68196,13.38422],[74.68495,13.38262],[74.68624,13.37837]]],[[[74.69308,13.33136],[74.69149,13.3314],[74.69194,13.33266],[74.69308,13.33136]]]]},"properties":{"taluk":"Udupi","district":"Udupi","region_id":"subdistrict_5523","level":"taluk"}},{"type":"Feature","geometry":{"type":"MultiPolygon","coordinates":[[[[74.5376,14.79388],[74.54941,14.79335],[74.55232,14.79851],[74.55755,14.79426],[74.56344,14.79264],[74.56892,14.79415],[74.57665,14.80589],[74.57534,14.82079],[74.56902,14.82854],[74.56799,14.83555],[74.55415,14.85969],[74.56289,14.87119],[74.56619,14.86754],[74.56977,14.8697],[74.57029,14.86758],[74.57342,14.86821],[74.57428,14.86995],[74.57499,14.86461],[74.58361,14.85203],[74.58638,14.84401],[74.59318,14.83453],[74.59673,14.8339],[74.5973,14.83102],[74.59963,14.8308],[74.59907,14.8281],[74.60452,14.82082],[74.60448,14.80948],[74.6069,14.80869],[74.60566,14.80687],[74.60813,14.80349],[74.6074,14.79995],[74.6095,14.7995],[74.61148,14.80544],[74.61522,14.80806],[74.61453,14.81249],[74.61667,14.81657],[74.62718,14.82145],[74.64047,14.83629],[74.65861,14.83528],[74.66127,14.83169],[74.66695,14.82955],[74.67488,14.82988],[74.68322,14.83367],[74.69286,14.83414],[74.70806,14.81699],[74.68069,14.80954],[74.63314,14.80806],[74.64458,14.79826],[74.65388,14.78041],[74.6321,14.77601],[74.62991,14.76529],[74.61071,14.7429],[74.61731,14.7262],[74.61264,14.709],[74.61153,14.6927],[74.60828,14.69336],[74.60724,14.68934],[74.60221,14.69385],[74.57324,14.68555],[74.57501,14.68242],[74.57468,14.67426],[74.57856,14.65326],[74.57078,14.64314],[74.57389,14.6346],[74.57534,14.63525],[74.56807,14.61975],[74.57412,14.60782],[74.54787,14.58793],[74.549,14.5848],[74.54259,14.57556],[74.54117,14.57746],[74.53575,14.57673],[74.53206,14.56535],[74.51967,14.56893],[74.51792,14.56454],[74.50245,14.55143],[74.50243,14.54773],[74.4905,14.5332],[74.4873,14.52394],[74.48268,14.51953],[74.48275,14.527],[74.46123,14.52179],[74.47355,14.53263],[74.46524,14.5436],[74.46924,14.54914],[74.47232,14.55967],[74.46387,14.56365],[74.46621,14.56815],[74.45987,14.56393],[74.45773,14.56459],[74.45601,14.56663],[74.45823,14.56857],[74.45447,14.56971],[74.45357,14.57296],[74.45745,14.57394],[74.4568,14.57794],[74.47202,14.5917],[74.46183,14.60176],[74.45714,14.5977],[74.44013,14.60733],[74.44252,14.60777],[74.44049,14.61154],[74.43613,14.61031],[74.42575,14.59798],[74.4268,14.59018],[74.4314,14.58852],[74.43689,14.56585],[74.41803,14.56371],[74.39104,14.56608],[74.40012,14.57081],[74.39969,14.57466],[74.38994,14.57495],[74.38948,14.57305],[74.38558,14.57198],[74.37472,14.57404],[74.37449,14.57979],[74.37713,14.58585],[74.36964,14.58286],[74.36386,14.57554],[74.3596,14.57753],[74.34836,14.57242],[74.34395,14.57338],[74.34862,14.57804],[74.3474,14.58214],[74.32578,14.57875],[74.3233,14.5831],[74.31748,14.58271],[74.31604,14.59112],[74.3179,14.59868],[74.30862,14.60079],[74.30515,14.59885],[74.30172,14.59299],[74.2962,14.5952],[74.29444,14.59356],[74.29422,14.59911],[74.29644,14.60106],[74.29126,14.60126],[74.29016,14.60441],[74.27992,14.61107],[74.27607,14.62474],[74.27077,14.62843],[74.27232,14.62938],[74.27936,14.62575],[74.28532,14.63409],[74.28487,14.64721],[74.2808,14.64934],[74.28216,14.65251],[74.28166,14.65509],[74.27923,14.65899],[74.28131,14.66104],[74.27759,14.66529],[74.27519,14.66522],[74.27776,14.66858],[74.27696,14.67094],[74.28033,14.66977],[74.28242,14.67645],[74.26883,14.70321],[74.26084,14.70759],[74.25704,14.70649],[74.26504,14.71139],[74.26297,14.71131],[74.26382,14.71736],[74.24795,14.74155],[74.25751,14.75218],[74.26271,14.76126],[74.26087,14.76698],[74.26407,14.77195],[74.26273,14.77777],[74.2773,14.77883],[74.29241,14.78462],[74.29336,14.79363],[74.30299,14.79623],[74.3081,14.80505],[74.33279,14.80819],[74.32728,14.82022],[74.33757,14.83776],[74.33777,14.84296],[74.34308,14.84717],[74.34593,14.84865],[74.36117,14.8399],[74.39323,14.83529],[74.43436,14.80822],[74.45871,14.79735],[74.45728,14.79174],[74.43712,14.77984],[74.41982,14.77655],[74.42397,14.76948],[74.42231,14.76048],[74.42968,14.75668],[74.44632,14.75979],[74.46424,14.75676],[74.46793,14.75353],[74.4701,14.75388],[74.47817,14.77366],[74.49671,14.79024],[74.49866,14.78701],[74.50372,14.78473],[74.51319,14.76858],[74.52224,14.76912],[74.52961,14.77849],[74.53549,14.77598],[74.53828,14.77722],[74.5376,14.79388]],[[74.25616,14.74419],[74.2543,14.74575],[74.25409,14.74461],[74.25616,14.74419]]],[[[74.28073,14.65639],[74.28047,14.65598],[74.28036,14.65633],[74.28073,14.65639]]],[[[74.25211,14.7045],[74.25476,14.70553],[74.25491,14.70441],[74.25211,14.7045]]],[[[74.25555,14.72067],[74.25416,14.72168],[74.25469,14.7247],[74.25709,14.72237],[74.25555,14.72067]]]]},"properties":{"taluk":"Ankola","district":"Uttara Kannada","region_id":"subdistrict_5484","level":"taluk"}},{"type":"Feature","geometry":{"type":"Polygon","coordinates":[[[74.67153,14.07191],[74.67638,14.06179],[74.67386,14.05788],[74.67245,14.04815],[74.67814,14.04229],[74.67621,14.0234],[74.66136,13.99362],[74.66475,13.98098],[74.65563,13.97392],[74.64658,13.96307],[74.64868,13.95004],[74.65264,13.94572],[74.64814,13.94404],[74.64782,13.9407],[74.64438,13.94122],[74.64242,13.93908],[74.63828,13.93917],[74.63582,13.94133],[74.63362,13.9399],[74.6352,13.94411],[74.63113,13.94395],[74.63168,13.9462],[74.62061,13.93583],[74.61865,13.94182],[74.60644,13.94084],[74.59683,13.93197],[74.59534,13.94183],[74.59305,13.9399],[74.59006,13.93049],[74.58825,13.93095],[74.58196,13.92573],[74.57892,13.92607],[74.57481,13.93835],[74.56925,13.94777],[74.56606,13.94964],[74.56154,13.94582],[74.5577,13.9518],[74.54918,13.9491],[74.54784,13.95601],[74.54175,13.95872],[74.53896,13.96581],[74.53569,13.96722],[74.532,13.9646],[74.5319,13.96886],[74.52897,13.97292],[74.52548,13.9752],[74.5186,13.98562],[74.51486,13.98755],[74.51434,13.99211],[74.51265,13.9981],[74.50954,14.00111],[74.50894,14.00702],[74.50249,14.02098],[74.50273,14.02524],[74.50451,14.02566],[74.50144,14.02791],[74.49931,14.05131],[74.49333,14.07716],[74.48844,14.08683],[74.48803,14.09278],[74.48575,14.09435],[74.48691,14.10628],[74.48865,14.10736],[74.48565,14.1107],[74.48072,14.13803],[74.48709,14.1395],[74.48581,14.14116],[74.48755,14.14425],[74.48773,14.1419],[74.49031,14.14269],[74.49203,14.14027],[74.50125,14.14429],[74.50304,14.14151],[74.50318,14.14511],[74.50405,14.14326],[74.50594,14.14369],[74.50643,14.14084],[74.50364,14.14177],[74.49738,14.13727],[74.4973,14.13114],[74.50036,14.12451],[74.50585,14.12332],[74.51654,14.12506],[74.51841,14.12262],[74.51621,14.11319],[74.52746,14.10882],[74.5343,14.10957],[74.5355,14.1059],[74.53765,14.11071],[74.54087,14.10835],[74.55389,14.10746],[74.55484,14.11725],[74.54986,14.1287],[74.55214,14.13398],[74.55673,14.135],[74.5675,14.14372],[74.58331,14.14889],[74.62187,14.14928],[74.62703,14.15815],[74.6292,14.1441],[74.64408,14.14041],[74.64258,14.13388],[74.64599,14.11466],[74.65555,14.11543],[74.6459,14.10237],[74.65484,14.09437],[74.67153,14.07191]]]},"properties":{"taluk":"Bhatkal","district":"Uttara Kannada","region_id":"subdistrict_5488","level":"taluk"}},{"type":"Feature","geometry":{"type":"Polygon","coordinates":[[[74.73222,15.08978],[74.73027,15.08378],[74.72418,15.0848],[74.71798,15.08148],[74.71163,15.08748],[74.70149,15.10523],[74.69479,15.09782],[74.68818,15.09822],[74.68302,15.0929],[74.67457,15.09809],[74.64744,15.07797],[74.64027,15.08273],[74.63865,15.1112],[74.69083,15.13949],[74.66761,15.14956],[74.62939,15.13915],[74.62744,15.15722],[74.6236,15.16482],[74.62583,15.20185],[74.61741,15.22529],[74.61664,15.23621],[74.61842,15.23671],[74.6151,15.24955],[74.6152,15.25635],[74.60886,15.25858],[74.59566,15.25724],[74.60283,15.27567],[74.60546,15.2774],[74.6051,15.28151],[74.60698,15.28377],[74.60445,15.28827],[74.60541,15.2925],[74.57805,15.29307],[74.5733,15.29468],[74.56449,15.30773],[74.57211,15.31747],[74.59614,15.32192],[74.60091,15.32509],[74.59864,15.32897],[74.60056,15.33056],[74.60087,15.33511],[74.61332,15.35082],[74.6138,15.35929],[74.63409,15.36825],[74.64027,15.38159],[74.64992,15.39122],[74.68914,15.39869],[74.68234,15.39022],[74.67741,15.38707],[74.67873,15.38435],[74.66488,15.36894],[74.67129,15.36473],[74.67486,15.34535],[74.65402,15.34074],[74.65782,15.32557],[74.669,15.31585],[74.69146,15.31579],[74.71002,15.32002],[74.70707,15.31744],[74.70875,15.31325],[74.71314,15.31109],[74.70554,15.30612],[74.70052,15.2988],[74.69695,15.29883],[74.69889,15.27975],[74.69638,15.27627],[74.69187,15.27642],[74.6886,15.27015],[74.6974,15.26966],[74.69697,15.25507],[74.68373,15.24318],[74.68797,15.22245],[74.67985,15.21567],[74.68874,15.2036],[74.67183,15.19676],[74.66493,15.18593],[74.68253,15.18154],[74.68362,15.1847],[74.69484,15.19005],[74.69795,15.19437],[74.70758,15.18487],[74.7226,15.17929],[74.73005,15.17435],[74.73884,15.17705],[74.75933,15.17311],[74.75968,15.16475],[74.75651,15.15812],[74.71755,15.14952],[74.71608,15.14691],[74.7164,15.14293],[74.72758,15.12139],[74.72967,15.11299],[74.727,15.09789],[74.73147,15.09499],[74.73222,15.08978]]]},"properties":{"taluk":"Dandeli","district":"Uttara Kannada","region_id":"subdistrict_7064","level":"taluk"}},{"type":"Feature","geometry":{"type":"MultiPolygon","coordinates":[[[[74.73058,15.09576],[74.727,15.09789],[74.72967,15.11299],[74.72758,15.12139],[74.7164,15.14293],[74.71608,15.14691],[74.71755,15.14952],[74.75651,15.15812],[74.75968,15.16475],[74.75933,15.17311],[74.73884,15.17705],[74.73005,15.17435],[74.7226,15.17929],[74.70758,15.18487],[74.69795,15.19437],[74.69484,15.19005],[74.68362,15.1847],[74.68253,15.18154],[74.66493,15.18593],[74.67183,15.19676],[74.68874,15.2036],[74.67985,15.21567],[74.68797,15.22245],[74.68373,15.24318],[74.69697,15.25507],[74.6974,15.26966],[74.6886,15.27015],[74.69187,15.27642],[74.69638,15.27627],[74.69889,15.27975],[74.69695,15.29883],[74.70052,15.2988],[74.70554,15.30612],[74.71314,15.31109],[74.70875,15.31325],[74.70707,15.31744],[74.71002,15.32002],[74.69146,15.31579],[74.66852,15.31592],[74.65782,15.32557],[74.65402,15.34074],[74.67486,15.34535],[74.67129,15.36473],[74.66488,15.36894],[74.67873,15.38435],[74.67741,15.38707],[74.68234,15.39022],[74.69856,15.4098],[74.70626,15.40727],[74.71754,15.41111],[74.73189,15.40798],[74.7457,15.41263],[74.74837,15.41057],[74.7574,15.41105],[74.7668,15.4178],[74.76879,15.41511],[74.76768,15.41082],[74.77062,15.40849],[74.7646,15.40153],[74.76561,15.39834],[74.76629,15.40051],[74.76928,15.40145],[74.78158,15.39419],[74.78541,15.38513],[74.79226,15.37879],[74.79874,15.37756],[74.80973,15.37926],[74.82034,15.3849],[74.83058,15.37346],[74.82373,15.37319],[74.81902,15.3708],[74.82457,15.35481],[74.82533,15.34524],[74.83213,15.33646],[74.83565,15.33471],[74.84485,15.33597],[74.84777,15.34015],[74.85482,15.3405],[74.86106,15.32759],[74.87746,15.31703],[74.8756,15.31602],[74.8776,15.31404],[74.87801,15.30874],[74.875,15.30016],[74.88142,15.29808],[74.88931,15.30463],[74.89447,15.2991],[74.89711,15.30131],[74.90619,15.27991],[74.91021,15.25183],[74.9016,15.24507],[74.89868,15.24029],[74.88576,15.23296],[74.88567,15.22798],[74.88268,15.22354],[74.87238,15.21616],[74.87753,15.19304],[74.8712,15.1913],[74.8648,15.18655],[74.86516,15.18228],[74.86242,15.18216],[74.86256,15.17879],[74.85014,15.17106],[74.8481,15.16274],[74.84445,15.1607],[74.84147,15.15684],[74.84262,15.15532],[74.83502,15.14874],[74.83791,15.14474],[74.83604,15.14237],[74.82895,15.13968],[74.82904,15.1364],[74.82441,15.13462],[74.81928,15.14069],[74.82344,15.14413],[74.82012,15.14587],[74.82105,15.15158],[74.81927,15.15346],[74.81341,15.15425],[74.8111,15.15125],[74.79741,15.14846],[74.79301,15.14634],[74.79482,15.13947],[74.79259,15.13082],[74.78939,15.12994],[74.78174,15.13197],[74.78457,15.11688],[74.77399,15.0998],[74.76614,15.10179],[74.75951,15.1001],[74.75855,15.102],[74.75399,15.10292],[74.75197,15.09227],[74.7431,15.08488],[74.73794,15.08891],[74.73222,15.08978],[74.73058,15.09576]]],[[[74.63865,15.1112],[74.62939,15.13915],[74.66761,15.14956],[74.69083,15.13949],[74.63865,15.1112]]]]},"properties":{"taluk":"Haliyal","district":"Uttara Kannada","region_id":"subdistrict_5480","level":"taluk"}},{"type":"Feature","geometry":{"type":"Polygon","coordinates":[[[74.51506,14.42822],[74.53272,14.42648],[74.53022,14.41696],[74.53483,14.40888],[74.54065,14.40828],[74.54507,14.40417],[74.55658,14.40108],[74.56326,14.39724],[74.5618,14.39132],[74.54733,14.36677],[74.54838,14.36398],[74.56301,14.36236],[74.58591,14.37363],[74.58518,14.37624],[74.61457,14.37179],[74.6278,14.37415],[74.6388,14.38229],[74.66387,14.38809],[74.64603,14.37244],[74.64875,14.3666],[74.6197,14.33861],[74.64695,14.32037],[74.65967,14.32404],[74.67217,14.30846],[74.68173,14.30828],[74.70402,14.30356],[74.72127,14.28818],[74.72582,14.27627],[74.71784,14.26874],[74.72734,14.26735],[74.73153,14.26475],[74.71261,14.23295],[74.72613,14.1738],[74.74757,14.15687],[74.74907,14.1421],[74.74698,14.14137],[74.74474,14.14923],[74.72083,14.15442],[74.70904,14.16728],[74.70068,14.16978],[74.69936,14.1679],[74.69384,14.17021],[74.6958,14.17282],[74.66477,14.18301],[74.65273,14.16733],[74.65047,14.16973],[74.62975,14.16393],[74.62187,14.14928],[74.58331,14.14889],[74.5675,14.14372],[74.55673,14.135],[74.55214,14.13398],[74.54986,14.1287],[74.55484,14.11725],[74.55389,14.10746],[74.54087,14.10835],[74.53765,14.11071],[74.5355,14.1059],[74.5343,14.10957],[74.52746,14.10882],[74.51621,14.11319],[74.51841,14.12262],[74.51654,14.12506],[74.50585,14.12332],[74.50036,14.12451],[74.4973,14.13114],[74.49738,14.13727],[74.50364,14.14177],[74.50643,14.14084],[74.50594,14.14369],[74.50405,14.14326],[74.50318,14.14511],[74.50272,14.1414],[74.50125,14.14429],[74.49203,14.14027],[74.49031,14.14269],[74.48773,14.1419],[74.48755,14.14425],[74.48581,14.14116],[74.48709,14.1395],[74.48028,14.1377],[74.47672,14.14016],[74.47815,14.14474],[74.47079,14.18235],[74.46344,14.19994],[74.46035,14.201],[74.45792,14.19872],[74.45389,14.20004],[74.44177,14.22757],[74.43825,14.24533],[74.43676,14.24534],[74.42208,14.2792],[74.42343,14.28718],[74.41265,14.31539],[74.41304,14.32697],[74.40785,14.34452],[74.4136,14.34539],[74.41329,14.35034],[74.41591,14.35429],[74.42151,14.35441],[74.42916,14.3721],[74.43705,14.37503],[74.43695,14.37721],[74.43439,14.377],[74.43468,14.37889],[74.43946,14.38312],[74.44393,14.38164],[74.44675,14.38347],[74.44916,14.38171],[74.45046,14.38336],[74.45372,14.3822],[74.45454,14.38434],[74.45806,14.38213],[74.46133,14.3831],[74.46091,14.38543],[74.4655,14.38903],[74.46501,14.39499],[74.4724,14.39851],[74.47889,14.41077],[74.47646,14.41343],[74.47876,14.41542],[74.47654,14.41745],[74.47792,14.41823],[74.47711,14.42265],[74.48165,14.43013],[74.48718,14.42865],[74.48809,14.43261],[74.49457,14.43141],[74.50005,14.41674],[74.50456,14.41556],[74.51506,14.42822]]]},"properties":{"taluk":"Honavar","district":"Uttara Kannada","region_id":"subdistrict_5487","level":"taluk"}},{"type":"Feature","geometry":{"type":"MultiPolygon","coordinates":[[[[74.1729,14.75454],[74.15832,14.7544],[74.15814,14.75151],[74.15982,14.75059],[74.15704,14.74443],[74.15079,14.74709],[74.15113,14.75287],[74.15782,14.76005],[74.14305,14.77999],[74.13752,14.78078],[74.13412,14.77845],[74.12788,14.78091],[74.12602,14.77901],[74.12151,14.77942],[74.12311,14.78022],[74.12139,14.78365],[74.11539,14.78974],[74.1109,14.78424],[74.10858,14.78442],[74.11041,14.78996],[74.10855,14.79306],[74.10399,14.79205],[74.10051,14.79904],[74.09488,14.80075],[74.09356,14.80709],[74.09686,14.80922],[74.10345,14.80938],[74.10509,14.80613],[74.1076,14.80769],[74.10716,14.80524],[74.11368,14.80421],[74.11719,14.80129],[74.12475,14.80438],[74.12783,14.8133],[74.12463,14.83554],[74.12709,14.83981],[74.11569,14.84442],[74.11195,14.84859],[74.1081,14.86903],[74.10389,14.87693],[74.09985,14.88089],[74.10122,14.888],[74.09769,14.89867],[74.09104,14.90044],[74.08551,14.89898],[74.08642,14.9015],[74.09039,14.90325],[74.09431,14.91066],[74.10171,14.91588],[74.10832,14.91255],[74.10903,14.9168],[74.12062,14.91763],[74.11997,14.91907],[74.12483,14.92524],[74.1301,14.92494],[74.13541,14.9202],[74.14023,14.92369],[74.14646,14.91843],[74.15431,14.91768],[74.16047,14.91307],[74.16513,14.9197],[74.16306,14.92533],[74.15825,14.93013],[74.1563,14.93841],[74.15375,14.94032],[74.1555,14.94221],[74.1551,14.94643],[74.15858,14.94908],[74.15938,14.956],[74.16422,14.95886],[74.17267,14.95783],[74.17506,14.95925],[74.18074,14.9576],[74.18097,14.95021],[74.19489,14.94289],[74.19702,14.93814],[74.19386,14.93264],[74.19698,14.92983],[74.19633,14.92856],[74.20156,14.92555],[74.20911,14.93762],[74.21345,14.94048],[74.2126,14.9443],[74.21488,14.9497],[74.21896,14.9459],[74.22563,14.95029],[74.2306,14.94981],[74.23144,14.95819],[74.23789,14.96595],[74.25249,14.95965],[74.25525,14.97082],[74.25868,14.97061],[74.26214,14.97615],[74.26649,14.97807],[74.25469,14.98917],[74.25581,14.99522],[74.27009,14.99831],[74.26915,15.00071],[74.27134,15.00739],[74.28136,15.02096],[74.28185,15.03061],[74.28989,15.03849],[74.29505,15.04003],[74.29467,15.04482],[74.30281,15.05035],[74.32152,15.04067],[74.31791,15.0337],[74.32055,15.02945],[74.31859,15.0248],[74.315,15.02002],[74.30852,15.02076],[74.30869,15.01628],[74.31313,14.99331],[74.31621,14.99045],[74.32732,14.991],[74.33345,14.97159],[74.3382,14.96716],[74.33477,14.95982],[74.34516,14.94864],[74.36502,14.94539],[74.36932,14.92536],[74.38746,14.92537],[74.39925,14.90508],[74.40606,14.91956],[74.42264,14.90827],[74.42112,14.92213],[74.42791,14.93761],[74.42973,14.93779],[74.44084,14.95951],[74.45482,14.93494],[74.45594,14.93646],[74.45372,14.93259],[74.4621,14.91716],[74.46181,14.90495],[74.46763,14.89262],[74.48156,14.89665],[74.4866,14.90199],[74.49231,14.91394],[74.49764,14.91822],[74.51723,14.92463],[74.52746,14.92168],[74.52182,14.90215],[74.52489,14.89635],[74.51375,14.88267],[74.50454,14.88094],[74.51274,14.8662],[74.5116,14.8607],[74.49174,14.84931],[74.49487,14.84645],[74.47937,14.83189],[74.48281,14.82945],[74.47562,14.82626],[74.4717,14.81791],[74.45269,14.80038],[74.43436,14.80822],[74.39323,14.83529],[74.36117,14.8399],[74.34593,14.84865],[74.33777,14.84296],[74.33757,14.83776],[74.32728,14.82022],[74.33279,14.80819],[74.3081,14.80505],[74.30299,14.79623],[74.29336,14.79363],[74.29241,14.78462],[74.2773,14.77883],[74.26273,14.77777],[74.26407,14.77195],[74.26087,14.76698],[74.26271,14.76126],[74.25751,14.75218],[74.24795,14.74155],[74.23746,14.74817],[74.22662,14.74633],[74.22781,14.73854],[74.22412,14.73451],[74.20234,14.73322],[74.20575,14.72604],[74.19343,14.72638],[74.19489,14.72936],[74.19344,14.73403],[74.18019,14.7508],[74.17635,14.74977],[74.17091,14.75222],[74.1729,14.75454]]],[[[74.1463,14.76018],[74.14325,14.75831],[74.13844,14.76086],[74.13909,14.76312],[74.14561,14.76309],[74.1463,14.76018]]],[[[74.11009,14.84577],[74.11165,14.84523],[74.11305,14.84234],[74.10797,14.84254],[74.11009,14.84577]]],[[[74.10192,14.87825],[74.10173,14.8763],[74.10002,14.87675],[74.10192,14.87825]]],[[[74.2543,14.74575],[74.25616,14.74419],[74.25409,14.74461],[74.2543,14.74575]]],[[[74.1147,14.84498],[74.11433,14.84326],[74.11464,14.84521],[74.1147,14.84498]]]]},"properties":{"taluk":"Karwar","district":"Uttara Kannada","region_id":"subdistrict_5478","level":"taluk"}},{"type":"Feature","geometry":{"type":"Polygon","coordinates":[[[74.49421,14.43153],[74.48809,14.43261],[74.48718,14.42865],[74.48165,14.43013],[74.47711,14.42265],[74.47792,14.41823],[74.47654,14.41745],[74.47876,14.41542],[74.47646,14.41343],[74.47889,14.41077],[74.4724,14.39851],[74.46501,14.39499],[74.4655,14.38903],[74.46091,14.38543],[74.46133,14.3831],[74.45806,14.38213],[74.45454,14.38434],[74.45372,14.3822],[74.45046,14.38336],[74.44916,14.38171],[74.44675,14.38347],[74.44393,14.38164],[74.43946,14.38312],[74.43468,14.37889],[74.43439,14.377],[74.43695,14.37721],[74.43705,14.37503],[74.42916,14.3721],[74.42151,14.35441],[74.41525,14.35381],[74.41274,14.34794],[74.4136,14.34539],[74.40905,14.345],[74.40671,14.357],[74.40461,14.3577],[74.40603,14.35989],[74.4029,14.37051],[74.40588,14.37036],[74.39754,14.40965],[74.39495,14.41682],[74.38554,14.41571],[74.3795,14.42168],[74.37948,14.42483],[74.38244,14.42596],[74.37861,14.43115],[74.38209,14.433],[74.38186,14.43893],[74.37387,14.46051],[74.37609,14.46075],[74.37357,14.46856],[74.37229,14.47083],[74.37,14.4699],[74.35942,14.49805],[74.36095,14.49958],[74.35876,14.50246],[74.35447,14.50221],[74.35506,14.50931],[74.34043,14.51311],[74.33714,14.51872],[74.32616,14.51597],[74.32556,14.51922],[74.31075,14.5215],[74.31532,14.5253],[74.31646,14.52924],[74.31159,14.53531],[74.31151,14.53925],[74.31506,14.54238],[74.29491,14.59475],[74.30172,14.59299],[74.30515,14.59885],[74.30927,14.60092],[74.31756,14.59888],[74.31604,14.59112],[74.31772,14.58237],[74.3233,14.5831],[74.32578,14.57875],[74.3474,14.58214],[74.34862,14.57804],[74.34395,14.57338],[74.34836,14.57242],[74.3596,14.57753],[74.36386,14.57554],[74.36964,14.58286],[74.37713,14.58585],[74.37449,14.57979],[74.37472,14.57404],[74.38558,14.57198],[74.38948,14.57305],[74.38994,14.57495],[74.39969,14.57466],[74.40012,14.57081],[74.39339,14.56794],[74.39104,14.56608],[74.39207,14.56539],[74.42372,14.56429],[74.43689,14.56585],[74.4314,14.58852],[74.4268,14.59018],[74.42575,14.59798],[74.43613,14.61031],[74.44049,14.61154],[74.44252,14.60777],[74.44013,14.60733],[74.45714,14.5977],[74.46183,14.60176],[74.47202,14.5917],[74.4568,14.57794],[74.45745,14.57394],[74.45357,14.57296],[74.45447,14.56971],[74.45823,14.56857],[74.45601,14.56663],[74.45773,14.56459],[74.45987,14.56393],[74.46621,14.56815],[74.46387,14.56365],[74.47232,14.55967],[74.46924,14.54914],[74.46524,14.5436],[74.47355,14.53263],[74.46123,14.52179],[74.48275,14.527],[74.48268,14.51953],[74.4873,14.52394],[74.4905,14.5332],[74.50243,14.54773],[74.50245,14.55143],[74.51792,14.56454],[74.51967,14.56893],[74.53206,14.56535],[74.53575,14.57673],[74.54117,14.57746],[74.54259,14.57556],[74.549,14.5848],[74.54787,14.58793],[74.57412,14.60782],[74.58288,14.6021],[74.58069,14.57981],[74.5828,14.5589],[74.57623,14.5362],[74.56949,14.52633],[74.5716,14.52149],[74.56945,14.50792],[74.57298,14.49126],[74.58066,14.4827],[74.59075,14.47721],[74.59911,14.47635],[74.60892,14.46775],[74.61393,14.46605],[74.6321,14.47125],[74.62954,14.45904],[74.63422,14.4637],[74.63868,14.46438],[74.65221,14.48076],[74.66835,14.47521],[74.69155,14.48312],[74.69623,14.4733],[74.68931,14.46292],[74.67041,14.44899],[74.67874,14.44432],[74.67565,14.43148],[74.65929,14.43506],[74.65368,14.43202],[74.6729,14.41334],[74.66669,14.39109],[74.66321,14.38815],[74.6388,14.38229],[74.6278,14.37415],[74.61457,14.37179],[74.58518,14.37624],[74.58591,14.37363],[74.56301,14.36236],[74.54838,14.36398],[74.54733,14.36677],[74.5618,14.39132],[74.56326,14.39724],[74.55658,14.40108],[74.54507,14.40417],[74.54065,14.40828],[74.53483,14.40888],[74.53022,14.41696],[74.53272,14.42648],[74.51506,14.42822],[74.50456,14.41556],[74.50109,14.41601],[74.49421,14.43153]]]},"properties":{"taluk":"Kumta","district":"Uttara Kannada","region_id":"subdistrict_5485","level":"taluk"}},{"type":"Feature","geometry":{"type":"Polygon","coordinates":[[[74.91746,14.76608],[74.91178,14.77921],[74.9141,14.78161],[74.90724,14.79496],[74.90789,14.81008],[74.92665,14.8028],[74.93962,14.81929],[74.94421,14.83425],[74.94221,14.83985],[74.91472,14.83211],[74.90444,14.82474],[74.90632,14.83621],[74.91345,14.85619],[74.92335,14.86299],[74.91817,14.87222],[74.91254,14.90153],[74.93111,14.90327],[74.93498,14.90964],[74.91852,14.91424],[74.89231,14.93561],[74.88356,14.96034],[74.86557,14.96581],[74.87044,14.97194],[74.86967,14.97703],[74.87195,14.97913],[74.87083,14.98499],[74.87593,14.98754],[74.87926,14.99769],[74.88592,15.00049],[74.88971,15.02483],[74.89301,15.0263],[74.8974,15.02377],[74.89974,15.02942],[74.90909,15.03411],[74.90649,15.03614],[74.90925,15.03999],[74.91733,15.0389],[74.91884,15.04415],[74.92273,15.04478],[74.92417,15.04839],[74.93038,15.04926],[74.93144,15.05193],[74.94011,15.05188],[74.942,15.05597],[74.93942,15.05719],[74.94027,15.06658],[74.94421,15.06423],[74.95074,15.06766],[74.95731,15.0641],[74.9633,15.06937],[74.97388,15.07049],[74.9789,15.06891],[74.98605,15.07123],[74.98604,15.07299],[74.99175,15.07361],[74.99854,15.06974],[75.00737,15.07132],[75.01289,15.06812],[75.01839,15.07265],[75.01998,15.07005],[75.02543,15.07313],[75.03035,15.07309],[75.03208,15.07722],[75.03546,15.07884],[75.05353,15.08264],[75.05459,15.07308],[75.05828,15.07135],[75.07092,15.07044],[75.08254,15.0746],[75.0739,15.0524],[75.07236,15.04141],[75.07702,15.03793],[75.07153,15.01793],[75.06813,15.01472],[75.07323,14.9997],[75.07588,14.97403],[75.08155,14.96951],[75.08451,14.95665],[75.09767,14.9567],[75.09378,14.95221],[75.09778,14.94737],[75.09708,14.94322],[75.10337,14.93508],[75.10166,14.93249],[75.10229,14.92763],[75.08543,14.92678],[75.08725,14.92097],[75.08025,14.92243],[75.06707,14.9191],[75.07108,14.87181],[75.07392,14.86761],[75.07094,14.86764],[75.06973,14.86334],[75.0741,14.85606],[75.06769,14.83677],[75.07158,14.83391],[75.07357,14.82624],[75.09053,14.82022],[75.09168,14.81106],[75.07389,14.80823],[75.05531,14.81462],[75.05601,14.80511],[75.06884,14.79798],[75.06918,14.787],[75.06712,14.78612],[75.07076,14.78242],[75.06629,14.78302],[75.06358,14.77658],[75.05192,14.77674],[75.04993,14.77349],[75.04618,14.77293],[75.04061,14.7741],[75.03969,14.76774],[75.04165,14.75933],[75.04365,14.75372],[75.04691,14.75187],[75.04767,14.74414],[75.0438,14.74328],[75.04471,14.73898],[75.0375,14.73841],[75.03853,14.72774],[75.03352,14.72729],[75.031,14.72989],[75.02803,14.72506],[75.02626,14.72643],[75.01843,14.72359],[75.01804,14.72155],[75.01468,14.72029],[75.01454,14.71719],[75.00651,14.71918],[74.99952,14.70489],[74.99731,14.70436],[74.99416,14.69505],[74.97765,14.69802],[74.96743,14.70325],[74.96979,14.70646],[74.96987,14.71178],[74.97195,14.71195],[74.97315,14.71739],[74.97605,14.71892],[74.97898,14.72532],[74.97794,14.72717],[74.9739,14.72674],[74.97009,14.72892],[74.96191,14.7287],[74.96068,14.73101],[74.9551,14.73222],[74.95415,14.7378],[74.95153,14.74049],[74.94666,14.73782],[74.93547,14.73743],[74.92461,14.74311],[74.91983,14.74868],[74.9158,14.74473],[74.91314,14.74728],[74.90964,14.74599],[74.89527,14.74919],[74.89227,14.74642],[74.88697,14.7487],[74.88435,14.76047],[74.89393,14.76835],[74.90689,14.76987],[74.91746,14.76608]]]},"properties":{"taluk":"Mundgod","district":"Uttara Kannada","region_id":"subdistrict_5482","level":"taluk"}},{"type":"Feature","geometry":{"type":"Polygon","coordinates":[[[74.81207,14.531],[74.82017,14.52993],[74.81936,14.52314],[74.82096,14.52221],[74.82783,14.52759],[74.84232,14.52442],[74.84293,14.5279],[74.86155,14.53467],[74.85563,14.53874],[74.85384,14.53732],[74.85262,14.54128],[74.84771,14.54588],[74.85438,14.55289],[74.87387,14.55883],[74.88504,14.55463],[74.89169,14.54414],[74.88983,14.53641],[74.90139,14.52937],[74.90223,14.51847],[74.89885,14.50924],[74.89545,14.5083],[74.88994,14.4898],[74.88893,14.48002],[74.89368,14.47368],[74.8983,14.47431],[74.91774,14.46697],[74.92037,14.45894],[74.90888,14.45787],[74.89892,14.46456],[74.88845,14.46025],[74.87395,14.44726],[74.87809,14.44031],[74.87807,14.43589],[74.88124,14.43331],[74.88024,14.42937],[74.90947,14.43164],[74.91772,14.43071],[74.93365,14.40369],[74.94126,14.40066],[74.9448,14.40215],[74.9492,14.39883],[74.94823,14.39487],[74.95064,14.38183],[74.94931,14.3761],[74.94553,14.37455],[74.94015,14.36793],[74.93894,14.35845],[74.94439,14.35404],[74.94894,14.35303],[74.95019,14.35049],[74.95242,14.35142],[74.95517,14.34976],[74.96078,14.34102],[74.9744,14.33815],[74.97576,14.33325],[74.97312,14.32699],[74.9696,14.32608],[74.97214,14.32065],[74.97335,14.32276],[74.97713,14.32148],[74.97212,14.31679],[74.96294,14.3182],[74.96132,14.32202],[74.95786,14.3239],[74.95608,14.32272],[74.95665,14.32039],[74.95224,14.31726],[74.94908,14.31999],[74.94214,14.31828],[74.93662,14.32249],[74.93091,14.31904],[74.92971,14.32059],[74.92458,14.3191],[74.92038,14.31566],[74.91371,14.30368],[74.91383,14.29963],[74.90561,14.29345],[74.9085,14.28865],[74.90751,14.2851],[74.90994,14.2777],[74.9157,14.27571],[74.91659,14.27299],[74.92371,14.27821],[74.92622,14.27731],[74.9284,14.26467],[74.93452,14.2634],[74.93651,14.25602],[74.9394,14.25564],[74.93654,14.25175],[74.93578,14.24325],[74.93077,14.24097],[74.92811,14.23655],[74.92921,14.23481],[74.92384,14.23206],[74.92101,14.22731],[74.9134,14.22897],[74.909,14.22737],[74.90539,14.23008],[74.89649,14.227],[74.89821,14.22469],[74.89637,14.22194],[74.89703,14.21909],[74.88791,14.21469],[74.87851,14.21409],[74.87754,14.21723],[74.87987,14.21979],[74.87895,14.22156],[74.87567,14.21934],[74.87588,14.22604],[74.88087,14.23293],[74.87341,14.24031],[74.86936,14.23631],[74.86726,14.21834],[74.86021,14.21755],[74.85714,14.21018],[74.85374,14.20925],[74.84869,14.21699],[74.83957,14.22282],[74.83767,14.22592],[74.8389,14.22749],[74.83255,14.22921],[74.82266,14.22551],[74.81882,14.23056],[74.80991,14.22825],[74.79889,14.23121],[74.79273,14.22802],[74.77601,14.24081],[74.75268,14.25163],[74.73303,14.26741],[74.73153,14.26475],[74.72734,14.26735],[74.71784,14.26874],[74.72583,14.27768],[74.72127,14.28818],[74.70402,14.30356],[74.68173,14.30828],[74.67217,14.30846],[74.65967,14.32404],[74.64695,14.32037],[74.6197,14.33861],[74.64875,14.3666],[74.64603,14.37244],[74.66369,14.38784],[74.66294,14.3894],[74.66436,14.38864],[74.66669,14.39109],[74.6729,14.41334],[74.65368,14.43202],[74.65929,14.43506],[74.67565,14.43148],[74.67874,14.44432],[74.67041,14.44899],[74.68931,14.46292],[74.69623,14.4733],[74.69155,14.48312],[74.66835,14.47521],[74.65221,14.48076],[74.63868,14.46438],[74.63422,14.4637],[74.62954,14.45904],[74.6321,14.47125],[74.63664,14.47262],[74.63509,14.50327],[74.66039,14.50707],[74.66059,14.50499],[74.67117,14.50392],[74.67613,14.50798],[74.68984,14.51085],[74.6941,14.51554],[74.69812,14.51118],[74.70113,14.51114],[74.70357,14.50724],[74.71264,14.50527],[74.72102,14.50997],[74.7226,14.51386],[74.72526,14.51273],[74.73109,14.51637],[74.7302,14.51178],[74.73272,14.50782],[74.73361,14.50981],[74.74353,14.50449],[74.74746,14.51465],[74.74664,14.5173],[74.75054,14.51701],[74.74975,14.51928],[74.75366,14.521],[74.76213,14.52268],[74.76323,14.51892],[74.77309,14.51801],[74.77544,14.51954],[74.7731,14.52329],[74.77663,14.52326],[74.77823,14.52576],[74.78386,14.52514],[74.78161,14.52122],[74.78367,14.51825],[74.78896,14.51841],[74.79065,14.52175],[74.79686,14.52316],[74.8026,14.52285],[74.80101,14.52014],[74.8037,14.51966],[74.80516,14.52237],[74.81117,14.52234],[74.81307,14.52771],[74.81207,14.531]]]},"properties":{"taluk":"Siddapur","district":"Uttara Kannada","region_id":"subdistrict_5486","level":"taluk"}},{"type":"Feature","geometry":{"type":"Polygon","coordinates":[[[74.80978,14.74048],[74.81415,14.73778],[74.81813,14.74225],[74.81747,14.7457],[74.82429,14.74696],[74.82651,14.74156],[74.83071,14.73942],[74.83357,14.74266],[74.84629,14.7477],[74.84669,14.73239],[74.85425,14.73302],[74.87908,14.73939],[74.88697,14.7487],[74.89227,14.74642],[74.89527,14.74919],[74.90964,14.74599],[74.91314,14.74728],[74.9158,14.74473],[74.91983,14.74868],[74.92461,14.74311],[74.93547,14.73743],[74.94666,14.73782],[74.95153,14.74049],[74.95415,14.7378],[74.95398,14.73306],[74.96068,14.73101],[74.96191,14.7287],[74.97794,14.72717],[74.97883,14.72453],[74.97652,14.72266],[74.97605,14.71892],[74.97315,14.71739],[74.97195,14.71195],[74.96987,14.71178],[74.96979,14.70646],[74.96743,14.70325],[74.97739,14.6981],[74.99416,14.69505],[74.99731,14.70436],[74.99952,14.70489],[75.00651,14.71918],[75.01364,14.71699],[75.01614,14.718],[75.01697,14.71073],[75.02146,14.71148],[75.02462,14.70833],[75.03292,14.71001],[75.03221,14.69491],[75.0359,14.67646],[75.03063,14.67251],[75.03133,14.66505],[75.03533,14.65797],[75.04092,14.66077],[75.04511,14.65405],[75.05248,14.64865],[75.05045,14.64665],[75.05017,14.64185],[75.04091,14.63902],[75.02745,14.61597],[75.02639,14.60875],[75.02394,14.60721],[75.02584,14.60497],[75.02311,14.60194],[75.0247,14.60117],[75.02546,14.59081],[75.02787,14.58468],[75.02282,14.57931],[75.02557,14.57692],[75.02076,14.57467],[75.0207,14.57132],[75.02391,14.56072],[75.03462,14.55908],[75.04001,14.54874],[75.04437,14.54576],[75.05484,14.54867],[75.06074,14.54455],[75.05865,14.54094],[75.05333,14.53872],[75.05223,14.53392],[75.03771,14.52872],[75.0411,14.52274],[75.04212,14.51531],[75.04078,14.50012],[75.03093,14.50026],[75.01947,14.49712],[75.00644,14.48805],[75.00867,14.48445],[75.00401,14.48001],[74.99546,14.4773],[74.98956,14.47228],[74.98461,14.48831],[74.99179,14.49265],[74.99277,14.49517],[74.99062,14.49584],[74.98817,14.5057],[74.9825,14.51286],[74.97938,14.51334],[74.97949,14.51684],[74.97365,14.5174],[74.97239,14.51966],[74.97455,14.5245],[74.98038,14.52563],[74.97788,14.53355],[74.97837,14.54926],[74.96225,14.55099],[74.95566,14.55467],[74.95458,14.55383],[74.95607,14.55379],[74.95645,14.55076],[74.95051,14.53668],[74.94511,14.53296],[74.94278,14.53429],[74.94386,14.5319],[74.9417,14.52745],[74.93902,14.52635],[74.94032,14.52428],[74.93765,14.5187],[74.93201,14.52282],[74.92841,14.52855],[74.91228,14.52862],[74.90539,14.53091],[74.90139,14.52937],[74.89122,14.53527],[74.88983,14.53641],[74.89169,14.54414],[74.88504,14.55463],[74.87387,14.55883],[74.85438,14.55289],[74.85008,14.54958],[74.84771,14.54588],[74.85262,14.54128],[74.85384,14.53732],[74.85563,14.53874],[74.86155,14.53467],[74.84293,14.5279],[74.84232,14.52442],[74.82783,14.52759],[74.82096,14.52221],[74.81936,14.52314],[74.82017,14.52993],[74.81207,14.531],[74.81307,14.52771],[74.81117,14.52234],[74.80516,14.52237],[74.8037,14.51966],[74.80101,14.52014],[74.8026,14.52285],[74.79686,14.52316],[74.79065,14.52175],[74.78896,14.51841],[74.78367,14.51825],[74.78161,14.52122],[74.78386,14.52514],[74.77823,14.52576],[74.77663,14.52326],[74.7731,14.52329],[74.77544,14.51954],[74.77309,14.51801],[74.76555,14.51799],[74.76323,14.51892],[74.76226,14.52263],[74.75828,14.52262],[74.74975,14.51928],[74.75054,14.51701],[74.74664,14.5173],[74.74746,14.51465],[74.74353,14.50449],[74.73361,14.50981],[74.73272,14.50782],[74.7302,14.51178],[74.73109,14.51637],[74.72526,14.51273],[74.7226,14.51386],[74.72102,14.50997],[74.71264,14.50527],[74.70357,14.50724],[74.70113,14.51114],[74.69812,14.51118],[74.6941,14.51554],[74.68984,14.51085],[74.67613,14.50798],[74.67117,14.50392],[74.66059,14.50499],[74.66039,14.50707],[74.63509,14.50327],[74.63664,14.47262],[74.61393,14.46605],[74.60892,14.46775],[74.59911,14.47635],[74.59075,14.47721],[74.58103,14.48233],[74.57298,14.49126],[74.56945,14.50792],[74.5716,14.52149],[74.56949,14.52633],[74.57623,14.5362],[74.5828,14.5589],[74.58069,14.57981],[74.58288,14.6021],[74.57412,14.60782],[74.56807,14.61975],[74.57534,14.63525],[74.57389,14.6346],[74.57078,14.64314],[74.57856,14.65326],[74.57468,14.67426],[74.57501,14.68242],[74.57324,14.68555],[74.60221,14.69385],[74.60724,14.68934],[74.60828,14.69336],[74.61153,14.6927],[74.61264,14.709],[74.61731,14.7262],[74.61071,14.7429],[74.62991,14.76529],[74.6321,14.77601],[74.65388,14.78041],[74.64458,14.79826],[74.63314,14.80806],[74.68069,14.80954],[74.70806,14.81699],[74.69347,14.8333],[74.71267,14.83344],[74.72314,14.83662],[74.73877,14.83772],[74.7404,14.83332],[74.74509,14.83298],[74.75033,14.82784],[74.75361,14.79843],[74.76058,14.79617],[74.75964,14.77555],[74.76724,14.77791],[74.76841,14.77468],[74.7727,14.77524],[74.77341,14.77109],[74.77742,14.77049],[74.77715,14.76371],[74.77936,14.75984],[74.78542,14.75309],[74.79039,14.75423],[74.79214,14.75708],[74.79597,14.7504],[74.80138,14.75372],[74.80223,14.75095],[74.8075,14.75119],[74.81068,14.74658],[74.80978,14.74048]]]},"properties":{"taluk":"Sirsi","district":"Uttara Kannada","region_id":"subdistrict_5483","level":"taluk"}},{"type":"Feature","geometry":{"type":"Polygon","coordinates":[[[74.51648,15.40201],[74.53383,15.41878],[74.5385,15.41588],[74.54737,15.41481],[74.55367,15.40957],[74.56758,15.40345],[74.57407,15.39223],[74.58768,15.38049],[74.59566,15.37775],[74.60118,15.36941],[74.61383,15.35926],[74.61332,15.35082],[74.60087,15.33511],[74.60056,15.33056],[74.59864,15.32897],[74.60091,15.32509],[74.59614,15.32192],[74.57211,15.31747],[74.56449,15.30773],[74.5733,15.29468],[74.57805,15.29307],[74.60541,15.2925],[74.60445,15.28827],[74.60698,15.28377],[74.6051,15.28151],[74.60546,15.2774],[74.60283,15.27567],[74.59566,15.25724],[74.60886,15.25858],[74.6152,15.25635],[74.6151,15.24955],[74.61842,15.23671],[74.61664,15.23621],[74.61741,15.22529],[74.62583,15.20185],[74.6236,15.16482],[74.62744,15.15722],[74.62862,15.14121],[74.6385,15.11335],[74.64027,15.08273],[74.63654,15.08273],[74.634,15.07662],[74.62003,15.0661],[74.60624,15.06508],[74.60403,15.06318],[74.60064,15.05266],[74.60305,15.03551],[74.602,15.02919],[74.58084,15.01495],[74.57987,15.01246],[74.58294,15.00121],[74.58192,14.99739],[74.56687,14.97785],[74.56505,14.94895],[74.56205,14.94593],[74.54541,14.942],[74.54093,14.93542],[74.53786,14.92251],[74.53204,14.91904],[74.51723,14.92463],[74.50912,14.92108],[74.50286,14.92068],[74.49231,14.91394],[74.4866,14.90199],[74.48156,14.89665],[74.46763,14.89262],[74.46181,14.90495],[74.4621,14.91716],[74.45372,14.93259],[74.45594,14.93646],[74.45482,14.93494],[74.44084,14.95951],[74.42973,14.93779],[74.42791,14.93761],[74.42112,14.92213],[74.42264,14.90827],[74.40606,14.91956],[74.39925,14.90508],[74.38746,14.92537],[74.36932,14.92536],[74.36502,14.94539],[74.34516,14.94864],[74.33477,14.95982],[74.3382,14.96716],[74.33345,14.97159],[74.32732,14.991],[74.31621,14.99045],[74.31313,14.99331],[74.30869,15.01628],[74.30852,15.02076],[74.315,15.02002],[74.31859,15.0248],[74.32055,15.02945],[74.31791,15.0337],[74.32152,15.04067],[74.30476,15.05026],[74.29737,15.04666],[74.29698,15.05006],[74.29294,15.05439],[74.29249,15.06494],[74.28524,15.06638],[74.28214,15.06965],[74.28082,15.06851],[74.27557,15.09578],[74.27273,15.09785],[74.2764,15.1058],[74.28256,15.10672],[74.28392,15.11951],[74.28646,15.12233],[74.2836,15.13124],[74.28577,15.13488],[74.28457,15.14328],[74.28586,15.14968],[74.29234,15.14852],[74.29563,15.15104],[74.30548,15.16396],[74.31459,15.18032],[74.30996,15.20565],[74.30035,15.21682],[74.29137,15.23409],[74.28677,15.23273],[74.28074,15.23603],[74.25969,15.24124],[74.25193,15.25064],[74.25063,15.25964],[74.26117,15.2609],[74.27205,15.28166],[74.27685,15.28354],[74.28237,15.28037],[74.28745,15.28392],[74.29362,15.28472],[74.2946,15.28928],[74.3083,15.28363],[74.32636,15.28401],[74.33616,15.29562],[74.32083,15.31434],[74.31692,15.32981],[74.31728,15.33476],[74.32197,15.34352],[74.31844,15.35762],[74.31398,15.36039],[74.3147,15.36414],[74.32126,15.36849],[74.29782,15.38333],[74.28483,15.38513],[74.2787,15.39277],[74.27868,15.40564],[74.27564,15.41334],[74.27081,15.41849],[74.2709,15.42449],[74.27612,15.43258],[74.27466,15.43484],[74.2765,15.44063],[74.27486,15.44838],[74.26531,15.47247],[74.24903,15.49164],[74.25099,15.50021],[74.25984,15.5078],[74.27508,15.51439],[74.27896,15.51926],[74.27812,15.52148],[74.2818,15.52311],[74.29077,15.52351],[74.32711,15.51637],[74.34318,15.51721],[74.37361,15.47956],[74.38639,15.48362],[74.3906,15.48006],[74.39425,15.48078],[74.40429,15.47337],[74.41213,15.47418],[74.41793,15.46937],[74.41922,15.46471],[74.42208,15.46342],[74.42308,15.42034],[74.42846,15.398],[74.4321,15.39671],[74.43858,15.40553],[74.44969,15.40571],[74.45023,15.40909],[74.45205,15.40801],[74.44566,15.41964],[74.45118,15.42137],[74.46038,15.42061],[74.45643,15.42551],[74.46223,15.43011],[74.46298,15.43287],[74.47237,15.43266],[74.4774,15.42871],[74.48147,15.4301],[74.48439,15.43731],[74.48838,15.43861],[74.49088,15.44373],[74.49224,15.44365],[74.49016,15.43824],[74.49127,15.43543],[74.49462,15.43841],[74.50607,15.43363],[74.50811,15.43064],[74.50928,15.42773],[74.50613,15.41249],[74.50994,15.40294],[74.51648,15.40201]]]},"properties":{"taluk":"Supa","district":"Uttara Kannada","region_id":"subdistrict_5479","level":"taluk"}},{"type":"Feature","geometry":{"type":"Polygon","coordinates":[[[74.75931,14.78376],[74.76137,14.78905],[74.76058,14.79617],[74.75361,14.79843],[74.75033,14.82784],[74.74509,14.83298],[74.7404,14.83332],[74.73877,14.83772],[74.73388,14.83829],[74.71267,14.83344],[74.68322,14.83367],[74.66999,14.82949],[74.66297,14.83063],[74.65861,14.83528],[74.63927,14.83596],[74.62718,14.82145],[74.61667,14.81657],[74.61453,14.81249],[74.61522,14.80806],[74.61148,14.80544],[74.6095,14.7995],[74.6074,14.79995],[74.60813,14.80349],[74.60566,14.80687],[74.6069,14.80869],[74.60448,14.80948],[74.60452,14.82082],[74.59907,14.8281],[74.59963,14.8308],[74.5973,14.83102],[74.59673,14.8339],[74.59318,14.83453],[74.58638,14.84401],[74.58361,14.85203],[74.57499,14.86461],[74.57428,14.86995],[74.57342,14.86821],[74.57029,14.86758],[74.56977,14.8697],[74.56619,14.86754],[74.56289,14.87119],[74.55415,14.85969],[74.56799,14.83555],[74.56902,14.82854],[74.57534,14.82079],[74.57665,14.80589],[74.56892,14.79415],[74.56344,14.79264],[74.55755,14.79426],[74.55232,14.79851],[74.54941,14.79335],[74.5376,14.79388],[74.53828,14.77722],[74.53549,14.77598],[74.52961,14.77849],[74.52224,14.76912],[74.51448,14.76843],[74.50372,14.78473],[74.49866,14.78701],[74.49671,14.79024],[74.47817,14.77366],[74.4701,14.75388],[74.46793,14.75353],[74.46424,14.75676],[74.44632,14.75979],[74.42968,14.75668],[74.42231,14.76048],[74.42397,14.76948],[74.41982,14.77655],[74.43712,14.77984],[74.45728,14.79174],[74.45871,14.79735],[74.45263,14.80041],[74.4717,14.81791],[74.47562,14.82626],[74.48281,14.82945],[74.47937,14.83189],[74.49487,14.84645],[74.49174,14.84931],[74.5116,14.8607],[74.51274,14.8662],[74.50454,14.88094],[74.51375,14.88267],[74.52489,14.89635],[74.52182,14.90215],[74.52694,14.92113],[74.53204,14.91904],[74.53786,14.92251],[74.54093,14.93542],[74.54541,14.942],[74.56205,14.94593],[74.56505,14.94895],[74.56687,14.97785],[74.58192,14.99739],[74.58294,15.00121],[74.57987,15.01246],[74.58084,15.01495],[74.602,15.02919],[74.60305,15.03551],[74.60064,15.05266],[74.60403,15.06318],[74.60624,15.06508],[74.62003,15.0661],[74.634,15.07662],[74.63769,15.08367],[74.64744,15.07797],[74.67457,15.09809],[74.68302,15.0929],[74.68818,15.09822],[74.69479,15.09782],[74.70149,15.10523],[74.71163,15.08748],[74.71798,15.08148],[74.72418,15.0848],[74.73027,15.08378],[74.73289,15.08992],[74.73794,15.08891],[74.7431,15.08488],[74.75197,15.09227],[74.75399,15.10292],[74.75855,15.102],[74.75951,15.1001],[74.76614,15.10179],[74.77443,15.10024],[74.78457,15.11688],[74.78174,15.13197],[74.78939,15.12994],[74.7933,15.13195],[74.79285,15.13659],[74.79482,15.13947],[74.79301,15.14634],[74.80481,15.15081],[74.8111,15.15125],[74.81264,15.15406],[74.81708,15.15407],[74.82095,15.15218],[74.81979,15.14665],[74.82344,15.14413],[74.81959,15.14015],[74.8248,15.13458],[74.82904,15.1364],[74.82944,15.13939],[74.83129,15.13303],[74.83966,15.13034],[74.84375,15.12676],[74.845,15.12197],[74.84872,15.12313],[74.85185,15.12127],[74.85308,15.11228],[74.85836,15.10421],[74.86475,15.10513],[74.88051,15.10036],[74.88881,15.10004],[74.89256,15.09663],[74.88997,15.09067],[74.88333,15.0883],[74.87984,15.08399],[74.87737,15.07377],[74.88738,15.06638],[74.88613,15.06307],[74.89049,15.05221],[74.88894,15.04992],[74.89082,15.04547],[74.89391,15.04449],[74.89619,15.04683],[74.90787,15.04972],[74.91059,15.04089],[74.90652,15.03683],[74.90909,15.03411],[74.89974,15.02942],[74.8974,15.02377],[74.89301,15.0263],[74.88971,15.02483],[74.88592,15.00049],[74.87926,14.99769],[74.87593,14.98754],[74.87083,14.98499],[74.87195,14.97913],[74.86967,14.97703],[74.87044,14.97194],[74.86557,14.96581],[74.88356,14.96034],[74.89231,14.93561],[74.91852,14.91424],[74.93498,14.90964],[74.93111,14.90327],[74.91254,14.90153],[74.91817,14.87222],[74.92335,14.86299],[74.91345,14.85619],[74.90632,14.83621],[74.90444,14.82474],[74.91472,14.83211],[74.94221,14.83985],[74.94421,14.83425],[74.93962,14.81929],[74.92665,14.8028],[74.90789,14.81008],[74.90724,14.79496],[74.9141,14.78161],[74.91178,14.77921],[74.91794,14.7664],[74.90689,14.76987],[74.89393,14.76835],[74.88435,14.76047],[74.88724,14.74903],[74.87909,14.73939],[74.86534,14.73542],[74.84669,14.73239],[74.84629,14.7477],[74.83357,14.74266],[74.83071,14.73942],[74.82651,14.74156],[74.82429,14.74696],[74.81747,14.7457],[74.81813,14.74225],[74.81393,14.73772],[74.80978,14.74048],[74.81068,14.74658],[74.8075,14.75119],[74.80223,14.75095],[74.80138,14.75372],[74.79597,14.7504],[74.79214,14.75708],[74.78928,14.75362],[74.78392,14.75434],[74.77715,14.76371],[74.77742,14.77049],[74.77341,14.77109],[74.7716,14.776],[74.76841,14.77468],[74.76724,14.77791],[74.75964,14.77555],[74.75931,14.78376]]]},"properties":{"taluk":"Yellapur","district":"Uttara Kannada","region_id":"subdistrict_5481","level":"taluk"}},{"type":"Feature","geometry":{"type":"Polygon","coordinates":[[[78.00386,13.66445],[77.9942,13.63099],[77.984,13.63231],[77.97572,13.62475],[77.97219,13.62449],[77.97234,13.62647],[77.96575,13.62603],[77.96184,13.6287],[77.9582,13.62726],[77.95212,13.63003],[77.94748,13.62901],[77.94558,13.63113],[77.94371,13.62905],[77.93677,13.62942],[77.9323,13.63241],[77.92588,13.63221],[77.9198,13.63635],[77.90865,13.6366],[77.9085,13.64127],[77.90549,13.64209],[77.90279,13.64894],[77.90341,13.65762],[77.899,13.66484],[77.8815,13.6675],[77.86116,13.66729],[77.85214,13.6725],[77.84617,13.67984],[77.82943,13.68085],[77.82847,13.69193],[77.82572,13.69737],[77.82135,13.69915],[77.81543,13.70699],[77.8163,13.71611],[77.80817,13.71973],[77.79865,13.72861],[77.78972,13.72238],[77.78805,13.7157],[77.78566,13.71552],[77.7757,13.72277],[77.77361,13.73199],[77.76038,13.72874],[77.75863,13.73406],[77.76593,13.73612],[77.76639,13.73801],[77.76284,13.75759],[77.75744,13.75794],[77.75537,13.76232],[77.7561,13.77353],[77.75469,13.77787],[77.73586,13.77661],[77.72898,13.7742],[77.72422,13.7701],[77.72129,13.77013],[77.7201,13.77206],[77.71855,13.78473],[77.71924,13.78806],[77.72211,13.78946],[77.71911,13.80056],[77.72909,13.80275],[77.735,13.81019],[77.74085,13.81238],[77.74484,13.81047],[77.74196,13.81478],[77.74646,13.81359],[77.74529,13.80964],[77.74679,13.80948],[77.76409,13.81709],[77.78243,13.81783],[77.78725,13.8205],[77.78909,13.82175],[77.78905,13.82928],[77.78446,13.83351],[77.78226,13.84389],[77.79137,13.84838],[77.81234,13.8475],[77.81813,13.85604],[77.8196,13.86273],[77.8288,13.86416],[77.83661,13.86963],[77.82674,13.87416],[77.82658,13.87562],[77.83538,13.88089],[77.83101,13.89767],[77.81981,13.90122],[77.81603,13.90424],[77.81687,13.91207],[77.81332,13.91834],[77.81532,13.93299],[77.82545,13.94481],[77.83629,13.93624],[77.84591,13.93554],[77.85665,13.93773],[77.86504,13.93621],[77.89569,13.94422],[77.89832,13.93531],[77.89611,13.92093],[77.89964,13.91664],[77.90517,13.91577],[77.91103,13.90997],[77.92661,13.90541],[77.93868,13.9207],[77.94762,13.93701],[77.9566,13.93957],[77.9567,13.93799],[77.95952,13.93779],[77.96202,13.95544],[77.96804,13.95987],[77.97999,13.95858],[77.98749,13.95575],[77.98101,13.9293],[77.98469,13.92509],[77.98474,13.90813],[77.98285,13.90357],[77.98572,13.90163],[77.98519,13.8991],[77.98291,13.89572],[77.9558,13.89091],[77.94959,13.88687],[77.94898,13.87537],[77.95369,13.85431],[77.95369,13.83673],[77.95593,13.83633],[77.95576,13.82998],[77.95172,13.82849],[77.95233,13.82688],[77.96022,13.82933],[77.97076,13.82852],[77.97645,13.83],[77.98382,13.84857],[77.98894,13.85366],[77.9892,13.86138],[77.99261,13.86825],[77.99878,13.86911],[78.00022,13.87293],[78.01286,13.87129],[78.01569,13.86594],[78.02048,13.86395],[78.03195,13.86425],[78.04095,13.86022],[78.04639,13.86204],[78.04672,13.86673],[78.04985,13.87069],[78.05136,13.88177],[78.04873,13.89621],[78.0608,13.8922],[78.06201,13.88795],[78.07875,13.88134],[78.08233,13.86175],[78.09365,13.8648],[78.09984,13.86211],[78.11552,13.86267],[78.11718,13.85202],[78.12202,13.84426],[78.12508,13.83045],[78.11523,13.81342],[78.11383,13.80755],[78.12289,13.7992],[78.12578,13.78605],[78.12121,13.78048],[78.11786,13.76931],[78.11225,13.76328],[78.10011,13.7587],[78.09221,13.74216],[78.10461,13.73642],[78.11041,13.72624],[78.1154,13.72299],[78.12074,13.71588],[78.11469,13.70341],[78.11311,13.69273],[78.09842,13.69112],[78.0858,13.69206],[78.0759,13.69846],[78.07022,13.69788],[78.0693,13.69113],[78.07331,13.6882],[78.07272,13.68571],[78.06585,13.6768],[78.05892,13.67271],[78.04582,13.66859],[78.03294,13.67092],[78.02726,13.66961],[78.02499,13.66683],[78.00386,13.66445]]]},"properties":{"taluk":"Bagepalli","district":"Chikkaballapur","region_id":"subdistrict_5598","level":"taluk"}},{"type":"Feature","geometry":{"type":"Polygon","coordinates":[[[77.75907,13.63168],[77.76467,13.63087],[77.77118,13.63658],[77.77745,13.6332],[77.77747,13.62703],[77.78082,13.62577],[77.77699,13.62202],[77.77219,13.61862],[77.7613,13.62064],[77.77048,13.61032],[77.78254,13.61231],[77.78792,13.61962],[77.7948,13.61924],[77.80257,13.62371],[77.8012,13.62806],[77.80749,13.62694],[77.80977,13.6261],[77.81013,13.61749],[77.81428,13.61573],[77.81429,13.61241],[77.82266,13.61286],[77.83174,13.61069],[77.82844,13.60066],[77.83458,13.58798],[77.85287,13.58743],[77.85317,13.58156],[77.87021,13.58445],[77.87015,13.56659],[77.83856,13.55839],[77.83084,13.55143],[77.82971,13.54377],[77.82603,13.538],[77.82268,13.53566],[77.81102,13.53375],[77.81457,13.51928],[77.8176,13.51508],[77.82251,13.51545],[77.82401,13.51219],[77.83036,13.51031],[77.82748,13.50952],[77.8292,13.50316],[77.82601,13.49572],[77.83107,13.49382],[77.83175,13.48831],[77.82835,13.48772],[77.82768,13.48177],[77.83971,13.4727],[77.84367,13.46291],[77.83813,13.4534],[77.84401,13.44685],[77.84274,13.44221],[77.84434,13.44084],[77.84317,13.43853],[77.83904,13.43974],[77.83215,13.43626],[77.82515,13.41437],[77.8416,13.39474],[77.84121,13.38787],[77.8387,13.37867],[77.83643,13.37974],[77.83363,13.37307],[77.82571,13.36906],[77.81318,13.37426],[77.813,13.37073],[77.80921,13.36849],[77.80331,13.36947],[77.80132,13.36536],[77.79877,13.36711],[77.79502,13.36448],[77.79175,13.35823],[77.79117,13.3517],[77.77992,13.35228],[77.77283,13.35499],[77.77223,13.35734],[77.75451,13.36457],[77.7513,13.36364],[77.75088,13.36045],[77.7485,13.35876],[77.74192,13.36099],[77.74088,13.3595],[77.7439,13.3572],[77.74466,13.35358],[77.73699,13.36076],[77.73602,13.35897],[77.72616,13.36288],[77.72977,13.36078],[77.72805,13.35101],[77.71587,13.35108],[77.71773,13.35286],[77.71765,13.36332],[77.71606,13.36509],[77.70907,13.36558],[77.71037,13.36345],[77.70862,13.36365],[77.70777,13.36129],[77.70548,13.36197],[77.69877,13.35879],[77.69914,13.34734],[77.70357,13.34572],[77.70367,13.34305],[77.69891,13.33602],[77.69664,13.33641],[77.69327,13.34271],[77.68894,13.34489],[77.68806,13.34956],[77.68297,13.35276],[77.68017,13.34498],[77.67827,13.34505],[77.66739,13.34733],[77.66695,13.35054],[77.65526,13.35706],[77.65683,13.3622],[77.65623,13.37135],[77.66118,13.37578],[77.659,13.38235],[77.65104,13.38643],[77.65751,13.39235],[77.65758,13.39775],[77.65331,13.39809],[77.64991,13.39267],[77.64735,13.39176],[77.63825,13.39393],[77.63756,13.3847],[77.63605,13.38593],[77.6328,13.37553],[77.6271,13.37699],[77.62091,13.37519],[77.62081,13.38262],[77.61241,13.3859],[77.61755,13.39371],[77.6204,13.40254],[77.61594,13.40091],[77.60756,13.40789],[77.60836,13.40145],[77.60668,13.39804],[77.60171,13.39897],[77.60117,13.40475],[77.59863,13.40782],[77.60138,13.41124],[77.59894,13.41106],[77.59905,13.41366],[77.60579,13.41604],[77.60888,13.41457],[77.61591,13.41911],[77.61029,13.42323],[77.61216,13.4463],[77.61394,13.45757],[77.61581,13.45982],[77.61242,13.46627],[77.60984,13.46646],[77.60865,13.47538],[77.61005,13.47509],[77.61361,13.48111],[77.61872,13.48109],[77.619,13.48704],[77.62541,13.49393],[77.63073,13.49057],[77.63161,13.4842],[77.63462,13.48169],[77.67208,13.48152],[77.67582,13.49425],[77.68313,13.504],[77.67243,13.50956],[77.64748,13.53958],[77.65457,13.57054],[77.66213,13.57694],[77.6379,13.58133],[77.64109,13.58751],[77.65198,13.59784],[77.65113,13.60776],[77.65312,13.61513],[77.65149,13.62765],[77.65604,13.64519],[77.6684,13.63351],[77.68754,13.63049],[77.68815,13.63214],[77.70267,13.62892],[77.70453,13.63055],[77.70526,13.62626],[77.70874,13.62419],[77.70923,13.62701],[77.71434,13.62639],[77.71503,13.62783],[77.72443,13.62534],[77.72428,13.63589],[77.71324,13.63953],[77.71542,13.64272],[77.71471,13.64828],[77.71775,13.65866],[77.72678,13.66683],[77.73636,13.66417],[77.738,13.65776],[77.7369,13.65231],[77.74452,13.6508],[77.7432,13.64773],[77.74819,13.64395],[77.75332,13.64605],[77.75281,13.6509],[77.74889,13.65386],[77.75353,13.65676],[77.75584,13.653],[77.75563,13.64795],[77.75339,13.64194],[77.7494,13.64179],[77.7477,13.63774],[77.75472,13.63606],[77.75907,13.63168]]]},"properties":{"taluk":"Chikkaballapura","district":"Chikkaballapur","region_id":"subdistrict_5596","level":"taluk"}},{"type":"Feature","geometry":{"type":"Polygon","coordinates":[[[78.19397,13.54825],[78.19444,13.54612],[78.1985,13.54493],[78.20146,13.541],[78.20142,13.53275],[78.20455,13.52772],[78.20329,13.5232],[78.19752,13.52054],[78.19091,13.52116],[78.18828,13.51316],[78.198,13.51261],[78.19985,13.50854],[78.2004,13.48247],[78.20751,13.47808],[78.21006,13.47125],[78.20559,13.46467],[78.20564,13.45811],[78.20089,13.44985],[78.19376,13.44846],[78.19436,13.44218],[78.19262,13.43884],[78.18747,13.43438],[78.18513,13.43457],[78.18699,13.43372],[78.18311,13.43405],[78.18149,13.42018],[78.16863,13.41358],[78.15995,13.41493],[78.15222,13.40876],[78.14704,13.40914],[78.13616,13.40561],[78.12842,13.38637],[78.12443,13.38573],[78.12199,13.37565],[78.12899,13.37334],[78.1437,13.37714],[78.14674,13.3738],[78.14875,13.36722],[78.14523,13.36161],[78.14872,13.36137],[78.15015,13.35593],[78.15025,13.35045],[78.1314,13.35277],[78.13122,13.34091],[78.13517,13.33213],[78.13394,13.33262],[78.13253,13.32893],[78.10965,13.32344],[78.11421,13.31759],[78.12044,13.3156],[78.12317,13.30864],[78.1358,13.30511],[78.1351,13.30066],[78.13661,13.29982],[78.13352,13.2872],[78.12604,13.29198],[78.12255,13.29195],[78.1188,13.29795],[78.11491,13.30039],[78.1084,13.30357],[78.10254,13.30371],[78.09739,13.30891],[78.09205,13.30919],[78.09184,13.31117],[78.0896,13.30372],[78.08676,13.30206],[78.06019,13.30101],[78.05863,13.29334],[78.05182,13.2935],[78.04699,13.27904],[78.03573,13.28097],[78.0306,13.28404],[78.01508,13.28299],[78.01373,13.28535],[78.01472,13.28987],[78.01137,13.29098],[78.01185,13.30089],[78.00095,13.30556],[77.98919,13.30456],[77.98796,13.30051],[77.98524,13.30057],[77.98417,13.28617],[77.97946,13.28699],[77.96741,13.2825],[77.96093,13.28444],[77.95798,13.28193],[77.95718,13.27675],[77.95919,13.27594],[77.95942,13.26952],[77.94709,13.26946],[77.94547,13.27169],[77.94198,13.26732],[77.93832,13.26778],[77.93922,13.27552],[77.93088,13.2782],[77.9313,13.28177],[77.92293,13.28507],[77.92347,13.28906],[77.91474,13.28965],[77.9152,13.2917],[77.91969,13.29234],[77.92387,13.29079],[77.92567,13.30052],[77.92602,13.30526],[77.92268,13.30484],[77.92348,13.30756],[77.92076,13.30728],[77.92079,13.32713],[77.92274,13.32846],[77.93867,13.31613],[77.94353,13.3229],[77.9516,13.32523],[77.95197,13.32948],[77.95115,13.32813],[77.94406,13.33002],[77.94562,13.33794],[77.95069,13.34197],[77.95769,13.3401],[77.96075,13.34979],[77.9631,13.37109],[77.96014,13.37214],[77.96614,13.3848],[77.9561,13.39082],[77.95955,13.39024],[77.95931,13.39592],[77.962,13.40332],[77.97134,13.40664],[77.97285,13.41106],[77.97246,13.4132],[77.95472,13.41353],[77.9493,13.42579],[77.94987,13.43037],[77.95385,13.43595],[77.95026,13.43831],[77.95755,13.45448],[77.95747,13.46564],[77.96064,13.46895],[77.9616,13.48055],[77.97475,13.47487],[78.00144,13.47254],[78.00487,13.48152],[78.00277,13.48962],[78.00358,13.49589],[78.00738,13.49599],[78.00852,13.5095],[78.00316,13.51423],[77.99807,13.5086],[77.99231,13.50854],[77.99015,13.51235],[77.99393,13.52064],[78.00194,13.52066],[78.00504,13.52253],[77.99575,13.53335],[77.99768,13.53721],[77.99714,13.54234],[77.99382,13.54583],[77.9905,13.54581],[77.9831,13.5386],[77.978,13.54057],[77.97602,13.54615],[77.97439,13.54268],[77.96747,13.54656],[77.95734,13.54727],[77.95558,13.55244],[77.95959,13.55899],[77.96425,13.58469],[77.9702,13.5835],[77.97105,13.57327],[77.97655,13.57763],[77.97706,13.58221],[77.98237,13.58187],[77.98935,13.58514],[77.99478,13.5899],[77.9952,13.594],[78.00259,13.59126],[78.01674,13.59256],[78.01666,13.60032],[78.00963,13.60261],[78.01211,13.60749],[78.00916,13.61617],[78.00962,13.62813],[77.9942,13.63099],[78.00386,13.66445],[78.02499,13.66683],[78.02726,13.66961],[78.03294,13.67092],[78.04582,13.66859],[78.05256,13.66998],[78.06571,13.67672],[78.07648,13.67332],[78.0771,13.66798],[78.08951,13.65948],[78.08709,13.64358],[78.09633,13.6427],[78.09858,13.643],[78.10105,13.64672],[78.10226,13.65166],[78.108,13.65301],[78.11385,13.65761],[78.12518,13.65586],[78.13328,13.66014],[78.14768,13.65679],[78.15565,13.65795],[78.1675,13.65562],[78.16893,13.65333],[78.16738,13.64308],[78.16879,13.64111],[78.16723,13.63259],[78.17716,13.63015],[78.20395,13.62851],[78.20174,13.62009],[78.20367,13.61756],[78.2035,13.60631],[78.19002,13.58994],[78.18946,13.57088],[78.19331,13.56418],[78.20126,13.56349],[78.19397,13.54825]]]},"properties":{"taluk":"Chintamani","district":"Chikkaballapur","region_id":"subdistrict_5600","level":"taluk"}},{"type":"Feature","geometry":{"type":"Polygon","coordinates":[[[77.5214,13.6905],[77.52881,13.69312],[77.53354,13.7057],[77.5364,13.73071],[77.52208,13.74467],[77.52506,13.7533],[77.54199,13.7561],[77.54451,13.75478],[77.54912,13.74897],[77.5491,13.74106],[77.55371,13.73581],[77.56043,13.72229],[77.56485,13.72634],[77.5713,13.73835],[77.57607,13.73846],[77.58069,13.73413],[77.58678,13.73358],[77.59597,13.74832],[77.60009,13.75105],[77.61339,13.75201],[77.62358,13.73616],[77.62752,13.73466],[77.63097,13.73611],[77.6322,13.73899],[77.64166,13.74235],[77.64201,13.74829],[77.63424,13.75034],[77.63028,13.75395],[77.62504,13.75319],[77.61846,13.75503],[77.61724,13.76184],[77.6205,13.76814],[77.64686,13.77893],[77.65165,13.7839],[77.66034,13.78517],[77.66876,13.78385],[77.67965,13.78713],[77.68078,13.77886],[77.67739,13.76662],[77.67105,13.76089],[77.67097,13.75695],[77.66291,13.75476],[77.66007,13.75214],[77.65705,13.74509],[77.66591,13.74004],[77.67535,13.7382],[77.67738,13.73636],[77.67672,13.73368],[77.68213,13.72786],[77.70452,13.72875],[77.71986,13.72517],[77.71801,13.72126],[77.71799,13.70516],[77.69634,13.70117],[77.68635,13.6968],[77.68833,13.69219],[77.68067,13.68669],[77.68165,13.68555],[77.67911,13.6818],[77.66888,13.68286],[77.66678,13.67881],[77.65716,13.67816],[77.6506,13.68568],[77.64348,13.68311],[77.64011,13.66983],[77.64515,13.66337],[77.65362,13.65848],[77.65298,13.64916],[77.65629,13.64486],[77.65149,13.62765],[77.65312,13.61513],[77.65113,13.60776],[77.65198,13.59784],[77.64109,13.58751],[77.6379,13.58133],[77.66213,13.57694],[77.65457,13.57054],[77.64748,13.53958],[77.67243,13.50956],[77.68313,13.504],[77.67582,13.49425],[77.67208,13.48152],[77.63462,13.48169],[77.63161,13.4842],[77.62952,13.49206],[77.62739,13.49366],[77.62387,13.49294],[77.619,13.48704],[77.61872,13.48109],[77.61361,13.48111],[77.61005,13.47509],[77.60865,13.47538],[77.60984,13.46646],[77.61242,13.46627],[77.61581,13.45982],[77.61394,13.45757],[77.61216,13.4463],[77.61029,13.42323],[77.60794,13.42384],[77.60437,13.44061],[77.60235,13.44207],[77.59905,13.43631],[77.58925,13.43623],[77.59046,13.42147],[77.59289,13.42186],[77.59239,13.41855],[77.58857,13.41848],[77.58671,13.42162],[77.55081,13.41836],[77.55087,13.43465],[77.54464,13.4369],[77.53818,13.43595],[77.5356,13.43054],[77.52078,13.43188],[77.51609,13.4398],[77.5164,13.44347],[77.5044,13.4451],[77.50646,13.45629],[77.49369,13.45851],[77.48819,13.46156],[77.48356,13.4672],[77.47706,13.46631],[77.47183,13.46919],[77.46162,13.46283],[77.45693,13.46885],[77.45489,13.46856],[77.45504,13.46399],[77.45454,13.46577],[77.45118,13.4653],[77.44839,13.46236],[77.44358,13.46131],[77.43625,13.46302],[77.43417,13.46409],[77.4348,13.46852],[77.42291,13.47146],[77.42626,13.48218],[77.41674,13.4843],[77.41593,13.49101],[77.40778,13.49585],[77.39846,13.49329],[77.3826,13.50095],[77.38167,13.51472],[77.39061,13.51903],[77.39156,13.53402],[77.39055,13.53626],[77.38282,13.53678],[77.38004,13.54633],[77.37967,13.55009],[77.38329,13.54907],[77.38455,13.55142],[77.38258,13.57585],[77.37948,13.57798],[77.3744,13.58985],[77.36976,13.58847],[77.36366,13.59015],[77.36477,13.60189],[77.36278,13.6022],[77.36022,13.6131],[77.36222,13.62488],[77.36958,13.63376],[77.36691,13.63616],[77.36872,13.64105],[77.37446,13.64174],[77.3784,13.64509],[77.3768,13.64971],[77.38416,13.66154],[77.3945,13.66554],[77.39717,13.67454],[77.40349,13.67627],[77.43548,13.67325],[77.4371,13.68412],[77.45334,13.68219],[77.47233,13.68627],[77.48833,13.68677],[77.48859,13.68972],[77.49113,13.6904],[77.48775,13.6977],[77.48826,13.7045],[77.48588,13.70722],[77.48595,13.71113],[77.48319,13.71238],[77.48348,13.71569],[77.51448,13.71294],[77.5119,13.69725],[77.51952,13.69644],[77.5214,13.6905]]]},"properties":{"taluk":"Gauribidanur","district":"Chikkaballapur","region_id":"subdistrict_5595","level":"taluk"}},{"type":"Feature","geometry":{"type":"Polygon","coordinates":[[[77.75891,13.63176],[77.75472,13.63606],[77.7477,13.63774],[77.7494,13.64179],[77.75339,13.64194],[77.75563,13.64795],[77.75584,13.653],[77.75353,13.65676],[77.74889,13.65386],[77.75281,13.6509],[77.75332,13.64605],[77.74819,13.64395],[77.7432,13.64773],[77.74452,13.6508],[77.7369,13.65231],[77.738,13.65776],[77.73636,13.66417],[77.72678,13.66683],[77.71775,13.65866],[77.71471,13.64828],[77.71542,13.64272],[77.71324,13.63953],[77.72428,13.63589],[77.72443,13.62534],[77.71503,13.62783],[77.71434,13.62639],[77.70923,13.62701],[77.70874,13.62419],[77.70526,13.62626],[77.70453,13.63055],[77.70267,13.62892],[77.68815,13.63214],[77.68754,13.63049],[77.6684,13.63351],[77.65298,13.64916],[77.65362,13.65848],[77.64515,13.66337],[77.64011,13.66983],[77.64348,13.68311],[77.6506,13.68568],[77.65716,13.67816],[77.66678,13.67881],[77.66888,13.68286],[77.67911,13.6818],[77.68165,13.68555],[77.68067,13.68669],[77.68833,13.69219],[77.68635,13.6968],[77.69634,13.70117],[77.71799,13.70516],[77.71801,13.72126],[77.71986,13.72517],[77.70452,13.72875],[77.68213,13.72786],[77.67672,13.73368],[77.67738,13.73636],[77.67535,13.7382],[77.66591,13.74004],[77.65705,13.74509],[77.66291,13.75476],[77.67097,13.75695],[77.67104,13.76078],[77.67914,13.76223],[77.70302,13.77297],[77.70312,13.76419],[77.70869,13.74075],[77.71736,13.74087],[77.72129,13.77013],[77.72559,13.77059],[77.72898,13.7742],[77.73586,13.77661],[77.75469,13.77787],[77.7561,13.77353],[77.75537,13.76232],[77.75744,13.75794],[77.76284,13.75759],[77.76639,13.73801],[77.76593,13.73612],[77.75863,13.73406],[77.76038,13.72874],[77.77361,13.73199],[77.7757,13.72277],[77.78566,13.71552],[77.78805,13.7157],[77.78972,13.72238],[77.79865,13.72861],[77.80817,13.71973],[77.8163,13.71611],[77.81543,13.70699],[77.82135,13.69915],[77.82572,13.69737],[77.82847,13.69193],[77.82943,13.68085],[77.84617,13.67984],[77.85214,13.6725],[77.86116,13.66729],[77.86311,13.65332],[77.86257,13.64047],[77.85657,13.64119],[77.85357,13.64395],[77.83797,13.64634],[77.83977,13.64002],[77.83792,13.63552],[77.84309,13.62874],[77.84285,13.62152],[77.83863,13.62042],[77.83784,13.61667],[77.83435,13.61595],[77.83174,13.61069],[77.82266,13.61286],[77.81429,13.61241],[77.81428,13.61573],[77.81013,13.61749],[77.80977,13.6261],[77.8012,13.62806],[77.80257,13.62371],[77.7948,13.61924],[77.78792,13.61962],[77.78254,13.61231],[77.77048,13.61032],[77.7613,13.62064],[77.77219,13.61862],[77.77699,13.62202],[77.78082,13.62577],[77.77747,13.62703],[77.77745,13.6332],[77.77118,13.63658],[77.76467,13.63087],[77.75891,13.63176]]]},"properties":{"taluk":"Gudibanda","district":"Chikkaballapur","region_id":"subdistrict_5597","level":"taluk"}},{"type":"Feature","geometry":{"type":"Polygon","coordinates":[[[77.83806,13.63533],[77.83974,13.63875],[77.83865,13.6466],[77.86257,13.64047],[77.86311,13.65332],[77.86116,13.66729],[77.8815,13.6675],[77.899,13.66484],[77.90341,13.65762],[77.90279,13.64894],[77.90549,13.64209],[77.9085,13.64127],[77.90865,13.6366],[77.9198,13.63635],[77.92588,13.63221],[77.9323,13.63241],[77.93677,13.62942],[77.94371,13.62905],[77.94558,13.63113],[77.94748,13.62901],[77.95212,13.63003],[77.9582,13.62726],[77.96184,13.6287],[77.96575,13.62603],[77.97234,13.62647],[77.97219,13.62449],[77.97572,13.62475],[77.98497,13.63246],[78.00933,13.62839],[78.00916,13.61617],[78.01211,13.60749],[78.00963,13.60261],[78.01666,13.60032],[78.01596,13.59187],[78.00215,13.59129],[77.9952,13.594],[77.99478,13.5899],[77.98631,13.58291],[77.97706,13.58221],[77.97655,13.57763],[77.97266,13.57371],[77.97105,13.57327],[77.9702,13.5835],[77.96425,13.58469],[77.95959,13.55899],[77.95558,13.55244],[77.95734,13.54727],[77.96747,13.54656],[77.97439,13.54268],[77.97602,13.54615],[77.978,13.54057],[77.9831,13.5386],[77.98713,13.54363],[77.99382,13.54583],[77.99739,13.54165],[77.99575,13.53335],[78.00504,13.52253],[78.00194,13.52066],[77.99393,13.52064],[77.99015,13.51235],[77.99231,13.50854],[77.99807,13.5086],[78.00316,13.51423],[78.00782,13.51092],[78.00873,13.50356],[78.00738,13.49599],[78.00358,13.49589],[78.00277,13.48962],[78.00487,13.48152],[78.00144,13.47254],[77.97475,13.47487],[77.9616,13.48055],[77.96064,13.46895],[77.95747,13.46564],[77.9578,13.45544],[77.95088,13.44128],[77.95042,13.43768],[77.95389,13.43646],[77.94987,13.43037],[77.94967,13.42419],[77.95472,13.41353],[77.97246,13.4132],[77.97285,13.41106],[77.97134,13.40664],[77.962,13.40332],[77.95931,13.39592],[77.95955,13.39024],[77.9561,13.39082],[77.96614,13.3848],[77.96014,13.37214],[77.9631,13.37109],[77.96075,13.34979],[77.95769,13.3401],[77.95069,13.34197],[77.94562,13.33794],[77.94406,13.33002],[77.95115,13.32813],[77.95197,13.32948],[77.9516,13.32523],[77.94353,13.3229],[77.93867,13.31613],[77.92274,13.32846],[77.92079,13.32713],[77.92076,13.30728],[77.92348,13.30756],[77.92268,13.30484],[77.92602,13.30526],[77.92567,13.30052],[77.92387,13.29079],[77.91969,13.29234],[77.9152,13.2917],[77.91474,13.28965],[77.92347,13.28906],[77.92293,13.28507],[77.9313,13.28177],[77.93088,13.2782],[77.93922,13.27552],[77.93722,13.26449],[77.942,13.25791],[77.93824,13.25101],[77.93521,13.25007],[77.93543,13.24565],[77.9295,13.23894],[77.91501,13.23975],[77.9142,13.23162],[77.89156,13.23567],[77.90235,13.24214],[77.9051,13.24546],[77.90619,13.25232],[77.90481,13.2546],[77.89133,13.25754],[77.88816,13.25004],[77.87977,13.25211],[77.877,13.24625],[77.87328,13.24446],[77.8799,13.23931],[77.87676,13.23424],[77.86509,13.23702],[77.86319,13.24075],[77.85776,13.22736],[77.85794,13.22145],[77.85956,13.21999],[77.84997,13.21871],[77.84854,13.22051],[77.85011,13.24132],[77.83394,13.24466],[77.81975,13.25166],[77.81401,13.23863],[77.80626,13.24154],[77.80788,13.24694],[77.81133,13.24677],[77.8172,13.25537],[77.81901,13.25467],[77.82184,13.2573],[77.80929,13.26205],[77.81703,13.29611],[77.82282,13.29575],[77.82221,13.29101],[77.82914,13.28949],[77.83013,13.29873],[77.8283,13.2999],[77.8286,13.30376],[77.81454,13.30377],[77.81513,13.30925],[77.80455,13.31123],[77.81103,13.31675],[77.81363,13.31578],[77.81217,13.3123],[77.81463,13.30988],[77.81745,13.31033],[77.81891,13.31393],[77.82216,13.31273],[77.8254,13.31578],[77.82394,13.31872],[77.82729,13.3248],[77.80901,13.33326],[77.80992,13.33612],[77.79847,13.33915],[77.79105,13.34579],[77.79145,13.35714],[77.79502,13.36448],[77.79877,13.36711],[77.80132,13.36536],[77.80331,13.36947],[77.80921,13.36849],[77.813,13.37073],[77.81318,13.37426],[77.82571,13.36906],[77.83363,13.37307],[77.83643,13.37974],[77.8387,13.37867],[77.84121,13.38787],[77.8416,13.39474],[77.82515,13.41437],[77.83215,13.43626],[77.83904,13.43974],[77.84317,13.43853],[77.84434,13.44084],[77.84274,13.44221],[77.84401,13.44685],[77.83813,13.4534],[77.84367,13.46291],[77.83971,13.4727],[77.82768,13.48177],[77.82835,13.48772],[77.83175,13.48831],[77.83107,13.49382],[77.82601,13.49572],[77.8292,13.50316],[77.82748,13.50952],[77.83036,13.51031],[77.82401,13.51219],[77.82251,13.51545],[77.8176,13.51508],[77.81457,13.51928],[77.81124,13.53452],[77.82268,13.53566],[77.82603,13.538],[77.82971,13.54377],[77.83084,13.55143],[77.83856,13.55839],[77.86748,13.56527],[77.87015,13.56659],[77.87106,13.5707],[77.87021,13.58445],[77.85317,13.58156],[77.85287,13.58743],[77.83458,13.58798],[77.83238,13.58996],[77.82844,13.60066],[77.82945,13.60749],[77.83435,13.61595],[77.83784,13.61667],[77.83934,13.62098],[77.84285,13.62152],[77.84309,13.62874],[77.83806,13.63533]]]},"properties":{"taluk":"Sidlaghatta","district":"Chikkaballapur","region_id":"subdistrict_5599","level":"taluk"}},{"type":"Feature","geometry":{"type":"MultiPolygon","coordinates":[[[[77.11616,12.55496],[77.12824,12.55407],[77.12881,12.5672],[77.12835,12.56991],[77.11911,12.57638],[77.1151,12.5958],[77.10995,12.59703],[77.10825,12.60768],[77.11111,12.61607],[77.12227,12.61904],[77.12273,12.62221],[77.11756,12.62825],[77.1012,12.62891],[77.09942,12.6732],[77.08398,12.67495],[77.07409,12.67853],[77.07558,12.68346],[77.07311,12.6922],[77.07376,12.70332],[77.08166,12.73116],[77.08193,12.74525],[77.0794,12.74913],[77.07876,12.7563],[77.07986,12.75969],[77.08363,12.75857],[77.08761,12.75358],[77.086,12.75115],[77.09202,12.7511],[77.09177,12.76468],[77.09437,12.77125],[77.10027,12.77723],[77.10792,12.78015],[77.11076,12.77715],[77.11826,12.77482],[77.12624,12.77482],[77.12692,12.77713],[77.13648,12.78328],[77.14115,12.78178],[77.14989,12.78678],[77.15105,12.79374],[77.15234,12.79313],[77.15395,12.79767],[77.16922,12.80312],[77.1755,12.80198],[77.17542,12.79501],[77.18954,12.78636],[77.19015,12.7829],[77.20605,12.7699],[77.20431,12.76278],[77.19499,12.76242],[77.18338,12.74532],[77.17662,12.74348],[77.18621,12.72378],[77.19692,12.72597],[77.19904,12.72915],[77.20412,12.73127],[77.20439,12.73847],[77.21011,12.74321],[77.21531,12.74446],[77.22762,12.72586],[77.22908,12.69605],[77.23453,12.68888],[77.23995,12.69545],[77.24248,12.69125],[77.2404,12.68962],[77.24611,12.68574],[77.24979,12.68942],[77.24933,12.69446],[77.2582,12.70007],[77.26038,12.69871],[77.25988,12.69648],[77.26235,12.69534],[77.26292,12.69697],[77.2677,12.6941],[77.2651,12.69003],[77.26095,12.68869],[77.25642,12.68057],[77.25591,12.6787],[77.26224,12.67655],[77.26249,12.67406],[77.25851,12.66644],[77.25896,12.6612],[77.25238,12.6564],[77.26016,12.65124],[77.26618,12.65061],[77.26883,12.64592],[77.26684,12.63718],[77.27449,12.6368],[77.28023,12.63394],[77.28112,12.63164],[77.2869,12.63145],[77.28809,12.61951],[77.28474,12.61486],[77.28601,12.61302],[77.28191,12.61316],[77.28137,12.61616],[77.26658,12.61786],[77.26607,12.62818],[77.2607,12.62931],[77.25684,12.62176],[77.25442,12.62298],[77.25305,12.62018],[77.24879,12.62065],[77.24544,12.61744],[77.24563,12.61084],[77.24261,12.61002],[77.23798,12.59916],[77.25165,12.58999],[77.25502,12.60101],[77.26231,12.59536],[77.26267,12.59082],[77.26977,12.59352],[77.27067,12.59757],[77.27758,12.60491],[77.27913,12.60081],[77.27785,12.59777],[77.28214,12.59705],[77.28256,12.59966],[77.28869,12.60181],[77.29305,12.59957],[77.29368,12.59033],[77.29688,12.58712],[77.30049,12.58555],[77.3066,12.58673],[77.30679,12.57912],[77.31316,12.57706],[77.31738,12.569],[77.32492,12.56916],[77.32329,12.56513],[77.32513,12.55898],[77.31606,12.55791],[77.31544,12.55183],[77.32004,12.55115],[77.32129,12.54807],[77.32574,12.5469],[77.32248,12.53626],[77.32453,12.53577],[77.32192,12.53125],[77.3134,12.53307],[77.31038,12.54051],[77.3091,12.53615],[77.30501,12.53882],[77.30441,12.54588],[77.28919,12.54644],[77.28666,12.54183],[77.28851,12.53197],[77.28052,12.52888],[77.27911,12.53131],[77.2761,12.53036],[77.27236,12.53752],[77.2768,12.54098],[77.27115,12.54413],[77.27281,12.54786],[77.2645,12.54667],[77.26541,12.5491],[77.27053,12.55009],[77.26219,12.55172],[77.25436,12.54835],[77.253,12.54469],[77.25512,12.53633],[77.25929,12.53249],[77.25454,12.53087],[77.25719,12.50913],[77.23991,12.50699],[77.23815,12.50005],[77.22432,12.50221],[77.22199,12.49218],[77.21622,12.49206],[77.21348,12.48493],[77.20527,12.48538],[77.20557,12.49102],[77.20074,12.49155],[77.1979,12.48337],[77.19375,12.48371],[77.19256,12.48205],[77.17787,12.47894],[77.17587,12.47954],[77.17528,12.48286],[77.16953,12.48388],[77.16476,12.47507],[77.1575,12.47559],[77.14916,12.46306],[77.14448,12.46189],[77.1359,12.46939],[77.13236,12.47961],[77.12504,12.4799],[77.12489,12.48919],[77.12754,12.49067],[77.13052,12.49682],[77.13294,12.51653],[77.12532,12.52364],[77.12678,12.52996],[77.12199,12.54008],[77.11508,12.54324],[77.11394,12.55288],[77.11616,12.55496]]],[[[77.31314,12.59039],[77.30809,12.59053],[77.30749,12.59331],[77.3128,12.59271],[77.31314,12.59039]]],[[[77.28341,12.6118],[77.28387,12.60939],[77.28194,12.60978],[77.28341,12.6118]]]]},"properties":{"taluk":"Channapatna","district":"Ramanagara","region_id":"subdistrict_5607","level":"taluk"}},{"type":"Feature","geometry":{"type":"Polygon","coordinates":[[[77.59604,12.6496],[77.59927,12.64288],[77.60414,12.63853],[77.60291,12.63554],[77.60553,12.62895],[77.59505,12.6226],[77.59125,12.61717],[77.59153,12.59137],[77.58948,12.59187],[77.5874,12.5841],[77.5797,12.57272],[77.58058,12.55139],[77.58455,12.55176],[77.58992,12.5478],[77.58806,12.53584],[77.58965,12.52708],[77.58809,12.51686],[77.58592,12.51575],[77.59019,12.5101],[77.58822,12.50708],[77.58049,12.50563],[77.57944,12.50385],[77.5778,12.49696],[77.57844,12.48337],[77.5809,12.47713],[77.58676,12.47313],[77.58738,12.46616],[77.57818,12.46187],[77.57221,12.4617],[77.56209,12.46539],[77.55471,12.46465],[77.55418,12.47012],[77.54542,12.4833],[77.54701,12.49141],[77.54397,12.49205],[77.53954,12.48744],[77.53166,12.49406],[77.5318,12.50241],[77.54352,12.50662],[77.54365,12.51098],[77.52652,12.51879],[77.51866,12.5144],[77.51836,12.50963],[77.52255,12.5017],[77.52047,12.50092],[77.51666,12.50397],[77.51912,12.4957],[77.51217,12.49333],[77.50611,12.48113],[77.50078,12.48619],[77.4963,12.48418],[77.49432,12.4821],[77.49322,12.47262],[77.49785,12.47057],[77.49358,12.46509],[77.48822,12.4635],[77.4834,12.47117],[77.47975,12.48331],[77.48309,12.49001],[77.48219,12.50027],[77.47767,12.49901],[77.4768,12.50088],[77.47689,12.49852],[77.47558,12.50186],[77.47628,12.49878],[77.47392,12.49923],[77.47293,12.49748],[77.47161,12.499],[77.47064,12.48697],[77.4642,12.49043],[77.46212,12.50426],[77.46353,12.51581],[77.4827,12.52156],[77.48657,12.52375],[77.48684,12.5267],[77.4851,12.5373],[77.48262,12.54092],[77.48508,12.54725],[77.47982,12.54935],[77.47857,12.55232],[77.45721,12.55678],[77.45617,12.56311],[77.45342,12.56403],[77.455,12.56729],[77.4537,12.57416],[77.4594,12.57946],[77.46098,12.58479],[77.46324,12.58552],[77.45678,12.59408],[77.45554,12.6054],[77.44885,12.60546],[77.4478,12.61325],[77.43776,12.6241],[77.43151,12.62664],[77.42545,12.6241],[77.40714,12.62664],[77.40698,12.61925],[77.40348,12.61633],[77.40599,12.6109],[77.40431,12.59863],[77.39912,12.60454],[77.3944,12.62074],[77.39078,12.62153],[77.388,12.61339],[77.3674,12.63572],[77.36135,12.64053],[77.35539,12.63958],[77.35434,12.64123],[77.35434,12.6454],[77.35988,12.64406],[77.36207,12.66161],[77.36616,12.66028],[77.37198,12.65386],[77.37659,12.64105],[77.38575,12.64262],[77.38459,12.65148],[77.38075,12.65615],[77.38334,12.66467],[77.38157,12.66703],[77.38089,12.68291],[77.37905,12.68596],[77.3722,12.68875],[77.37072,12.69528],[77.37882,12.69544],[77.38037,12.69085],[77.38468,12.68979],[77.39477,12.69404],[77.39629,12.69321],[77.39016,12.70031],[77.38885,12.70662],[77.38966,12.70833],[77.40022,12.70959],[77.40812,12.7155],[77.40899,12.72174],[77.41477,12.72214],[77.4245,12.71913],[77.42421,12.71355],[77.42179,12.71228],[77.42337,12.70833],[77.4394,12.71004],[77.44387,12.70856],[77.44299,12.70579],[77.44458,12.70484],[77.4479,12.70736],[77.45519,12.70688],[77.45925,12.71887],[77.47208,12.71636],[77.47581,12.72028],[77.47626,12.7283],[77.47157,12.73271],[77.46913,12.74294],[77.47009,12.74804],[77.46667,12.75065],[77.47483,12.75498],[77.476,12.75256],[77.48446,12.74778],[77.48643,12.74281],[77.4927,12.74157],[77.4931,12.74005],[77.50268,12.73719],[77.50285,12.73565],[77.50794,12.7376],[77.51277,12.7468],[77.51955,12.74194],[77.51711,12.73574],[77.52181,12.73168],[77.5347,12.75592],[77.54095,12.74812],[77.5461,12.76955],[77.55168,12.77243],[77.54385,12.77584],[77.54944,12.7853],[77.54763,12.78989],[77.54233,12.79473],[77.54213,12.79855],[77.5475,12.8014],[77.556,12.79961],[77.55291,12.78969],[77.56356,12.78815],[77.56122,12.78326],[77.55635,12.78106],[77.55618,12.77731],[77.55858,12.76535],[77.56314,12.76079],[77.56641,12.75923],[77.57074,12.76226],[77.57141,12.77888],[77.57972,12.78779],[77.59213,12.77983],[77.59843,12.75824],[77.59413,12.75049],[77.57603,12.75081],[77.56799,12.73544],[77.57279,12.73249],[77.57098,12.7302],[77.56245,12.73216],[77.55759,12.73095],[77.5591,12.71326],[77.56126,12.70868],[77.56807,12.7012],[77.57571,12.70386],[77.57868,12.70823],[77.59469,12.72092],[77.61424,12.71195],[77.61285,12.70332],[77.6037,12.69246],[77.59999,12.67752],[77.59464,12.6668],[77.59715,12.65807],[77.59604,12.6496]],[[77.55148,12.7939],[77.55268,12.79727],[77.55093,12.79791],[77.54931,12.79419],[77.55148,12.7939]]]},"properties":{"taluk":"Kanakapura","district":"Ramanagara","region_id":"subdistrict_5608","level":"taluk"}},{"type":"Feature","geometry":{"type":"Polygon","coordinates":[[[77.33429,12.94946],[77.33599,12.93237],[77.34029,12.93358],[77.33885,12.91065],[77.34355,12.88877],[77.33211,12.88714],[77.33667,12.88318],[77.33661,12.87689],[77.34498,12.87645],[77.34535,12.85797],[77.3253,12.86105],[77.31739,12.85008],[77.3141,12.85065],[77.31763,12.86595],[77.30422,12.87409],[77.29558,12.87376],[77.29366,12.87609],[77.28983,12.87616],[77.28822,12.87149],[77.29156,12.8652],[77.28913,12.86267],[77.28879,12.85614],[77.28437,12.85745],[77.27231,12.8563],[77.26987,12.85186],[77.26227,12.85174],[77.25638,12.84585],[77.25537,12.84247],[77.24906,12.83818],[77.23572,12.83405],[77.23247,12.84446],[77.21969,12.83716],[77.21413,12.83722],[77.21584,12.83212],[77.19105,12.83311],[77.18448,12.82671],[77.17618,12.82841],[77.17339,12.82359],[77.17012,12.82435],[77.1691,12.82699],[77.15668,12.82743],[77.15356,12.83082],[77.15005,12.83035],[77.15089,12.83407],[77.14834,12.8369],[77.14804,12.841],[77.14923,12.84825],[77.13841,12.85288],[77.13559,12.8567],[77.13576,12.86075],[77.13297,12.85879],[77.13452,12.87823],[77.13226,12.87929],[77.13319,12.88825],[77.12342,12.88801],[77.11898,12.88421],[77.10725,12.88908],[77.10566,12.89259],[77.11004,12.89299],[77.12032,12.89983],[77.12056,12.89705],[77.12342,12.89716],[77.12304,12.90117],[77.12443,12.90163],[77.13235,12.89793],[77.13637,12.90144],[77.13632,12.9053],[77.14098,12.91608],[77.152,12.91657],[77.15769,12.91358],[77.16519,12.92887],[77.15702,12.94208],[77.1569,12.95817],[77.14323,12.96348],[77.1311,12.97575],[77.13279,12.98615],[77.14175,12.98437],[77.14237,12.9866],[77.14469,12.98616],[77.14225,12.99198],[77.13564,12.9963],[77.1367,13.00159],[77.13173,13.00582],[77.12369,13.00672],[77.12334,13.00361],[77.12974,12.99884],[77.12888,12.99537],[77.10657,12.99659],[77.10552,12.99342],[77.10322,12.99283],[77.09757,12.99818],[77.10107,13.0008],[77.10289,13.00722],[77.11652,13.00985],[77.11813,13.01448],[77.10891,13.02296],[77.0929,13.02699],[77.09382,13.03029],[77.08961,13.02956],[77.08209,13.03986],[77.06967,13.03971],[77.07471,13.05696],[77.07752,13.05771],[77.07735,13.06101],[77.0807,13.06255],[77.07382,13.06053],[77.07432,13.06624],[77.07016,13.06653],[77.07499,13.06954],[77.08172,13.08642],[77.0796,13.0947],[77.0772,13.09595],[77.07455,13.10301],[77.07279,13.1148],[77.07075,13.11475],[77.07121,13.13137],[77.07927,13.13157],[77.08325,13.1366],[77.0914,13.13586],[77.09576,13.14623],[77.10782,13.14432],[77.10695,13.13526],[77.11593,13.13122],[77.11807,13.14102],[77.11579,13.14266],[77.11896,13.14683],[77.12005,13.15258],[77.1188,13.16348],[77.12885,13.16427],[77.13544,13.17041],[77.1384,13.17763],[77.14262,13.17353],[77.14837,13.1736],[77.15622,13.19379],[77.16001,13.19375],[77.16253,13.19645],[77.16489,13.19656],[77.16451,13.18981],[77.16831,13.18396],[77.18213,13.18659],[77.19096,13.1846],[77.19738,13.18015],[77.19808,13.18207],[77.20586,13.18099],[77.2075,13.17327],[77.21608,13.16529],[77.21653,13.1591],[77.21362,13.15717],[77.213,13.15345],[77.21548,13.14878],[77.22184,13.14841],[77.22153,13.14626],[77.23068,13.14511],[77.2317,13.14726],[77.24041,13.14576],[77.24672,13.15321],[77.26543,13.1516],[77.2698,13.15405],[77.27418,13.15351],[77.27448,13.14289],[77.27254,13.14179],[77.27148,13.14382],[77.26732,13.14336],[77.26706,13.13473],[77.26491,13.13158],[77.26679,13.11981],[77.27385,13.11868],[77.27689,13.12047],[77.27891,13.13508],[77.28076,13.13501],[77.28496,13.13374],[77.28698,13.12045],[77.291,13.12094],[77.29199,13.11057],[77.29858,13.10869],[77.30317,13.11091],[77.31377,13.10681],[77.30953,13.08594],[77.30863,13.05689],[77.31067,13.04626],[77.32193,13.04903],[77.33059,13.04792],[77.32881,13.03107],[77.33053,13.02757],[77.32576,13.02186],[77.32813,13.00931],[77.32168,13.00877],[77.32113,13.00445],[77.32605,12.99337],[77.3279,12.98337],[77.32871,12.9769],[77.32553,12.976],[77.32618,12.96836],[77.33006,12.96578],[77.33247,12.94906],[77.33429,12.94946]],[[77.08035,13.06877],[77.08211,13.06972],[77.0835,13.07147],[77.08116,13.07256],[77.08035,13.06877]]]},"properties":{"taluk":"Magadi","district":"Ramanagara","region_id":"subdistrict_5605","level":"taluk"}},{"type":"Feature","geometry":{"type":"Polygon","coordinates":[[[77.35434,12.64123],[77.34822,12.6357],[77.34716,12.62715],[77.33983,12.61097],[77.33448,12.60906],[77.33556,12.60198],[77.33334,12.60186],[77.32985,12.59695],[77.33389,12.59421],[77.33547,12.5897],[77.32536,12.58912],[77.32588,12.58192],[77.32049,12.58321],[77.31316,12.57706],[77.30679,12.57912],[77.3066,12.58673],[77.30049,12.58555],[77.29485,12.58908],[77.29305,12.59957],[77.28915,12.60184],[77.28256,12.59966],[77.28214,12.59705],[77.27816,12.59766],[77.27913,12.60081],[77.27758,12.60491],[77.27067,12.59757],[77.26977,12.59352],[77.26267,12.59082],[77.26231,12.59536],[77.25502,12.60101],[77.25165,12.58999],[77.23798,12.59916],[77.24261,12.61002],[77.24563,12.61084],[77.24544,12.61744],[77.24879,12.62065],[77.25305,12.62018],[77.25442,12.62298],[77.25684,12.62176],[77.2607,12.62931],[77.26607,12.62818],[77.26658,12.61786],[77.28137,12.61616],[77.28191,12.61316],[77.28601,12.61302],[77.28474,12.61486],[77.28809,12.61951],[77.2869,12.63145],[77.28112,12.63164],[77.28023,12.63394],[77.27449,12.6368],[77.26684,12.63718],[77.26883,12.64592],[77.26618,12.65061],[77.26016,12.65124],[77.25238,12.6564],[77.25896,12.6612],[77.25851,12.66644],[77.26249,12.67406],[77.26224,12.67655],[77.25591,12.6787],[77.25642,12.68057],[77.26095,12.68869],[77.2651,12.69003],[77.2677,12.6941],[77.26292,12.69697],[77.26235,12.69534],[77.25988,12.69648],[77.26038,12.69871],[77.2582,12.70007],[77.24933,12.69446],[77.24979,12.68942],[77.24611,12.68574],[77.2404,12.68962],[77.24248,12.69125],[77.23995,12.69545],[77.23453,12.68888],[77.22908,12.69605],[77.22762,12.72586],[77.21531,12.74446],[77.21011,12.74321],[77.20439,12.73847],[77.20412,12.73127],[77.19904,12.72915],[77.19692,12.72597],[77.18621,12.72378],[77.17662,12.74348],[77.18338,12.74532],[77.19499,12.76242],[77.20431,12.76278],[77.20605,12.7699],[77.19015,12.7829],[77.18954,12.78636],[77.17542,12.79501],[77.1755,12.80198],[77.16922,12.80312],[77.16108,12.80127],[77.15395,12.79767],[77.15234,12.79313],[77.15105,12.79374],[77.13826,12.81122],[77.14245,12.82044],[77.14653,12.81948],[77.15825,12.82783],[77.1691,12.82699],[77.17012,12.82435],[77.17339,12.82359],[77.17618,12.82841],[77.18448,12.82671],[77.19105,12.83311],[77.21584,12.83212],[77.21413,12.83722],[77.21969,12.83716],[77.23247,12.84446],[77.23572,12.83405],[77.24906,12.83818],[77.25537,12.84247],[77.25638,12.84585],[77.26227,12.85174],[77.26987,12.85186],[77.27231,12.8563],[77.28437,12.85745],[77.28879,12.85614],[77.28913,12.86267],[77.29156,12.8652],[77.28822,12.87149],[77.28983,12.87616],[77.29366,12.87609],[77.29558,12.87376],[77.30422,12.87409],[77.31666,12.86691],[77.31406,12.8514],[77.31739,12.85008],[77.3253,12.86105],[77.34535,12.85797],[77.34523,12.86996],[77.36615,12.87025],[77.36984,12.85685],[77.37943,12.85525],[77.37998,12.85733],[77.38983,12.86041],[77.39199,12.86526],[77.39515,12.86675],[77.39492,12.86973],[77.40208,12.86564],[77.40259,12.87099],[77.40819,12.87557],[77.41596,12.87523],[77.41529,12.87174],[77.41855,12.87139],[77.42813,12.87555],[77.4313,12.87491],[77.43059,12.87019],[77.41877,12.86935],[77.42553,12.85918],[77.42924,12.85678],[77.42749,12.85101],[77.4377,12.84974],[77.43398,12.84451],[77.43468,12.83869],[77.42996,12.83968],[77.42249,12.83556],[77.41991,12.82624],[77.4335,12.82342],[77.43622,12.80968],[77.44026,12.80987],[77.44393,12.80668],[77.44625,12.80982],[77.44645,12.81491],[77.44924,12.81873],[77.45169,12.81851],[77.46111,12.80733],[77.47108,12.81153],[77.47629,12.81194],[77.47635,12.80983],[77.47878,12.81145],[77.47776,12.80644],[77.48312,12.8023],[77.47961,12.79903],[77.47134,12.79804],[77.47,12.79394],[77.47188,12.78858],[77.47663,12.7849],[77.47852,12.78053],[77.47408,12.76458],[77.47635,12.76126],[77.47384,12.75729],[77.47504,12.7552],[77.46667,12.75065],[77.47009,12.74804],[77.46913,12.74294],[77.47157,12.73271],[77.47626,12.7283],[77.47581,12.72028],[77.47208,12.71636],[77.45925,12.71887],[77.45519,12.70688],[77.4479,12.70736],[77.44458,12.70484],[77.44299,12.70579],[77.44387,12.70856],[77.4394,12.71004],[77.42337,12.70833],[77.42179,12.71228],[77.42421,12.71355],[77.4245,12.71913],[77.41477,12.72214],[77.40899,12.72174],[77.40812,12.7155],[77.40022,12.70959],[77.38966,12.70833],[77.38885,12.70662],[77.39016,12.70031],[77.39629,12.69321],[77.39477,12.69404],[77.38468,12.68979],[77.38037,12.69085],[77.37882,12.69544],[77.37072,12.69528],[77.3722,12.68875],[77.37905,12.68596],[77.38089,12.68291],[77.38157,12.66703],[77.38334,12.66467],[77.38075,12.65615],[77.38459,12.65148],[77.38575,12.64262],[77.37659,12.64105],[77.37198,12.65386],[77.36616,12.66028],[77.36207,12.66161],[77.35988,12.64406],[77.35434,12.6454],[77.35434,12.64123]],[[77.45501,12.74815],[77.45443,12.74321],[77.45742,12.74325],[77.46057,12.74708],[77.45501,12.74815]],[[77.28387,12.60939],[77.28341,12.6118],[77.28194,12.60978],[77.28387,12.60939]],[[77.31314,12.59039],[77.3128,12.59271],[77.30749,12.59331],[77.30992,12.5855],[77.31306,12.584],[77.32202,12.58459],[77.32464,12.59634],[77.3199,12.59062],[77.31314,12.59039]]]},"properties":{"taluk":"Ramanagara","district":"Ramanagara","region_id":"subdistrict_5606","level":"taluk"}},{"type":"Feature","geometry":{"type":"Polygon","coordinates":[[[77.41914,16.6574],[77.42994,16.65659],[77.43305,16.65321],[77.43212,16.65171],[77.43997,16.64566],[77.43416,16.64348],[77.43465,16.64119],[77.44463,16.64181],[77.44411,16.64017],[77.45014,16.64253],[77.4563,16.64713],[77.45689,16.6497],[77.46045,16.64999],[77.46339,16.65485],[77.47249,16.6522],[77.47395,16.6454],[77.47134,16.64407],[77.46885,16.63651],[77.46495,16.6334],[77.46254,16.62659],[77.46091,16.62706],[77.45505,16.62204],[77.45541,16.61563],[77.46078,16.61109],[77.46813,16.60873],[77.46717,16.59908],[77.46362,16.59948],[77.46246,16.59655],[77.46521,16.59366],[77.46524,16.59009],[77.4613,16.58298],[77.45988,16.58521],[77.43941,16.58729],[77.43067,16.57791],[77.42836,16.57264],[77.42319,16.56855],[77.415,16.56716],[77.41499,16.56588],[77.41274,16.56925],[77.40757,16.57128],[77.40406,16.57103],[77.39927,16.56728],[77.39227,16.56977],[77.39236,16.56375],[77.38182,16.56116],[77.38411,16.55713],[77.35502,16.55369],[77.34722,16.56379],[77.33686,16.56881],[77.34082,16.58285],[77.33436,16.58407],[77.3265,16.58892],[77.29825,16.58644],[77.271,16.58769],[77.2724,16.6064],[77.28698,16.60654],[77.29533,16.6102],[77.29952,16.61566],[77.31837,16.62178],[77.32019,16.62845],[77.31659,16.63624],[77.30771,16.63567],[77.28726,16.64092],[77.28419,16.65386],[77.28694,16.66411],[77.2947,16.6797],[77.29281,16.68032],[77.28763,16.69192],[77.28472,16.69367],[77.28554,16.69492],[77.28177,16.69489],[77.28029,16.69776],[77.28194,16.70108],[77.27768,16.70098],[77.27514,16.70901],[77.26814,16.71469],[77.27084,16.72141],[77.27041,16.72665],[77.28276,16.74138],[77.28767,16.74234],[77.29401,16.75428],[77.28884,16.76695],[77.29064,16.77092],[77.28962,16.77444],[77.282,16.78635],[77.28107,16.79886],[77.27703,16.8011],[77.27462,16.8118],[77.27064,16.81489],[77.26484,16.82637],[77.2573,16.83036],[77.26112,16.86161],[77.24186,16.86813],[77.25026,16.8797],[77.25275,16.88622],[77.2551,16.90946],[77.25329,16.91296],[77.26031,16.91897],[77.26256,16.92805],[77.26566,16.92984],[77.27327,16.9282],[77.28947,16.93738],[77.2939,16.93296],[77.31116,16.92766],[77.31768,16.93554],[77.32029,16.9363],[77.33605,16.9305],[77.34003,16.93135],[77.3411,16.93458],[77.35044,16.90771],[77.36625,16.90423],[77.37034,16.89787],[77.37613,16.89806],[77.37616,16.89512],[77.3801,16.89636],[77.38299,16.89449],[77.38445,16.89826],[77.38734,16.89789],[77.38851,16.89121],[77.39597,16.9037],[77.40409,16.90031],[77.40597,16.90184],[77.40455,16.89685],[77.40188,16.897],[77.40124,16.89956],[77.39959,16.89891],[77.39984,16.89617],[77.40439,16.89515],[77.40137,16.88218],[77.40924,16.87855],[77.40975,16.87354],[77.4134,16.87732],[77.41567,16.87704],[77.41819,16.88202],[77.4246,16.88509],[77.43588,16.88639],[77.46016,16.88516],[77.45961,16.87447],[77.46406,16.85165],[77.45983,16.83833],[77.46133,16.83607],[77.45715,16.83131],[77.46247,16.8233],[77.46209,16.81382],[77.46597,16.8088],[77.46612,16.80549],[77.47282,16.80281],[77.4723,16.7942],[77.47573,16.7919],[77.47424,16.78765],[77.46723,16.78239],[77.44836,16.77808],[77.43896,16.77849],[77.44637,16.76527],[77.43723,16.74831],[77.43343,16.73697],[77.42841,16.73323],[77.42702,16.72831],[77.43026,16.7265],[77.43086,16.72361],[77.42578,16.72177],[77.42763,16.71682],[77.43306,16.71741],[77.43796,16.71177],[77.44122,16.71265],[77.44179,16.7168],[77.4437,16.71639],[77.446,16.72215],[77.45617,16.71637],[77.46369,16.71907],[77.47353,16.71588],[77.4703,16.70533],[77.47049,16.6998],[77.46896,16.69968],[77.46865,16.68467],[77.46393,16.67669],[77.44756,16.67908],[77.44388,16.67593],[77.44252,16.66955],[77.43544,16.67056],[77.42396,16.66771],[77.41837,16.66874],[77.41914,16.6574]]]},"properties":{"taluk":"Gurumitkal","district":"Yadgir","region_id":"subdistrict_7094","level":"taluk"}},{"type":"Feature","geometry":{"type":"Polygon","coordinates":[[[76.41878,16.58334],[76.43313,16.58578],[76.44546,16.58],[76.45382,16.58249],[76.455,16.59369],[76.45228,16.59644],[76.45305,16.60194],[76.45067,16.60808],[76.4521,16.61084],[76.46317,16.61081],[76.46602,16.61711],[76.46773,16.63088],[76.48585,16.62983],[76.48891,16.63243],[76.49937,16.63198],[76.49739,16.61627],[76.50995,16.61069],[76.50877,16.60504],[76.52905,16.60532],[76.53111,16.61675],[76.55159,16.61724],[76.55246,16.60896],[76.55982,16.59427],[76.56856,16.59473],[76.56904,16.59174],[76.58514,16.59031],[76.58552,16.58655],[76.5949,16.58788],[76.61372,16.5857],[76.61708,16.58129],[76.61664,16.57313],[76.62174,16.56385],[76.61943,16.55257],[76.62784,16.53752],[76.62442,16.53562],[76.59565,16.53211],[76.58957,16.54238],[76.56644,16.53715],[76.56097,16.5111],[76.57263,16.51046],[76.58956,16.50553],[76.59132,16.50738],[76.60275,16.50685],[76.60201,16.51128],[76.60944,16.51288],[76.61798,16.49225],[76.62205,16.48811],[76.61791,16.47089],[76.6182,16.45066],[76.60184,16.43468],[76.60098,16.43269],[76.60479,16.43044],[76.59736,16.42862],[76.59776,16.43268],[76.5929,16.43355],[76.59204,16.43562],[76.59083,16.43214],[76.58786,16.43281],[76.58887,16.43476],[76.58654,16.43566],[76.58626,16.43366],[76.58185,16.43426],[76.57942,16.42666],[76.57419,16.42602],[76.57358,16.42753],[76.5658,16.42897],[76.56064,16.4213],[76.55509,16.41799],[76.55432,16.41579],[76.56107,16.41483],[76.55183,16.40539],[76.55168,16.40113],[76.54673,16.40126],[76.5468,16.4038],[76.5423,16.40375],[76.54164,16.40804],[76.53887,16.40769],[76.53849,16.40206],[76.53385,16.40308],[76.53478,16.39941],[76.54128,16.39569],[76.54136,16.38854],[76.54376,16.38764],[76.54505,16.39009],[76.54957,16.3897],[76.54803,16.38552],[76.55091,16.37848],[76.54983,16.37249],[76.54753,16.37204],[76.54816,16.36895],[76.54282,16.36396],[76.54505,16.36045],[76.54555,16.35132],[76.55266,16.3545],[76.55748,16.35382],[76.5587,16.35763],[76.5607,16.35734],[76.55952,16.35185],[76.55532,16.34903],[76.55322,16.35008],[76.55328,16.34719],[76.55943,16.34649],[76.56316,16.3503],[76.56744,16.34867],[76.56428,16.3461],[76.56487,16.34393],[76.57798,16.34245],[76.56588,16.33163],[76.56656,16.32966],[76.53917,16.31233],[76.53623,16.30876],[76.49878,16.30169],[76.50005,16.29915],[76.47686,16.29081],[76.46363,16.27966],[76.45109,16.27424],[76.44987,16.27587],[76.43235,16.2607],[76.42665,16.25918],[76.4138,16.25052],[76.41486,16.24163],[76.39933,16.23957],[76.39476,16.23003],[76.37542,16.2198],[76.36772,16.21849],[76.36616,16.21269],[76.36209,16.20734],[76.35536,16.20576],[76.34789,16.19823],[76.33321,16.19193],[76.33009,16.19351],[76.34469,16.2106],[76.34696,16.2229],[76.35077,16.22665],[76.35256,16.23461],[76.34967,16.23711],[76.34752,16.24779],[76.34534,16.24964],[76.34853,16.25946],[76.34789,16.27763],[76.34116,16.27728],[76.34176,16.2785],[76.33944,16.27952],[76.32063,16.28254],[76.32057,16.28667],[76.31836,16.28705],[76.29973,16.28328],[76.29863,16.29909],[76.30279,16.31888],[76.29515,16.32037],[76.29507,16.32443],[76.29229,16.32548],[76.29194,16.33504],[76.30373,16.34101],[76.30601,16.34598],[76.31416,16.34589],[76.31373,16.35534],[76.31127,16.36181],[76.30972,16.3616],[76.30467,16.38059],[76.30959,16.39716],[76.3148,16.39679],[76.31698,16.39454],[76.3202,16.39769],[76.3228,16.39601],[76.33199,16.39691],[76.33605,16.40223],[76.33661,16.40676],[76.33269,16.40694],[76.3305,16.40968],[76.33336,16.41667],[76.33196,16.42716],[76.3503,16.42704],[76.35455,16.42225],[76.3583,16.42236],[76.3848,16.42574],[76.39005,16.43779],[76.40414,16.43272],[76.43496,16.43575],[76.43255,16.44862],[76.42979,16.49839],[76.43292,16.50562],[76.43412,16.51874],[76.42269,16.55084],[76.42172,16.55965],[76.42416,16.56764],[76.4225,16.56807],[76.42322,16.5735],[76.42172,16.57383],[76.41878,16.58334]],[[76.56035,16.34579],[76.55533,16.34505],[76.55378,16.34271],[76.56295,16.34305],[76.56035,16.34579]]]},"properties":{"taluk":"Hunasagi","district":"Yadgir","region_id":"subdistrict_7096","level":"taluk"}},{"type":"Feature","geometry":{"type":"Polygon","coordinates":[[[77.00395,16.70198],[76.97262,16.71311],[76.97001,16.71246],[76.96443,16.71703],[76.95892,16.71702],[76.95843,16.71238],[76.95225,16.70557],[76.94752,16.70643],[76.9449,16.70003],[76.93226,16.69725],[76.93179,16.68783],[76.92772,16.67614],[76.92942,16.67042],[76.92652,16.65711],[76.91329,16.65748],[76.91197,16.65231],[76.91457,16.64307],[76.93207,16.63822],[76.93166,16.63487],[76.90929,16.63599],[76.90883,16.6335],[76.89456,16.63123],[76.89432,16.61655],[76.89238,16.61662],[76.90568,16.59535],[76.9077,16.58218],[76.90591,16.58148],[76.90578,16.57724],[76.90415,16.57728],[76.90537,16.57098],[76.91234,16.56467],[76.91604,16.56415],[76.92012,16.55752],[76.91741,16.54272],[76.9199,16.53785],[76.92508,16.53438],[76.92585,16.53181],[76.93393,16.53048],[76.9343,16.52777],[76.94823,16.52726],[76.95925,16.52464],[76.97009,16.52473],[76.9742,16.5266],[76.97522,16.5192],[76.97394,16.51087],[76.9673,16.50522],[76.91696,16.48958],[76.90066,16.48699],[76.88484,16.49236],[76.87967,16.49218],[76.87732,16.52727],[76.85087,16.53135],[76.84813,16.55731],[76.84287,16.55762],[76.84296,16.55932],[76.82123,16.56603],[76.82208,16.56971],[76.80187,16.56588],[76.80068,16.57533],[76.79317,16.5769],[76.77955,16.59048],[76.76875,16.59588],[76.76829,16.59432],[76.76424,16.5949],[76.75628,16.59199],[76.75258,16.61083],[76.74281,16.6106],[76.73879,16.60894],[76.73919,16.60755],[76.73328,16.6071],[76.71001,16.61181],[76.70259,16.60618],[76.69157,16.60564],[76.68309,16.62646],[76.68076,16.6263],[76.68159,16.63038],[76.66964,16.62853],[76.64941,16.63269],[76.64875,16.65412],[76.64485,16.65482],[76.64211,16.66356],[76.63481,16.66364],[76.63886,16.67631],[76.6356,16.68502],[76.63705,16.68796],[76.63516,16.69417],[76.6319,16.69827],[76.62275,16.6949],[76.61834,16.70782],[76.61576,16.7088],[76.62049,16.71881],[76.62282,16.74247],[76.63518,16.74508],[76.63314,16.72296],[76.643,16.72021],[76.65859,16.71237],[76.66079,16.71639],[76.65758,16.72583],[76.65928,16.72556],[76.65774,16.73131],[76.65456,16.73782],[76.65317,16.7558],[76.66095,16.76719],[76.67584,16.76553],[76.67948,16.78479],[76.69754,16.78583],[76.69898,16.79021],[76.70215,16.78834],[76.70924,16.79262],[76.70901,16.78053],[76.71901,16.77793],[76.72415,16.78538],[76.72726,16.78133],[76.7346,16.77918],[76.73654,16.7763],[76.74537,16.77812],[76.74491,16.81625],[76.75471,16.81448],[76.75668,16.81578],[76.75405,16.82195],[76.75831,16.83139],[76.75351,16.83815],[76.75897,16.84535],[76.78907,16.8375],[76.7913,16.85009],[76.80212,16.84922],[76.8113,16.85572],[76.81362,16.85881],[76.8169,16.87403],[76.82881,16.87303],[76.82807,16.8703],[76.83503,16.86745],[76.83805,16.8687],[76.84346,16.8672],[76.84872,16.87508],[76.85435,16.87791],[76.85671,16.8921],[76.87072,16.89313],[76.87054,16.89648],[76.90243,16.89345],[76.90202,16.87855],[76.91332,16.87537],[76.92106,16.8703],[76.91569,16.86169],[76.90441,16.85758],[76.90207,16.85334],[76.90348,16.83315],[76.90947,16.81798],[76.91431,16.81613],[76.91933,16.81823],[76.92424,16.82968],[76.92861,16.83188],[76.9457,16.83033],[76.98034,16.80918],[76.99501,16.81324],[77.00166,16.81237],[77.00438,16.80392],[77.01027,16.79907],[77.02234,16.79467],[77.03353,16.78279],[77.04428,16.77992],[77.0527,16.77316],[77.05682,16.76523],[77.04055,16.76009],[77.03246,16.75993],[77.02751,16.75032],[77.02605,16.74339],[77.0309,16.7442],[77.03963,16.72333],[77.04119,16.71337],[77.0392,16.7092],[77.03535,16.71096],[77.03052,16.70287],[77.02234,16.68162],[77.01682,16.68281],[77.01546,16.67925],[77.00795,16.68128],[77.00395,16.70198]],[[76.72847,16.77158],[76.72382,16.75261],[76.73884,16.75166],[76.73911,16.77133],[76.72847,16.77158]]]},"properties":{"taluk":"Shahpur","district":"Yadgir","region_id":"subdistrict_5588","level":"taluk"}},{"type":"Feature","geometry":{"type":"MultiPolygon","coordinates":[[[[76.70259,16.60618],[76.71001,16.61181],[76.71695,16.61128],[76.73328,16.6071],[76.73919,16.60755],[76.73879,16.60894],[76.74281,16.6106],[76.75258,16.61083],[76.75628,16.59199],[76.76424,16.5949],[76.76829,16.59432],[76.76875,16.59588],[76.77955,16.59048],[76.79317,16.5769],[76.80068,16.57533],[76.80187,16.56588],[76.82208,16.56971],[76.82123,16.56603],[76.84296,16.55932],[76.84287,16.55762],[76.84813,16.55731],[76.85087,16.53135],[76.87732,16.52727],[76.87967,16.49218],[76.87264,16.49037],[76.86454,16.48282],[76.86348,16.47534],[76.86538,16.46039],[76.86331,16.45394],[76.84441,16.43207],[76.82509,16.42447],[76.78777,16.41945],[76.78026,16.41988],[76.7674,16.42639],[76.76094,16.42713],[76.75514,16.42529],[76.74558,16.41328],[76.73527,16.40664],[76.73584,16.40548],[76.72636,16.40378],[76.71435,16.398],[76.70782,16.39442],[76.70894,16.39321],[76.7063,16.39077],[76.68523,16.37871],[76.67356,16.37624],[76.65876,16.36961],[76.64611,16.35592],[76.6328,16.35392],[76.62385,16.35004],[76.61296,16.3421],[76.59018,16.33976],[76.58053,16.33098],[76.56656,16.32966],[76.56588,16.33163],[76.57798,16.34245],[76.56487,16.34393],[76.56428,16.3461],[76.56744,16.34867],[76.56316,16.3503],[76.55943,16.34649],[76.55328,16.34719],[76.55322,16.35008],[76.55532,16.34903],[76.55952,16.35185],[76.5607,16.35734],[76.5587,16.35763],[76.55748,16.35382],[76.55266,16.3545],[76.54555,16.35132],[76.54505,16.36045],[76.54282,16.36396],[76.54816,16.36895],[76.54753,16.37204],[76.54983,16.37249],[76.55091,16.37848],[76.54803,16.38552],[76.54957,16.3897],[76.54505,16.39009],[76.54376,16.38764],[76.54136,16.38854],[76.54128,16.39569],[76.53478,16.39941],[76.53385,16.40308],[76.53849,16.40206],[76.53887,16.40769],[76.54164,16.40804],[76.5423,16.40375],[76.5468,16.4038],[76.54673,16.40126],[76.55168,16.40113],[76.55183,16.40539],[76.56107,16.41483],[76.55432,16.41579],[76.55509,16.41799],[76.56064,16.4213],[76.5658,16.42897],[76.57358,16.42753],[76.57419,16.42602],[76.57942,16.42666],[76.58185,16.43426],[76.58626,16.43366],[76.58654,16.43566],[76.58887,16.43476],[76.58786,16.43281],[76.59083,16.43214],[76.59204,16.43562],[76.5929,16.43355],[76.59776,16.43268],[76.59736,16.42862],[76.60479,16.43044],[76.60098,16.43269],[76.60184,16.43468],[76.6182,16.45066],[76.61791,16.47089],[76.62205,16.48811],[76.61798,16.49225],[76.60944,16.51288],[76.60201,16.51128],[76.60275,16.50685],[76.59132,16.50738],[76.58956,16.50553],[76.57263,16.51046],[76.56097,16.5111],[76.56644,16.53715],[76.58957,16.54238],[76.59565,16.53211],[76.62442,16.53562],[76.62784,16.53752],[76.61943,16.55257],[76.62174,16.56385],[76.61664,16.57313],[76.61708,16.58129],[76.61219,16.58627],[76.5949,16.58788],[76.58552,16.58655],[76.58514,16.59031],[76.56904,16.59174],[76.56856,16.59473],[76.55982,16.59427],[76.55246,16.60896],[76.55159,16.61724],[76.53111,16.61675],[76.52905,16.60532],[76.50877,16.60504],[76.50995,16.61069],[76.49739,16.61627],[76.49937,16.63198],[76.49216,16.63246],[76.48757,16.63234],[76.48783,16.63002],[76.48585,16.62983],[76.46773,16.63088],[76.46602,16.61711],[76.46317,16.61081],[76.4521,16.61084],[76.45067,16.60808],[76.45305,16.60194],[76.45228,16.59644],[76.455,16.59369],[76.45382,16.58249],[76.44546,16.58],[76.43313,16.58578],[76.41875,16.58359],[76.41619,16.58998],[76.41327,16.58982],[76.41606,16.60265],[76.41009,16.61366],[76.40882,16.62153],[76.40427,16.62735],[76.40278,16.64003],[76.40623,16.65535],[76.4103,16.66231],[76.41411,16.66381],[76.41576,16.66907],[76.42031,16.67234],[76.42668,16.68699],[76.42554,16.69594],[76.43037,16.69637],[76.43149,16.70101],[76.43755,16.70297],[76.44081,16.70941],[76.44712,16.71068],[76.45274,16.71453],[76.45903,16.70883],[76.46168,16.70875],[76.46106,16.71101],[76.47848,16.71124],[76.50311,16.7231],[76.50244,16.73847],[76.5162,16.75081],[76.54737,16.74736],[76.54895,16.75131],[76.55352,16.75106],[76.55365,16.75299],[76.5703,16.75251],[76.57132,16.75606],[76.58116,16.75865],[76.5813,16.76567],[76.59982,16.76711],[76.62378,16.76519],[76.621,16.72132],[76.61576,16.7088],[76.61834,16.70782],[76.62275,16.6949],[76.6319,16.69827],[76.63516,16.69417],[76.63705,16.68796],[76.6356,16.68502],[76.63886,16.67631],[76.63481,16.66364],[76.64211,16.66356],[76.64485,16.65482],[76.64875,16.65412],[76.64941,16.63269],[76.66964,16.62853],[76.68159,16.63038],[76.68076,16.6263],[76.68309,16.62646],[76.69157,16.60564],[76.70259,16.60618]]],[[[76.65758,16.72583],[76.66079,16.71639],[76.65859,16.71237],[76.643,16.72021],[76.63314,16.72296],[76.63542,16.73493],[76.64545,16.73274],[76.65758,16.72583]]],[[[76.56035,16.34579],[76.56295,16.34305],[76.55378,16.34271],[76.55533,16.34505],[76.56035,16.34579]]]]},"properties":{"taluk":"Shorapur","district":"Yadgir","region_id":"subdistrict_5587","level":"taluk"}},{"type":"Feature","geometry":{"type":"Polygon","coordinates":[[[76.97262,16.71311],[77.00395,16.70198],[77.00795,16.68128],[77.01546,16.67925],[77.01682,16.68281],[77.02234,16.68162],[77.03052,16.70287],[77.03535,16.71096],[77.0392,16.7092],[77.04119,16.71337],[77.03963,16.72333],[77.0309,16.7442],[77.02605,16.74339],[77.02751,16.75032],[77.03246,16.75993],[77.04055,16.76009],[77.05583,16.76513],[77.06095,16.75378],[77.07362,16.74538],[77.10132,16.74344],[77.12818,16.73405],[77.14528,16.71201],[77.14807,16.70458],[77.14981,16.70503],[77.15288,16.68495],[77.15186,16.68193],[77.13687,16.67141],[77.134,16.66701],[77.13142,16.66068],[77.13197,16.64975],[77.13827,16.64228],[77.14471,16.64121],[77.15259,16.64654],[77.16068,16.6465],[77.17139,16.63172],[77.17957,16.62586],[77.18086,16.62282],[77.18094,16.61982],[77.16626,16.60227],[77.16479,16.59607],[77.16998,16.56407],[77.17579,16.55012],[77.17997,16.54808],[77.19335,16.54788],[77.19889,16.54419],[77.20063,16.53698],[77.19759,16.52176],[77.20103,16.50799],[77.20412,16.50306],[77.21019,16.49713],[77.22215,16.49746],[77.23275,16.49367],[77.23442,16.4894],[77.23318,16.47809],[77.23563,16.47266],[77.23813,16.47363],[77.26378,16.45105],[77.2718,16.43302],[77.29027,16.41268],[77.27974,16.40628],[77.26533,16.40587],[77.2583,16.41178],[77.24989,16.41568],[77.2068,16.42636],[77.17377,16.43017],[77.16079,16.44204],[77.15884,16.44691],[77.16115,16.44848],[77.1586,16.46595],[77.15314,16.47477],[77.13116,16.48252],[77.11131,16.48481],[77.10597,16.48699],[77.09388,16.49585],[77.07149,16.5062],[77.05936,16.51865],[77.05246,16.52041],[77.04352,16.51931],[77.03754,16.51627],[77.02369,16.5034],[77.01427,16.50125],[77.01008,16.50305],[77.00369,16.51348],[77.00816,16.53665],[77.00708,16.5483],[77.00347,16.55275],[76.99031,16.56157],[76.97728,16.56115],[76.96942,16.55592],[76.96614,16.55115],[76.96526,16.54445],[76.97262,16.52579],[76.97108,16.52497],[76.95925,16.52464],[76.94823,16.52726],[76.9343,16.52777],[76.93393,16.53048],[76.92585,16.53181],[76.91741,16.54272],[76.92012,16.55752],[76.91604,16.56415],[76.91189,16.565],[76.90454,16.573],[76.90415,16.57728],[76.90578,16.57724],[76.90591,16.58148],[76.9077,16.58218],[76.90742,16.58667],[76.9029,16.60159],[76.89238,16.61662],[76.89432,16.61655],[76.89456,16.63123],[76.90883,16.6335],[76.90929,16.63599],[76.93166,16.63487],[76.93207,16.63822],[76.91457,16.64307],[76.91197,16.65231],[76.91329,16.65748],[76.92652,16.65711],[76.92942,16.67042],[76.92772,16.67614],[76.93179,16.68783],[76.93226,16.69725],[76.9449,16.70003],[76.94752,16.70643],[76.95225,16.70557],[76.95843,16.71238],[76.95892,16.71702],[76.96443,16.71703],[76.97001,16.71246],[76.97262,16.71311]]]},"properties":{"taluk":"Wadagera","district":"Yadgir","region_id":"subdistrict_7095","level":"taluk"}},{"type":"Feature","geometry":{"type":"Polygon","coordinates":[[[77.31659,16.63624],[77.32019,16.62845],[77.31837,16.62178],[77.29952,16.61566],[77.29533,16.6102],[77.28767,16.60669],[77.2724,16.6064],[77.271,16.58769],[77.29825,16.58644],[77.3265,16.58892],[77.33436,16.58407],[77.34082,16.58285],[77.33686,16.56881],[77.34722,16.56379],[77.35502,16.55369],[77.37717,16.55537],[77.38411,16.55713],[77.38182,16.56116],[77.38324,16.56208],[77.39715,16.56424],[77.39957,16.55531],[77.40388,16.55381],[77.40351,16.55087],[77.41789,16.54866],[77.41929,16.53926],[77.41591,16.51775],[77.4018,16.52144],[77.39526,16.51979],[77.39071,16.51607],[77.37719,16.51386],[77.37272,16.50976],[77.36933,16.48824],[77.35426,16.48858],[77.35177,16.49078],[77.34624,16.49019],[77.34614,16.48796],[77.34237,16.48632],[77.32416,16.48686],[77.3245,16.49125],[77.29835,16.49625],[77.2996,16.48868],[77.29486,16.48152],[77.29432,16.47686],[77.26526,16.47324],[77.24622,16.47787],[77.24,16.47657],[77.23563,16.47266],[77.23318,16.47809],[77.23442,16.4894],[77.23275,16.49367],[77.22215,16.49746],[77.21019,16.49713],[77.20103,16.50799],[77.19759,16.52176],[77.20063,16.53698],[77.19889,16.54419],[77.19335,16.54788],[77.17747,16.54889],[77.17164,16.55934],[77.16512,16.59942],[77.18094,16.61982],[77.17957,16.62586],[77.17139,16.63172],[77.16068,16.6465],[77.15259,16.64654],[77.14471,16.64121],[77.13827,16.64228],[77.13197,16.64975],[77.13142,16.66068],[77.134,16.66701],[77.13687,16.67141],[77.15186,16.68193],[77.15288,16.68495],[77.14981,16.70503],[77.14807,16.70458],[77.14528,16.71201],[77.13211,16.73014],[77.12416,16.73634],[77.10132,16.74344],[77.07868,16.74426],[77.06906,16.74804],[77.06095,16.75378],[77.0527,16.77316],[77.04759,16.77802],[77.03353,16.78279],[77.02481,16.79297],[77.01027,16.79907],[77.00438,16.80392],[77.00166,16.81237],[76.99045,16.81187],[76.99309,16.83299],[76.99467,16.83298],[76.99532,16.8375],[76.98325,16.83983],[76.97876,16.85436],[76.9796,16.85962],[76.98117,16.85877],[76.98171,16.86111],[77.0003,16.85999],[77.00747,16.85777],[77.02075,16.86846],[77.03022,16.8678],[77.03037,16.86933],[77.03558,16.8699],[77.04185,16.86838],[77.04306,16.8702],[77.04179,16.88149],[77.03329,16.88467],[77.03327,16.89311],[77.02824,16.89358],[77.02734,16.89546],[77.0176,16.89897],[77.01992,16.92753],[77.02426,16.92468],[77.0336,16.92504],[77.04124,16.923],[77.04569,16.93229],[77.05778,16.9428],[77.0649,16.95145],[77.06393,16.95379],[77.06644,16.95407],[77.07062,16.95329],[77.06811,16.94185],[77.06855,16.93229],[77.07229,16.93192],[77.07299,16.93723],[77.0788,16.93846],[77.08823,16.94525],[77.0866,16.93642],[77.08921,16.93428],[77.09103,16.93501],[77.092,16.93224],[77.09029,16.93072],[77.08822,16.93275],[77.08684,16.93006],[77.08938,16.9137],[77.09306,16.90548],[77.09975,16.903],[77.10599,16.90243],[77.11323,16.90558],[77.12797,16.91746],[77.13799,16.91485],[77.15026,16.91573],[77.15384,16.91431],[77.16737,16.93014],[77.18472,16.9354],[77.19192,16.92892],[77.19681,16.93065],[77.2009,16.93589],[77.20783,16.93755],[77.21129,16.94448],[77.22437,16.94257],[77.2268,16.9405],[77.23144,16.943],[77.23156,16.93811],[77.24222,16.94209],[77.24499,16.93947],[77.2462,16.93243],[77.25021,16.93372],[77.26256,16.92805],[77.26031,16.91897],[77.25329,16.91296],[77.2551,16.90946],[77.25261,16.88573],[77.24186,16.86813],[77.26112,16.86161],[77.2573,16.83036],[77.26484,16.82637],[77.27064,16.81489],[77.27462,16.8118],[77.27703,16.8011],[77.28107,16.79886],[77.282,16.78635],[77.28962,16.77444],[77.29064,16.77092],[77.28884,16.76695],[77.29401,16.75428],[77.28767,16.74234],[77.28276,16.74138],[77.27041,16.72665],[77.27084,16.72141],[77.26814,16.71469],[77.27514,16.70901],[77.27768,16.70098],[77.28194,16.70108],[77.28029,16.69776],[77.28177,16.69489],[77.28554,16.69492],[77.28472,16.69367],[77.28763,16.69192],[77.29281,16.68032],[77.2947,16.6797],[77.28694,16.66411],[77.28419,16.65386],[77.28726,16.64092],[77.30771,16.63567],[77.31659,16.63624]]]},"properties":{"taluk":"Yadgir","district":"Yadgir","region_id":"subdistrict_5589","level":"taluk"}},{"type":"Feature","geometry":{"type":"Polygon","coordinates":[[[75.99521,15.146],[76.00987,15.14831],[76.02477,15.14318],[76.02587,15.09216],[76.0141,15.09058],[76.01495,15.07547],[76.01607,15.06815],[76.04053,15.07028],[76.04155,15.05618],[76.03633,15.03177],[76.03635,15.01937],[76.05021,15.02032],[76.05767,15.01882],[76.05671,15.0062],[76.05961,15.00322],[76.06644,14.98157],[76.09065,14.98569],[76.10951,14.9842],[76.11076,14.96903],[76.1079,14.96853],[76.10913,14.9405],[76.10792,14.93077],[76.09893,14.92986],[76.09916,14.92683],[76.09219,14.92478],[76.09108,14.92003],[76.08397,14.91891],[76.08451,14.91744],[76.09931,14.91733],[76.11488,14.91829],[76.11452,14.92123],[76.12065,14.92082],[76.11503,14.90593],[76.12092,14.90804],[76.12047,14.86959],[76.1108,14.87043],[76.09267,14.86802],[76.08066,14.87056],[76.07221,14.86773],[76.07141,14.87382],[76.06462,14.88735],[76.078,14.89945],[76.07973,14.90366],[76.08258,14.90414],[76.08478,14.91285],[76.06847,14.90849],[76.06334,14.9157],[76.0505,14.91747],[76.04706,14.93113],[76.04304,14.93084],[76.03252,14.92507],[76.01092,14.89676],[76.01098,14.90551],[76.00448,14.90567],[76.00393,14.9022],[76.00095,14.9017],[75.99831,14.89788],[75.98383,14.90788],[75.98047,14.90228],[75.97505,14.90027],[75.96358,14.90813],[75.96591,14.90138],[75.96293,14.90412],[75.94958,14.9019],[75.94964,14.90026],[75.94006,14.90009],[75.93701,14.89254],[75.93463,14.89139],[75.93086,14.89275],[75.92751,14.88939],[75.90372,14.88394],[75.89919,14.87853],[75.89291,14.87737],[75.88799,14.87272],[75.88696,14.8684],[75.87895,14.86881],[75.86908,14.86643],[75.86672,14.85456],[75.86018,14.85728],[75.85354,14.86333],[75.856,14.8823],[75.84784,14.88464],[75.84528,14.89006],[75.84124,14.88984],[75.83283,14.88316],[75.82578,14.8995],[75.81632,14.90004],[75.81621,14.89629],[75.81345,14.89617],[75.81173,14.89348],[75.80963,14.88111],[75.8019,14.87477],[75.80204,14.86914],[75.81088,14.84485],[75.81058,14.84293],[75.80592,14.8404],[75.80923,14.83327],[75.81178,14.83054],[75.81819,14.83461],[75.83289,14.81357],[75.83415,14.80341],[75.82655,14.7804],[75.82232,14.77625],[75.81456,14.77684],[75.79788,14.76903],[75.77422,14.78925],[75.76942,14.78074],[75.7565,14.77392],[75.75771,14.75978],[75.75527,14.73947],[75.74609,14.73293],[75.73103,14.72794],[75.7157,14.71877],[75.70429,14.72395],[75.70206,14.72812],[75.70271,14.73214],[75.71982,14.74984],[75.72194,14.7543],[75.72322,14.77059],[75.71961,14.77577],[75.71092,14.78123],[75.69177,14.78317],[75.68271,14.79473],[75.67831,14.79806],[75.66834,14.79916],[75.66443,14.80196],[75.66394,14.80538],[75.67755,14.83643],[75.69057,14.85678],[75.69363,14.85907],[75.6952,14.85251],[75.70165,14.85255],[75.7024,14.85408],[75.71191,14.85243],[75.7224,14.86413],[75.73238,14.86369],[75.73427,14.88292],[75.73918,14.88707],[75.72777,14.89406],[75.72781,14.89726],[75.69674,14.89133],[75.684,14.92509],[75.68324,14.93918],[75.69134,14.94469],[75.71734,14.95076],[75.72599,14.94915],[75.73717,14.9435],[75.7412,14.94467],[75.75469,14.95684],[75.7612,14.96676],[75.77894,14.97699],[75.77965,14.98825],[75.78378,14.9995],[75.78854,15.00639],[75.79966,15.01377],[75.80741,15.02436],[75.81013,15.0255],[75.8091,15.0263],[75.83078,15.02813],[75.83461,15.03115],[75.83713,15.03992],[75.84769,15.04462],[75.85114,15.04374],[75.85836,15.03657],[75.87217,15.03494],[75.87771,15.03936],[75.88407,15.05282],[75.90392,15.05597],[75.90632,15.05868],[75.90949,15.07328],[75.90827,15.07908],[75.88855,15.09554],[75.88493,15.10413],[75.88743,15.11052],[75.89787,15.11778],[75.90211,15.12584],[75.9022,15.13041],[75.9107,15.1353],[75.91536,15.13522],[75.92825,15.14062],[75.94585,15.1368],[75.95982,15.13901],[75.97708,15.1511],[75.98588,15.151],[75.99521,15.146]]]},"properties":{"taluk":"Hadagalli","district":"Vijayanagara","region_id":"subdistrict_5496","level":"taluk"}},{"type":"Feature","geometry":{"type":"Polygon","coordinates":[[[76.02477,15.14318],[76.04182,15.14434],[76.05827,15.15767],[76.08243,15.1589],[76.09493,15.16302],[76.10196,15.16783],[76.10506,15.17415],[76.10849,15.19256],[76.11666,15.20133],[76.128,15.2033],[76.15085,15.19629],[76.15714,15.19725],[76.16042,15.2009],[76.15746,15.21037],[76.15831,15.21289],[76.17399,15.22689],[76.18755,15.23543],[76.20225,15.23301],[76.2272,15.2325],[76.23164,15.23012],[76.23172,15.22581],[76.21814,15.20193],[76.21983,15.19624],[76.23098,15.18861],[76.25007,15.19171],[76.25946,15.20702],[76.26575,15.20547],[76.26947,15.20716],[76.2732,15.20273],[76.27605,15.19193],[76.28062,15.19159],[76.29161,15.20022],[76.2979,15.20067],[76.29617,15.21097],[76.31946,15.2148],[76.31616,15.21953],[76.33072,15.22071],[76.33625,15.20704],[76.33442,15.19911],[76.33746,15.18879],[76.33691,15.17941],[76.33069,15.17854],[76.33231,15.16596],[76.32694,15.16706],[76.32757,15.16139],[76.32421,15.15245],[76.30992,15.15022],[76.31374,15.1414],[76.31629,15.1281],[76.31999,15.12368],[76.31694,15.11796],[76.31637,15.10498],[76.32141,15.10584],[76.32336,15.11017],[76.32589,15.10866],[76.32663,15.11017],[76.33505,15.11077],[76.33784,15.11731],[76.34193,15.11615],[76.34435,15.11904],[76.34447,15.11185],[76.35166,15.09372],[76.34824,15.09267],[76.34279,15.08135],[76.33826,15.07965],[76.33908,15.07747],[76.33592,15.07494],[76.32951,15.07659],[76.31701,15.07587],[76.31628,15.05033],[76.31399,15.04739],[76.31098,15.04893],[76.31017,15.04626],[76.31795,15.03158],[76.32201,15.02871],[76.33455,15.02797],[76.33874,15.0197],[76.35094,15.00764],[76.3548,15.00101],[76.35834,15.0001],[76.36466,14.99105],[76.36127,14.98602],[76.36045,14.97924],[76.35768,14.97373],[76.35639,14.976],[76.34999,14.97611],[76.33802,14.9696],[76.329,14.96892],[76.33073,14.96623],[76.32914,14.94805],[76.32458,14.94539],[76.32155,14.93679],[76.31799,14.93702],[76.31905,14.93338],[76.30197,14.93499],[76.30086,14.93284],[76.29393,14.93769],[76.2867,14.93809],[76.28153,14.92514],[76.26577,14.9136],[76.24656,14.91631],[76.23775,14.92901],[76.21945,14.9393],[76.21656,14.94041],[76.21309,14.93647],[76.20627,14.93817],[76.20168,14.95003],[76.18909,14.95101],[76.1866,14.96009],[76.16861,14.95642],[76.1603,14.95689],[76.15662,14.9524],[76.14837,14.95148],[76.14257,14.95406],[76.12894,14.94737],[76.12993,14.94523],[76.12574,14.94464],[76.12457,14.93328],[76.10862,14.93384],[76.1079,14.96853],[76.11076,14.96903],[76.10951,14.9842],[76.09065,14.98569],[76.06644,14.98157],[76.05961,15.00322],[76.05671,15.0062],[76.05767,15.01882],[76.05021,15.02032],[76.03635,15.01937],[76.03633,15.03177],[76.04155,15.05618],[76.04013,15.0711],[76.01607,15.06815],[76.0141,15.09058],[76.02587,15.09216],[76.02477,15.14318]]]},"properties":{"taluk":"Hagaribommanahalli","district":"Vijayanagara","region_id":"subdistrict_5497","level":"taluk"}},{"type":"Feature","geometry":{"type":"Polygon","coordinates":[[[76.20143,14.7449],[76.19749,14.72486],[76.18755,14.7223],[76.18385,14.6997],[76.17503,14.70299],[76.1671,14.70079],[76.16095,14.70321],[76.1612,14.70083],[76.15731,14.70148],[76.1569,14.70426],[76.14545,14.70523],[76.13958,14.70063],[76.13948,14.69863],[76.1377,14.70024],[76.14041,14.70293],[76.12938,14.69944],[76.12731,14.70127],[76.12119,14.69986],[76.1146,14.69497],[76.11365,14.69002],[76.10948,14.68649],[76.11392,14.68302],[76.10859,14.67125],[76.108,14.65986],[76.11451,14.65926],[76.1127,14.65824],[76.11915,14.65646],[76.11878,14.65298],[76.12944,14.64938],[76.13116,14.6304],[76.14232,14.62803],[76.14127,14.62584],[76.14453,14.62465],[76.14609,14.6149],[76.14013,14.61428],[76.13941,14.60533],[76.14124,14.60204],[76.13129,14.59444],[76.13151,14.58554],[76.12899,14.58345],[76.12743,14.57562],[76.11526,14.56807],[76.11437,14.5619],[76.12017,14.56243],[76.12385,14.55953],[76.12932,14.54991],[76.13049,14.54344],[76.13349,14.54082],[76.12849,14.53554],[76.13048,14.53224],[76.12881,14.52705],[76.09717,14.52357],[76.08827,14.51814],[76.08832,14.51518],[76.06694,14.51119],[76.05273,14.50545],[76.05115,14.51276],[76.04889,14.51447],[76.03797,14.51912],[76.03708,14.52119],[76.02961,14.52138],[76.02768,14.52438],[76.00611,14.51762],[75.96609,14.51984],[75.94685,14.52377],[75.94786,14.52749],[75.94473,14.53255],[75.94457,14.5407],[75.94186,14.54203],[75.94209,14.55178],[75.93933,14.56043],[75.92463,14.5619],[75.92067,14.56424],[75.91024,14.56292],[75.91104,14.5712],[75.90879,14.57422],[75.90643,14.5733],[75.89436,14.57903],[75.88467,14.5897],[75.86834,14.59373],[75.86611,14.61615],[75.86351,14.61366],[75.85992,14.6139],[75.8581,14.60825],[75.85476,14.60722],[75.84783,14.60865],[75.84173,14.60458],[75.83813,14.6083],[75.83219,14.60728],[75.82985,14.61285],[75.83651,14.62734],[75.83572,14.6337],[75.8337,14.63594],[75.82307,14.63177],[75.81589,14.63674],[75.80768,14.63595],[75.80854,14.65698],[75.79942,14.66654],[75.80058,14.67796],[75.7989,14.68191],[75.78922,14.68275],[75.78196,14.68077],[75.77653,14.67619],[75.76329,14.67538],[75.74318,14.68345],[75.73886,14.69071],[75.7413,14.70009],[75.76443,14.72325],[75.76306,14.73317],[75.76001,14.73771],[75.7554,14.7396],[75.75771,14.75978],[75.7565,14.77392],[75.76942,14.78074],[75.77422,14.78925],[75.79788,14.76903],[75.81456,14.77684],[75.82406,14.77727],[75.83219,14.79387],[75.83415,14.80341],[75.83289,14.81357],[75.81819,14.83461],[75.81178,14.83054],[75.80593,14.84028],[75.81058,14.84293],[75.81088,14.84485],[75.80204,14.86914],[75.8019,14.87477],[75.80963,14.88111],[75.81173,14.89348],[75.81345,14.89617],[75.81621,14.89629],[75.81632,14.90004],[75.82578,14.8995],[75.83283,14.88316],[75.84124,14.88984],[75.84528,14.89006],[75.84784,14.88464],[75.856,14.8823],[75.85354,14.86333],[75.86018,14.85728],[75.86672,14.85456],[75.86908,14.86643],[75.87895,14.86881],[75.88696,14.8684],[75.88799,14.87272],[75.89291,14.87737],[75.89919,14.87853],[75.90372,14.88394],[75.92751,14.88939],[75.93086,14.89275],[75.93463,14.89139],[75.93701,14.89254],[75.94006,14.90009],[75.94964,14.90026],[75.94958,14.9019],[75.96293,14.90412],[75.96591,14.90138],[75.96358,14.90813],[75.97505,14.90027],[75.98047,14.90228],[75.98383,14.90788],[75.99831,14.89788],[76.00095,14.9017],[76.00393,14.9022],[76.00448,14.90567],[76.01098,14.90551],[76.01092,14.89676],[76.03251,14.92507],[76.04453,14.93118],[76.04706,14.93113],[76.0505,14.91747],[76.06334,14.9157],[76.06847,14.90849],[76.08478,14.91285],[76.08258,14.90414],[76.07973,14.90366],[76.078,14.89945],[76.06462,14.88735],[76.07141,14.87382],[76.07221,14.86773],[76.08066,14.87056],[76.09267,14.86802],[76.10598,14.87012],[76.12612,14.87021],[76.13096,14.86826],[76.13012,14.8613],[76.15532,14.86238],[76.15465,14.85812],[76.15936,14.85479],[76.15515,14.85108],[76.15733,14.84742],[76.17778,14.84881],[76.19095,14.84656],[76.19152,14.83336],[76.19469,14.82108],[76.18579,14.82032],[76.17427,14.82235],[76.16157,14.8297],[76.15779,14.82924],[76.1554,14.82789],[76.15363,14.82147],[76.1464,14.82307],[76.14223,14.80457],[76.14293,14.79329],[76.14922,14.78415],[76.16869,14.78519],[76.17896,14.77039],[76.18075,14.76405],[76.19228,14.76826],[76.19596,14.75645],[76.20062,14.75311],[76.20143,14.7449]]]},"properties":{"taluk":"Harapanahalli","district":"Vijayanagara","region_id":"subdistrict_5510","level":"taluk"}},{"type":"Feature","geometry":{"type":"Polygon","coordinates":[[[76.40765,15.23443],[76.40071,15.22855],[76.40431,15.22431],[76.40621,15.22389],[76.40875,15.22687],[76.40703,15.22325],[76.40878,15.22166],[76.41097,15.22284],[76.41395,15.21754],[76.42044,15.21819],[76.41857,15.21539],[76.42442,15.21087],[76.42254,15.20961],[76.4232,15.20735],[76.42029,15.20654],[76.40937,15.19414],[76.39617,15.1936],[76.40163,15.18342],[76.41331,15.17416],[76.41766,15.16587],[76.40735,15.16362],[76.40498,15.15992],[76.40724,15.15491],[76.41164,15.1535],[76.40911,15.15095],[76.41207,15.14243],[76.41787,15.14025],[76.4198,15.14184],[76.42328,15.13784],[76.42067,15.1345],[76.41574,15.13553],[76.41375,15.1324],[76.39814,15.12755],[76.39755,15.12596],[76.41209,15.12057],[76.41733,15.12117],[76.42011,15.11822],[76.4361,15.1245],[76.44104,15.12233],[76.4418,15.11619],[76.43989,15.11132],[76.43524,15.10771],[76.4393,15.10515],[76.43926,15.10733],[76.44283,15.10793],[76.44287,15.11092],[76.44688,15.10668],[76.44425,15.10109],[76.44969,15.09337],[76.44928,15.08675],[76.47284,15.05749],[76.47106,15.05165],[76.47422,15.04963],[76.47134,15.04828],[76.47469,15.04204],[76.46439,15.04803],[76.46167,15.04222],[76.45207,15.03834],[76.43938,15.03998],[76.42302,15.04493],[76.41105,15.06079],[76.39359,15.06352],[76.39372,15.05287],[76.39937,15.04761],[76.4022,15.03803],[76.40441,15.03822],[76.406,15.02972],[76.39319,15.02182],[76.37928,15.02314],[76.37723,15.0216],[76.37953,15.01889],[76.37764,15.00592],[76.37546,15.00538],[76.37207,14.99668],[76.36309,14.99498],[76.35997,14.99657],[76.35834,15.0001],[76.3548,15.00101],[76.35094,15.00764],[76.33874,15.0197],[76.33455,15.02797],[76.32201,15.02871],[76.31795,15.03158],[76.31017,15.04626],[76.31098,15.04893],[76.31399,15.04739],[76.31628,15.05033],[76.31701,15.07587],[76.32951,15.07659],[76.33592,15.07494],[76.33908,15.07747],[76.33826,15.07965],[76.34279,15.08135],[76.34824,15.09267],[76.35166,15.09372],[76.34447,15.11185],[76.34435,15.11904],[76.34193,15.11615],[76.33784,15.11731],[76.33505,15.11077],[76.32663,15.11017],[76.32589,15.10866],[76.32336,15.11017],[76.32141,15.10584],[76.31637,15.10498],[76.31694,15.11796],[76.31999,15.12368],[76.31629,15.1281],[76.31374,15.1414],[76.30992,15.15022],[76.32421,15.15245],[76.32757,15.16139],[76.32694,15.16706],[76.33231,15.16596],[76.33069,15.17854],[76.33691,15.17941],[76.33746,15.18879],[76.33442,15.19911],[76.33625,15.20704],[76.33187,15.21987],[76.31616,15.21953],[76.31946,15.2148],[76.29617,15.21097],[76.2979,15.20067],[76.29161,15.20022],[76.28062,15.19159],[76.27605,15.19193],[76.2732,15.20273],[76.26947,15.20716],[76.27879,15.22046],[76.30709,15.23972],[76.3274,15.26369],[76.33341,15.26484],[76.34377,15.27311],[76.34491,15.28988],[76.34682,15.29644],[76.35,15.29922],[76.35076,15.30914],[76.36051,15.3236],[76.37041,15.32521],[76.3795,15.32936],[76.37953,15.3317],[76.38844,15.33109],[76.39832,15.32681],[76.40526,15.32633],[76.42222,15.33423],[76.44205,15.33894],[76.46744,15.33696],[76.47709,15.34845],[76.49007,15.34417],[76.49619,15.34728],[76.49816,15.35073],[76.50589,15.35384],[76.50833,15.35742],[76.52176,15.36656],[76.5235,15.37014],[76.5406,15.3813],[76.5468,15.37546],[76.55319,15.37327],[76.55794,15.36703],[76.55144,15.35173],[76.55216,15.34935],[76.56219,15.34867],[76.56236,15.34655],[76.56852,15.34567],[76.57253,15.34778],[76.57524,15.34516],[76.57571,15.34781],[76.58031,15.34252],[76.5792,15.33804],[76.58444,15.33616],[76.58609,15.33299],[76.58226,15.33375],[76.59358,15.32433],[76.5921,15.3192],[76.58076,15.31108],[76.58302,15.3095],[76.58587,15.31143],[76.59104,15.30956],[76.59067,15.31211],[76.5944,15.30977],[76.61088,15.31491],[76.61351,15.31739],[76.61734,15.31534],[76.61925,15.30654],[76.61793,15.30289],[76.61386,15.30304],[76.61005,15.30647],[76.60587,15.30642],[76.60852,15.30469],[76.60724,15.30106],[76.58776,15.30108],[76.58684,15.29662],[76.58258,15.2939],[76.58221,15.29129],[76.58529,15.28802],[76.60067,15.28452],[76.60096,15.27941],[76.59869,15.27862],[76.58278,15.25688],[76.58646,15.2593],[76.59076,15.25871],[76.60699,15.27176],[76.61002,15.28001],[76.61578,15.2849],[76.61813,15.28403],[76.61517,15.28346],[76.61519,15.28022],[76.62691,15.28409],[76.63414,15.27775],[76.63498,15.27329],[76.65475,15.27408],[76.65654,15.26466],[76.65661,15.26284],[76.65115,15.26033],[76.6431,15.26135],[76.64114,15.26323],[76.63162,15.26035],[76.63226,15.25177],[76.6349,15.25261],[76.64196,15.24675],[76.64196,15.23912],[76.63887,15.23469],[76.62852,15.22995],[76.61508,15.20019],[76.60487,15.19895],[76.60351,15.19509],[76.57346,15.19287],[76.57404,15.1874],[76.57672,15.18588],[76.56371,15.18697],[76.56301,15.19269],[76.55605,15.18754],[76.54364,15.19178],[76.53896,15.18666],[76.53356,15.18872],[76.52933,15.18294],[76.52573,15.18291],[76.52435,15.18082],[76.51724,15.18253],[76.49425,15.16909],[76.47701,15.18697],[76.45335,15.20228],[76.45777,15.20823],[76.45846,15.21683],[76.44907,15.21936],[76.43268,15.23224],[76.4275,15.22663],[76.42256,15.22472],[76.41564,15.23099],[76.40765,15.23443]],[[76.56869,15.33292],[76.56614,15.33071],[76.56619,15.33014],[76.5681,15.3299],[76.56869,15.33292]],[[76.56433,15.33312],[76.56286,15.33234],[76.56418,15.33044],[76.56424,15.33156],[76.56433,15.33312]],[[76.57215,15.3353],[76.57109,15.33588],[76.56938,15.33478],[76.56949,15.33454],[76.57215,15.3353]]]},"properties":{"taluk":"Hosapete","district":"Vijayanagara","region_id":"subdistrict_5498","level":"taluk"}},{"type":"Feature","geometry":{"type":"Polygon","coordinates":[[[76.17896,14.77039],[76.16869,14.78519],[76.14877,14.78459],[76.14673,14.78982],[76.14293,14.79329],[76.14366,14.81387],[76.1464,14.82307],[76.15363,14.82147],[76.1554,14.82789],[76.16084,14.82983],[76.17427,14.82235],[76.18579,14.82032],[76.19469,14.82108],[76.19152,14.83336],[76.19095,14.84656],[76.17778,14.84881],[76.15733,14.84742],[76.15515,14.85108],[76.15936,14.85479],[76.15465,14.85812],[76.15532,14.86238],[76.13012,14.8613],[76.13096,14.86826],[76.12612,14.87021],[76.12047,14.86959],[76.12092,14.90804],[76.11503,14.90593],[76.12065,14.92082],[76.11452,14.92123],[76.11488,14.91829],[76.09931,14.91733],[76.08451,14.91744],[76.08397,14.91891],[76.09108,14.92003],[76.09219,14.92478],[76.09916,14.92683],[76.09893,14.92986],[76.10792,14.93077],[76.10789,14.93374],[76.12457,14.93328],[76.12574,14.94464],[76.12993,14.94523],[76.12894,14.94737],[76.14257,14.95406],[76.14837,14.95148],[76.15662,14.9524],[76.1603,14.95689],[76.16861,14.95642],[76.1866,14.96009],[76.18909,14.95101],[76.20168,14.95003],[76.20627,14.93817],[76.21309,14.93647],[76.21656,14.94041],[76.21945,14.9393],[76.23775,14.92901],[76.24656,14.91631],[76.26114,14.91347],[76.27005,14.91538],[76.26972,14.90797],[76.28247,14.8988],[76.28368,14.89391],[76.29466,14.89417],[76.30439,14.91031],[76.30779,14.90596],[76.31753,14.90558],[76.319,14.8947],[76.32029,14.89521],[76.32327,14.89133],[76.33021,14.88768],[76.33453,14.89251],[76.33591,14.89123],[76.34267,14.87996],[76.34397,14.85536],[76.33969,14.84763],[76.33929,14.83928],[76.33166,14.83838],[76.32183,14.82438],[76.31961,14.82374],[76.31905,14.81991],[76.33304,14.82224],[76.33902,14.82118],[76.34561,14.81493],[76.33316,14.79035],[76.34107,14.78805],[76.33977,14.7782],[76.33501,14.77752],[76.33333,14.76903],[76.33417,14.76082],[76.32838,14.76272],[76.32641,14.76586],[76.3241,14.76207],[76.33168,14.7516],[76.32599,14.74505],[76.32905,14.73581],[76.3466,14.7289],[76.34772,14.72491],[76.36032,14.7233],[76.35982,14.71939],[76.37206,14.72186],[76.37111,14.72944],[76.37673,14.72818],[76.38361,14.73136],[76.38579,14.71454],[76.39202,14.69866],[76.39367,14.68453],[76.39169,14.68569],[76.38965,14.68394],[76.38814,14.67306],[76.38599,14.66961],[76.39784,14.66825],[76.39732,14.65878],[76.39633,14.657],[76.39125,14.65624],[76.37438,14.66374],[76.34284,14.66572],[76.33782,14.686],[76.32498,14.6912],[76.31781,14.69248],[76.31475,14.69205],[76.3119,14.68732],[76.30129,14.68991],[76.29037,14.68551],[76.27943,14.68505],[76.2734,14.68824],[76.27194,14.69575],[76.25766,14.69624],[76.25684,14.70099],[76.2499,14.69858],[76.24622,14.69384],[76.23945,14.67903],[76.23047,14.64924],[76.22077,14.65768],[76.20507,14.67722],[76.19347,14.68144],[76.19359,14.69775],[76.18403,14.69994],[76.18755,14.7223],[76.19749,14.72486],[76.20155,14.74422],[76.20062,14.75311],[76.19596,14.75645],[76.19228,14.76826],[76.18089,14.76401],[76.17896,14.77039]]]},"properties":{"taluk":"Kotturu","district":"Vijayanagara","region_id":"subdistrict_7108","level":"taluk"}},{"type":"Feature","geometry":{"type":"Polygon","coordinates":[[[76.67767,14.88776],[76.699,14.88872],[76.7136,14.86485],[76.71491,14.85335],[76.7118,14.83745],[76.72084,14.83181],[76.74039,14.82564],[76.74003,14.81523],[76.73494,14.81553],[76.73463,14.81321],[76.7183,14.81776],[76.70517,14.8175],[76.68223,14.80814],[76.67471,14.79269],[76.66834,14.79148],[76.67362,14.78784],[76.66957,14.78667],[76.66628,14.7799],[76.66702,14.7751],[76.65972,14.77162],[76.66006,14.76605],[76.65756,14.76472],[76.65519,14.75689],[76.65077,14.75741],[76.64875,14.75544],[76.65077,14.75185],[76.64939,14.73979],[76.65103,14.73655],[76.64693,14.73022],[76.65104,14.72567],[76.64536,14.71757],[76.6446,14.71307],[76.63705,14.71001],[76.63557,14.70331],[76.63075,14.70288],[76.62905,14.70041],[76.62401,14.70173],[76.61701,14.69448],[76.61698,14.69206],[76.60793,14.68699],[76.61045,14.67855],[76.61057,14.66848],[76.59823,14.66987],[76.59623,14.65992],[76.59921,14.65602],[76.59758,14.65379],[76.61242,14.64836],[76.60382,14.63457],[76.59806,14.63209],[76.60072,14.62088],[76.58571,14.61818],[76.58148,14.6119],[76.57683,14.6089],[76.57362,14.59813],[76.56709,14.5867],[76.55013,14.57834],[76.54967,14.57278],[76.54493,14.57187],[76.54146,14.56604],[76.53519,14.56559],[76.53504,14.56147],[76.51836,14.56246],[76.51035,14.56045],[76.50533,14.56567],[76.46439,14.57385],[76.46174,14.5765],[76.44131,14.58037],[76.4237,14.58092],[76.42542,14.58806],[76.42756,14.58783],[76.4298,14.59359],[76.43294,14.61797],[76.42139,14.62472],[76.41702,14.6224],[76.4028,14.62376],[76.40122,14.62749],[76.39365,14.62677],[76.39018,14.64828],[76.37508,14.64632],[76.37554,14.65526],[76.37972,14.66199],[76.39125,14.65624],[76.39633,14.657],[76.3976,14.66032],[76.39744,14.66859],[76.38599,14.66961],[76.38814,14.67306],[76.38965,14.68394],[76.39169,14.68569],[76.39367,14.68453],[76.39202,14.69866],[76.38579,14.71454],[76.38361,14.73136],[76.37673,14.72818],[76.37111,14.72944],[76.37206,14.72186],[76.35982,14.71939],[76.36032,14.7233],[76.34772,14.72491],[76.3466,14.7289],[76.32905,14.73581],[76.32599,14.74505],[76.33168,14.7516],[76.3241,14.76207],[76.32641,14.76586],[76.32838,14.76272],[76.33417,14.76082],[76.33333,14.76903],[76.33501,14.77752],[76.33977,14.7782],[76.34107,14.78805],[76.33316,14.79035],[76.34561,14.81493],[76.33902,14.82118],[76.33304,14.82224],[76.31905,14.81991],[76.31961,14.82374],[76.32183,14.82438],[76.33166,14.83838],[76.33929,14.83928],[76.33969,14.84763],[76.34428,14.85674],[76.34209,14.86911],[76.34267,14.87996],[76.33453,14.89251],[76.33021,14.88768],[76.319,14.8947],[76.31753,14.90558],[76.30779,14.90596],[76.30439,14.91031],[76.29466,14.89417],[76.28368,14.89391],[76.28247,14.8988],[76.26972,14.90797],[76.26921,14.91346],[76.27458,14.92117],[76.28153,14.92514],[76.2867,14.93809],[76.29393,14.93769],[76.30086,14.93284],[76.30197,14.93499],[76.31905,14.93338],[76.31799,14.93702],[76.32155,14.93679],[76.32458,14.94539],[76.32914,14.94805],[76.33073,14.96623],[76.329,14.96892],[76.33802,14.9696],[76.34999,14.97611],[76.35639,14.976],[76.35768,14.97373],[76.36127,14.98602],[76.37674,14.98366],[76.37517,14.95714],[76.38069,14.95839],[76.39194,14.95578],[76.39407,14.95745],[76.39426,14.95473],[76.39636,14.95552],[76.39994,14.95445],[76.40054,14.95254],[76.40703,14.95207],[76.40593,14.94557],[76.40361,14.94431],[76.40255,14.93492],[76.39819,14.93292],[76.40755,14.9346],[76.41251,14.93204],[76.42697,14.93108],[76.43202,14.93702],[76.4352,14.93709],[76.44204,14.93115],[76.45321,14.92687],[76.46277,14.9249],[76.47062,14.92741],[76.45501,14.91739],[76.45251,14.91226],[76.46038,14.8924],[76.45788,14.88318],[76.46376,14.88197],[76.46565,14.87561],[76.47262,14.88274],[76.47793,14.88248],[76.47477,14.87161],[76.47661,14.86552],[76.48138,14.85904],[76.48745,14.86101],[76.49479,14.85978],[76.49495,14.86168],[76.49828,14.8621],[76.49832,14.86882],[76.51702,14.87185],[76.52192,14.8691],[76.53376,14.87094],[76.52977,14.87466],[76.53874,14.87614],[76.54196,14.8813],[76.56544,14.88016],[76.56981,14.86762],[76.578,14.86132],[76.58603,14.85923],[76.5923,14.86517],[76.59365,14.88102],[76.59632,14.88232],[76.60829,14.88128],[76.61907,14.88482],[76.63257,14.88313],[76.63287,14.8919],[76.63514,14.89221],[76.63585,14.8944],[76.64622,14.89444],[76.65139,14.89686],[76.66599,14.89625],[76.66653,14.89454],[76.67569,14.89617],[76.67758,14.89468],[76.67767,14.88776]]]},"properties":{"taluk":"Kudligi","district":"Vijayanagara","region_id":"subdistrict_5502","level":"taluk"}}]}